model,scheme,weighting,row,col,centre_lat,centre_lon,province,fold,sounding_count,observed_ppb,predicted_ppb,residual_ppb
constant (global mean),spatial blocks,unweighted,0,0,35.075,114.925,Outside,block fold 0,104,1900.5400,1888.7252,11.8148
constant (global mean),spatial blocks,unweighted,0,1,35.075,115.175,Outside,block fold 0,330,1895.6300,1888.7252,6.9048
constant (global mean),spatial blocks,unweighted,0,2,35.075,115.425,Outside,block fold 0,340,1894.5000,1888.7252,5.7748
constant (global mean),spatial blocks,unweighted,0,3,35.075,115.675,Outside,block fold 0,375,1894.5500,1888.7252,5.8248
constant (global mean),spatial blocks,unweighted,0,4,35.075,115.925,Outside,block fold 0,384,1893.5300,1888.7252,4.8048
constant (global mean),spatial blocks,unweighted,0,5,35.075,116.175,Outside,block fold 0,398,1891.9800,1888.7252,3.2548
constant (global mean),spatial blocks,unweighted,0,6,35.075,116.425,Outside,block fold 0,352,1892.8100,1888.7252,4.0848
constant (global mean),spatial blocks,unweighted,0,7,35.075,116.675,Outside,block fold 0,116,1891.2500,1888.7252,2.5248
constant (global mean),spatial blocks,unweighted,0,8,35.075,116.925,Jiangsu,block fold 0,164,1891.8100,1888.7252,3.0848
constant (global mean),spatial blocks,unweighted,0,9,35.075,117.175,Outside,block fold 0,293,1889.4400,1888.7252,0.7148
constant (global mean),spatial blocks,unweighted,0,10,35.075,117.425,Outside,block fold 0,336,1886.3600,1888.7252,-2.3652
constant (global mean),spatial blocks,unweighted,0,11,35.075,117.675,Outside,block fold 0,298,1884.7300,1888.7252,-3.9952
constant (global mean),spatial blocks,unweighted,0,12,35.075,117.925,Outside,block fold 3,277,1887.0500,1889.2841,-2.2341
constant (global mean),spatial blocks,unweighted,0,13,35.075,118.175,Outside,block fold 3,310,1888.6800,1889.2841,-0.6041
constant (global mean),spatial blocks,unweighted,0,14,35.075,118.425,Outside,block fold 3,154,1887.7400,1889.2841,-1.5441
constant (global mean),spatial blocks,unweighted,0,15,35.075,118.675,Outside,block fold 3,379,1885.8000,1889.2841,-3.4841
constant (global mean),spatial blocks,unweighted,0,16,35.075,118.925,Jiangsu,block fold 1,304,1886.3500,1888.3125,-1.9625
constant (global mean),spatial blocks,unweighted,0,17,35.075,119.175,Jiangsu,block fold 1,133,1887.9300,1888.3125,-0.3825
constant (global mean),spatial blocks,unweighted,0,18,35.075,119.425,Outside,block fold 1,3,1872.9300,1888.3125,-15.3825
constant (global mean),spatial blocks,unweighted,0,19,35.075,119.675,Outside,block fold 1,38,1876.2000,1888.3125,-12.1125
constant (global mean),spatial blocks,unweighted,0,20,35.075,119.925,Outside,block fold 0,53,1876.7100,1888.7252,-12.0152
constant (global mean),spatial blocks,unweighted,0,21,35.075,120.175,Outside,block fold 0,46,1871.1700,1888.7252,-17.5552
constant (global mean),spatial blocks,unweighted,0,22,35.075,120.425,Outside,block fold 0,46,1877.8000,1888.7252,-10.9252
constant (global mean),spatial blocks,unweighted,0,23,35.075,120.675,Outside,block fold 0,56,1881.8500,1888.7252,-6.8752
constant (global mean),spatial blocks,unweighted,0,24,35.075,120.925,Outside,block fold 2,40,1877.2700,1888.5892,-11.3192
constant (global mean),spatial blocks,unweighted,0,25,35.075,121.175,Outside,block fold 2,41,1871.2800,1888.5892,-17.3092
constant (global mean),spatial blocks,unweighted,0,26,35.075,121.425,Outside,block fold 2,48,1868.3000,1888.5892,-20.2892
constant (global mean),spatial blocks,unweighted,0,27,35.075,121.675,Outside,block fold 2,58,1861.6800,1888.5892,-26.9092
constant (global mean),spatial blocks,unweighted,0,28,35.075,121.925,Outside,block fold 0,64,1856.1900,1888.7252,-32.5352
constant (global mean),spatial blocks,unweighted,0,29,35.075,122.175,Outside,block fold 0,57,1856.5400,1888.7252,-32.1852
constant (global mean),spatial blocks,unweighted,0,30,35.075,122.425,Outside,block fold 0,44,1860.6400,1888.7252,-28.0852
constant (global mean),spatial blocks,unweighted,1,0,34.825,114.925,Outside,block fold 0,268,1895.4200,1888.7252,6.6948
constant (global mean),spatial blocks,unweighted,1,1,34.825,115.175,Outside,block fold 0,325,1895.4500,1888.7252,6.7248
constant (global mean),spatial blocks,unweighted,1,2,34.825,115.425,Outside,block fold 0,280,1895.9100,1888.7252,7.1848
constant (global mean),spatial blocks,unweighted,1,3,34.825,115.675,Outside,block fold 0,370,1896.1100,1888.7252,7.3848
constant (global mean),spatial blocks,unweighted,1,4,34.825,115.925,Outside,block fold 0,362,1894.6400,1888.7252,5.9148
constant (global mean),spatial blocks,unweighted,1,5,34.825,116.175,Outside,block fold 0,368,1895.6400,1888.7252,6.9148
constant (global mean),spatial blocks,unweighted,1,6,34.825,116.425,Jiangsu,block fold 0,410,1893.8500,1888.7252,5.1248
constant (global mean),spatial blocks,unweighted,1,7,34.825,116.675,Jiangsu,block fold 0,354,1892.1300,1888.7252,3.4048
constant (global mean),spatial blocks,unweighted,1,8,34.825,116.925,Jiangsu,block fold 0,169,1890.6800,1888.7252,1.9548
constant (global mean),spatial blocks,unweighted,1,9,34.825,117.175,Jiangsu,block fold 0,205,1891.9700,1888.7252,3.2448
constant (global mean),spatial blocks,unweighted,1,10,34.825,117.425,Outside,block fold 0,332,1888.7900,1888.7252,0.0648
constant (global mean),spatial blocks,unweighted,1,11,34.825,117.675,Outside,block fold 0,323,1894.1200,1888.7252,5.3948
constant (global mean),spatial blocks,unweighted,1,12,34.825,117.925,Outside,block fold 3,342,1887.2700,1889.2841,-2.0141
constant (global mean),spatial blocks,unweighted,1,13,34.825,118.175,Outside,block fold 3,372,1889.8000,1889.2841,0.5159
constant (global mean),spatial blocks,unweighted,1,14,34.825,118.425,Jiangsu,block fold 3,287,1890.0700,1889.2841,0.7859
constant (global mean),spatial blocks,unweighted,1,15,34.825,118.675,Jiangsu,block fold 3,235,1887.8100,1889.2841,-1.4741
constant (global mean),spatial blocks,unweighted,1,16,34.825,118.925,Jiangsu,block fold 1,161,1888.0700,1888.3125,-0.2425
constant (global mean),spatial blocks,unweighted,1,17,34.825,119.175,Jiangsu,block fold 1,39,1893.1800,1888.3125,4.8675
constant (global mean),spatial blocks,unweighted,1,18,34.825,119.425,Jiangsu,block fold 1,2,1872.8600,1888.3125,-15.4525
constant (global mean),spatial blocks,unweighted,1,19,34.825,119.675,Outside,block fold 1,29,1873.3800,1888.3125,-14.9325
constant (global mean),spatial blocks,unweighted,1,20,34.825,119.925,Outside,block fold 0,44,1870.6000,1888.7252,-18.1252
constant (global mean),spatial blocks,unweighted,1,21,34.825,120.175,Outside,block fold 0,51,1873.9700,1888.7252,-14.7552
constant (global mean),spatial blocks,unweighted,1,22,34.825,120.425,Outside,block fold 0,46,1869.1900,1888.7252,-19.5352
constant (global mean),spatial blocks,unweighted,1,23,34.825,120.675,Outside,block fold 0,53,1879.7000,1888.7252,-9.0252
constant (global mean),spatial blocks,unweighted,1,24,34.825,120.925,Outside,block fold 2,45,1867.9400,1888.5892,-20.6492
constant (global mean),spatial blocks,unweighted,1,25,34.825,121.175,Outside,block fold 2,37,1866.6300,1888.5892,-21.9592
constant (global mean),spatial blocks,unweighted,1,26,34.825,121.425,Outside,block fold 2,40,1862.4200,1888.5892,-26.1692
constant (global mean),spatial blocks,unweighted,1,27,34.825,121.675,Outside,block fold 2,53,1856.3500,1888.5892,-32.2392
constant (global mean),spatial blocks,unweighted,1,28,34.825,121.925,Outside,block fold 0,49,1853.0900,1888.7252,-35.6352
constant (global mean),spatial blocks,unweighted,1,29,34.825,122.175,Outside,block fold 0,57,1852.7300,1888.7252,-35.9952
constant (global mean),spatial blocks,unweighted,1,30,34.825,122.425,Outside,block fold 0,52,1858.8400,1888.7252,-29.8852
constant (global mean),spatial blocks,unweighted,2,0,34.575,114.925,Outside,block fold 0,332,1896.3700,1888.7252,7.6448
constant (global mean),spatial blocks,unweighted,2,1,34.575,115.175,Outside,block fold 0,246,1896.4900,1888.7252,7.7648
constant (global mean),spatial blocks,unweighted,2,2,34.575,115.425,Outside,block fold 0,211,1898.4600,1888.7252,9.7348
constant (global mean),spatial blocks,unweighted,2,3,34.575,115.675,Outside,block fold 0,296,1895.4100,1888.7252,6.6848
constant (global mean),spatial blocks,unweighted,2,4,34.575,115.925,Outside,block fold 0,254,1898.2800,1888.7252,9.5548
constant (global mean),spatial blocks,unweighted,2,5,34.575,116.175,Anhui,block fold 0,365,1894.2700,1888.7252,5.5448
constant (global mean),spatial blocks,unweighted,2,6,34.575,116.425,Anhui,block fold 0,381,1891.3100,1888.7252,2.5848
constant (global mean),spatial blocks,unweighted,2,7,34.575,116.675,Jiangsu,block fold 0,347,1889.5900,1888.7252,0.8648
constant (global mean),spatial blocks,unweighted,2,8,34.575,116.925,Jiangsu,block fold 0,340,1892.6300,1888.7252,3.9048
constant (global mean),spatial blocks,unweighted,2,9,34.575,117.175,Jiangsu,block fold 0,81,1892.7200,1888.7252,3.9948
constant (global mean),spatial blocks,unweighted,2,10,34.575,117.425,Jiangsu,block fold 0,187,1891.9500,1888.7252,3.2248
constant (global mean),spatial blocks,unweighted,2,11,34.575,117.675,Jiangsu,block fold 0,381,1890.6000,1888.7252,1.8748
constant (global mean),spatial blocks,unweighted,2,12,34.575,117.925,Jiangsu,block fold 3,402,1889.4800,1889.2841,0.1959
constant (global mean),spatial blocks,unweighted,2,13,34.575,118.175,Jiangsu,block fold 3,367,1884.4700,1889.2841,-4.8141
constant (global mean),spatial blocks,unweighted,2,14,34.575,118.425,Jiangsu,block fold 3,310,1889.7000,1889.2841,0.4159
constant (global mean),spatial blocks,unweighted,2,15,34.575,118.675,Jiangsu,block fold 3,231,1889.8700,1889.2841,0.5859
constant (global mean),spatial blocks,unweighted,2,16,34.575,118.925,Jiangsu,block fold 1,297,1884.8600,1888.3125,-3.4525
constant (global mean),spatial blocks,unweighted,2,17,34.575,119.175,Jiangsu,block fold 1,224,1887.9300,1888.3125,-0.3825
constant (global mean),spatial blocks,unweighted,2,18,34.575,119.425,Jiangsu,block fold 1,55,1886.6400,1888.3125,-1.6725
constant (global mean),spatial blocks,unweighted,2,19,34.575,119.675,Jiangsu,block fold 1,2,1871.1500,1888.3125,-17.1625
constant (global mean),spatial blocks,unweighted,2,20,34.575,119.925,Jiangsu,block fold 0,14,1874.8700,1888.7252,-13.8552
constant (global mean),spatial blocks,unweighted,2,21,34.575,120.175,Outside,block fold 0,18,1877.4800,1888.7252,-11.2452
constant (global mean),spatial blocks,unweighted,2,22,34.575,120.425,Outside,block fold 0,32,1871.5600,1888.7252,-17.1652
constant (global mean),spatial blocks,unweighted,2,23,34.575,120.675,Outside,block fold 0,32,1863.8800,1888.7252,-24.8452
constant (global mean),spatial blocks,unweighted,2,24,34.575,120.925,Outside,block fold 2,30,1861.7200,1888.5892,-26.8692
constant (global mean),spatial blocks,unweighted,2,25,34.575,121.175,Outside,block fold 2,16,1860.6500,1888.5892,-27.9392
constant (global mean),spatial blocks,unweighted,2,26,34.575,121.425,Outside,block fold 2,24,1860.7800,1888.5892,-27.8092
constant (global mean),spatial blocks,unweighted,2,27,34.575,121.675,Outside,block fold 2,42,1851.8600,1888.5892,-36.7292
constant (global mean),spatial blocks,unweighted,2,28,34.575,121.925,Outside,block fold 0,49,1851.8900,1888.7252,-36.8352
constant (global mean),spatial blocks,unweighted,2,29,34.575,122.175,Outside,block fold 0,56,1853.6900,1888.7252,-35.0352
constant (global mean),spatial blocks,unweighted,2,30,34.575,122.425,Outside,block fold 0,49,1857.2900,1888.7252,-31.4352
constant (global mean),spatial blocks,unweighted,3,0,34.325,114.925,Outside,block fold 0,304,1899.0600,1888.7252,10.3348
constant (global mean),spatial blocks,unweighted,3,1,34.325,115.175,Outside,block fold 0,308,1897.8800,1888.7252,9.1548
constant (global mean),spatial blocks,unweighted,3,2,34.325,115.425,Outside,block fold 0,343,1897.7200,1888.7252,8.9948
constant (global mean),spatial blocks,unweighted,3,3,34.325,115.675,Outside,block fold 0,295,1899.7300,1888.7252,11.0048
constant (global mean),spatial blocks,unweighted,3,4,34.325,115.925,Outside,block fold 0,351,1895.9900,1888.7252,7.2648
constant (global mean),spatial blocks,unweighted,3,5,34.325,116.175,Anhui,block fold 0,349,1897.2500,1888.7252,8.5248
constant (global mean),spatial blocks,unweighted,3,6,34.325,116.425,Anhui,block fold 0,382,1893.8900,1888.7252,5.1648
constant (global mean),spatial blocks,unweighted,3,7,34.325,116.675,Anhui,block fold 0,400,1892.2900,1888.7252,3.5648
constant (global mean),spatial blocks,unweighted,3,8,34.325,116.925,Anhui,block fold 0,366,1895.1400,1888.7252,6.4148
constant (global mean),spatial blocks,unweighted,3,9,34.325,117.175,Jiangsu,block fold 0,151,1892.1100,1888.7252,3.3848
constant (global mean),spatial blocks,unweighted,3,10,34.325,117.425,Jiangsu,block fold 0,249,1891.0100,1888.7252,2.2848
constant (global mean),spatial blocks,unweighted,3,11,34.325,117.675,Jiangsu,block fold 0,372,1889.7400,1888.7252,1.0148
constant (global mean),spatial blocks,unweighted,3,12,34.325,117.925,Jiangsu,block fold 3,271,1890.0300,1889.2841,0.7459
constant (global mean),spatial blocks,unweighted,3,13,34.325,118.175,Jiangsu,block fold 3,241,1890.3600,1889.2841,1.0759
constant (global mean),spatial blocks,unweighted,3,14,34.325,118.425,Jiangsu,block fold 3,283,1892.2100,1889.2841,2.9259
constant (global mean),spatial blocks,unweighted,3,15,34.325,118.675,Jiangsu,block fold 3,241,1890.1100,1889.2841,0.8259
constant (global mean),spatial blocks,unweighted,3,16,34.325,118.925,Jiangsu,block fold 1,326,1884.8300,1888.3125,-3.4825
constant (global mean),spatial blocks,unweighted,3,17,34.325,119.175,Jiangsu,block fold 1,293,1887.3300,1888.3125,-0.9825
constant (global mean),spatial blocks,unweighted,3,18,34.325,119.425,Jiangsu,block fold 1,253,1887.4500,1888.3125,-0.8625
constant (global mean),spatial blocks,unweighted,3,19,34.325,119.675,Jiangsu,block fold 1,126,1892.1200,1888.3125,3.8075
constant (global mean),spatial blocks,unweighted,3,20,34.325,119.925,Jiangsu,block fold 0,71,1889.3400,1888.7252,0.6148
constant (global mean),spatial blocks,unweighted,3,21,34.325,120.175,Jiangsu,block fold 0,12,1894.7000,1888.7252,5.9748
constant (global mean),spatial blocks,unweighted,3,22,34.325,120.425,Outside,block fold 0,10,1875.9200,1888.7252,-12.8052
constant (global mean),spatial blocks,unweighted,3,23,34.325,120.675,Outside,block fold 0,23,1860.2200,1888.7252,-28.5052
constant (global mean),spatial blocks,unweighted,3,24,34.325,120.925,Outside,block fold 2,14,1862.2300,1888.5892,-26.3592
constant (global mean),spatial blocks,unweighted,3,25,34.325,121.175,Outside,block fold 2,16,1859.6400,1888.5892,-28.9492
constant (global mean),spatial blocks,unweighted,3,26,34.325,121.425,Outside,block fold 2,20,1860.4500,1888.5892,-28.1392
constant (global mean),spatial blocks,unweighted,3,27,34.325,121.675,Outside,block fold 2,31,1852.8600,1888.5892,-35.7292
constant (global mean),spatial blocks,unweighted,3,28,34.325,121.925,Outside,block fold 0,47,1853.0000,1888.7252,-35.7252
constant (global mean),spatial blocks,unweighted,3,29,34.325,122.175,Outside,block fold 0,61,1854.7300,1888.7252,-33.9952
constant (global mean),spatial blocks,unweighted,3,30,34.325,122.425,Outside,block fold 0,65,1857.3500,1888.7252,-31.3752
constant (global mean),spatial blocks,unweighted,4,0,34.075,114.925,Outside,block fold 3,324,1894.5500,1889.2841,5.2659
constant (global mean),spatial blocks,unweighted,4,1,34.075,115.175,Outside,block fold 3,328,1894.6800,1889.2841,5.3959
constant (global mean),spatial blocks,unweighted,4,2,34.075,115.425,Outside,block fold 3,346,1896.3300,1889.2841,7.0459
constant (global mean),spatial blocks,unweighted,4,3,34.075,115.675,Anhui,block fold 3,368,1896.8700,1889.2841,7.5859
constant (global mean),spatial blocks,unweighted,4,4,34.075,115.925,Anhui,block fold 0,348,1894.7700,1888.7252,6.0448
constant (global mean),spatial blocks,unweighted,4,5,34.075,116.175,Outside,block fold 0,348,1895.1000,1888.7252,6.3748
constant (global mean),spatial blocks,unweighted,4,6,34.075,116.425,Anhui,block fold 0,321,1899.7200,1888.7252,10.9948
constant (global mean),spatial blocks,unweighted,4,7,34.075,116.675,Anhui,block fold 0,325,1896.2700,1888.7252,7.5448
constant (global mean),spatial blocks,unweighted,4,8,34.075,116.925,Anhui,block fold 3,294,1896.0500,1889.2841,6.7659
constant (global mean),spatial blocks,unweighted,4,9,34.075,117.175,Anhui,block fold 3,294,1893.4600,1889.2841,4.1759
constant (global mean),spatial blocks,unweighted,4,10,34.075,117.425,Jiangsu,block fold 3,249,1895.4600,1889.2841,6.1759
constant (global mean),spatial blocks,unweighted,4,11,34.075,117.675,Jiangsu,block fold 3,301,1893.2500,1889.2841,3.9659
constant (global mean),spatial blocks,unweighted,4,12,34.075,117.925,Jiangsu,block fold 4,246,1892.2100,1887.9228,4.2872
constant (global mean),spatial blocks,unweighted,4,13,34.075,118.175,Jiangsu,block fold 4,33,1891.2800,1887.9228,3.3572
constant (global mean),spatial blocks,unweighted,4,14,34.075,118.425,Jiangsu,block fold 4,230,1889.5100,1887.9228,1.5872
constant (global mean),spatial blocks,unweighted,4,15,34.075,118.675,Jiangsu,block fold 4,299,1891.0900,1887.9228,3.1672
constant (global mean),spatial blocks,unweighted,4,16,34.075,118.925,Jiangsu,block fold 4,300,1887.7400,1887.9228,-0.1828
constant (global mean),spatial blocks,unweighted,4,17,34.075,119.175,Jiangsu,block fold 4,260,1885.9600,1887.9228,-1.9628
constant (global mean),spatial blocks,unweighted,4,18,34.075,119.425,Jiangsu,block fold 4,254,1886.8400,1887.9228,-1.0828
constant (global mean),spatial blocks,unweighted,4,19,34.075,119.675,Jiangsu,block fold 4,264,1889.3200,1887.9228,1.3972
constant (global mean),spatial blocks,unweighted,4,20,34.075,119.925,Jiangsu,block fold 2,253,1889.0600,1888.5892,0.4708
constant (global mean),spatial blocks,unweighted,4,21,34.075,120.175,Jiangsu,block fold 2,194,1888.8300,1888.5892,0.2408
constant (global mean),spatial blocks,unweighted,4,22,34.075,120.425,Jiangsu,block fold 2,14,1872.2800,1888.5892,-16.3092
constant (global mean),spatial blocks,unweighted,4,23,34.075,120.675,Outside,block fold 2,4,1882.1000,1888.5892,-6.4892
constant (global mean),spatial blocks,unweighted,4,24,34.075,120.925,Outside,block fold 0,14,1867.5600,1888.7252,-21.1652
constant (global mean),spatial blocks,unweighted,4,25,34.075,121.175,Outside,block fold 0,21,1859.0900,1888.7252,-29.6352
constant (global mean),spatial blocks,unweighted,4,26,34.075,121.425,Outside,block fold 0,22,1858.8500,1888.7252,-29.8752
constant (global mean),spatial blocks,unweighted,4,27,34.075,121.675,Outside,block fold 0,27,1854.8200,1888.7252,-33.9052
constant (global mean),spatial blocks,unweighted,4,28,34.075,121.925,Outside,block fold 4,54,1860.4100,1887.9228,-27.5128
constant (global mean),spatial blocks,unweighted,4,29,34.075,122.175,Outside,block fold 4,49,1856.5800,1887.9228,-31.3428
constant (global mean),spatial blocks,unweighted,4,30,34.075,122.425,Outside,block fold 4,73,1862.8100,1887.9228,-25.1128
constant (global mean),spatial blocks,unweighted,5,0,33.825,114.925,Outside,block fold 3,242,1892.7900,1889.2841,3.5059
constant (global mean),spatial blocks,unweighted,5,1,33.825,115.175,Outside,block fold 3,357,1893.2000,1889.2841,3.9159
constant (global mean),spatial blocks,unweighted,5,2,33.825,115.425,Outside,block fold 3,348,1893.2300,1889.2841,3.9459
constant (global mean),spatial blocks,unweighted,5,3,33.825,115.675,Anhui,block fold 3,310,1892.3800,1889.2841,3.0959
constant (global mean),spatial blocks,unweighted,5,4,33.825,115.925,Anhui,block fold 0,319,1893.2800,1888.7252,4.5548
constant (global mean),spatial blocks,unweighted,5,5,33.825,116.175,Anhui,block fold 0,331,1895.4800,1888.7252,6.7548
constant (global mean),spatial blocks,unweighted,5,6,33.825,116.425,Anhui,block fold 0,276,1896.5800,1888.7252,7.8548
constant (global mean),spatial blocks,unweighted,5,7,33.825,116.675,Anhui,block fold 0,243,1895.9800,1888.7252,7.2548
constant (global mean),spatial blocks,unweighted,5,8,33.825,116.925,Anhui,block fold 3,292,1895.0900,1889.2841,5.8059
constant (global mean),spatial blocks,unweighted,5,9,33.825,117.175,Anhui,block fold 3,380,1894.2600,1889.2841,4.9759
constant (global mean),spatial blocks,unweighted,5,10,33.825,117.425,Anhui,block fold 3,356,1893.6100,1889.2841,4.3259
constant (global mean),spatial blocks,unweighted,5,11,33.825,117.675,Anhui,block fold 3,369,1893.3100,1889.2841,4.0259
constant (global mean),spatial blocks,unweighted,5,12,33.825,117.925,Jiangsu,block fold 4,377,1891.8100,1887.9228,3.8872
constant (global mean),spatial blocks,unweighted,5,13,33.825,118.175,Jiangsu,block fold 4,260,1891.3400,1887.9228,3.4172
constant (global mean),spatial blocks,unweighted,5,14,33.825,118.425,Jiangsu,block fold 4,274,1889.9600,1887.9228,2.0372
constant (global mean),spatial blocks,unweighted,5,15,33.825,118.675,Jiangsu,block fold 4,276,1890.4600,1887.9228,2.5372
constant (global mean),spatial blocks,unweighted,5,16,33.825,118.925,Jiangsu,block fold 4,314,1888.0200,1887.9228,0.0972
constant (global mean),spatial blocks,unweighted,5,17,33.825,119.175,Jiangsu,block fold 4,273,1888.1400,1887.9228,0.2172
constant (global mean),spatial blocks,unweighted,5,18,33.825,119.425,Jiangsu,block fold 4,266,1887.4100,1887.9228,-0.5128
constant (global mean),spatial blocks,unweighted,5,19,33.825,119.675,Jiangsu,block fold 4,256,1889.5300,1887.9228,1.6072
constant (global mean),spatial blocks,unweighted,5,20,33.825,119.925,Jiangsu,block fold 2,238,1889.4200,1888.5892,0.8308
constant (global mean),spatial blocks,unweighted,5,21,33.825,120.175,Jiangsu,block fold 2,188,1893.9000,1888.5892,5.3108
constant (global mean),spatial blocks,unweighted,5,22,33.825,120.425,Jiangsu,block fold 2,34,1902.1500,1888.5892,13.5608
constant (global mean),spatial blocks,unweighted,5,23,33.825,120.675,Outside,block fold 2,1,1864.9800,1888.5892,-23.6092
constant (global mean),spatial blocks,unweighted,5,24,33.825,120.925,Outside,block fold 0,5,1863.0400,1888.7252,-25.6852
constant (global mean),spatial blocks,unweighted,5,25,33.825,121.175,Outside,block fold 0,23,1858.5400,1888.7252,-30.1852
constant (global mean),spatial blocks,unweighted,5,26,33.825,121.425,Outside,block fold 0,23,1860.9700,1888.7252,-27.7552
constant (global mean),spatial blocks,unweighted,5,27,33.825,121.675,Outside,block fold 0,32,1862.9300,1888.7252,-25.7952
constant (global mean),spatial blocks,unweighted,5,28,33.825,121.925,Outside,block fold 4,64,1857.0200,1887.9228,-30.9028
constant (global mean),spatial blocks,unweighted,5,29,33.825,122.175,Outside,block fold 4,58,1859.9300,1887.9228,-27.9928
constant (global mean),spatial blocks,unweighted,5,30,33.825,122.425,Outside,block fold 4,63,1867.5900,1887.9228,-20.3328
constant (global mean),spatial blocks,unweighted,6,0,33.575,114.925,Outside,block fold 3,282,1894.1800,1889.2841,4.8959
constant (global mean),spatial blocks,unweighted,6,1,33.575,115.175,Outside,block fold 3,319,1894.0700,1889.2841,4.7859
constant (global mean),spatial blocks,unweighted,6,2,33.575,115.425,Anhui,block fold 3,348,1892.7900,1889.2841,3.5059
constant (global mean),spatial blocks,unweighted,6,3,33.575,115.675,Anhui,block fold 3,335,1892.5800,1889.2841,3.2959
constant (global mean),spatial blocks,unweighted,6,4,33.575,115.925,Anhui,block fold 0,341,1895.1900,1888.7252,6.4648
constant (global mean),spatial blocks,unweighted,6,5,33.575,116.175,Anhui,block fold 0,295,1893.6900,1888.7252,4.9648
constant (global mean),spatial blocks,unweighted,6,6,33.575,116.425,Anhui,block fold 0,313,1897.4700,1888.7252,8.7448
constant (global mean),spatial blocks,unweighted,6,7,33.575,116.675,Anhui,block fold 0,304,1899.1000,1888.7252,10.3748
constant (global mean),spatial blocks,unweighted,6,8,33.575,116.925,Anhui,block fold 3,334,1897.7200,1889.2841,8.4359
constant (global mean),spatial blocks,unweighted,6,9,33.575,117.175,Anhui,block fold 3,237,1900.7200,1889.2841,11.4359
constant (global mean),spatial blocks,unweighted,6,10,33.575,117.425,Anhui,block fold 3,394,1894.9600,1889.2841,5.6759
constant (global mean),spatial blocks,unweighted,6,11,33.575,117.675,Anhui,block fold 3,385,1893.5200,1889.2841,4.2359
constant (global mean),spatial blocks,unweighted,6,12,33.575,117.925,Anhui,block fold 4,358,1894.8600,1887.9228,6.9372
constant (global mean),spatial blocks,unweighted,6,13,33.575,118.175,Jiangsu,block fold 4,317,1891.5500,1887.9228,3.6272
constant (global mean),spatial blocks,unweighted,6,14,33.575,118.425,Jiangsu,block fold 4,108,1890.5700,1887.9228,2.6472
constant (global mean),spatial blocks,unweighted,6,15,33.575,118.675,Jiangsu,block fold 4,62,1891.2500,1887.9228,3.3272
constant (global mean),spatial blocks,unweighted,6,16,33.575,118.925,Jiangsu,block fold 4,170,1890.5500,1887.9228,2.6272
constant (global mean),spatial blocks,unweighted,6,17,33.575,119.175,Jiangsu,block fold 4,218,1892.2000,1887.9228,4.2772
constant (global mean),spatial blocks,unweighted,6,18,33.575,119.425,Jiangsu,block fold 4,234,1889.2400,1887.9228,1.3172
constant (global mean),spatial blocks,unweighted,6,19,33.575,119.675,Jiangsu,block fold 4,217,1892.0000,1887.9228,4.0772
constant (global mean),spatial blocks,unweighted,6,20,33.575,119.925,Jiangsu,block fold 2,207,1893.2400,1888.5892,4.6508
constant (global mean),spatial blocks,unweighted,6,21,33.575,120.175,Jiangsu,block fold 2,169,1895.8800,1888.5892,7.2908
constant (global mean),spatial blocks,unweighted,6,22,33.575,120.425,Jiangsu,block fold 2,74,1897.4800,1888.5892,8.8908
constant (global mean),spatial blocks,unweighted,6,23,33.575,120.675,Jiangsu,block fold 2,8,1895.5300,1888.5892,6.9408
constant (global mean),spatial blocks,unweighted,6,24,33.575,120.925,Outside,block fold 0,1,1880.0600,1888.7252,-8.6652
constant (global mean),spatial blocks,unweighted,6,25,33.575,121.175,Outside,block fold 0,11,1850.5200,1888.7252,-38.2052
constant (global mean),spatial blocks,unweighted,6,26,33.575,121.425,Outside,block fold 0,18,1857.6900,1888.7252,-31.0352
constant (global mean),spatial blocks,unweighted,6,27,33.575,121.675,Outside,block fold 0,32,1855.3000,1888.7252,-33.4252
constant (global mean),spatial blocks,unweighted,6,28,33.575,121.925,Outside,block fold 4,56,1855.5200,1887.9228,-32.4028
constant (global mean),spatial blocks,unweighted,6,29,33.575,122.175,Outside,block fold 4,49,1862.6400,1887.9228,-25.2828
constant (global mean),spatial blocks,unweighted,6,30,33.575,122.425,Outside,block fold 4,36,1866.9800,1887.9228,-20.9428
constant (global mean),spatial blocks,unweighted,7,0,33.325,114.925,Outside,block fold 3,306,1892.1400,1889.2841,2.8559
constant (global mean),spatial blocks,unweighted,7,1,33.325,115.175,Anhui,block fold 3,317,1893.7200,1889.2841,4.4359
constant (global mean),spatial blocks,unweighted,7,2,33.325,115.425,Anhui,block fold 3,325,1892.8200,1889.2841,3.5359
constant (global mean),spatial blocks,unweighted,7,3,33.325,115.675,Anhui,block fold 3,339,1891.7600,1889.2841,2.4759
constant (global mean),spatial blocks,unweighted,7,4,33.325,115.925,Anhui,block fold 0,347,1893.9000,1888.7252,5.1748
constant (global mean),spatial blocks,unweighted,7,5,33.325,116.175,Anhui,block fold 0,336,1894.6500,1888.7252,5.9248
constant (global mean),spatial blocks,unweighted,7,6,33.325,116.425,Anhui,block fold 0,372,1896.7800,1888.7252,8.0548
constant (global mean),spatial blocks,unweighted,7,7,33.325,116.675,Anhui,block fold 0,341,1900.0400,1888.7252,11.3148
constant (global mean),spatial blocks,unweighted,7,8,33.325,116.925,Anhui,block fold 3,365,1899.2100,1889.2841,9.9259
constant (global mean),spatial blocks,unweighted,7,9,33.325,117.175,Anhui,block fold 3,357,1899.0100,1889.2841,9.7259
constant (global mean),spatial blocks,unweighted,7,10,33.325,117.425,Anhui,block fold 3,338,1897.8100,1889.2841,8.5259
constant (global mean),spatial blocks,unweighted,7,11,33.325,117.675,Anhui,block fold 3,274,1895.0100,1889.2841,5.7259
constant (global mean),spatial blocks,unweighted,7,12,33.325,117.925,Anhui,block fold 4,150,1896.4300,1887.9228,8.5072
constant (global mean),spatial blocks,unweighted,7,13,33.325,118.175,Jiangsu,block fold 4,135,1892.6300,1887.9228,4.7072
constant (global mean),spatial blocks,unweighted,7,14,33.325,118.425,Jiangsu,block fold 4,42,1888.8900,1887.9228,0.9672
constant (global mean),spatial blocks,unweighted,7,16,33.325,118.925,Jiangsu,block fold 4,53,1901.5800,1887.9228,13.6572
constant (global mean),spatial blocks,unweighted,7,17,33.325,119.175,Jiangsu,block fold 4,78,1893.0900,1887.9228,5.1672
constant (global mean),spatial blocks,unweighted,7,18,33.325,119.425,Jiangsu,block fold 4,167,1891.1400,1887.9228,3.2172
constant (global mean),spatial blocks,unweighted,7,19,33.325,119.675,Jiangsu,block fold 4,183,1890.8900,1887.9228,2.9672
constant (global mean),spatial blocks,unweighted,7,20,33.325,119.925,Jiangsu,block fold 2,182,1893.3100,1888.5892,4.7208
constant (global mean),spatial blocks,unweighted,7,21,33.325,120.175,Jiangsu,block fold 2,154,1890.3400,1888.5892,1.7508
constant (global mean),spatial blocks,unweighted,7,22,33.325,120.425,Jiangsu,block fold 2,166,1892.8500,1888.5892,4.2608
constant (global mean),spatial blocks,unweighted,7,23,33.325,120.675,Jiangsu,block fold 2,21,1905.1400,1888.5892,16.5508
constant (global mean),spatial blocks,unweighted,7,26,33.325,121.425,Outside,block fold 0,9,1856.0400,1888.7252,-32.6852
constant (global mean),spatial blocks,unweighted,7,27,33.325,121.675,Outside,block fold 0,28,1858.4200,1888.7252,-30.3052
constant (global mean),spatial blocks,unweighted,7,28,33.325,121.925,Outside,block fold 4,43,1854.5900,1887.9228,-33.3328
constant (global mean),spatial blocks,unweighted,7,29,33.325,122.175,Outside,block fold 4,64,1861.1000,1887.9228,-26.8228
constant (global mean),spatial blocks,unweighted,7,30,33.325,122.425,Outside,block fold 4,43,1860.1000,1887.9228,-27.8228
constant (global mean),spatial blocks,unweighted,8,0,33.075,114.925,Anhui,block fold 2,337,1894.8100,1888.5892,6.2208
constant (global mean),spatial blocks,unweighted,8,1,33.075,115.175,Anhui,block fold 2,324,1894.3700,1888.5892,5.7808
constant (global mean),spatial blocks,unweighted,8,2,33.075,115.425,Anhui,block fold 2,352,1893.9300,1888.5892,5.3408
constant (global mean),spatial blocks,unweighted,8,3,33.075,115.675,Anhui,block fold 2,330,1894.6600,1888.5892,6.0708
constant (global mean),spatial blocks,unweighted,8,4,33.075,115.925,Anhui,block fold 2,329,1895.6000,1888.5892,7.0108
constant (global mean),spatial blocks,unweighted,8,5,33.075,116.175,Anhui,block fold 2,320,1896.9400,1888.5892,8.3508
constant (global mean),spatial blocks,unweighted,8,6,33.075,116.425,Anhui,block fold 2,348,1897.0600,1888.5892,8.4708
constant (global mean),spatial blocks,unweighted,8,7,33.075,116.675,Anhui,block fold 2,374,1901.1500,1888.5892,12.5608
constant (global mean),spatial blocks,unweighted,8,8,33.075,116.925,Anhui,block fold 4,198,1895.0200,1887.9228,7.0972
constant (global mean),spatial blocks,unweighted,8,9,33.075,117.175,Anhui,block fold 4,205,1897.6200,1887.9228,9.6972
constant (global mean),spatial blocks,unweighted,8,10,33.075,117.425,Anhui,block fold 4,236,1897.9800,1887.9228,10.0572
constant (global mean),spatial blocks,unweighted,8,11,33.075,117.675,Anhui,block fold 4,139,1901.5400,1887.9228,13.6172
constant (global mean),spatial blocks,unweighted,8,12,33.075,117.925,Anhui,block fold 3,61,1904.6200,1889.2841,15.3359
constant (global mean),spatial blocks,unweighted,8,13,33.075,118.175,Anhui,block fold 3,67,1896.3800,1889.2841,7.0959
constant (global mean),spatial blocks,unweighted,8,14,33.075,118.425,Jiangsu,block fold 3,57,1891.6200,1889.2841,2.3359
constant (global mean),spatial blocks,unweighted,8,15,33.075,118.675,Jiangsu,block fold 3,49,1886.2100,1889.2841,-3.0741
constant (global mean),spatial blocks,unweighted,8,16,33.075,118.925,Jiangsu,block fold 0,90,1893.2600,1888.7252,4.5348
constant (global mean),spatial blocks,unweighted,8,17,33.075,119.175,Jiangsu,block fold 0,64,1891.4400,1888.7252,2.7148
constant (global mean),spatial blocks,unweighted,8,18,33.075,119.425,Jiangsu,block fold 0,116,1890.1100,1888.7252,1.3848
constant (global mean),spatial blocks,unweighted,8,19,33.075,119.675,Jiangsu,block fold 0,152,1889.4700,1888.7252,0.7448
constant (global mean),spatial blocks,unweighted,8,20,33.075,119.925,Jiangsu,block fold 1,139,1892.7700,1888.3125,4.4575
constant (global mean),spatial blocks,unweighted,8,21,33.075,120.175,Jiangsu,block fold 1,209,1891.7200,1888.3125,3.4075
constant (global mean),spatial blocks,unweighted,8,22,33.075,120.425,Jiangsu,block fold 1,190,1889.9700,1888.3125,1.6575
constant (global mean),spatial blocks,unweighted,8,23,33.075,120.675,Jiangsu,block fold 1,99,1890.5800,1888.3125,2.2675
constant (global mean),spatial blocks,unweighted,8,24,33.075,120.925,Jiangsu,block fold 2,5,1913.1200,1888.5892,24.5308
constant (global mean),spatial blocks,unweighted,8,26,33.075,121.425,Outside,block fold 2,7,1856.3900,1888.5892,-32.1992
constant (global mean),spatial blocks,unweighted,8,27,33.075,121.675,Outside,block fold 2,28,1860.2000,1888.5892,-28.3892
constant (global mean),spatial blocks,unweighted,8,28,33.075,121.925,Outside,block fold 1,42,1858.8200,1888.3125,-29.4925
constant (global mean),spatial blocks,unweighted,8,29,33.075,122.175,Outside,block fold 1,47,1859.1700,1888.3125,-29.1425
constant (global mean),spatial blocks,unweighted,8,30,33.075,122.425,Outside,block fold 1,45,1867.3500,1888.3125,-20.9625
constant (global mean),spatial blocks,unweighted,9,0,32.825,114.925,Anhui,block fold 2,285,1893.7400,1888.5892,5.1508
constant (global mean),spatial blocks,unweighted,9,1,32.825,115.175,Anhui,block fold 2,332,1894.0600,1888.5892,5.4708
constant (global mean),spatial blocks,unweighted,9,2,32.825,115.425,Anhui,block fold 2,347,1893.6600,1888.5892,5.0708
constant (global mean),spatial blocks,unweighted,9,3,32.825,115.675,Anhui,block fold 2,321,1895.2300,1888.5892,6.6408
constant (global mean),spatial blocks,unweighted,9,4,32.825,115.925,Anhui,block fold 2,345,1895.5400,1888.5892,6.9508
constant (global mean),spatial blocks,unweighted,9,5,32.825,116.175,Anhui,block fold 2,224,1896.3100,1888.5892,7.7208
constant (global mean),spatial blocks,unweighted,9,6,32.825,116.425,Anhui,block fold 2,177,1902.0700,1888.5892,13.4808
constant (global mean),spatial blocks,unweighted,9,7,32.825,116.675,Anhui,block fold 2,167,1903.0500,1888.5892,14.4608
constant (global mean),spatial blocks,unweighted,9,8,32.825,116.925,Anhui,block fold 4,188,1901.5000,1887.9228,13.5772
constant (global mean),spatial blocks,unweighted,9,9,32.825,117.175,Anhui,block fold 4,145,1901.1600,1887.9228,13.2372
constant (global mean),spatial blocks,unweighted,9,10,32.825,117.425,Anhui,block fold 4,243,1894.2600,1887.9228,6.3372
constant (global mean),spatial blocks,unweighted,9,11,32.825,117.675,Anhui,block fold 4,223,1894.5400,1887.9228,6.6172
constant (global mean),spatial blocks,unweighted,9,12,32.825,117.925,Anhui,block fold 3,142,1893.5800,1889.2841,4.2959
constant (global mean),spatial blocks,unweighted,9,13,32.825,118.175,Anhui,block fold 3,127,1892.0300,1889.2841,2.7459
constant (global mean),spatial blocks,unweighted,9,14,32.825,118.425,Jiangsu,block fold 3,200,1889.3800,1889.2841,0.0959
constant (global mean),spatial blocks,unweighted,9,15,32.825,118.675,Jiangsu,block fold 3,189,1887.7100,1889.2841,-1.5741
constant (global mean),spatial blocks,unweighted,9,16,32.825,118.925,Anhui,block fold 0,202,1889.2700,1888.7252,0.5448
constant (global mean),spatial blocks,unweighted,9,17,32.825,119.175,Jiangsu,block fold 0,7,1891.7300,1888.7252,3.0048
constant (global mean),spatial blocks,unweighted,9,18,32.825,119.425,Jiangsu,block fold 0,31,1887.7300,1888.7252,-0.9952
constant (global mean),spatial blocks,unweighted,9,19,32.825,119.675,Jiangsu,block fold 0,244,1889.2300,1888.7252,0.5048
constant (global mean),spatial blocks,unweighted,9,20,32.825,119.925,Jiangsu,block fold 1,222,1891.3500,1888.3125,3.0375
constant (global mean),spatial blocks,unweighted,9,21,32.825,120.175,Jiangsu,block fold 1,198,1892.4500,1888.3125,4.1375
constant (global mean),spatial blocks,unweighted,9,22,32.825,120.425,Jiangsu,block fold 1,181,1890.4900,1888.3125,2.1775
constant (global mean),spatial blocks,unweighted,9,23,32.825,120.675,Jiangsu,block fold 1,157,1888.5600,1888.3125,0.2475
constant (global mean),spatial blocks,unweighted,9,24,32.825,120.925,Jiangsu,block fold 2,19,1897.2800,1888.5892,8.6908
constant (global mean),spatial blocks,unweighted,9,26,32.825,121.425,Outside,block fold 2,2,1860.0400,1888.5892,-28.5492
constant (global mean),spatial blocks,unweighted,9,27,32.825,121.675,Outside,block fold 2,26,1856.0600,1888.5892,-32.5292
constant (global mean),spatial blocks,unweighted,9,28,32.825,121.925,Outside,block fold 1,40,1855.1800,1888.3125,-33.1325
constant (global mean),spatial blocks,unweighted,9,29,32.825,122.175,Outside,block fold 1,49,1857.4900,1888.3125,-30.8225
constant (global mean),spatial blocks,unweighted,9,30,32.825,122.425,Outside,block fold 1,40,1863.0600,1888.3125,-25.2525
constant (global mean),spatial blocks,unweighted,10,0,32.575,114.925,Outside,block fold 2,298,1896.2900,1888.5892,7.7008
constant (global mean),spatial blocks,unweighted,10,1,32.575,115.175,Anhui,block fold 2,345,1892.6500,1888.5892,4.0608
constant (global mean),spatial blocks,unweighted,10,2,32.575,115.425,Anhui,block fold 2,342,1894.7300,1888.5892,6.1408
constant (global mean),spatial blocks,unweighted,10,3,32.575,115.675,Anhui,block fold 2,315,1895.6200,1888.5892,7.0308
constant (global mean),spatial blocks,unweighted,10,4,32.575,115.925,Anhui,block fold 2,226,1898.1100,1888.5892,9.5208
constant (global mean),spatial blocks,unweighted,10,5,32.575,116.175,Anhui,block fold 2,161,1902.3600,1888.5892,13.7708
constant (global mean),spatial blocks,unweighted,10,6,32.575,116.425,Anhui,block fold 2,135,1906.1300,1888.5892,17.5408
constant (global mean),spatial blocks,unweighted,10,7,32.575,116.675,Anhui,block fold 2,105,1907.1100,1888.5892,18.5208
constant (global mean),spatial blocks,unweighted,10,8,32.575,116.925,Anhui,block fold 4,85,1907.4600,1887.9228,19.5372
constant (global mean),spatial blocks,unweighted,10,9,32.575,117.175,Anhui,block fold 4,171,1903.9700,1887.9228,16.0472
constant (global mean),spatial blocks,unweighted,10,10,32.575,117.425,Anhui,block fold 4,227,1895.2100,1887.9228,7.2872
constant (global mean),spatial blocks,unweighted,10,11,32.575,117.675,Anhui,block fold 4,213,1892.4000,1887.9228,4.4772
constant (global mean),spatial blocks,unweighted,10,12,32.575,117.925,Anhui,block fold 3,245,1891.1200,1889.2841,1.8359
constant (global mean),spatial blocks,unweighted,10,13,32.575,118.175,Anhui,block fold 3,283,1888.0100,1889.2841,-1.2741
constant (global mean),spatial blocks,unweighted,10,14,32.575,118.425,Anhui,block fold 3,297,1889.3300,1889.2841,0.0459
constant (global mean),spatial blocks,unweighted,10,15,32.575,118.675,Anhui,block fold 3,244,1886.9000,1889.2841,-2.3841
constant (global mean),spatial blocks,unweighted,10,16,32.575,118.925,Anhui,block fold 0,219,1890.9500,1888.7252,2.2248
constant (global mean),spatial blocks,unweighted,10,17,32.575,119.175,Jiangsu,block fold 0,218,1890.5500,1888.7252,1.8248
constant (global mean),spatial blocks,unweighted,10,18,32.575,119.425,Jiangsu,block fold 0,64,1889.0500,1888.7252,0.3248
constant (global mean),spatial blocks,unweighted,10,19,32.575,119.675,Jiangsu,block fold 0,247,1889.7100,1888.7252,0.9848
constant (global mean),spatial blocks,unweighted,10,20,32.575,119.925,Jiangsu,block fold 1,248,1891.4800,1888.3125,3.1675
constant (global mean),spatial blocks,unweighted,10,21,32.575,120.175,Jiangsu,block fold 1,203,1894.5000,1888.3125,6.1875
constant (global mean),spatial blocks,unweighted,10,22,32.575,120.425,Jiangsu,block fold 1,147,1894.2000,1888.3125,5.8875
constant (global mean),spatial blocks,unweighted,10,23,32.575,120.675,Jiangsu,block fold 1,146,1890.3400,1888.3125,2.0275
constant (global mean),spatial blocks,unweighted,10,24,32.575,120.925,Jiangsu,block fold 2,40,1892.7900,1888.5892,4.2008
constant (global mean),spatial blocks,unweighted,10,25,32.575,121.175,Jiangsu,block fold 2,2,1915.9100,1888.5892,27.3208
constant (global mean),spatial blocks,unweighted,10,26,32.575,121.425,Outside,block fold 2,3,1854.0100,1888.5892,-34.5792
constant (global mean),spatial blocks,unweighted,10,27,32.575,121.675,Outside,block fold 2,27,1856.2100,1888.5892,-32.3792
constant (global mean),spatial blocks,unweighted,10,28,32.575,121.925,Outside,block fold 1,39,1858.1700,1888.3125,-30.1425
constant (global mean),spatial blocks,unweighted,10,29,32.575,122.175,Outside,block fold 1,47,1854.4100,1888.3125,-33.9025
constant (global mean),spatial blocks,unweighted,10,30,32.575,122.425,Outside,block fold 1,26,1856.5800,1888.3125,-31.7325
constant (global mean),spatial blocks,unweighted,11,0,32.325,114.925,Outside,block fold 2,305,1896.9600,1888.5892,8.3708
constant (global mean),spatial blocks,unweighted,11,1,32.325,115.175,Outside,block fold 2,284,1893.5900,1888.5892,5.0008
constant (global mean),spatial blocks,unweighted,11,2,32.325,115.425,Anhui,block fold 2,298,1895.4400,1888.5892,6.8508
constant (global mean),spatial blocks,unweighted,11,3,32.325,115.675,Anhui,block fold 2,296,1895.1600,1888.5892,6.5708
constant (global mean),spatial blocks,unweighted,11,4,32.325,115.925,Anhui,block fold 2,236,1896.6300,1888.5892,8.0408
constant (global mean),spatial blocks,unweighted,11,5,32.325,116.175,Anhui,block fold 2,54,1898.5900,1888.5892,10.0008
constant (global mean),spatial blocks,unweighted,11,6,32.325,116.425,Anhui,block fold 2,40,1901.2300,1888.5892,12.6408
constant (global mean),spatial blocks,unweighted,11,7,32.325,116.675,Anhui,block fold 2,86,1900.2300,1888.5892,11.6408
constant (global mean),spatial blocks,unweighted,11,8,32.325,116.925,Anhui,block fold 4,15,1927.2100,1887.9228,39.2872
constant (global mean),spatial blocks,unweighted,11,9,32.325,117.175,Anhui,block fold 4,221,1900.0400,1887.9228,12.1172
constant (global mean),spatial blocks,unweighted,11,10,32.325,117.425,Anhui,block fold 4,264,1898.8200,1887.9228,10.8972
constant (global mean),spatial blocks,unweighted,11,11,32.325,117.675,Anhui,block fold 4,230,1891.9100,1887.9228,3.9872
constant (global mean),spatial blocks,unweighted,11,12,32.325,117.925,Anhui,block fold 3,268,1890.0300,1889.2841,0.7459
constant (global mean),spatial blocks,unweighted,11,13,32.325,118.175,Anhui,block fold 3,243,1890.1900,1889.2841,0.9059
constant (global mean),spatial blocks,unweighted,11,14,32.325,118.425,Anhui,block fold 3,187,1893.5500,1889.2841,4.2659
constant (global mean),spatial blocks,unweighted,11,15,32.325,118.675,Jiangsu,block fold 3,259,1895.3000,1889.2841,6.0159
constant (global mean),spatial blocks,unweighted,11,16,32.325,118.925,Jiangsu,block fold 0,227,1894.0200,1888.7252,5.2948
constant (global mean),spatial blocks,unweighted,11,17,32.325,119.175,Jiangsu,block fold 0,153,1891.8900,1888.7252,3.1648
constant (global mean),spatial blocks,unweighted,11,18,32.325,119.425,Jiangsu,block fold 0,133,1889.6100,1888.7252,0.8848
constant (global mean),spatial blocks,unweighted,11,19,32.325,119.675,Jiangsu,block fold 0,84,1893.2600,1888.7252,4.5348
constant (global mean),spatial blocks,unweighted,11,20,32.325,119.925,Jiangsu,block fold 1,165,1891.6400,1888.3125,3.3275
constant (global mean),spatial blocks,unweighted,11,21,32.325,120.175,Jiangsu,block fold 1,233,1892.2600,1888.3125,3.9475
constant (global mean),spatial blocks,unweighted,11,22,32.325,120.425,Jiangsu,block fold 1,174,1893.7700,1888.3125,5.4575
constant (global mean),spatial blocks,unweighted,11,23,32.325,120.675,Jiangsu,block fold 1,148,1893.1100,1888.3125,4.7975
constant (global mean),spatial blocks,unweighted,11,24,32.325,120.925,Jiangsu,block fold 2,131,1894.7000,1888.5892,6.1108
constant (global mean),spatial blocks,unweighted,11,25,32.325,121.175,Jiangsu,block fold 2,87,1894.8000,1888.5892,6.2108
constant (global mean),spatial blocks,unweighted,11,26,32.325,121.425,Jiangsu,block fold 2,4,1898.6900,1888.5892,10.1008
constant (global mean),spatial blocks,unweighted,11,27,32.325,121.675,Outside,block fold 2,11,1856.3300,1888.5892,-32.2592
constant (global mean),spatial blocks,unweighted,11,28,32.325,121.925,Outside,block fold 1,34,1856.2100,1888.3125,-32.1025
constant (global mean),spatial blocks,unweighted,11,29,32.325,122.175,Outside,block fold 1,43,1859.9900,1888.3125,-28.3225
constant (global mean),spatial blocks,unweighted,11,30,32.325,122.425,Outside,block fold 1,26,1852.7300,1888.3125,-35.5825
constant (global mean),spatial blocks,unweighted,12,0,32.075,114.925,Outside,block fold 3,257,1895.0100,1889.2841,5.7259
constant (global mean),spatial blocks,unweighted,12,1,32.075,115.175,Outside,block fold 3,303,1895.1100,1889.2841,5.8259
constant (global mean),spatial blocks,unweighted,12,2,32.075,115.425,Outside,block fold 3,322,1893.8400,1889.2841,4.5559
constant (global mean),spatial blocks,unweighted,12,3,32.075,115.675,Outside,block fold 3,296,1893.1500,1889.2841,3.8659
constant (global mean),spatial blocks,unweighted,12,4,32.075,115.925,Anhui,block fold 2,295,1893.1900,1888.5892,4.6008
constant (global mean),spatial blocks,unweighted,12,5,32.075,116.175,Anhui,block fold 2,258,1892.5300,1888.5892,3.9408
constant (global mean),spatial blocks,unweighted,12,6,32.075,116.425,Anhui,block fold 2,227,1894.0800,1888.5892,5.4908
constant (global mean),spatial blocks,unweighted,12,7,32.075,116.675,Anhui,block fold 2,282,1897.8500,1888.5892,9.2608
constant (global mean),spatial blocks,unweighted,12,8,32.075,116.925,Anhui,block fold 1,306,1898.0200,1888.3125,9.7075
constant (global mean),spatial blocks,unweighted,12,9,32.075,117.175,Anhui,block fold 1,290,1896.5900,1888.3125,8.2775
constant (global mean),spatial blocks,unweighted,12,10,32.075,117.425,Anhui,block fold 1,278,1896.4300,1888.3125,8.1175
constant (global mean),spatial blocks,unweighted,12,11,32.075,117.675,Anhui,block fold 1,318,1896.5700,1888.3125,8.2575
constant (global mean),spatial blocks,unweighted,12,12,32.075,117.925,Anhui,block fold 2,260,1893.7700,1888.5892,5.1808
constant (global mean),spatial blocks,unweighted,12,13,32.075,118.175,Anhui,block fold 2,250,1896.2400,1888.5892,7.6508
constant (global mean),spatial blocks,unweighted,12,14,32.075,118.425,Anhui,block fold 2,241,1895.2800,1888.5892,6.6908
constant (global mean),spatial blocks,unweighted,12,15,32.075,118.675,Jiangsu,block fold 2,133,1895.9400,1888.5892,7.3508
constant (global mean),spatial blocks,unweighted,12,16,32.075,118.925,Jiangsu,block fold 2,185,1896.1000,1888.5892,7.5108
constant (global mean),spatial blocks,unweighted,12,17,32.075,119.175,Jiangsu,block fold 2,218,1897.5500,1888.5892,8.9608
constant (global mean),spatial blocks,unweighted,12,18,32.075,119.425,Jiangsu,block fold 2,231,1893.0400,1888.5892,4.4508
constant (global mean),spatial blocks,unweighted,12,19,32.075,119.675,Jiangsu,block fold 2,181,1892.9900,1888.5892,4.4008
constant (global mean),spatial blocks,unweighted,12,20,32.075,119.925,Jiangsu,block fold 3,77,1890.3200,1889.2841,1.0359
constant (global mean),spatial blocks,unweighted,12,21,32.075,120.175,Jiangsu,block fold 3,146,1895.2200,1889.2841,5.9359
constant (global mean),spatial blocks,unweighted,12,22,32.075,120.425,Jiangsu,block fold 3,60,1894.7300,1889.2841,5.4459
constant (global mean),spatial blocks,unweighted,12,23,32.075,120.675,Jiangsu,block fold 3,37,1894.6300,1889.2841,5.3459
constant (global mean),spatial blocks,unweighted,12,24,32.075,120.925,Jiangsu,block fold 3,67,1893.0100,1889.2841,3.7259
constant (global mean),spatial blocks,unweighted,12,25,32.075,121.175,Jiangsu,block fold 3,114,1889.4200,1889.2841,0.1359
constant (global mean),spatial blocks,unweighted,12,26,32.075,121.425,Jiangsu,block fold 3,65,1885.5100,1889.2841,-3.7741
constant (global mean),spatial blocks,unweighted,12,27,32.075,121.675,Jiangsu,block fold 3,7,1891.2700,1889.2841,1.9859
constant (global mean),spatial blocks,unweighted,12,28,32.075,121.925,Jiangsu,block fold 3,20,1855.7000,1889.2841,-33.5841
constant (global mean),spatial blocks,unweighted,12,29,32.075,122.175,Outside,block fold 3,34,1851.7800,1889.2841,-37.5041
constant (global mean),spatial blocks,unweighted,12,30,32.075,122.425,Outside,block fold 3,23,1846.5300,1889.2841,-42.7541
constant (global mean),spatial blocks,unweighted,13,0,31.825,114.925,Outside,block fold 3,250,1893.5000,1889.2841,4.2159
constant (global mean),spatial blocks,unweighted,13,1,31.825,115.175,Outside,block fold 3,282,1890.7300,1889.2841,1.4459
constant (global mean),spatial blocks,unweighted,13,2,31.825,115.425,Anhui,block fold 3,232,1890.6600,1889.2841,1.3759
constant (global mean),spatial blocks,unweighted,13,3,31.825,115.675,Anhui,block fold 3,134,1888.9900,1889.2841,-0.2941
constant (global mean),spatial blocks,unweighted,13,4,31.825,115.925,Anhui,block fold 2,226,1891.3500,1888.5892,2.7608
constant (global mean),spatial blocks,unweighted,13,5,31.825,116.175,Anhui,block fold 2,312,1889.9000,1888.5892,1.3108
constant (global mean),spatial blocks,unweighted,13,6,31.825,116.425,Anhui,block fold 2,261,1894.7000,1888.5892,6.1108
constant (global mean),spatial blocks,unweighted,13,7,31.825,116.675,Anhui,block fold 2,273,1896.6700,1888.5892,8.0808
constant (global mean),spatial blocks,unweighted,13,8,31.825,116.925,Anhui,block fold 1,307,1895.0900,1888.3125,6.7775
constant (global mean),spatial blocks,unweighted,13,9,31.825,117.175,Anhui,block fold 1,162,1900.4800,1888.3125,12.1675
constant (global mean),spatial blocks,unweighted,13,10,31.825,117.425,Anhui,block fold 1,132,1899.1300,1888.3125,10.8175
constant (global mean),spatial blocks,unweighted,13,11,31.825,117.675,Anhui,block fold 1,230,1895.9100,1888.3125,7.5975
constant (global mean),spatial blocks,unweighted,13,12,31.825,117.925,Anhui,block fold 2,194,1895.3700,1888.5892,6.7808
constant (global mean),spatial blocks,unweighted,13,13,31.825,118.175,Anhui,block fold 2,224,1894.8900,1888.5892,6.3008
constant (global mean),spatial blocks,unweighted,13,14,31.825,118.425,Anhui,block fold 2,132,1898.0400,1888.5892,9.4508
constant (global mean),spatial blocks,unweighted,13,15,31.825,118.675,Jiangsu,block fold 2,167,1896.9300,1888.5892,8.3408
constant (global mean),spatial blocks,unweighted,13,16,31.825,118.925,Jiangsu,block fold 2,173,1893.2600,1888.5892,4.6708
constant (global mean),spatial blocks,unweighted,13,17,31.825,119.175,Jiangsu,block fold 2,228,1895.8000,1888.5892,7.2108
constant (global mean),spatial blocks,unweighted,13,18,31.825,119.425,Jiangsu,block fold 2,282,1892.8900,1888.5892,4.3008
constant (global mean),spatial blocks,unweighted,13,19,31.825,119.675,Jiangsu,block fold 2,186,1894.4000,1888.5892,5.8108
constant (global mean),spatial blocks,unweighted,13,20,31.825,119.925,Jiangsu,block fold 3,66,1895.1700,1889.2841,5.8859
constant (global mean),spatial blocks,unweighted,13,21,31.825,120.175,Jiangsu,block fold 3,122,1894.9000,1889.2841,5.6159
constant (global mean),spatial blocks,unweighted,13,22,31.825,120.425,Jiangsu,block fold 3,121,1893.1700,1889.2841,3.8859
constant (global mean),spatial blocks,unweighted,13,23,31.825,120.675,Jiangsu,block fold 3,97,1892.8100,1889.2841,3.5259
constant (global mean),spatial blocks,unweighted,13,24,31.825,120.925,Jiangsu,block fold 3,10,1889.2300,1889.2841,-0.0541
constant (global mean),spatial blocks,unweighted,13,25,31.825,121.175,Jiangsu,block fold 3,16,1889.5800,1889.2841,0.2959
constant (global mean),spatial blocks,unweighted,13,26,31.825,121.425,Jiangsu,block fold 3,19,1886.7400,1889.2841,-2.5441
constant (global mean),spatial blocks,unweighted,13,27,31.825,121.675,Jiangsu,block fold 3,39,1886.2300,1889.2841,-3.0541
constant (global mean),spatial blocks,unweighted,13,28,31.825,121.925,Jiangsu,block fold 3,6,1859.5500,1889.2841,-29.7341
constant (global mean),spatial blocks,unweighted,13,29,31.825,122.175,Outside,block fold 3,20,1855.0500,1889.2841,-34.2341
constant (global mean),spatial blocks,unweighted,13,30,31.825,122.425,Outside,block fold 3,19,1840.5000,1889.2841,-48.7841
constant (global mean),spatial blocks,unweighted,14,0,31.575,114.925,Outside,block fold 3,87,1888.8000,1889.2841,-0.4841
constant (global mean),spatial blocks,unweighted,14,1,31.575,115.175,Outside,block fold 3,33,1882.1000,1889.2841,-7.1841
constant (global mean),spatial blocks,unweighted,14,2,31.575,115.425,Anhui,block fold 3,21,1875.3800,1889.2841,-13.9041
constant (global mean),spatial blocks,unweighted,14,3,31.575,115.675,Anhui,block fold 3,54,1876.7300,1889.2841,-12.5541
constant (global mean),spatial blocks,unweighted,14,4,31.575,115.925,Anhui,block fold 2,42,1876.3200,1888.5892,-12.2692
constant (global mean),spatial blocks,unweighted,14,5,31.575,116.175,Anhui,block fold 2,156,1888.4700,1888.5892,-0.1192
constant (global mean),spatial blocks,unweighted,14,6,31.575,116.425,Anhui,block fold 2,267,1891.0200,1888.5892,2.4308
constant (global mean),spatial blocks,unweighted,14,7,31.575,116.675,Anhui,block fold 2,314,1893.9600,1888.5892,5.3708
constant (global mean),spatial blocks,unweighted,14,8,31.575,116.925,Anhui,block fold 1,305,1893.8300,1888.3125,5.5175
constant (global mean),spatial blocks,unweighted,14,9,31.575,117.175,Anhui,block fold 1,142,1896.6800,1888.3125,8.3675
constant (global mean),spatial blocks,unweighted,14,10,31.575,117.425,Anhui,block fold 1,18,1888.3700,1888.3125,0.0575
constant (global mean),spatial blocks,unweighted,14,11,31.575,117.675,Anhui,block fold 1,5,1897.2300,1888.3125,8.9175
constant (global mean),spatial blocks,unweighted,14,12,31.575,117.925,Anhui,block fold 2,126,1893.7800,1888.5892,5.1908
constant (global mean),spatial blocks,unweighted,14,13,31.575,118.175,Anhui,block fold 2,223,1894.6100,1888.5892,6.0208
constant (global mean),spatial blocks,unweighted,14,14,31.575,118.425,Anhui,block fold 2,115,1895.3700,1888.5892,6.7808
constant (global mean),spatial blocks,unweighted,14,15,31.575,118.675,Anhui,block fold 2,202,1893.5300,1888.5892,4.9408
constant (global mean),spatial blocks,unweighted,14,16,31.575,118.925,Jiangsu,block fold 2,78,1890.8700,1888.5892,2.2808
constant (global mean),spatial blocks,unweighted,14,17,31.575,119.175,Jiangsu,block fold 2,241,1895.7700,1888.5892,7.1808
constant (global mean),spatial blocks,unweighted,14,18,31.575,119.425,Jiangsu,block fold 2,134,1896.7100,1888.5892,8.1208
constant (global mean),spatial blocks,unweighted,14,19,31.575,119.675,Jiangsu,block fold 2,42,1893.3700,1888.5892,4.7808
constant (global mean),spatial blocks,unweighted,14,20,31.575,119.925,Jiangsu,block fold 3,32,1907.0900,1889.2841,17.8059
constant (global mean),spatial blocks,unweighted,14,21,31.575,120.175,Jiangsu,block fold 3,50,1895.8600,1889.2841,6.5759
constant (global mean),spatial blocks,unweighted,14,22,31.575,120.425,Jiangsu,block fold 3,66,1891.4000,1889.2841,2.1159
constant (global mean),spatial blocks,unweighted,14,23,31.575,120.675,Jiangsu,block fold 3,18,1890.1400,1889.2841,0.8559
constant (global mean),spatial blocks,unweighted,14,24,31.575,120.925,Jiangsu,block fold 3,71,1888.8100,1889.2841,-0.4741
constant (global mean),spatial blocks,unweighted,14,25,31.575,121.175,Jiangsu,block fold 3,58,1896.1500,1889.2841,6.8659
constant (global mean),spatial blocks,unweighted,14,26,31.575,121.425,Shanghai,block fold 3,9,1894.7900,1889.2841,5.5059
constant (global mean),spatial blocks,unweighted,14,27,31.575,121.675,Shanghai,block fold 3,1,1865.5500,1889.2841,-23.7341
constant (global mean),spatial blocks,unweighted,14,29,31.575,122.175,Outside,block fold 3,1,1856.6500,1889.2841,-32.6341
constant (global mean),spatial blocks,unweighted,14,30,31.575,122.425,Outside,block fold 3,10,1844.6300,1889.2841,-44.6541
constant (global mean),spatial blocks,unweighted,15,0,31.325,114.925,Outside,block fold 3,228,1885.1700,1889.2841,-4.1141
constant (global mean),spatial blocks,unweighted,15,1,31.325,115.175,Outside,block fold 3,74,1887.7000,1889.2841,-1.5841
constant (global mean),spatial blocks,unweighted,15,3,31.325,115.675,Anhui,block fold 3,1,1914.8500,1889.2841,25.5659
constant (global mean),spatial blocks,unweighted,15,5,31.325,116.175,Anhui,block fold 2,27,1888.3200,1888.5892,-0.2692
constant (global mean),spatial blocks,unweighted,15,6,31.325,116.425,Anhui,block fold 2,82,1887.0000,1888.5892,-1.5892
constant (global mean),spatial blocks,unweighted,15,7,31.325,116.675,Anhui,block fold 2,164,1889.4300,1888.5892,0.8408
constant (global mean),spatial blocks,unweighted,15,8,31.325,116.925,Anhui,block fold 1,203,1890.8200,1888.3125,2.5075
constant (global mean),spatial blocks,unweighted,15,9,31.325,117.175,Anhui,block fold 1,233,1891.2900,1888.3125,2.9775
constant (global mean),spatial blocks,unweighted,15,10,31.325,117.425,Anhui,block fold 1,209,1891.1700,1888.3125,2.8575
constant (global mean),spatial blocks,unweighted,15,11,31.325,117.675,Anhui,block fold 1,220,1894.1400,1888.3125,5.8275
constant (global mean),spatial blocks,unweighted,15,12,31.325,117.925,Anhui,block fold 2,201,1895.3900,1888.5892,6.8008
constant (global mean),spatial blocks,unweighted,15,13,31.325,118.175,Anhui,block fold 2,128,1895.8000,1888.5892,7.2108
constant (global mean),spatial blocks,unweighted,15,14,31.325,118.425,Anhui,block fold 2,159,1897.3500,1888.5892,8.7608
constant (global mean),spatial blocks,unweighted,15,15,31.325,118.675,Anhui,block fold 2,247,1893.4000,1888.5892,4.8108
constant (global mean),spatial blocks,unweighted,15,16,31.325,118.925,Jiangsu,block fold 2,43,1893.9300,1888.5892,5.3408
constant (global mean),spatial blocks,unweighted,15,17,31.325,119.175,Jiangsu,block fold 2,208,1890.2700,1888.5892,1.6808
constant (global mean),spatial blocks,unweighted,15,18,31.325,119.425,Jiangsu,block fold 2,173,1890.4500,1888.5892,1.8608
constant (global mean),spatial blocks,unweighted,15,19,31.325,119.675,Jiangsu,block fold 2,93,1896.0400,1888.5892,7.4508
constant (global mean),spatial blocks,unweighted,15,20,31.325,119.925,Jiangsu,block fold 3,15,1893.6800,1889.2841,4.3959
constant (global mean),spatial blocks,unweighted,15,21,31.325,120.175,Jiangsu,block fold 3,2,1946.6000,1889.2841,57.3159
constant (global mean),spatial blocks,unweighted,15,22,31.325,120.425,Jiangsu,block fold 3,14,1902.2700,1889.2841,12.9859
constant (global mean),spatial blocks,unweighted,15,23,31.325,120.675,Jiangsu,block fold 3,24,1898.8300,1889.2841,9.5459
constant (global mean),spatial blocks,unweighted,15,24,31.325,120.925,Jiangsu,block fold 3,31,1895.5300,1889.2841,6.2459
constant (global mean),spatial blocks,unweighted,15,25,31.325,121.175,Shanghai,block fold 3,97,1894.4500,1889.2841,5.1659
constant (global mean),spatial blocks,unweighted,15,26,31.325,121.425,Shanghai,block fold 3,49,1897.3600,1889.2841,8.0759
constant (global mean),spatial blocks,unweighted,15,27,31.325,121.675,Shanghai,block fold 3,6,1884.5100,1889.2841,-4.7741
constant (global mean),spatial blocks,unweighted,15,29,31.325,122.175,Outside,block fold 3,3,1854.1000,1889.2841,-35.1841
constant (global mean),spatial blocks,unweighted,15,30,31.325,122.425,Outside,block fold 3,8,1844.3500,1889.2841,-44.9341
constant (global mean),spatial blocks,unweighted,16,0,31.075,114.925,Outside,block fold 4,170,1891.9000,1887.9228,3.9772
constant (global mean),spatial blocks,unweighted,16,1,31.075,115.175,Outside,block fold 4,21,1887.8400,1887.9228,-0.0828
constant (global mean),spatial blocks,unweighted,16,2,31.075,115.425,Anhui,block fold 4,26,1881.6200,1887.9228,-6.3028
constant (global mean),spatial blocks,unweighted,16,8,31.075,116.925,Anhui,block fold 1,86,1891.8500,1888.3125,3.5375
constant (global mean),spatial blocks,unweighted,16,9,31.075,117.175,Anhui,block fold 1,220,1892.6300,1888.3125,4.3175
constant (global mean),spatial blocks,unweighted,16,10,31.075,117.425,Anhui,block fold 1,179,1892.3300,1888.3125,4.0175
constant (global mean),spatial blocks,unweighted,16,11,31.075,117.675,Anhui,block fold 1,152,1892.8800,1888.3125,4.5675
constant (global mean),spatial blocks,unweighted,16,12,31.075,117.925,Anhui,block fold 1,96,1898.2900,1888.3125,9.9775
constant (global mean),spatial blocks,unweighted,16,13,31.075,118.175,Anhui,block fold 1,197,1893.5000,1888.3125,5.1875
constant (global mean),spatial blocks,unweighted,16,14,31.075,118.425,Anhui,block fold 1,258,1894.8000,1888.3125,6.4875
constant (global mean),spatial blocks,unweighted,16,15,31.075,118.675,Anhui,block fold 1,190,1894.8100,1888.3125,6.4975
constant (global mean),spatial blocks,unweighted,16,16,31.075,118.925,Anhui,block fold 4,44,1898.0500,1887.9228,10.1272
constant (global mean),spatial blocks,unweighted,16,17,31.075,119.175,Anhui,block fold 4,156,1889.9600,1887.9228,2.0372
constant (global mean),spatial blocks,unweighted,16,18,31.075,119.425,Anhui,block fold 4,181,1890.3900,1887.9228,2.4672
constant (global mean),spatial blocks,unweighted,16,19,31.075,119.675,Zhejiang,block fold 4,40,1903.7000,1887.9228,15.7772
constant (global mean),spatial blocks,unweighted,16,20,31.075,119.925,Zhejiang,block fold 1,39,1897.6600,1888.3125,9.3475
constant (global mean),spatial blocks,unweighted,16,21,31.075,120.175,Jiangsu,block fold 1,5,1904.8000,1888.3125,16.4875
constant (global mean),spatial blocks,unweighted,16,23,31.075,120.675,Jiangsu,block fold 1,24,1906.7500,1888.3125,18.4375
constant (global mean),spatial blocks,unweighted,16,24,31.075,120.925,Jiangsu,block fold 0,25,1899.4100,1888.7252,10.6848
constant (global mean),spatial blocks,unweighted,16,25,31.075,121.175,Shanghai,block fold 0,90,1899.4400,1888.7252,10.7148
constant (global mean),spatial blocks,unweighted,16,26,31.075,121.425,Shanghai,block fold 0,46,1902.9500,1888.7252,14.2248
constant (global mean),spatial blocks,unweighted,16,27,31.075,121.675,Shanghai,block fold 0,62,1901.7800,1888.7252,13.0548
constant (global mean),spatial blocks,unweighted,16,28,31.075,121.925,Shanghai,block fold 1,3,1899.6300,1888.3125,11.3175
constant (global mean),spatial blocks,unweighted,16,29,31.075,122.175,Outside,block fold 1,11,1858.6300,1888.3125,-29.6825
constant (global mean),spatial blocks,unweighted,16,30,31.075,122.425,Outside,block fold 1,12,1849.2700,1888.3125,-39.0425
constant (global mean),spatial blocks,unweighted,17,0,30.825,114.925,Outside,block fold 4,176,1888.6400,1887.9228,0.7172
constant (global mean),spatial blocks,unweighted,17,1,30.825,115.175,Outside,block fold 4,100,1890.2900,1887.9228,2.3672
constant (global mean),spatial blocks,unweighted,17,2,30.825,115.425,Outside,block fold 4,45,1889.5300,1887.9228,1.6072
constant (global mean),spatial blocks,unweighted,17,3,30.825,115.675,Anhui,block fold 4,35,1890.1300,1887.9228,2.2072
constant (global mean),spatial blocks,unweighted,17,6,30.825,116.425,Anhui,block fold 3,2,1880.1000,1889.2841,-9.1841
constant (global mean),spatial blocks,unweighted,17,7,30.825,116.675,Anhui,block fold 3,119,1891.3200,1889.2841,2.0359
constant (global mean),spatial blocks,unweighted,17,8,30.825,116.925,Anhui,block fold 1,145,1894.0600,1888.3125,5.7475
constant (global mean),spatial blocks,unweighted,17,9,30.825,117.175,Anhui,block fold 1,26,1897.6000,1888.3125,9.2875
constant (global mean),spatial blocks,unweighted,17,10,30.825,117.425,Anhui,block fold 1,42,1895.8100,1888.3125,7.4975
constant (global mean),spatial blocks,unweighted,17,11,30.825,117.675,Anhui,block fold 1,65,1898.3200,1888.3125,10.0075
constant (global mean),spatial blocks,unweighted,17,12,30.825,117.925,Anhui,block fold 1,118,1894.6400,1888.3125,6.3275
constant (global mean),spatial blocks,unweighted,17,13,30.825,118.175,Anhui,block fold 1,169,1893.8500,1888.3125,5.5375
constant (global mean),spatial blocks,unweighted,17,14,30.825,118.425,Anhui,block fold 1,189,1898.1600,1888.3125,9.8475
constant (global mean),spatial blocks,unweighted,17,15,30.825,118.675,Anhui,block fold 1,151,1895.9400,1888.3125,7.6275
constant (global mean),spatial blocks,unweighted,17,16,30.825,118.925,Anhui,block fold 4,150,1889.3000,1887.9228,1.3772
constant (global mean),spatial blocks,unweighted,17,17,30.825,119.175,Anhui,block fold 4,135,1889.1000,1887.9228,1.1772
constant (global mean),spatial blocks,unweighted,17,18,30.825,119.425,Anhui,block fold 4,90,1893.1500,1887.9228,5.2272
constant (global mean),spatial blocks,unweighted,17,19,30.825,119.675,Zhejiang,block fold 4,153,1894.0300,1887.9228,6.1072
constant (global mean),spatial blocks,unweighted,17,20,30.825,119.925,Zhejiang,block fold 1,100,1899.0200,1888.3125,10.7075
constant (global mean),spatial blocks,unweighted,17,21,30.825,120.175,Zhejiang,block fold 1,92,1899.3200,1888.3125,11.0075
constant (global mean),spatial blocks,unweighted,17,22,30.825,120.425,Zhejiang,block fold 1,103,1901.7100,1888.3125,13.3975
constant (global mean),spatial blocks,unweighted,17,23,30.825,120.675,Zhejiang,block fold 1,110,1899.1400,1888.3125,10.8275
constant (global mean),spatial blocks,unweighted,17,24,30.825,120.925,Zhejiang,block fold 0,111,1901.2300,1888.7252,12.5048
constant (global mean),spatial blocks,unweighted,17,25,30.825,121.175,Shanghai,block fold 0,117,1897.1200,1888.7252,8.3948
constant (global mean),spatial blocks,unweighted,17,26,30.825,121.425,Shanghai,block fold 0,34,1899.0700,1888.7252,10.3448
constant (global mean),spatial blocks,unweighted,17,27,30.825,121.675,Shanghai,block fold 0,10,1892.5800,1888.7252,3.8548
constant (global mean),spatial blocks,unweighted,17,29,30.825,122.175,Outside,block fold 1,4,1859.4200,1888.3125,-28.8925
constant (global mean),spatial blocks,unweighted,17,30,30.825,122.425,Zhejiang,block fold 1,6,1858.6200,1888.3125,-29.6925
constant (global mean),spatial blocks,unweighted,18,0,30.575,114.925,Outside,block fold 4,89,1894.9300,1887.9228,7.0072
constant (global mean),spatial blocks,unweighted,18,1,30.575,115.175,Outside,block fold 4,196,1889.9700,1887.9228,2.0472
constant (global mean),spatial blocks,unweighted,18,2,30.575,115.425,Outside,block fold 4,147,1888.0000,1887.9228,0.0772
constant (global mean),spatial blocks,unweighted,18,3,30.575,115.675,Anhui,block fold 4,32,1886.4900,1887.9228,-1.4328
constant (global mean),spatial blocks,unweighted,18,4,30.575,115.925,Anhui,block fold 3,4,1871.5800,1889.2841,-17.7041
constant (global mean),spatial blocks,unweighted,18,5,30.575,116.175,Anhui,block fold 3,8,1865.1200,1889.2841,-24.1641
constant (global mean),spatial blocks,unweighted,18,6,30.575,116.425,Anhui,block fold 3,124,1895.4800,1889.2841,6.1959
constant (global mean),spatial blocks,unweighted,18,7,30.575,116.675,Anhui,block fold 3,262,1891.9400,1889.2841,2.6559
constant (global mean),spatial blocks,unweighted,18,8,30.575,116.925,Anhui,block fold 1,131,1893.8800,1888.3125,5.5675
constant (global mean),spatial blocks,unweighted,18,9,30.575,117.175,Anhui,block fold 1,9,1891.4900,1888.3125,3.1775
constant (global mean),spatial blocks,unweighted,18,10,30.575,117.425,Anhui,block fold 1,77,1907.6900,1888.3125,19.3775
constant (global mean),spatial blocks,unweighted,18,11,30.575,117.675,Anhui,block fold 1,49,1906.7800,1888.3125,18.4675
constant (global mean),spatial blocks,unweighted,18,12,30.575,117.925,Anhui,block fold 1,52,1895.6400,1888.3125,7.3275
constant (global mean),spatial blocks,unweighted,18,13,30.575,118.175,Anhui,block fold 1,31,1887.0700,1888.3125,-1.2425
constant (global mean),spatial blocks,unweighted,18,14,30.575,118.425,Anhui,block fold 1,38,1892.1800,1888.3125,3.8675
constant (global mean),spatial blocks,unweighted,18,15,30.575,118.675,Anhui,block fold 1,7,1883.9200,1888.3125,-4.3925
constant (global mean),spatial blocks,unweighted,18,16,30.575,118.925,Anhui,block fold 4,97,1888.0700,1887.9228,0.1472
constant (global mean),spatial blocks,unweighted,18,17,30.575,119.175,Anhui,block fold 4,61,1883.0000,1887.9228,-4.9228
constant (global mean),spatial blocks,unweighted,18,18,30.575,119.425,Zhejiang,block fold 4,39,1885.5600,1887.9228,-2.3628
constant (global mean),spatial blocks,unweighted,18,19,30.575,119.675,Zhejiang,block fold 4,57,1885.8500,1887.9228,-2.0728
constant (global mean),spatial blocks,unweighted,18,20,30.575,119.925,Zhejiang,block fold 1,57,1895.7600,1888.3125,7.4475
constant (global mean),spatial blocks,unweighted,18,21,30.575,120.175,Zhejiang,block fold 1,107,1896.3500,1888.3125,8.0375
constant (global mean),spatial blocks,unweighted,18,22,30.575,120.425,Zhejiang,block fold 1,119,1900.6100,1888.3125,12.2975
constant (global mean),spatial blocks,unweighted,18,23,30.575,120.675,Zhejiang,block fold 1,102,1906.1400,1888.3125,17.8275
constant (global mean),spatial blocks,unweighted,18,24,30.575,120.925,Zhejiang,block fold 0,60,1899.3800,1888.7252,10.6548
constant (global mean),spatial blocks,unweighted,18,25,30.575,121.175,Zhejiang,block fold 0,2,1911.7500,1888.7252,23.0248
constant (global mean),spatial blocks,unweighted,18,26,30.575,121.425,Shanghai,block fold 0,10,1868.2900,1888.7252,-20.4352
constant (global mean),spatial blocks,unweighted,18,27,30.575,121.675,Outside,block fold 0,5,1914.1400,1888.7252,25.4148
constant (global mean),spatial blocks,unweighted,18,28,30.575,121.925,Outside,block fold 1,3,1886.5900,1888.3125,-1.7225
constant (global mean),spatial blocks,unweighted,18,29,30.575,122.175,Zhejiang,block fold 1,1,1944.9100,1888.3125,56.5975
constant (global mean),spatial blocks,unweighted,18,30,30.575,122.425,Zhejiang,block fold 1,1,1853.8100,1888.3125,-34.5025
constant (global mean),spatial blocks,unweighted,19,0,30.325,114.925,Outside,block fold 4,38,1900.5900,1887.9228,12.6672
constant (global mean),spatial blocks,unweighted,19,1,30.325,115.175,Outside,block fold 4,77,1892.4000,1887.9228,4.4772
constant (global mean),spatial blocks,unweighted,19,2,30.325,115.425,Outside,block fold 4,172,1892.0200,1887.9228,4.0972
constant (global mean),spatial blocks,unweighted,19,3,30.325,115.675,Outside,block fold 4,67,1887.4200,1887.9228,-0.5028
constant (global mean),spatial blocks,unweighted,19,4,30.325,115.925,Anhui,block fold 3,18,1892.6100,1889.2841,3.3259
constant (global mean),spatial blocks,unweighted,19,5,30.325,116.175,Anhui,block fold 3,136,1894.2700,1889.2841,4.9859
constant (global mean),spatial blocks,unweighted,19,6,30.325,116.425,Anhui,block fold 3,162,1895.3500,1889.2841,6.0659
constant (global mean),spatial blocks,unweighted,19,7,30.325,116.675,Anhui,block fold 3,65,1896.2400,1889.2841,6.9559
constant (global mean),spatial blocks,unweighted,19,8,30.325,116.925,Anhui,block fold 1,42,1903.0800,1888.3125,14.7675
constant (global mean),spatial blocks,unweighted,19,9,30.325,117.175,Anhui,block fold 1,78,1899.8900,1888.3125,11.5775
constant (global mean),spatial blocks,unweighted,19,10,30.325,117.425,Anhui,block fold 1,14,1897.5100,1888.3125,9.1975
constant (global mean),spatial blocks,unweighted,19,11,30.325,117.675,Anhui,block fold 1,5,1887.6000,1888.3125,-0.7125
constant (global mean),spatial blocks,unweighted,19,12,30.325,117.925,Anhui,block fold 1,2,1864.8100,1888.3125,-23.5025
constant (global mean),spatial blocks,unweighted,19,13,30.325,118.175,Anhui,block fold 1,12,1879.3600,1888.3125,-8.9525
constant (global mean),spatial blocks,unweighted,19,14,30.325,118.425,Anhui,block fold 1,9,1884.9500,1888.3125,-3.3625
constant (global mean),spatial blocks,unweighted,19,15,30.325,118.675,Anhui,block fold 1,9,1875.5200,1888.3125,-12.7925
constant (global mean),spatial blocks,unweighted,19,16,30.325,118.925,Anhui,block fold 4,7,1880.3100,1887.9228,-7.6128
constant (global mean),spatial blocks,unweighted,19,17,30.325,119.175,Anhui,block fold 4,9,1874.0200,1887.9228,-13.9028
constant (global mean),spatial blocks,unweighted,19,18,30.325,119.425,Zhejiang,block fold 4,33,1884.8000,1887.9228,-3.1228
constant (global mean),spatial blocks,unweighted,19,19,30.325,119.675,Zhejiang,block fold 4,48,1894.7300,1887.9228,6.8072
constant (global mean),spatial blocks,unweighted,19,20,30.325,119.925,Zhejiang,block fold 1,108,1896.9000,1888.3125,8.5875
constant (global mean),spatial blocks,unweighted,19,21,30.325,120.175,Zhejiang,block fold 1,60,1910.2100,1888.3125,21.8975
constant (global mean),spatial blocks,unweighted,19,22,30.325,120.425,Zhejiang,block fold 1,17,1907.6400,1888.3125,19.3275
constant (global mean),spatial blocks,unweighted,19,23,30.325,120.675,Zhejiang,block fold 1,2,1916.0500,1888.3125,27.7375
constant (global mean),spatial blocks,unweighted,19,24,30.325,120.925,Zhejiang,block fold 0,2,1881.7500,1888.7252,-6.9752
constant (global mean),spatial blocks,unweighted,19,25,30.325,121.175,Zhejiang,block fold 0,15,1896.8600,1888.7252,8.1348
constant (global mean),spatial blocks,unweighted,19,26,30.325,121.425,Zhejiang,block fold 0,6,1900.4000,1888.7252,11.6748
constant (global mean),spatial blocks,unweighted,19,27,30.325,121.675,Outside,block fold 0,4,1897.8600,1888.7252,9.1348
constant (global mean),spatial blocks,unweighted,19,28,30.325,121.925,Outside,block fold 1,3,1864.0900,1888.3125,-24.2225
constant (global mean),spatial blocks,unweighted,19,29,30.325,122.175,Zhejiang,block fold 1,3,1895.4500,1888.3125,7.1375
constant (global mean),spatial blocks,unweighted,20,0,30.075,114.925,Outside,block fold 2,74,1897.8300,1888.5892,9.2408
constant (global mean),spatial blocks,unweighted,20,1,30.075,115.175,Outside,block fold 2,3,1905.7000,1888.5892,17.1108
constant (global mean),spatial blocks,unweighted,20,2,30.075,115.425,Outside,block fold 2,77,1895.1300,1888.5892,6.5408
constant (global mean),spatial blocks,unweighted,20,3,30.075,115.675,Outside,block fold 2,67,1893.3700,1888.5892,4.7808
constant (global mean),spatial blocks,unweighted,20,4,30.075,115.925,Anhui,block fold 1,80,1899.7100,1888.3125,11.3975
constant (global mean),spatial blocks,unweighted,20,5,30.075,116.175,Anhui,block fold 1,63,1894.9600,1888.3125,6.6475
constant (global mean),spatial blocks,unweighted,20,6,30.075,116.425,Anhui,block fold 1,5,1924.2300,1888.3125,35.9175
constant (global mean),spatial blocks,unweighted,20,7,30.075,116.675,Anhui,block fold 1,29,1905.1200,1888.3125,16.8075
constant (global mean),spatial blocks,unweighted,20,8,30.075,116.925,Anhui,block fold 2,40,1895.9200,1888.5892,7.3308
constant (global mean),spatial blocks,unweighted,20,9,30.075,117.175,Anhui,block fold 2,16,1888.5000,1888.5892,-0.0892
constant (global mean),spatial blocks,unweighted,20,10,30.075,117.425,Anhui,block fold 2,1,1875.5700,1888.5892,-13.0192
constant (global mean),spatial blocks,unweighted,20,11,30.075,117.675,Anhui,block fold 2,3,1876.2300,1888.5892,-12.3592
constant (global mean),spatial blocks,unweighted,20,12,30.075,117.925,Anhui,block fold 4,11,1893.4200,1887.9228,5.4972
constant (global mean),spatial blocks,unweighted,20,14,30.075,118.425,Anhui,block fold 4,24,1887.5100,1887.9228,-0.4128
constant (global mean),spatial blocks,unweighted,20,15,30.075,118.675,Anhui,block fold 4,9,1887.7100,1887.9228,-0.2128
constant (global mean),spatial blocks,unweighted,20,17,30.075,119.175,Zhejiang,block fold 2,18,1886.3100,1888.5892,-2.2792
constant (global mean),spatial blocks,unweighted,20,18,30.075,119.425,Zhejiang,block fold 2,17,1892.4800,1888.5892,3.8908
constant (global mean),spatial blocks,unweighted,20,19,30.075,119.675,Zhejiang,block fold 2,34,1895.0600,1888.5892,6.4708
constant (global mean),spatial blocks,unweighted,20,20,30.075,119.925,Zhejiang,block fold 0,26,1908.5100,1888.7252,19.7848
constant (global mean),spatial blocks,unweighted,20,21,30.075,120.175,Zhejiang,block fold 0,34,1903.1400,1888.7252,14.4148
constant (global mean),spatial blocks,unweighted,20,22,30.075,120.425,Zhejiang,block fold 0,80,1904.3500,1888.7252,15.6248
constant (global mean),spatial blocks,unweighted,20,23,30.075,120.675,Zhejiang,block fold 0,76,1907.0200,1888.7252,18.2948
constant (global mean),spatial blocks,unweighted,20,24,30.075,120.925,Zhejiang,block fold 0,66,1904.6100,1888.7252,15.8848
constant (global mean),spatial blocks,unweighted,20,25,30.075,121.175,Zhejiang,block fold 0,67,1901.1500,1888.7252,12.4248
constant (global mean),spatial blocks,unweighted,20,26,30.075,121.425,Zhejiang,block fold 0,49,1900.0900,1888.7252,11.3648
constant (global mean),spatial blocks,unweighted,20,27,30.075,121.675,Zhejiang,block fold 0,3,1912.0500,1888.7252,23.3248
constant (global mean),spatial blocks,unweighted,20,30,30.075,122.425,Zhejiang,block fold 0,1,1860.3100,1888.7252,-28.4152
constant (global mean),spatial blocks,unweighted,21,0,29.825,114.925,Outside,block fold 2,20,1891.5600,1888.5892,2.9708
constant (global mean),spatial blocks,unweighted,21,1,29.825,115.175,Outside,block fold 2,60,1893.1800,1888.5892,4.5908
constant (global mean),spatial blocks,unweighted,21,2,29.825,115.425,Outside,block fold 2,10,1895.1600,1888.5892,6.5708
constant (global mean),spatial blocks,unweighted,21,3,29.825,115.675,Outside,block fold 2,7,1893.4300,1888.5892,4.8408
constant (global mean),spatial blocks,unweighted,21,4,29.825,115.925,Outside,block fold 1,37,1898.1500,1888.3125,9.8375
constant (global mean),spatial blocks,unweighted,21,6,29.825,116.425,Anhui,block fold 1,51,1892.4600,1888.3125,4.1475
constant (global mean),spatial blocks,unweighted,21,7,29.825,116.675,Anhui,block fold 1,95,1893.9000,1888.3125,5.5875
constant (global mean),spatial blocks,unweighted,21,8,29.825,116.925,Anhui,block fold 2,70,1887.9700,1888.5892,-0.6192
constant (global mean),spatial blocks,unweighted,21,9,29.825,117.175,Anhui,block fold 2,94,1889.9200,1888.5892,1.3308
constant (global mean),spatial blocks,unweighted,21,10,29.825,117.425,Anhui,block fold 2,118,1888.8000,1888.5892,0.2108
constant (global mean),spatial blocks,unweighted,21,11,29.825,117.675,Anhui,block fold 2,79,1892.5900,1888.5892,4.0008
constant (global mean),spatial blocks,unweighted,21,12,29.825,117.925,Anhui,block fold 4,106,1886.6500,1887.9228,-1.2728
constant (global mean),spatial blocks,unweighted,21,13,29.825,118.175,Anhui,block fold 4,97,1891.0100,1887.9228,3.0872
constant (global mean),spatial blocks,unweighted,21,14,29.825,118.425,Anhui,block fold 4,121,1890.2100,1887.9228,2.2872
constant (global mean),spatial blocks,unweighted,21,15,29.825,118.675,Anhui,block fold 4,12,1888.7400,1887.9228,0.8172
constant (global mean),spatial blocks,unweighted,21,17,29.825,119.175,Zhejiang,block fold 2,2,1898.6400,1888.5892,10.0508
constant (global mean),spatial blocks,unweighted,21,19,29.825,119.675,Zhejiang,block fold 2,11,1895.3000,1888.5892,6.7108
constant (global mean),spatial blocks,unweighted,21,21,29.825,120.175,Zhejiang,block fold 0,55,1907.2000,1888.7252,18.4748
constant (global mean),spatial blocks,unweighted,21,22,29.825,120.425,Zhejiang,block fold 0,71,1907.9300,1888.7252,19.2048
constant (global mean),spatial blocks,unweighted,21,23,29.825,120.675,Zhejiang,block fold 0,11,1909.0000,1888.7252,20.2748
constant (global mean),spatial blocks,unweighted,21,24,29.825,120.925,Zhejiang,block fold 0,49,1902.3700,1888.7252,13.6448
constant (global mean),spatial blocks,unweighted,21,25,29.825,121.175,Zhejiang,block fold 0,2,1943.6800,1888.7252,54.9548
constant (global mean),spatial blocks,unweighted,21,26,29.825,121.425,Zhejiang,block fold 0,76,1897.0400,1888.7252,8.3148
constant (global mean),spatial blocks,unweighted,21,27,29.825,121.675,Zhejiang,block fold 0,26,1907.9300,1888.7252,19.2048
constant (global mean),spatial blocks,unweighted,21,30,29.825,122.425,Zhejiang,block fold 0,1,1879.6600,1888.7252,-9.0652
constant (global mean),spatial blocks,unweighted,22,0,29.575,114.925,Outside,block fold 2,21,1891.5200,1888.5892,2.9308
constant (global mean),spatial blocks,unweighted,22,1,29.575,115.175,Outside,block fold 2,7,1882.2100,1888.5892,-6.3792
constant (global mean),spatial blocks,unweighted,22,2,29.575,115.425,Outside,block fold 2,3,1891.9900,1888.5892,3.4008
constant (global mean),spatial blocks,unweighted,22,3,29.575,115.675,Outside,block fold 2,84,1899.8100,1888.5892,11.2208
constant (global mean),spatial blocks,unweighted,22,4,29.575,115.925,Outside,block fold 1,31,1892.6400,1888.3125,4.3275
constant (global mean),spatial blocks,unweighted,22,5,29.575,116.175,Outside,block fold 1,10,1889.3900,1888.3125,1.0775
constant (global mean),spatial blocks,unweighted,22,6,29.575,116.425,Outside,block fold 1,134,1892.8900,1888.3125,4.5775
constant (global mean),spatial blocks,unweighted,22,7,29.575,116.675,Anhui,block fold 1,203,1893.3900,1888.3125,5.0775
constant (global mean),spatial blocks,unweighted,22,8,29.575,116.925,Anhui,block fold 2,121,1892.3800,1888.5892,3.7908
constant (global mean),spatial blocks,unweighted,22,9,29.575,117.175,Outside,block fold 2,108,1885.9000,1888.5892,-2.6892
constant (global mean),spatial blocks,unweighted,22,10,29.575,117.425,Anhui,block fold 2,65,1889.4800,1888.5892,0.8908
constant (global mean),spatial blocks,unweighted,22,13,29.575,118.175,Anhui,block fold 4,54,1891.3700,1887.9228,3.4472
constant (global mean),spatial blocks,unweighted,22,14,29.575,118.425,Anhui,block fold 4,13,1883.0100,1887.9228,-4.9128
constant (global mean),spatial blocks,unweighted,22,15,29.575,118.675,Zhejiang,block fold 4,10,1898.4900,1887.9228,10.5672
constant (global mean),spatial blocks,unweighted,22,18,29.575,119.425,Zhejiang,block fold 2,11,1897.9200,1888.5892,9.3308
constant (global mean),spatial blocks,unweighted,22,19,29.575,119.675,Zhejiang,block fold 2,3,1903.3500,1888.5892,14.7608
constant (global mean),spatial blocks,unweighted,22,20,29.575,119.925,Zhejiang,block fold 0,23,1899.3200,1888.7252,10.5948
constant (global mean),spatial blocks,unweighted,22,21,29.575,120.175,Zhejiang,block fold 0,61,1901.5500,1888.7252,12.8248
constant (global mean),spatial blocks,unweighted,22,22,29.575,120.425,Zhejiang,block fold 0,26,1902.7100,1888.7252,13.9848
constant (global mean),spatial blocks,unweighted,22,23,29.575,120.675,Zhejiang,block fold 0,37,1904.1800,1888.7252,15.4548
constant (global mean),spatial blocks,unweighted,22,24,29.575,120.925,Zhejiang,block fold 0,61,1902.9500,1888.7252,14.2248
constant (global mean),spatial blocks,unweighted,22,26,29.575,121.425,Zhejiang,block fold 0,12,1901.2200,1888.7252,12.4948
constant (global mean),spatial blocks,unweighted,22,27,29.575,121.675,Zhejiang,block fold 0,1,1862.0700,1888.7252,-26.6552
constant (global mean),spatial blocks,unweighted,22,29,29.575,122.175,Zhejiang,block fold 0,1,1844.0100,1888.7252,-44.7152
constant (global mean),spatial blocks,unweighted,22,30,29.575,122.425,Outside,block fold 0,32,1852.7400,1888.7252,-35.9852
constant (global mean),spatial blocks,unweighted,23,0,29.325,114.925,Outside,block fold 2,37,1884.1000,1888.5892,-4.4892
constant (global mean),spatial blocks,unweighted,23,1,29.325,115.175,Outside,block fold 2,13,1890.9700,1888.5892,2.3808
constant (global mean),spatial blocks,unweighted,23,2,29.325,115.425,Outside,block fold 2,41,1891.0300,1888.5892,2.4408
constant (global mean),spatial blocks,unweighted,23,3,29.325,115.675,Outside,block fold 2,165,1897.6200,1888.5892,9.0308
constant (global mean),spatial blocks,unweighted,23,4,29.325,115.925,Outside,block fold 1,36,1894.8600,1888.3125,6.5475
constant (global mean),spatial blocks,unweighted,23,5,29.325,116.175,Outside,block fold 1,3,1858.8100,1888.3125,-29.5025
constant (global mean),spatial blocks,unweighted,23,6,29.325,116.425,Outside,block fold 1,81,1896.9100,1888.3125,8.5975
constant (global mean),spatial blocks,unweighted,23,7,29.325,116.675,Outside,block fold 1,68,1893.0400,1888.3125,4.7275
constant (global mean),spatial blocks,unweighted,23,8,29.325,116.925,Outside,block fold 2,171,1890.6700,1888.5892,2.0808
constant (global mean),spatial blocks,unweighted,23,9,29.325,117.175,Outside,block fold 2,179,1891.4300,1888.5892,2.8408
constant (global mean),spatial blocks,unweighted,23,10,29.325,117.425,Outside,block fold 2,109,1886.5300,1888.5892,-2.0592
constant (global mean),spatial blocks,unweighted,23,11,29.325,117.675,Outside,block fold 2,165,1886.3800,1888.5892,-2.2092
constant (global mean),spatial blocks,unweighted,23,12,29.325,117.925,Zhejiang,block fold 4,107,1885.6100,1887.9228,-2.3128
constant (global mean),spatial blocks,unweighted,23,14,29.325,118.425,Zhejiang,block fold 4,1,1883.3600,1887.9228,-4.5628
constant (global mean),spatial blocks,unweighted,23,15,29.325,118.675,Zhejiang,block fold 4,18,1884.0900,1887.9228,-3.8328
constant (global mean),spatial blocks,unweighted,23,17,29.325,119.175,Zhejiang,block fold 2,20,1889.3000,1888.5892,0.7108
constant (global mean),spatial blocks,unweighted,23,18,29.325,119.425,Zhejiang,block fold 2,79,1886.7300,1888.5892,-1.8592
constant (global mean),spatial blocks,unweighted,23,19,29.325,119.675,Zhejiang,block fold 2,19,1888.0100,1888.5892,-0.5792
constant (global mean),spatial blocks,unweighted,23,20,29.325,119.925,Zhejiang,block fold 0,59,1897.5500,1888.7252,8.8248
constant (global mean),spatial blocks,unweighted,23,21,29.325,120.175,Zhejiang,block fold 0,44,1898.7800,1888.7252,10.0548
constant (global mean),spatial blocks,unweighted,23,22,29.325,120.425,Zhejiang,block fold 0,15,1900.3000,1888.7252,11.5748
constant (global mean),spatial blocks,unweighted,23,23,29.325,120.675,Zhejiang,block fold 0,6,1907.3400,1888.7252,18.6148
constant (global mean),spatial blocks,unweighted,23,24,29.325,120.925,Zhejiang,block fold 0,9,1889.6600,1888.7252,0.9348
constant (global mean),spatial blocks,unweighted,23,26,29.325,121.425,Zhejiang,block fold 0,7,1907.8300,1888.7252,19.1048
constant (global mean),spatial blocks,unweighted,23,27,29.325,121.675,Zhejiang,block fold 0,2,1880.6700,1888.7252,-8.0552
constant (global mean),spatial blocks,unweighted,23,29,29.325,122.175,Outside,block fold 0,10,1874.4700,1888.7252,-14.2552
constant (global mean),spatial blocks,unweighted,23,30,29.325,122.425,Outside,block fold 0,28,1861.9800,1888.7252,-26.7452
constant (global mean),spatial blocks,unweighted,24,0,29.075,114.925,Outside,block fold 0,21,1885.9000,1888.7252,-2.8252
constant (global mean),spatial blocks,unweighted,24,2,29.075,115.425,Outside,block fold 0,4,1885.2600,1888.7252,-3.4652
constant (global mean),spatial blocks,unweighted,24,3,29.075,115.675,Outside,block fold 0,129,1895.3300,1888.7252,6.6048
constant (global mean),spatial blocks,unweighted,24,4,29.075,115.925,Outside,block fold 4,61,1903.4300,1887.9228,15.5072
constant (global mean),spatial blocks,unweighted,24,5,29.075,116.175,Outside,block fold 4,15,1916.6200,1887.9228,28.6972
constant (global mean),spatial blocks,unweighted,24,7,29.075,116.675,Outside,block fold 4,10,1897.8300,1887.9228,9.9072
constant (global mean),spatial blocks,unweighted,24,8,29.075,116.925,Outside,block fold 2,181,1892.6300,1888.5892,4.0408
constant (global mean),spatial blocks,unweighted,24,9,29.075,117.175,Outside,block fold 2,175,1892.1800,1888.5892,3.5908
constant (global mean),spatial blocks,unweighted,24,10,29.075,117.425,Outside,block fold 2,173,1888.8900,1888.5892,0.3008
constant (global mean),spatial blocks,unweighted,24,11,29.075,117.675,Outside,block fold 2,106,1886.2400,1888.5892,-2.3492
constant (global mean),spatial blocks,unweighted,24,12,29.075,117.925,Zhejiang,block fold 0,79,1884.6500,1888.7252,-4.0752
constant (global mean),spatial blocks,unweighted,24,13,29.075,118.175,Zhejiang,block fold 0,7,1890.5000,1888.7252,1.7748
constant (global mean),spatial blocks,unweighted,24,14,29.075,118.425,Zhejiang,block fold 0,40,1885.2200,1888.7252,-3.5052
constant (global mean),spatial blocks,unweighted,24,15,29.075,118.675,Zhejiang,block fold 0,50,1887.4800,1888.7252,-1.2452
constant (global mean),spatial blocks,unweighted,24,16,29.075,118.925,Zhejiang,block fold 1,108,1895.3600,1888.3125,7.0475
constant (global mean),spatial blocks,unweighted,24,17,29.075,119.175,Zhejiang,block fold 1,178,1889.1200,1888.3125,0.8075
constant (global mean),spatial blocks,unweighted,24,18,29.075,119.425,Zhejiang,block fold 1,138,1887.2400,1888.3125,-1.0725
constant (global mean),spatial blocks,unweighted,24,19,29.075,119.675,Zhejiang,block fold 1,75,1893.3600,1888.3125,5.0475
constant (global mean),spatial blocks,unweighted,24,20,29.075,119.925,Zhejiang,block fold 4,30,1898.2400,1887.9228,10.3172
constant (global mean),spatial blocks,unweighted,24,21,29.075,120.175,Zhejiang,block fold 4,42,1895.6800,1887.9228,7.7572
constant (global mean),spatial blocks,unweighted,24,22,29.075,120.425,Zhejiang,block fold 4,14,1900.0000,1887.9228,12.0772
constant (global mean),spatial blocks,unweighted,24,23,29.075,120.675,Zhejiang,block fold 4,3,1916.9700,1887.9228,29.0472
constant (global mean),spatial blocks,unweighted,24,24,29.075,120.925,Zhejiang,block fold 4,10,1897.1200,1887.9228,9.1972
constant (global mean),spatial blocks,unweighted,24,26,29.075,121.425,Zhejiang,block fold 4,1,1861.0300,1887.9228,-26.8928
constant (global mean),spatial blocks,unweighted,24,27,29.075,121.675,Zhejiang,block fold 4,2,1844.7800,1887.9228,-43.1428
constant (global mean),spatial blocks,unweighted,24,29,29.075,122.175,Outside,block fold 3,24,1882.2700,1889.2841,-7.0141
constant (global mean),spatial blocks,unweighted,24,30,29.075,122.425,Outside,block fold 3,22,1880.9600,1889.2841,-8.3241
constant (global mean),spatial blocks,unweighted,25,1,28.825,115.175,Outside,block fold 0,20,1892.4500,1888.7252,3.7248
constant (global mean),spatial blocks,unweighted,25,2,28.825,115.425,Outside,block fold 0,168,1897.5400,1888.7252,8.8148
constant (global mean),spatial blocks,unweighted,25,3,28.825,115.675,Outside,block fold 0,99,1898.5700,1888.7252,9.8448
constant (global mean),spatial blocks,unweighted,25,4,28.825,115.925,Outside,block fold 4,65,1907.7400,1887.9228,19.8172
constant (global mean),spatial blocks,unweighted,25,5,28.825,116.175,Outside,block fold 4,45,1903.7500,1887.9228,15.8272
constant (global mean),spatial blocks,unweighted,25,6,28.825,116.425,Outside,block fold 4,8,1899.5300,1887.9228,11.6072
constant (global mean),spatial blocks,unweighted,25,7,28.825,116.675,Outside,block fold 4,103,1898.2700,1887.9228,10.3472
constant (global mean),spatial blocks,unweighted,25,8,28.825,116.925,Outside,block fold 2,189,1895.4900,1888.5892,6.9008
constant (global mean),spatial blocks,unweighted,25,9,28.825,117.175,Outside,block fold 2,148,1892.3800,1888.5892,3.7908
constant (global mean),spatial blocks,unweighted,25,10,28.825,117.425,Outside,block fold 2,145,1889.1800,1888.5892,0.5908
constant (global mean),spatial blocks,unweighted,25,11,28.825,117.675,Outside,block fold 2,43,1885.4800,1888.5892,-3.1092
constant (global mean),spatial blocks,unweighted,25,13,28.825,118.175,Zhejiang,block fold 0,15,1891.4200,1888.7252,2.6948
constant (global mean),spatial blocks,unweighted,25,14,28.825,118.425,Zhejiang,block fold 0,140,1888.0500,1888.7252,-0.6752
constant (global mean),spatial blocks,unweighted,25,15,28.825,118.675,Zhejiang,block fold 0,92,1890.7000,1888.7252,1.9748
constant (global mean),spatial blocks,unweighted,25,16,28.825,118.925,Zhejiang,block fold 1,63,1899.9200,1888.3125,11.6075
constant (global mean),spatial blocks,unweighted,25,17,28.825,119.175,Zhejiang,block fold 1,6,1896.1900,1888.3125,7.8775
constant (global mean),spatial blocks,unweighted,25,19,28.825,119.675,Zhejiang,block fold 1,21,1892.0700,1888.3125,3.7575
constant (global mean),spatial blocks,unweighted,25,20,28.825,119.925,Zhejiang,block fold 4,46,1896.7900,1887.9228,8.8672
constant (global mean),spatial blocks,unweighted,25,21,28.825,120.175,Zhejiang,block fold 4,39,1889.1800,1887.9228,1.2572
constant (global mean),spatial blocks,unweighted,25,22,28.825,120.425,Zhejiang,block fold 4,1,1878.3500,1887.9228,-9.5728
constant (global mean),spatial blocks,unweighted,25,23,28.825,120.675,Zhejiang,block fold 4,3,1899.3900,1887.9228,11.4672
constant (global mean),spatial blocks,unweighted,25,24,28.825,120.925,Zhejiang,block fold 4,14,1889.3200,1887.9228,1.3972
constant (global mean),spatial blocks,unweighted,25,25,28.825,121.175,Zhejiang,block fold 4,11,1900.4800,1887.9228,12.5572
constant (global mean),spatial blocks,unweighted,25,26,28.825,121.425,Zhejiang,block fold 4,2,1921.2400,1887.9228,33.3172
constant (global mean),spatial blocks,unweighted,25,27,28.825,121.675,Zhejiang,block fold 4,1,1886.4500,1887.9228,-1.4728
constant (global mean),spatial blocks,unweighted,25,28,28.825,121.925,Outside,block fold 3,6,1885.2200,1889.2841,-4.0641
constant (global mean),spatial blocks,unweighted,25,29,28.825,122.175,Outside,block fold 3,15,1875.5500,1889.2841,-13.7341
constant (global mean),spatial blocks,unweighted,25,30,28.825,122.425,Outside,block fold 3,29,1865.5900,1889.2841,-23.6941
constant (global mean),spatial blocks,unweighted,26,0,28.575,114.925,Outside,block fold 0,62,1886.4700,1888.7252,-2.2552
constant (global mean),spatial blocks,unweighted,26,1,28.575,115.175,Outside,block fold 0,94,1894.1000,1888.7252,5.3748
constant (global mean),spatial blocks,unweighted,26,2,28.575,115.425,Outside,block fold 0,188,1897.6300,1888.7252,8.9048
constant (global mean),spatial blocks,unweighted,26,3,28.575,115.675,Outside,block fold 0,108,1898.1400,1888.7252,9.4148
constant (global mean),spatial blocks,unweighted,26,4,28.575,115.925,Outside,block fold 4,23,1897.6600,1887.9228,9.7372
constant (global mean),spatial blocks,unweighted,26,5,28.575,116.175,Outside,block fold 4,4,1911.9900,1887.9228,24.0672
constant (global mean),spatial blocks,unweighted,26,6,28.575,116.425,Outside,block fold 4,9,1907.1800,1887.9228,19.2572
constant (global mean),spatial blocks,unweighted,26,7,28.575,116.675,Outside,block fold 4,97,1899.4100,1887.9228,11.4872
constant (global mean),spatial blocks,unweighted,26,8,28.575,116.925,Outside,block fold 2,149,1894.1600,1888.5892,5.5708
constant (global mean),spatial blocks,unweighted,26,9,28.575,117.175,Outside,block fold 2,81,1891.0400,1888.5892,2.4508
constant (global mean),spatial blocks,unweighted,26,10,28.575,117.425,Outside,block fold 2,94,1889.1000,1888.5892,0.5108
constant (global mean),spatial blocks,unweighted,26,11,28.575,117.675,Outside,block fold 2,49,1885.8300,1888.5892,-2.7592
constant (global mean),spatial blocks,unweighted,26,12,28.575,117.925,Outside,block fold 0,87,1892.4200,1888.7252,3.6948
constant (global mean),spatial blocks,unweighted,26,13,28.575,118.175,Outside,block fold 0,182,1892.8900,1888.7252,4.1648
constant (global mean),spatial blocks,unweighted,26,14,28.575,118.425,Zhejiang,block fold 0,197,1891.0100,1888.7252,2.2848
constant (global mean),spatial blocks,unweighted,26,15,28.575,118.675,Zhejiang,block fold 0,39,1889.3600,1888.7252,0.6348
constant (global mean),spatial blocks,unweighted,26,18,28.575,119.425,Zhejiang,block fold 1,2,1882.1700,1888.3125,-6.1425
constant (global mean),spatial blocks,unweighted,26,19,28.575,119.675,Zhejiang,block fold 1,2,1907.9700,1888.3125,19.6575
constant (global mean),spatial blocks,unweighted,26,20,28.575,119.925,Zhejiang,block fold 4,3,1884.3800,1887.9228,-3.5428
constant (global mean),spatial blocks,unweighted,26,21,28.575,120.175,Zhejiang,block fold 4,12,1897.5200,1887.9228,9.5972
constant (global mean),spatial blocks,unweighted,26,25,28.575,121.175,Zhejiang,block fold 4,18,1914.8700,1887.9228,26.9472
constant (global mean),spatial blocks,unweighted,26,26,28.575,121.425,Zhejiang,block fold 4,29,1900.5700,1887.9228,12.6472
constant (global mean),spatial blocks,unweighted,26,28,28.575,121.925,Outside,block fold 3,3,1894.1300,1889.2841,4.8459
constant (global mean),spatial blocks,unweighted,26,29,28.575,122.175,Outside,block fold 3,14,1862.5000,1889.2841,-26.7841
constant (global mean),spatial blocks,unweighted,26,30,28.575,122.425,Outside,block fold 3,18,1864.3600,1889.2841,-24.9241
constant (global mean),spatial blocks,unweighted,27,0,28.325,114.925,Outside,block fold 0,146,1896.2100,1888.7252,7.4848
constant (global mean),spatial blocks,unweighted,27,1,28.325,115.175,Outside,block fold 0,172,1897.0900,1888.7252,8.3648
constant (global mean),spatial blocks,unweighted,27,2,28.325,115.425,Outside,block fold 0,132,1902.0100,1888.7252,13.2848
constant (global mean),spatial blocks,unweighted,27,3,28.325,115.675,Outside,block fold 0,80,1905.4600,1888.7252,16.7348
constant (global mean),spatial blocks,unweighted,27,4,28.325,115.925,Outside,block fold 4,112,1902.3000,1887.9228,14.3772
constant (global mean),spatial blocks,unweighted,27,5,28.325,116.175,Outside,block fold 4,82,1901.3000,1887.9228,13.3772
constant (global mean),spatial blocks,unweighted,27,6,28.325,116.425,Outside,block fold 4,132,1899.0300,1887.9228,11.1072
constant (global mean),spatial blocks,unweighted,27,7,28.325,116.675,Outside,block fold 4,154,1895.7500,1887.9228,7.8272
constant (global mean),spatial blocks,unweighted,27,8,28.325,116.925,Outside,block fold 2,163,1892.6200,1888.5892,4.0308
constant (global mean),spatial blocks,unweighted,27,9,28.325,117.175,Outside,block fold 2,128,1891.0100,1888.5892,2.4208
constant (global mean),spatial blocks,unweighted,27,10,28.325,117.425,Outside,block fold 2,126,1890.6500,1888.5892,2.0608
constant (global mean),spatial blocks,unweighted,27,11,28.325,117.675,Outside,block fold 2,125,1894.3300,1888.5892,5.7408
constant (global mean),spatial blocks,unweighted,27,12,28.325,117.925,Outside,block fold 0,58,1892.5600,1888.7252,3.8348
constant (global mean),spatial blocks,unweighted,27,13,28.325,118.175,Outside,block fold 0,126,1894.5500,1888.7252,5.8248
constant (global mean),spatial blocks,unweighted,27,14,28.325,118.425,Zhejiang,block fold 0,13,1899.5600,1888.7252,10.8348
constant (global mean),spatial blocks,unweighted,27,18,28.325,119.425,Zhejiang,block fold 1,2,1891.5600,1888.3125,3.2475
constant (global mean),spatial blocks,unweighted,27,19,28.325,119.675,Zhejiang,block fold 1,9,1889.8200,1888.3125,1.5075
constant (global mean),spatial blocks,unweighted,27,20,28.325,119.925,Zhejiang,block fold 4,14,1886.6000,1887.9228,-1.3228
constant (global mean),spatial blocks,unweighted,27,26,28.325,121.425,Zhejiang,block fold 4,15,1907.2100,1887.9228,19.2872
constant (global mean),spatial blocks,unweighted,27,28,28.325,121.925,Outside,block fold 3,9,1870.2500,1889.2841,-19.0341
constant (global mean),spatial blocks,unweighted,27,29,28.325,122.175,Outside,block fold 3,12,1853.9200,1889.2841,-35.3641
constant (global mean),spatial blocks,unweighted,27,30,28.325,122.425,Outside,block fold 3,12,1855.4700,1889.2841,-33.8141
constant (global mean),spatial blocks,unweighted,28,0,28.075,114.925,Outside,block fold 4,112,1902.0800,1887.9228,14.1572
constant (global mean),spatial blocks,unweighted,28,1,28.075,115.175,Outside,block fold 4,197,1900.4200,1887.9228,12.4972
constant (global mean),spatial blocks,unweighted,28,2,28.075,115.425,Outside,block fold 4,134,1906.0100,1887.9228,18.0872
constant (global mean),spatial blocks,unweighted,28,3,28.075,115.675,Outside,block fold 4,182,1909.8600,1887.9228,21.9372
constant (global mean),spatial blocks,unweighted,28,4,28.075,115.925,Outside,block fold 1,167,1903.8300,1888.3125,15.5175
constant (global mean),spatial blocks,unweighted,28,5,28.075,116.175,Outside,block fold 1,148,1903.3800,1888.3125,15.0675
constant (global mean),spatial blocks,unweighted,28,6,28.075,116.425,Outside,block fold 1,153,1899.1600,1888.3125,10.8475
constant (global mean),spatial blocks,unweighted,28,7,28.075,116.675,Outside,block fold 1,168,1894.9400,1888.3125,6.6275
constant (global mean),spatial blocks,unweighted,28,8,28.075,116.925,Outside,block fold 1,147,1892.2500,1888.3125,3.9375
constant (global mean),spatial blocks,unweighted,28,9,28.075,117.175,Outside,block fold 1,71,1893.7600,1888.3125,5.4475
constant (global mean),spatial blocks,unweighted,28,10,28.075,117.425,Outside,block fold 1,9,1885.6500,1888.3125,-2.6625
constant (global mean),spatial blocks,unweighted,28,11,28.075,117.675,Outside,block fold 1,18,1896.9000,1888.3125,8.5875
constant (global mean),spatial blocks,unweighted,28,12,28.075,117.925,Outside,block fold 1,10,1892.0900,1888.3125,3.7775
constant (global mean),spatial blocks,unweighted,28,14,28.075,118.425,Outside,block fold 1,13,1888.0600,1888.3125,-0.2525
constant (global mean),spatial blocks,unweighted,28,23,28.075,120.675,Zhejiang,block fold 3,1,1920.5300,1889.2841,31.2459
constant (global mean),spatial blocks,unweighted,28,26,28.075,121.425,Zhejiang,block fold 3,6,1868.1300,1889.2841,-21.1541
constant (global mean),spatial blocks,unweighted,28,27,28.075,121.675,Outside,block fold 3,27,1871.9000,1889.2841,-17.3841
constant (global mean),spatial blocks,unweighted,28,28,28.075,121.925,Outside,block fold 2,26,1870.8700,1888.5892,-17.7192
constant (global mean),spatial blocks,unweighted,28,29,28.075,122.175,Outside,block fold 2,12,1853.7900,1888.5892,-34.7992
constant (global mean),spatial blocks,unweighted,28,30,28.075,122.425,Outside,block fold 2,8,1881.8800,1888.5892,-6.7092
constant (global mean),spatial blocks,unweighted,29,0,27.825,114.925,Outside,block fold 4,145,1903.7600,1887.9228,15.8372
constant (global mean),spatial blocks,unweighted,29,1,27.825,115.175,Outside,block fold 4,190,1902.3600,1887.9228,14.4372
constant (global mean),spatial blocks,unweighted,29,2,27.825,115.425,Outside,block fold 4,107,1910.0400,1887.9228,22.1172
constant (global mean),spatial blocks,unweighted,29,3,27.825,115.675,Outside,block fold 4,31,1899.6500,1887.9228,11.7272
constant (global mean),spatial blocks,unweighted,29,4,27.825,115.925,Outside,block fold 1,107,1896.5200,1888.3125,8.2075
constant (global mean),spatial blocks,unweighted,29,5,27.825,116.175,Outside,block fold 1,156,1900.3700,1888.3125,12.0575
constant (global mean),spatial blocks,unweighted,29,6,27.825,116.425,Outside,block fold 1,132,1897.9900,1888.3125,9.6775
constant (global mean),spatial blocks,unweighted,29,7,27.825,116.675,Outside,block fold 1,164,1898.7300,1888.3125,10.4175
constant (global mean),spatial blocks,unweighted,29,8,27.825,116.925,Outside,block fold 1,41,1894.3500,1888.3125,6.0375
constant (global mean),spatial blocks,unweighted,29,9,27.825,117.175,Outside,block fold 1,1,1845.7700,1888.3125,-42.5425
constant (global mean),spatial blocks,unweighted,29,12,27.825,117.925,Outside,block fold 1,2,1926.7100,1888.3125,38.3975
constant (global mean),spatial blocks,unweighted,29,14,27.825,118.425,Outside,block fold 1,5,1894.9600,1888.3125,6.6475
constant (global mean),spatial blocks,unweighted,29,15,27.825,118.675,Zhejiang,block fold 1,12,1887.2800,1888.3125,-1.0325
constant (global mean),spatial blocks,unweighted,29,20,27.825,119.925,Zhejiang,block fold 3,8,1893.5100,1889.2841,4.2259
constant (global mean),spatial blocks,unweighted,29,22,27.825,120.425,Zhejiang,block fold 3,6,1903.9500,1889.2841,14.6659
constant (global mean),spatial blocks,unweighted,29,23,27.825,120.675,Zhejiang,block fold 3,4,1906.8600,1889.2841,17.5759
constant (global mean),spatial blocks,unweighted,29,25,27.825,121.175,Zhejiang,block fold 3,4,1860.2200,1889.2841,-29.0641
constant (global mean),spatial blocks,unweighted,29,26,27.825,121.425,Outside,block fold 3,28,1860.2500,1889.2841,-29.0341
constant (global mean),spatial blocks,unweighted,29,27,27.825,121.675,Outside,block fold 3,33,1869.7800,1889.2841,-19.5041
constant (global mean),spatial blocks,unweighted,29,28,27.825,121.925,Outside,block fold 2,19,1872.1300,1888.5892,-16.4592
constant (global mean),spatial blocks,unweighted,29,29,27.825,122.175,Outside,block fold 2,17,1863.1400,1888.5892,-25.4492
constant (global mean),spatial blocks,unweighted,29,30,27.825,122.425,Outside,block fold 2,21,1871.1800,1888.5892,-17.4092
constant (global mean),spatial blocks,unweighted,30,0,27.575,114.925,Outside,block fold 4,165,1899.9100,1887.9228,11.9872
constant (global mean),spatial blocks,unweighted,30,1,27.575,115.175,Outside,block fold 4,129,1901.7900,1887.9228,13.8672
constant (global mean),spatial blocks,unweighted,30,2,27.575,115.425,Outside,block fold 4,105,1902.9000,1887.9228,14.9772
constant (global mean),spatial blocks,unweighted,30,3,27.575,115.675,Outside,block fold 4,94,1897.2100,1887.9228,9.2872
constant (global mean),spatial blocks,unweighted,30,4,27.575,115.925,Outside,block fold 1,54,1895.2500,1888.3125,6.9375
constant (global mean),spatial blocks,unweighted,30,5,27.575,116.175,Outside,block fold 1,102,1897.5100,1888.3125,9.1975
constant (global mean),spatial blocks,unweighted,30,6,27.575,116.425,Outside,block fold 1,30,1897.8400,1888.3125,9.5275
constant (global mean),spatial blocks,unweighted,30,7,27.575,116.675,Outside,block fold 1,87,1897.7400,1888.3125,9.4275
constant (global mean),spatial blocks,unweighted,30,8,27.575,116.925,Outside,block fold 1,15,1888.4600,1888.3125,0.1475
constant (global mean),spatial blocks,unweighted,30,9,27.575,117.175,Outside,block fold 1,18,1891.1200,1888.3125,2.8075
constant (global mean),spatial blocks,unweighted,30,10,27.575,117.425,Outside,block fold 1,10,1889.6100,1888.3125,1.2975
constant (global mean),spatial blocks,unweighted,30,12,27.575,117.925,Outside,block fold 1,40,1894.8100,1888.3125,6.4975
constant (global mean),spatial blocks,unweighted,30,13,27.575,118.175,Outside,block fold 1,24,1892.3900,1888.3125,4.0775
constant (global mean),spatial blocks,unweighted,30,15,27.575,118.675,Outside,block fold 1,20,1889.9100,1888.3125,1.5975
constant (global mean),spatial blocks,unweighted,30,22,27.575,120.425,Zhejiang,block fold 3,23,1894.4900,1889.2841,5.2059
constant (global mean),spatial blocks,unweighted,30,23,27.575,120.675,Zhejiang,block fold 3,1,1842.7500,1889.2841,-46.5341
constant (global mean),spatial blocks,unweighted,30,24,27.575,120.925,Zhejiang,block fold 3,5,1858.9700,1889.2841,-30.3141
constant (global mean),spatial blocks,unweighted,30,25,27.575,121.175,Zhejiang,block fold 3,12,1862.3300,1889.2841,-26.9541
constant (global mean),spatial blocks,unweighted,30,26,27.575,121.425,Outside,block fold 3,43,1861.0500,1889.2841,-28.2341
constant (global mean),spatial blocks,unweighted,30,27,27.575,121.675,Outside,block fold 3,32,1862.5600,1889.2841,-26.7241
constant (global mean),spatial blocks,unweighted,30,28,27.575,121.925,Outside,block fold 2,14,1868.3300,1888.5892,-20.2592
constant (global mean),spatial blocks,unweighted,30,29,27.575,122.175,Outside,block fold 2,18,1873.3900,1888.5892,-15.1992
constant (global mean),spatial blocks,unweighted,30,30,27.575,122.425,Outside,block fold 2,18,1877.8000,1888.5892,-10.7892
constant (global mean),spatial blocks,unweighted,31,0,27.325,114.925,Outside,block fold 4,153,1899.7200,1887.9228,11.7972
constant (global mean),spatial blocks,unweighted,31,1,27.325,115.175,Outside,block fold 4,71,1904.7700,1887.9228,16.8472
constant (global mean),spatial blocks,unweighted,31,2,27.325,115.425,Outside,block fold 4,164,1896.1200,1887.9228,8.1972
constant (global mean),spatial blocks,unweighted,31,3,27.325,115.675,Outside,block fold 4,145,1898.8800,1887.9228,10.9572
constant (global mean),spatial blocks,unweighted,31,4,27.325,115.925,Outside,block fold 1,49,1894.4600,1888.3125,6.1475
constant (global mean),spatial blocks,unweighted,31,5,27.325,116.175,Outside,block fold 1,10,1891.0200,1888.3125,2.7075
constant (global mean),spatial blocks,unweighted,31,6,27.325,116.425,Outside,block fold 1,29,1898.1500,1888.3125,9.8375
constant (global mean),spatial blocks,unweighted,31,7,27.325,116.675,Outside,block fold 1,118,1901.4500,1888.3125,13.1375
constant (global mean),spatial blocks,unweighted,31,8,27.325,116.925,Outside,block fold 1,89,1886.3400,1888.3125,-1.9725
constant (global mean),spatial blocks,unweighted,31,9,27.325,117.175,Outside,block fold 1,8,1886.2500,1888.3125,-2.0625
constant (global mean),spatial blocks,unweighted,31,10,27.325,117.425,Outside,block fold 1,26,1902.8100,1888.3125,14.4975
constant (global mean),spatial blocks,unweighted,31,11,27.325,117.675,Outside,block fold 1,7,1907.0100,1888.3125,18.6975
constant (global mean),spatial blocks,unweighted,31,12,27.325,117.925,Outside,block fold 1,67,1900.9300,1888.3125,12.6175
constant (global mean),spatial blocks,unweighted,31,13,27.325,118.175,Outside,block fold 1,82,1897.5000,1888.3125,9.1875
constant (global mean),spatial blocks,unweighted,31,14,27.325,118.425,Outside,block fold 1,2,1913.8900,1888.3125,25.5775
constant (global mean),spatial blocks,unweighted,31,16,27.325,118.925,Outside,block fold 0,3,1850.8900,1888.7252,-37.8352
constant (global mean),spatial blocks,unweighted,31,17,27.325,119.175,Zhejiang,block fold 0,26,1890.6800,1888.7252,1.9548
constant (global mean),spatial blocks,unweighted,31,21,27.325,120.175,Zhejiang,block fold 3,1,1876.7900,1889.2841,-12.4941
constant (global mean),spatial blocks,unweighted,31,22,27.325,120.425,Zhejiang,block fold 3,2,1880.8000,1889.2841,-8.4841
constant (global mean),spatial blocks,unweighted,31,23,27.325,120.675,Zhejiang,block fold 3,8,1858.8900,1889.2841,-30.3941
constant (global mean),spatial blocks,unweighted,31,24,27.325,120.925,Outside,block fold 3,27,1853.0300,1889.2841,-36.2541
constant (global mean),spatial blocks,unweighted,31,25,27.325,121.175,Zhejiang,block fold 3,37,1861.4300,1889.2841,-27.8541
constant (global mean),spatial blocks,unweighted,31,26,27.325,121.425,Outside,block fold 3,38,1858.6000,1889.2841,-30.6841
constant (global mean),spatial blocks,unweighted,31,27,27.325,121.675,Outside,block fold 3,21,1864.1900,1889.2841,-25.0941
constant (global mean),spatial blocks,unweighted,31,28,27.325,121.925,Outside,block fold 2,25,1867.2200,1888.5892,-21.3692
constant (global mean),spatial blocks,unweighted,31,29,27.325,122.175,Outside,block fold 2,15,1876.3400,1888.5892,-12.2492
constant (global mean),spatial blocks,unweighted,31,30,27.325,122.425,Outside,block fold 2,4,1878.0200,1888.5892,-10.5692
constant (global mean),spatial blocks,unweighted,32,0,27.075,114.925,Outside,block fold 2,131,1905.6700,1888.5892,17.0808
constant (global mean),spatial blocks,unweighted,32,1,27.075,115.175,Outside,block fold 2,49,1903.0100,1888.5892,14.4208
constant (global mean),spatial blocks,unweighted,32,2,27.075,115.425,Outside,block fold 2,136,1898.7400,1888.5892,10.1508
constant (global mean),spatial blocks,unweighted,32,3,27.075,115.675,Outside,block fold 2,59,1897.8900,1888.5892,9.3008
constant (global mean),spatial blocks,unweighted,32,4,27.075,115.925,Outside,block fold 3,2,1890.9300,1889.2841,1.6459
constant (global mean),spatial blocks,unweighted,32,5,27.075,116.175,Outside,block fold 3,10,1901.4200,1889.2841,12.1359
constant (global mean),spatial blocks,unweighted,32,6,27.075,116.425,Outside,block fold 3,67,1896.5900,1889.2841,7.3059
constant (global mean),spatial blocks,unweighted,32,7,27.075,116.675,Outside,block fold 3,100,1899.0300,1889.2841,9.7459
constant (global mean),spatial blocks,unweighted,32,8,27.075,116.925,Outside,block fold 4,21,1891.1100,1887.9228,3.1872
constant (global mean),spatial blocks,unweighted,32,9,27.075,117.175,Outside,block fold 4,18,1895.2100,1887.9228,7.2872
constant (global mean),spatial blocks,unweighted,32,10,27.075,117.425,Outside,block fold 4,8,1883.5900,1887.9228,-4.3328
constant (global mean),spatial blocks,unweighted,32,11,27.075,117.675,Outside,block fold 4,16,1888.8800,1887.9228,0.9572
constant (global mean),spatial blocks,unweighted,32,12,27.075,117.925,Outside,block fold 4,6,1894.9500,1887.9228,7.0272
constant (global mean),spatial blocks,unweighted,32,13,27.075,118.175,Outside,block fold 4,25,1886.9000,1887.9228,-1.0228
constant (global mean),spatial blocks,unweighted,32,14,27.075,118.425,Outside,block fold 4,24,1906.2400,1887.9228,18.3172
constant (global mean),spatial blocks,unweighted,32,15,27.075,118.675,Outside,block fold 4,7,1883.8900,1887.9228,-4.0328
constant (global mean),spatial blocks,unweighted,32,16,27.075,118.925,Outside,block fold 4,6,1867.1800,1887.9228,-20.7428
constant (global mean),spatial blocks,unweighted,32,17,27.075,119.175,Outside,block fold 4,3,1890.5800,1887.9228,2.6572
constant (global mean),spatial blocks,unweighted,32,22,27.075,120.425,Zhejiang,block fold 1,7,1859.2900,1888.3125,-29.0225
constant (global mean),spatial blocks,unweighted,32,23,27.075,120.675,Outside,block fold 1,19,1875.8200,1888.3125,-12.4925
constant (global mean),spatial blocks,unweighted,32,24,27.075,120.925,Outside,block fold 1,21,1852.1700,1888.3125,-36.1425
constant (global mean),spatial blocks,unweighted,32,25,27.075,121.175,Outside,block fold 1,29,1859.0900,1888.3125,-29.2225
constant (global mean),spatial blocks,unweighted,32,26,27.075,121.425,Outside,block fold 1,33,1861.6400,1888.3125,-26.6725
constant (global mean),spatial blocks,unweighted,32,27,27.075,121.675,Outside,block fold 1,29,1862.2500,1888.3125,-26.0625
constant (global mean),spatial blocks,unweighted,32,28,27.075,121.925,Outside,block fold 3,11,1863.7900,1889.2841,-25.4941
constant (global mean),spatial blocks,unweighted,32,29,27.075,122.175,Outside,block fold 3,1,1849.4100,1889.2841,-39.8741
constant (global mean),spatial blocks,unweighted,32,30,27.075,122.425,Outside,block fold 3,2,1863.2100,1889.2841,-26.0741
OLS impervious_fraction,spatial blocks,unweighted,0,0,35.075,114.925,Outside,block fold 0,104,1900.5400,1887.5262,13.0138
OLS impervious_fraction,spatial blocks,unweighted,0,1,35.075,115.175,Outside,block fold 0,330,1895.6300,1889.9966,5.6334
OLS impervious_fraction,spatial blocks,unweighted,0,2,35.075,115.425,Outside,block fold 0,340,1894.5000,1890.2656,4.2344
OLS impervious_fraction,spatial blocks,unweighted,0,3,35.075,115.675,Outside,block fold 0,375,1894.5500,1889.7881,4.7619
OLS impervious_fraction,spatial blocks,unweighted,0,4,35.075,115.925,Outside,block fold 0,384,1893.5300,1888.6322,4.8978
OLS impervious_fraction,spatial blocks,unweighted,0,5,35.075,116.175,Outside,block fold 0,398,1891.9800,1889.8542,2.1258
OLS impervious_fraction,spatial blocks,unweighted,0,6,35.075,116.425,Outside,block fold 0,352,1892.8100,1889.7271,3.0829
OLS impervious_fraction,spatial blocks,unweighted,0,7,35.075,116.675,Outside,block fold 0,116,1891.2500,1888.7168,2.5332
OLS impervious_fraction,spatial blocks,unweighted,0,8,35.075,116.925,Jiangsu,block fold 0,164,1891.8100,1889.5314,2.2786
OLS impervious_fraction,spatial blocks,unweighted,0,9,35.075,117.175,Outside,block fold 0,293,1889.4400,1894.5601,-5.1201
OLS impervious_fraction,spatial blocks,unweighted,0,10,35.075,117.425,Outside,block fold 0,336,1886.3600,1888.2204,-1.8604
OLS impervious_fraction,spatial blocks,unweighted,0,11,35.075,117.675,Outside,block fold 0,298,1884.7300,1886.8187,-2.0887
OLS impervious_fraction,spatial blocks,unweighted,0,12,35.075,117.925,Outside,block fold 3,277,1887.0500,1888.1827,-1.1327
OLS impervious_fraction,spatial blocks,unweighted,0,13,35.075,118.175,Outside,block fold 3,310,1888.6800,1909.2244,-20.5444
OLS impervious_fraction,spatial blocks,unweighted,0,14,35.075,118.425,Outside,block fold 3,154,1887.7400,1911.1681,-23.4281
OLS impervious_fraction,spatial blocks,unweighted,0,15,35.075,118.675,Outside,block fold 3,379,1885.8000,1892.5436,-6.7436
OLS impervious_fraction,spatial blocks,unweighted,0,16,35.075,118.925,Jiangsu,block fold 1,304,1886.3500,1890.0335,-3.6835
OLS impervious_fraction,spatial blocks,unweighted,0,17,35.075,119.175,Jiangsu,block fold 1,133,1887.9300,1893.2466,-5.3166
OLS impervious_fraction,spatial blocks,unweighted,0,18,35.075,119.425,Outside,block fold 1,3,1872.9300,1888.4023,-15.4723
OLS impervious_fraction,spatial blocks,unweighted,0,19,35.075,119.675,Outside,block fold 1,38,1876.2000,1884.1067,-7.9067
OLS impervious_fraction,spatial blocks,unweighted,0,20,35.075,119.925,Outside,block fold 0,53,1876.7100,1885.2793,-8.5693
OLS impervious_fraction,spatial blocks,unweighted,0,21,35.075,120.175,Outside,block fold 0,46,1871.1700,1885.2793,-14.1093
OLS impervious_fraction,spatial blocks,unweighted,0,22,35.075,120.425,Outside,block fold 0,46,1877.8000,1885.2793,-7.4793
OLS impervious_fraction,spatial blocks,unweighted,0,23,35.075,120.675,Outside,block fold 0,56,1881.8500,1885.2793,-3.4293
OLS impervious_fraction,spatial blocks,unweighted,0,24,35.075,120.925,Outside,block fold 2,40,1877.2700,1884.5156,-7.2456
OLS impervious_fraction,spatial blocks,unweighted,0,25,35.075,121.175,Outside,block fold 2,41,1871.2800,1884.5156,-13.2356
OLS impervious_fraction,spatial blocks,unweighted,0,26,35.075,121.425,Outside,block fold 2,48,1868.3000,1884.5156,-16.2156
OLS impervious_fraction,spatial blocks,unweighted,0,27,35.075,121.675,Outside,block fold 2,58,1861.6800,1884.5156,-22.8356
OLS impervious_fraction,spatial blocks,unweighted,0,28,35.075,121.925,Outside,block fold 0,64,1856.1900,1885.2793,-29.0893
OLS impervious_fraction,spatial blocks,unweighted,0,29,35.075,122.175,Outside,block fold 0,57,1856.5400,1885.2793,-28.7393
OLS impervious_fraction,spatial blocks,unweighted,0,30,35.075,122.425,Outside,block fold 0,44,1860.6400,1885.2793,-24.6393
OLS impervious_fraction,spatial blocks,unweighted,1,0,34.825,114.925,Outside,block fold 0,268,1895.4200,1889.7134,5.7066
OLS impervious_fraction,spatial blocks,unweighted,1,1,34.825,115.175,Outside,block fold 0,325,1895.4500,1887.2361,8.2139
OLS impervious_fraction,spatial blocks,unweighted,1,2,34.825,115.425,Outside,block fold 0,280,1895.9100,1888.9644,6.9456
OLS impervious_fraction,spatial blocks,unweighted,1,3,34.825,115.675,Outside,block fold 0,370,1896.1100,1888.6264,7.4836
OLS impervious_fraction,spatial blocks,unweighted,1,4,34.825,115.925,Outside,block fold 0,362,1894.6400,1887.8546,6.7854
OLS impervious_fraction,spatial blocks,unweighted,1,5,34.825,116.175,Outside,block fold 0,368,1895.6400,1889.7207,5.9193
OLS impervious_fraction,spatial blocks,unweighted,1,6,34.825,116.425,Jiangsu,block fold 0,410,1893.8500,1887.9711,5.8789
OLS impervious_fraction,spatial blocks,unweighted,1,7,34.825,116.675,Jiangsu,block fold 0,354,1892.1300,1890.0133,2.1167
OLS impervious_fraction,spatial blocks,unweighted,1,8,34.825,116.925,Jiangsu,block fold 0,169,1890.6800,1892.2119,-1.5319
OLS impervious_fraction,spatial blocks,unweighted,1,9,34.825,117.175,Jiangsu,block fold 0,205,1891.9700,1892.6369,-0.6669
OLS impervious_fraction,spatial blocks,unweighted,1,10,34.825,117.425,Outside,block fold 0,332,1888.7900,1893.0714,-4.2814
OLS impervious_fraction,spatial blocks,unweighted,1,11,34.825,117.675,Outside,block fold 0,323,1894.1200,1894.1578,-0.0378
OLS impervious_fraction,spatial blocks,unweighted,1,12,34.825,117.925,Outside,block fold 3,342,1887.2700,1898.7984,-11.5284
OLS impervious_fraction,spatial blocks,unweighted,1,13,34.825,118.175,Outside,block fold 3,372,1889.8000,1897.1574,-7.3574
OLS impervious_fraction,spatial blocks,unweighted,1,14,34.825,118.425,Jiangsu,block fold 3,287,1890.0700,1893.9927,-3.9227
OLS impervious_fraction,spatial blocks,unweighted,1,15,34.825,118.675,Jiangsu,block fold 3,235,1887.8100,1892.9098,-5.0998
OLS impervious_fraction,spatial blocks,unweighted,1,16,34.825,118.925,Jiangsu,block fold 1,161,1888.0700,1889.9975,-1.9275
OLS impervious_fraction,spatial blocks,unweighted,1,17,34.825,119.175,Jiangsu,block fold 1,39,1893.1800,1891.2977,1.8823
OLS impervious_fraction,spatial blocks,unweighted,1,18,34.825,119.425,Jiangsu,block fold 1,2,1872.8600,1887.0684,-14.2084
OLS impervious_fraction,spatial blocks,unweighted,1,19,34.825,119.675,Outside,block fold 1,29,1873.3800,1884.1067,-10.7267
OLS impervious_fraction,spatial blocks,unweighted,1,20,34.825,119.925,Outside,block fold 0,44,1870.6000,1885.2793,-14.6793
OLS impervious_fraction,spatial blocks,unweighted,1,21,34.825,120.175,Outside,block fold 0,51,1873.9700,1885.2793,-11.3093
OLS impervious_fraction,spatial blocks,unweighted,1,22,34.825,120.425,Outside,block fold 0,46,1869.1900,1885.2793,-16.0893
OLS impervious_fraction,spatial blocks,unweighted,1,23,34.825,120.675,Outside,block fold 0,53,1879.7000,1885.2793,-5.5793
OLS impervious_fraction,spatial blocks,unweighted,1,24,34.825,120.925,Outside,block fold 2,45,1867.9400,1884.5156,-16.5756
OLS impervious_fraction,spatial blocks,unweighted,1,25,34.825,121.175,Outside,block fold 2,37,1866.6300,1884.5156,-17.8856
OLS impervious_fraction,spatial blocks,unweighted,1,26,34.825,121.425,Outside,block fold 2,40,1862.4200,1884.5156,-22.0956
OLS impervious_fraction,spatial blocks,unweighted,1,27,34.825,121.675,Outside,block fold 2,53,1856.3500,1884.5156,-28.1656
OLS impervious_fraction,spatial blocks,unweighted,1,28,34.825,121.925,Outside,block fold 0,49,1853.0900,1885.2793,-32.1893
OLS impervious_fraction,spatial blocks,unweighted,1,29,34.825,122.175,Outside,block fold 0,57,1852.7300,1885.2793,-32.5493
OLS impervious_fraction,spatial blocks,unweighted,1,30,34.825,122.425,Outside,block fold 0,52,1858.8400,1885.2793,-26.4393
OLS impervious_fraction,spatial blocks,unweighted,2,0,34.575,114.925,Outside,block fold 0,332,1896.3700,1887.3951,8.9749
OLS impervious_fraction,spatial blocks,unweighted,2,1,34.575,115.175,Outside,block fold 0,246,1896.4900,1889.9739,6.5161
OLS impervious_fraction,spatial blocks,unweighted,2,2,34.575,115.425,Outside,block fold 0,211,1898.4600,1888.0122,10.4478
OLS impervious_fraction,spatial blocks,unweighted,2,3,34.575,115.675,Outside,block fold 0,296,1895.4100,1889.0364,6.3736
OLS impervious_fraction,spatial blocks,unweighted,2,4,34.575,115.925,Outside,block fold 0,254,1898.2800,1886.9980,11.2820
OLS impervious_fraction,spatial blocks,unweighted,2,5,34.575,116.175,Anhui,block fold 0,365,1894.2700,1887.1304,7.1396
OLS impervious_fraction,spatial blocks,unweighted,2,6,34.575,116.425,Anhui,block fold 0,381,1891.3100,1887.8200,3.4900
OLS impervious_fraction,spatial blocks,unweighted,2,7,34.575,116.675,Jiangsu,block fold 0,347,1889.5900,1890.2753,-0.6853
OLS impervious_fraction,spatial blocks,unweighted,2,8,34.575,116.925,Jiangsu,block fold 0,340,1892.6300,1889.7898,2.8402
OLS impervious_fraction,spatial blocks,unweighted,2,9,34.575,117.175,Jiangsu,block fold 0,81,1892.7200,1886.9053,5.8147
OLS impervious_fraction,spatial blocks,unweighted,2,10,34.575,117.425,Jiangsu,block fold 0,187,1891.9500,1890.3942,1.5558
OLS impervious_fraction,spatial blocks,unweighted,2,11,34.575,117.675,Jiangsu,block fold 0,381,1890.6000,1890.7496,-0.1496
OLS impervious_fraction,spatial blocks,unweighted,2,12,34.575,117.925,Jiangsu,block fold 3,402,1889.4800,1890.4472,-0.9672
OLS impervious_fraction,spatial blocks,unweighted,2,13,34.575,118.175,Jiangsu,block fold 3,367,1884.4700,1892.6263,-8.1563
OLS impervious_fraction,spatial blocks,unweighted,2,14,34.575,118.425,Jiangsu,block fold 3,310,1889.7000,1893.1547,-3.4547
OLS impervious_fraction,spatial blocks,unweighted,2,15,34.575,118.675,Jiangsu,block fold 3,231,1889.8700,1892.2246,-2.3546
OLS impervious_fraction,spatial blocks,unweighted,2,16,34.575,118.925,Jiangsu,block fold 1,297,1884.8600,1888.1377,-3.2777
OLS impervious_fraction,spatial blocks,unweighted,2,17,34.575,119.175,Jiangsu,block fold 1,224,1887.9300,1895.6112,-7.6812
OLS impervious_fraction,spatial blocks,unweighted,2,18,34.575,119.425,Jiangsu,block fold 1,55,1886.6400,1888.8572,-2.2172
OLS impervious_fraction,spatial blocks,unweighted,2,19,34.575,119.675,Jiangsu,block fold 1,2,1871.1500,1885.8641,-14.7141
OLS impervious_fraction,spatial blocks,unweighted,2,20,34.575,119.925,Jiangsu,block fold 0,14,1874.8700,1885.3218,-10.4518
OLS impervious_fraction,spatial blocks,unweighted,2,21,34.575,120.175,Outside,block fold 0,18,1877.4800,1885.2793,-7.7993
OLS impervious_fraction,spatial blocks,unweighted,2,22,34.575,120.425,Outside,block fold 0,32,1871.5600,1885.2793,-13.7193
OLS impervious_fraction,spatial blocks,unweighted,2,23,34.575,120.675,Outside,block fold 0,32,1863.8800,1885.2793,-21.3993
OLS impervious_fraction,spatial blocks,unweighted,2,24,34.575,120.925,Outside,block fold 2,30,1861.7200,1884.5156,-22.7956
OLS impervious_fraction,spatial blocks,unweighted,2,25,34.575,121.175,Outside,block fold 2,16,1860.6500,1884.5156,-23.8656
OLS impervious_fraction,spatial blocks,unweighted,2,26,34.575,121.425,Outside,block fold 2,24,1860.7800,1884.5156,-23.7356
OLS impervious_fraction,spatial blocks,unweighted,2,27,34.575,121.675,Outside,block fold 2,42,1851.8600,1884.5156,-32.6556
OLS impervious_fraction,spatial blocks,unweighted,2,28,34.575,121.925,Outside,block fold 0,49,1851.8900,1885.2793,-33.3893
OLS impervious_fraction,spatial blocks,unweighted,2,29,34.575,122.175,Outside,block fold 0,56,1853.6900,1885.2793,-31.5893
OLS impervious_fraction,spatial blocks,unweighted,2,30,34.575,122.425,Outside,block fold 0,49,1857.2900,1885.2793,-27.9893
OLS impervious_fraction,spatial blocks,unweighted,3,0,34.325,114.925,Outside,block fold 0,304,1899.0600,1888.5714,10.4886
OLS impervious_fraction,spatial blocks,unweighted,3,1,34.325,115.175,Outside,block fold 0,308,1897.8800,1889.7932,8.0868
OLS impervious_fraction,spatial blocks,unweighted,3,2,34.325,115.425,Outside,block fold 0,343,1897.7200,1888.8215,8.8985
OLS impervious_fraction,spatial blocks,unweighted,3,3,34.325,115.675,Outside,block fold 0,295,1899.7300,1894.5985,5.1315
OLS impervious_fraction,spatial blocks,unweighted,3,4,34.325,115.925,Outside,block fold 0,351,1895.9900,1889.6520,6.3380
OLS impervious_fraction,spatial blocks,unweighted,3,5,34.325,116.175,Anhui,block fold 0,349,1897.2500,1890.5617,6.6883
OLS impervious_fraction,spatial blocks,unweighted,3,6,34.325,116.425,Anhui,block fold 0,382,1893.8900,1890.7692,3.1208
OLS impervious_fraction,spatial blocks,unweighted,3,7,34.325,116.675,Anhui,block fold 0,400,1892.2900,1890.0410,2.2490
OLS impervious_fraction,spatial blocks,unweighted,3,8,34.325,116.925,Anhui,block fold 0,366,1895.1400,1891.3736,3.7664
OLS impervious_fraction,spatial blocks,unweighted,3,9,34.325,117.175,Jiangsu,block fold 0,151,1892.1100,1902.0595,-9.9495
OLS impervious_fraction,spatial blocks,unweighted,3,10,34.325,117.425,Jiangsu,block fold 0,249,1891.0100,1894.5876,-3.5776
OLS impervious_fraction,spatial blocks,unweighted,3,11,34.325,117.675,Jiangsu,block fold 0,372,1889.7400,1891.5688,-1.8288
OLS impervious_fraction,spatial blocks,unweighted,3,12,34.325,117.925,Jiangsu,block fold 3,271,1890.0300,1898.4537,-8.4237
OLS impervious_fraction,spatial blocks,unweighted,3,13,34.325,118.175,Jiangsu,block fold 3,241,1890.3600,1892.4572,-2.0972
OLS impervious_fraction,spatial blocks,unweighted,3,14,34.325,118.425,Jiangsu,block fold 3,283,1892.2100,1894.3161,-2.1061
OLS impervious_fraction,spatial blocks,unweighted,3,15,34.325,118.675,Jiangsu,block fold 3,241,1890.1100,1891.2705,-1.1605
OLS impervious_fraction,spatial blocks,unweighted,3,16,34.325,118.925,Jiangsu,block fold 1,326,1884.8300,1888.6911,-3.8611
OLS impervious_fraction,spatial blocks,unweighted,3,17,34.325,119.175,Jiangsu,block fold 1,293,1887.3300,1891.3139,-3.9839
OLS impervious_fraction,spatial blocks,unweighted,3,18,34.325,119.425,Jiangsu,block fold 1,253,1887.4500,1888.9241,-1.4741
OLS impervious_fraction,spatial blocks,unweighted,3,19,34.325,119.675,Jiangsu,block fold 1,126,1892.1200,1891.0096,1.1104
OLS impervious_fraction,spatial blocks,unweighted,3,20,34.325,119.925,Jiangsu,block fold 0,71,1889.3400,1887.9643,1.3757
OLS impervious_fraction,spatial blocks,unweighted,3,21,34.325,120.175,Jiangsu,block fold 0,12,1894.7000,1887.3377,7.3623
OLS impervious_fraction,spatial blocks,unweighted,3,22,34.325,120.425,Outside,block fold 0,10,1875.9200,1885.2793,-9.3593
OLS impervious_fraction,spatial blocks,unweighted,3,23,34.325,120.675,Outside,block fold 0,23,1860.2200,1885.2793,-25.0593
OLS impervious_fraction,spatial blocks,unweighted,3,24,34.325,120.925,Outside,block fold 2,14,1862.2300,1884.5156,-22.2856
OLS impervious_fraction,spatial blocks,unweighted,3,25,34.325,121.175,Outside,block fold 2,16,1859.6400,1884.5156,-24.8756
OLS impervious_fraction,spatial blocks,unweighted,3,26,34.325,121.425,Outside,block fold 2,20,1860.4500,1884.5156,-24.0656
OLS impervious_fraction,spatial blocks,unweighted,3,27,34.325,121.675,Outside,block fold 2,31,1852.8600,1884.5156,-31.6556
OLS impervious_fraction,spatial blocks,unweighted,3,28,34.325,121.925,Outside,block fold 0,47,1853.0000,1885.2793,-32.2793
OLS impervious_fraction,spatial blocks,unweighted,3,29,34.325,122.175,Outside,block fold 0,61,1854.7300,1885.2793,-30.5493
OLS impervious_fraction,spatial blocks,unweighted,3,30,34.325,122.425,Outside,block fold 0,65,1857.3500,1885.2793,-27.9293
OLS impervious_fraction,spatial blocks,unweighted,4,0,34.075,114.925,Outside,block fold 3,324,1894.5500,1891.8260,2.7240
OLS impervious_fraction,spatial blocks,unweighted,4,1,34.075,115.175,Outside,block fold 3,328,1894.6800,1891.7680,2.9120
OLS impervious_fraction,spatial blocks,unweighted,4,2,34.075,115.425,Outside,block fold 3,346,1896.3300,1890.2490,6.0810
OLS impervious_fraction,spatial blocks,unweighted,4,3,34.075,115.675,Anhui,block fold 3,368,1896.8700,1889.7109,7.1591
OLS impervious_fraction,spatial blocks,unweighted,4,4,34.075,115.925,Anhui,block fold 0,348,1894.7700,1888.7795,5.9905
OLS impervious_fraction,spatial blocks,unweighted,4,5,34.075,116.175,Outside,block fold 0,348,1895.1000,1888.6968,6.4032
OLS impervious_fraction,spatial blocks,unweighted,4,6,34.075,116.425,Anhui,block fold 0,321,1899.7200,1890.1112,9.6088
OLS impervious_fraction,spatial blocks,unweighted,4,7,34.075,116.675,Anhui,block fold 0,325,1896.2700,1892.3811,3.8889
OLS impervious_fraction,spatial blocks,unweighted,4,8,34.075,116.925,Anhui,block fold 3,294,1896.0500,1897.3114,-1.2614
OLS impervious_fraction,spatial blocks,unweighted,4,9,34.075,117.175,Anhui,block fold 3,294,1893.4600,1896.2724,-2.8124
OLS impervious_fraction,spatial blocks,unweighted,4,10,34.075,117.425,Jiangsu,block fold 3,249,1895.4600,1890.4876,4.9724
OLS impervious_fraction,spatial blocks,unweighted,4,11,34.075,117.675,Jiangsu,block fold 3,301,1893.2500,1889.3238,3.9262
OLS impervious_fraction,spatial blocks,unweighted,4,12,34.075,117.925,Jiangsu,block fold 4,246,1892.2100,1889.4439,2.7661
OLS impervious_fraction,spatial blocks,unweighted,4,13,34.075,118.175,Jiangsu,block fold 4,33,1891.2800,1890.4169,0.8631
OLS impervious_fraction,spatial blocks,unweighted,4,14,34.075,118.425,Jiangsu,block fold 4,230,1889.5100,1890.7637,-1.2537
OLS impervious_fraction,spatial blocks,unweighted,4,15,34.075,118.675,Jiangsu,block fold 4,299,1891.0900,1892.0313,-0.9413
OLS impervious_fraction,spatial blocks,unweighted,4,16,34.075,118.925,Jiangsu,block fold 4,300,1887.7400,1890.5238,-2.7838
OLS impervious_fraction,spatial blocks,unweighted,4,17,34.075,119.175,Jiangsu,block fold 4,260,1885.9600,1891.4762,-5.5162
OLS impervious_fraction,spatial blocks,unweighted,4,18,34.075,119.425,Jiangsu,block fold 4,254,1886.8400,1891.3137,-4.4737
OLS impervious_fraction,spatial blocks,unweighted,4,19,34.075,119.675,Jiangsu,block fold 4,264,1889.3200,1889.7273,-0.4073
OLS impervious_fraction,spatial blocks,unweighted,4,20,34.075,119.925,Jiangsu,block fold 2,253,1889.0600,1890.3147,-1.2547
OLS impervious_fraction,spatial blocks,unweighted,4,21,34.075,120.175,Jiangsu,block fold 2,194,1888.8300,1887.4777,1.3523
OLS impervious_fraction,spatial blocks,unweighted,4,22,34.075,120.425,Jiangsu,block fold 2,14,1872.2800,1885.1865,-12.9065
OLS impervious_fraction,spatial blocks,unweighted,4,23,34.075,120.675,Outside,block fold 2,4,1882.1000,1884.5156,-2.4156
OLS impervious_fraction,spatial blocks,unweighted,4,24,34.075,120.925,Outside,block fold 0,14,1867.5600,1885.2793,-17.7193
OLS impervious_fraction,spatial blocks,unweighted,4,25,34.075,121.175,Outside,block fold 0,21,1859.0900,1885.2793,-26.1893
OLS impervious_fraction,spatial blocks,unweighted,4,26,34.075,121.425,Outside,block fold 0,22,1858.8500,1885.2793,-26.4293
OLS impervious_fraction,spatial blocks,unweighted,4,27,34.075,121.675,Outside,block fold 0,27,1854.8200,1885.2793,-30.4593
OLS impervious_fraction,spatial blocks,unweighted,4,28,34.075,121.925,Outside,block fold 4,54,1860.4100,1883.5485,-23.1385
OLS impervious_fraction,spatial blocks,unweighted,4,29,34.075,122.175,Outside,block fold 4,49,1856.5800,1883.5485,-26.9685
OLS impervious_fraction,spatial blocks,unweighted,4,30,34.075,122.425,Outside,block fold 4,73,1862.8100,1883.5485,-20.7385
OLS impervious_fraction,spatial blocks,unweighted,5,0,33.825,114.925,Outside,block fold 3,242,1892.7900,1891.8385,0.9515
OLS impervious_fraction,spatial blocks,unweighted,5,1,33.825,115.175,Outside,block fold 3,357,1893.2000,1890.2794,2.9206
OLS impervious_fraction,spatial blocks,unweighted,5,2,33.825,115.425,Outside,block fold 3,348,1893.2300,1890.8604,2.3696
OLS impervious_fraction,spatial blocks,unweighted,5,3,33.825,115.675,Anhui,block fold 3,310,1892.3800,1893.9901,-1.6101
OLS impervious_fraction,spatial blocks,unweighted,5,4,33.825,115.925,Anhui,block fold 0,319,1893.2800,1888.7424,4.5376
OLS impervious_fraction,spatial blocks,unweighted,5,5,33.825,116.175,Anhui,block fold 0,331,1895.4800,1887.3372,8.1428
OLS impervious_fraction,spatial blocks,unweighted,5,6,33.825,116.425,Anhui,block fold 0,276,1896.5800,1890.7494,5.8306
OLS impervious_fraction,spatial blocks,unweighted,5,7,33.825,116.675,Anhui,block fold 0,243,1895.9800,1891.6410,4.3390
OLS impervious_fraction,spatial blocks,unweighted,5,8,33.825,116.925,Anhui,block fold 3,292,1895.0900,1893.5088,1.5812
OLS impervious_fraction,spatial blocks,unweighted,5,9,33.825,117.175,Anhui,block fold 3,380,1894.2600,1887.7194,6.5406
OLS impervious_fraction,spatial blocks,unweighted,5,10,33.825,117.425,Anhui,block fold 3,356,1893.6100,1889.6310,3.9790
OLS impervious_fraction,spatial blocks,unweighted,5,11,33.825,117.675,Anhui,block fold 3,369,1893.3100,1893.5605,-0.2505
OLS impervious_fraction,spatial blocks,unweighted,5,12,33.825,117.925,Jiangsu,block fold 4,377,1891.8100,1893.3339,-1.5239
OLS impervious_fraction,spatial blocks,unweighted,5,13,33.825,118.175,Jiangsu,block fold 4,260,1891.3400,1895.3658,-4.0258
OLS impervious_fraction,spatial blocks,unweighted,5,14,33.825,118.425,Jiangsu,block fold 4,274,1889.9600,1893.7239,-3.7639
OLS impervious_fraction,spatial blocks,unweighted,5,15,33.825,118.675,Jiangsu,block fold 4,276,1890.4600,1891.9824,-1.5224
OLS impervious_fraction,spatial blocks,unweighted,5,16,33.825,118.925,Jiangsu,block fold 4,314,1888.0200,1890.8402,-2.8202
OLS impervious_fraction,spatial blocks,unweighted,5,17,33.825,119.175,Jiangsu,block fold 4,273,1888.1400,1893.9414,-5.8014
OLS impervious_fraction,spatial blocks,unweighted,5,18,33.825,119.425,Jiangsu,block fold 4,266,1887.4100,1887.6383,-0.2283
OLS impervious_fraction,spatial blocks,unweighted,5,19,33.825,119.675,Jiangsu,block fold 4,256,1889.5300,1888.5108,1.0192
OLS impervious_fraction,spatial blocks,unweighted,5,20,33.825,119.925,Jiangsu,block fold 2,238,1889.4200,1887.7930,1.6270
OLS impervious_fraction,spatial blocks,unweighted,5,21,33.825,120.175,Jiangsu,block fold 2,188,1893.9000,1889.3285,4.5715
OLS impervious_fraction,spatial blocks,unweighted,5,22,33.825,120.425,Jiangsu,block fold 2,34,1902.1500,1886.8274,15.3226
OLS impervious_fraction,spatial blocks,unweighted,5,23,33.825,120.675,Outside,block fold 2,1,1864.9800,1884.5156,-19.5356
OLS impervious_fraction,spatial blocks,unweighted,5,24,33.825,120.925,Outside,block fold 0,5,1863.0400,1885.2793,-22.2393
OLS impervious_fraction,spatial blocks,unweighted,5,25,33.825,121.175,Outside,block fold 0,23,1858.5400,1885.2793,-26.7393
OLS impervious_fraction,spatial blocks,unweighted,5,26,33.825,121.425,Outside,block fold 0,23,1860.9700,1885.2793,-24.3093
OLS impervious_fraction,spatial blocks,unweighted,5,27,33.825,121.675,Outside,block fold 0,32,1862.9300,1885.2793,-22.3493
OLS impervious_fraction,spatial blocks,unweighted,5,28,33.825,121.925,Outside,block fold 4,64,1857.0200,1883.5485,-26.5285
OLS impervious_fraction,spatial blocks,unweighted,5,29,33.825,122.175,Outside,block fold 4,58,1859.9300,1883.5485,-23.6185
OLS impervious_fraction,spatial blocks,unweighted,5,30,33.825,122.425,Outside,block fold 4,63,1867.5900,1883.5485,-15.9585
OLS impervious_fraction,spatial blocks,unweighted,6,0,33.575,114.925,Outside,block fold 3,282,1894.1800,1891.3871,2.7929
OLS impervious_fraction,spatial blocks,unweighted,6,1,33.575,115.175,Outside,block fold 3,319,1894.0700,1891.1784,2.8916
OLS impervious_fraction,spatial blocks,unweighted,6,2,33.575,115.425,Anhui,block fold 3,348,1892.7900,1888.0131,4.7769
OLS impervious_fraction,spatial blocks,unweighted,6,3,33.575,115.675,Anhui,block fold 3,335,1892.5800,1887.5224,5.0576
OLS impervious_fraction,spatial blocks,unweighted,6,4,33.575,115.925,Anhui,block fold 0,341,1895.1900,1887.7360,7.4540
OLS impervious_fraction,spatial blocks,unweighted,6,5,33.575,116.175,Anhui,block fold 0,295,1893.6900,1890.1294,3.5606
OLS impervious_fraction,spatial blocks,unweighted,6,6,33.575,116.425,Anhui,block fold 0,313,1897.4700,1888.8498,8.6202
OLS impervious_fraction,spatial blocks,unweighted,6,7,33.575,116.675,Anhui,block fold 0,304,1899.1000,1889.8993,9.2007
OLS impervious_fraction,spatial blocks,unweighted,6,8,33.575,116.925,Anhui,block fold 3,334,1897.7200,1895.8631,1.8569
OLS impervious_fraction,spatial blocks,unweighted,6,9,33.575,117.175,Anhui,block fold 3,237,1900.7200,1890.1135,10.6065
OLS impervious_fraction,spatial blocks,unweighted,6,10,33.575,117.425,Anhui,block fold 3,394,1894.9600,1889.9465,5.0135
OLS impervious_fraction,spatial blocks,unweighted,6,11,33.575,117.675,Anhui,block fold 3,385,1893.5200,1891.9551,1.5649
OLS impervious_fraction,spatial blocks,unweighted,6,12,33.575,117.925,Anhui,block fold 4,358,1894.8600,1890.6997,4.1603
OLS impervious_fraction,spatial blocks,unweighted,6,13,33.575,118.175,Jiangsu,block fold 4,317,1891.5500,1890.9021,0.6479
OLS impervious_fraction,spatial blocks,unweighted,6,14,33.575,118.425,Jiangsu,block fold 4,108,1890.5700,1886.4245,4.1455
OLS impervious_fraction,spatial blocks,unweighted,6,15,33.575,118.675,Jiangsu,block fold 4,62,1891.2500,1890.0895,1.1605
OLS impervious_fraction,spatial blocks,unweighted,6,16,33.575,118.925,Jiangsu,block fold 4,170,1890.5500,1900.4213,-9.8713
OLS impervious_fraction,spatial blocks,unweighted,6,17,33.575,119.175,Jiangsu,block fold 4,218,1892.2000,1902.6128,-10.4128
OLS impervious_fraction,spatial blocks,unweighted,6,18,33.575,119.425,Jiangsu,block fold 4,234,1889.2400,1888.8327,0.4073
OLS impervious_fraction,spatial blocks,unweighted,6,19,33.575,119.675,Jiangsu,block fold 4,217,1892.0000,1889.1831,2.8169
OLS impervious_fraction,spatial blocks,unweighted,6,20,33.575,119.925,Jiangsu,block fold 2,207,1893.2400,1887.9894,5.2506
OLS impervious_fraction,spatial blocks,unweighted,6,21,33.575,120.175,Jiangsu,block fold 2,169,1895.8800,1887.9317,7.9483
OLS impervious_fraction,spatial blocks,unweighted,6,22,33.575,120.425,Jiangsu,block fold 2,74,1897.4800,1888.3648,9.1152
OLS impervious_fraction,spatial blocks,unweighted,6,23,33.575,120.675,Jiangsu,block fold 2,8,1895.5300,1884.8248,10.7052
OLS impervious_fraction,spatial blocks,unweighted,6,24,33.575,120.925,Outside,block fold 0,1,1880.0600,1885.2793,-5.2193
OLS impervious_fraction,spatial blocks,unweighted,6,25,33.575,121.175,Outside,block fold 0,11,1850.5200,1885.2793,-34.7593
OLS impervious_fraction,spatial blocks,unweighted,6,26,33.575,121.425,Outside,block fold 0,18,1857.6900,1885.2793,-27.5893
OLS impervious_fraction,spatial blocks,unweighted,6,27,33.575,121.675,Outside,block fold 0,32,1855.3000,1885.2793,-29.9793
OLS impervious_fraction,spatial blocks,unweighted,6,28,33.575,121.925,Outside,block fold 4,56,1855.5200,1883.5485,-28.0285
OLS impervious_fraction,spatial blocks,unweighted,6,29,33.575,122.175,Outside,block fold 4,49,1862.6400,1883.5485,-20.9085
OLS impervious_fraction,spatial blocks,unweighted,6,30,33.575,122.425,Outside,block fold 4,36,1866.9800,1883.5485,-16.5685
OLS impervious_fraction,spatial blocks,unweighted,7,0,33.325,114.925,Outside,block fold 3,306,1892.1400,1892.2793,-0.1393
OLS impervious_fraction,spatial blocks,unweighted,7,1,33.325,115.175,Anhui,block fold 3,317,1893.7200,1891.9192,1.8008
OLS impervious_fraction,spatial blocks,unweighted,7,2,33.325,115.425,Anhui,block fold 3,325,1892.8200,1891.8644,0.9556
OLS impervious_fraction,spatial blocks,unweighted,7,3,33.325,115.675,Anhui,block fold 3,339,1891.7600,1889.2964,2.4636
OLS impervious_fraction,spatial blocks,unweighted,7,4,33.325,115.925,Anhui,block fold 0,347,1893.9000,1888.3842,5.5158
OLS impervious_fraction,spatial blocks,unweighted,7,5,33.325,116.175,Anhui,block fold 0,336,1894.6500,1888.3264,6.3236
OLS impervious_fraction,spatial blocks,unweighted,7,6,33.325,116.425,Anhui,block fold 0,372,1896.7800,1889.4953,7.2847
OLS impervious_fraction,spatial blocks,unweighted,7,7,33.325,116.675,Anhui,block fold 0,341,1900.0400,1889.9458,10.0942
OLS impervious_fraction,spatial blocks,unweighted,7,8,33.325,116.925,Anhui,block fold 3,365,1899.2100,1888.4734,10.7366
OLS impervious_fraction,spatial blocks,unweighted,7,9,33.325,117.175,Anhui,block fold 3,357,1899.0100,1888.4532,10.5568
OLS impervious_fraction,spatial blocks,unweighted,7,10,33.325,117.425,Anhui,block fold 3,338,1897.8100,1893.9250,3.8850
OLS impervious_fraction,spatial blocks,unweighted,7,11,33.325,117.675,Anhui,block fold 3,274,1895.0100,1891.3013,3.7087
OLS impervious_fraction,spatial blocks,unweighted,7,12,33.325,117.925,Anhui,block fold 4,150,1896.4300,1888.3899,8.0401
OLS impervious_fraction,spatial blocks,unweighted,7,13,33.325,118.175,Jiangsu,block fold 4,135,1892.6300,1888.8570,3.7730
OLS impervious_fraction,spatial blocks,unweighted,7,14,33.325,118.425,Jiangsu,block fold 4,42,1888.8900,1885.6183,3.2717
OLS impervious_fraction,spatial blocks,unweighted,7,16,33.325,118.925,Jiangsu,block fold 4,53,1901.5800,1892.0799,9.5001
OLS impervious_fraction,spatial blocks,unweighted,7,17,33.325,119.175,Jiangsu,block fold 4,78,1893.0900,1888.9793,4.1107
OLS impervious_fraction,spatial blocks,unweighted,7,18,33.325,119.425,Jiangsu,block fold 4,167,1891.1400,1890.5821,0.5579
OLS impervious_fraction,spatial blocks,unweighted,7,19,33.325,119.675,Jiangsu,block fold 4,183,1890.8900,1886.8236,4.0664
OLS impervious_fraction,spatial blocks,unweighted,7,20,33.325,119.925,Jiangsu,block fold 2,182,1893.3100,1888.4579,4.8521
OLS impervious_fraction,spatial blocks,unweighted,7,21,33.325,120.175,Jiangsu,block fold 2,154,1890.3400,1899.6053,-9.2653
OLS impervious_fraction,spatial blocks,unweighted,7,22,33.325,120.425,Jiangsu,block fold 2,166,1892.8500,1893.9803,-1.1303
OLS impervious_fraction,spatial blocks,unweighted,7,23,33.325,120.675,Jiangsu,block fold 2,21,1905.1400,1887.8000,17.3400
OLS impervious_fraction,spatial blocks,unweighted,7,26,33.325,121.425,Outside,block fold 0,9,1856.0400,1885.2793,-29.2393
OLS impervious_fraction,spatial blocks,unweighted,7,27,33.325,121.675,Outside,block fold 0,28,1858.4200,1885.2793,-26.8593
OLS impervious_fraction,spatial blocks,unweighted,7,28,33.325,121.925,Outside,block fold 4,43,1854.5900,1883.5485,-28.9585
OLS impervious_fraction,spatial blocks,unweighted,7,29,33.325,122.175,Outside,block fold 4,64,1861.1000,1883.5485,-22.4485
OLS impervious_fraction,spatial blocks,unweighted,7,30,33.325,122.425,Outside,block fold 4,43,1860.1000,1883.5485,-23.4485
OLS impervious_fraction,spatial blocks,unweighted,8,0,33.075,114.925,Anhui,block fold 2,337,1894.8100,1889.8873,4.9227
OLS impervious_fraction,spatial blocks,unweighted,8,1,33.075,115.175,Anhui,block fold 2,324,1894.3700,1889.8303,4.5397
OLS impervious_fraction,spatial blocks,unweighted,8,2,33.075,115.425,Anhui,block fold 2,352,1893.9300,1888.4476,5.4824
OLS impervious_fraction,spatial blocks,unweighted,8,3,33.075,115.675,Anhui,block fold 2,330,1894.6600,1890.7098,3.9502
OLS impervious_fraction,spatial blocks,unweighted,8,4,33.075,115.925,Anhui,block fold 2,329,1895.6000,1889.1239,6.4761
OLS impervious_fraction,spatial blocks,unweighted,8,5,33.075,116.175,Anhui,block fold 2,320,1896.9400,1889.4779,7.4621
OLS impervious_fraction,spatial blocks,unweighted,8,6,33.075,116.425,Anhui,block fold 2,348,1897.0600,1888.2354,8.8246
OLS impervious_fraction,spatial blocks,unweighted,8,7,33.075,116.675,Anhui,block fold 2,374,1901.1500,1887.5601,13.5899
OLS impervious_fraction,spatial blocks,unweighted,8,8,33.075,116.925,Anhui,block fold 4,198,1895.0200,1886.3842,8.6358
OLS impervious_fraction,spatial blocks,unweighted,8,9,33.075,117.175,Anhui,block fold 4,205,1897.6200,1891.6891,5.9309
OLS impervious_fraction,spatial blocks,unweighted,8,10,33.075,117.425,Anhui,block fold 4,236,1897.9800,1893.4068,4.5732
OLS impervious_fraction,spatial blocks,unweighted,8,11,33.075,117.675,Anhui,block fold 4,139,1901.5400,1887.8844,13.6556
OLS impervious_fraction,spatial blocks,unweighted,8,12,33.075,117.925,Anhui,block fold 3,61,1904.6200,1891.1672,13.4528
OLS impervious_fraction,spatial blocks,unweighted,8,13,33.075,118.175,Anhui,block fold 3,67,1896.3800,1889.6345,6.7455
OLS impervious_fraction,spatial blocks,unweighted,8,14,33.075,118.425,Jiangsu,block fold 3,57,1891.6200,1890.5989,1.0211
OLS impervious_fraction,spatial blocks,unweighted,8,15,33.075,118.675,Jiangsu,block fold 3,49,1886.2100,1889.6597,-3.4497
OLS impervious_fraction,spatial blocks,unweighted,8,16,33.075,118.925,Jiangsu,block fold 0,90,1893.2600,1890.2182,3.0418
OLS impervious_fraction,spatial blocks,unweighted,8,17,33.075,119.175,Jiangsu,block fold 0,64,1891.4400,1888.5951,2.8449
OLS impervious_fraction,spatial blocks,unweighted,8,18,33.075,119.425,Jiangsu,block fold 0,116,1890.1100,1888.9859,1.1241
OLS impervious_fraction,spatial blocks,unweighted,8,19,33.075,119.675,Jiangsu,block fold 0,152,1889.4700,1887.6451,1.8249
OLS impervious_fraction,spatial blocks,unweighted,8,20,33.075,119.925,Jiangsu,block fold 1,139,1892.7700,1888.3741,4.3959
OLS impervious_fraction,spatial blocks,unweighted,8,21,33.075,120.175,Jiangsu,block fold 1,209,1891.7200,1889.4347,2.2853
OLS impervious_fraction,spatial blocks,unweighted,8,22,33.075,120.425,Jiangsu,block fold 1,190,1889.9700,1892.3867,-2.4167
OLS impervious_fraction,spatial blocks,unweighted,8,23,33.075,120.675,Jiangsu,block fold 1,99,1890.5800,1889.4840,1.0960
OLS impervious_fraction,spatial blocks,unweighted,8,24,33.075,120.925,Jiangsu,block fold 2,5,1913.1200,1884.9666,28.1534
OLS impervious_fraction,spatial blocks,unweighted,8,26,33.075,121.425,Outside,block fold 2,7,1856.3900,1884.5156,-28.1256
OLS impervious_fraction,spatial blocks,unweighted,8,27,33.075,121.675,Outside,block fold 2,28,1860.2000,1884.5156,-24.3156
OLS impervious_fraction,spatial blocks,unweighted,8,28,33.075,121.925,Outside,block fold 1,42,1858.8200,1884.1067,-25.2867
OLS impervious_fraction,spatial blocks,unweighted,8,29,33.075,122.175,Outside,block fold 1,47,1859.1700,1884.1067,-24.9367
OLS impervious_fraction,spatial blocks,unweighted,8,30,33.075,122.425,Outside,block fold 1,45,1867.3500,1884.1067,-16.7567
OLS impervious_fraction,spatial blocks,unweighted,9,0,32.825,114.925,Anhui,block fold 2,285,1893.7400,1891.5592,2.1808
OLS impervious_fraction,spatial blocks,unweighted,9,1,32.825,115.175,Anhui,block fold 2,332,1894.0600,1886.7625,7.2975
OLS impervious_fraction,spatial blocks,unweighted,9,2,32.825,115.425,Anhui,block fold 2,347,1893.6600,1887.5880,6.0720
OLS impervious_fraction,spatial blocks,unweighted,9,3,32.825,115.675,Anhui,block fold 2,321,1895.2300,1891.8041,3.4259
OLS impervious_fraction,spatial blocks,unweighted,9,4,32.825,115.925,Anhui,block fold 2,345,1895.5400,1894.3177,1.2223
OLS impervious_fraction,spatial blocks,unweighted,9,5,32.825,116.175,Anhui,block fold 2,224,1896.3100,1889.2359,7.0741
OLS impervious_fraction,spatial blocks,unweighted,9,6,32.825,116.425,Anhui,block fold 2,177,1902.0700,1890.0129,12.0571
OLS impervious_fraction,spatial blocks,unweighted,9,7,32.825,116.675,Anhui,block fold 2,167,1903.0500,1889.6293,13.4207
OLS impervious_fraction,spatial blocks,unweighted,9,8,32.825,116.925,Anhui,block fold 4,188,1901.5000,1888.2518,13.2482
OLS impervious_fraction,spatial blocks,unweighted,9,9,32.825,117.175,Anhui,block fold 4,145,1901.1600,1891.5677,9.5923
OLS impervious_fraction,spatial blocks,unweighted,9,10,32.825,117.425,Anhui,block fold 4,243,1894.2600,1894.0629,0.1971
OLS impervious_fraction,spatial blocks,unweighted,9,11,32.825,117.675,Anhui,block fold 4,223,1894.5400,1887.1442,7.3958
OLS impervious_fraction,spatial blocks,unweighted,9,12,32.825,117.925,Anhui,block fold 3,142,1893.5800,1890.5207,3.0593
OLS impervious_fraction,spatial blocks,unweighted,9,13,32.825,118.175,Anhui,block fold 3,127,1892.0300,1887.4120,4.6180
OLS impervious_fraction,spatial blocks,unweighted,9,14,32.825,118.425,Jiangsu,block fold 3,200,1889.3800,1885.6963,3.6837
OLS impervious_fraction,spatial blocks,unweighted,9,15,32.825,118.675,Jiangsu,block fold 3,189,1887.7100,1886.3290,1.3810
OLS impervious_fraction,spatial blocks,unweighted,9,16,32.825,118.925,Anhui,block fold 0,202,1889.2700,1889.0494,0.2206
OLS impervious_fraction,spatial blocks,unweighted,9,17,32.825,119.175,Jiangsu,block fold 0,7,1891.7300,1887.8684,3.8616
OLS impervious_fraction,spatial blocks,unweighted,9,18,32.825,119.425,Jiangsu,block fold 0,31,1887.7300,1890.5914,-2.8614
OLS impervious_fraction,spatial blocks,unweighted,9,19,32.825,119.675,Jiangsu,block fold 0,244,1889.2300,1888.5243,0.7057
OLS impervious_fraction,spatial blocks,unweighted,9,20,32.825,119.925,Jiangsu,block fold 1,222,1891.3500,1891.1691,0.1809
OLS impervious_fraction,spatial blocks,unweighted,9,21,32.825,120.175,Jiangsu,block fold 1,198,1892.4500,1893.2046,-0.7546
OLS impervious_fraction,spatial blocks,unweighted,9,22,32.825,120.425,Jiangsu,block fold 1,181,1890.4900,1892.8784,-2.3884
OLS impervious_fraction,spatial blocks,unweighted,9,23,32.825,120.675,Jiangsu,block fold 1,157,1888.5600,1891.5555,-2.9955
OLS impervious_fraction,spatial blocks,unweighted,9,24,32.825,120.925,Jiangsu,block fold 2,19,1897.2800,1886.0675,11.2125
OLS impervious_fraction,spatial blocks,unweighted,9,26,32.825,121.425,Outside,block fold 2,2,1860.0400,1884.5156,-24.4756
OLS impervious_fraction,spatial blocks,unweighted,9,27,32.825,121.675,Outside,block fold 2,26,1856.0600,1884.5156,-28.4556
OLS impervious_fraction,spatial blocks,unweighted,9,28,32.825,121.925,Outside,block fold 1,40,1855.1800,1884.1067,-28.9267
OLS impervious_fraction,spatial blocks,unweighted,9,29,32.825,122.175,Outside,block fold 1,49,1857.4900,1884.1067,-26.6167
OLS impervious_fraction,spatial blocks,unweighted,9,30,32.825,122.425,Outside,block fold 1,40,1863.0600,1884.1067,-21.0467
OLS impervious_fraction,spatial blocks,unweighted,10,0,32.575,114.925,Outside,block fold 2,298,1896.2900,1888.3731,7.9169
OLS impervious_fraction,spatial blocks,unweighted,10,1,32.575,115.175,Anhui,block fold 2,345,1892.6500,1887.0389,5.6111
OLS impervious_fraction,spatial blocks,unweighted,10,2,32.575,115.425,Anhui,block fold 2,342,1894.7300,1888.9843,5.7457
OLS impervious_fraction,spatial blocks,unweighted,10,3,32.575,115.675,Anhui,block fold 2,315,1895.6200,1888.9387,6.6813
OLS impervious_fraction,spatial blocks,unweighted,10,4,32.575,115.925,Anhui,block fold 2,226,1898.1100,1888.2234,9.8866
OLS impervious_fraction,spatial blocks,unweighted,10,5,32.575,116.175,Anhui,block fold 2,161,1902.3600,1889.7484,12.6116
OLS impervious_fraction,spatial blocks,unweighted,10,6,32.575,116.425,Anhui,block fold 2,135,1906.1300,1888.6181,17.5119
OLS impervious_fraction,spatial blocks,unweighted,10,7,32.575,116.675,Anhui,block fold 2,105,1907.1100,1888.8879,18.2221
OLS impervious_fraction,spatial blocks,unweighted,10,8,32.575,116.925,Anhui,block fold 4,85,1907.4600,1894.8979,12.5621
OLS impervious_fraction,spatial blocks,unweighted,10,9,32.575,117.175,Anhui,block fold 4,171,1903.9700,1892.0328,11.9372
OLS impervious_fraction,spatial blocks,unweighted,10,10,32.575,117.425,Anhui,block fold 4,227,1895.2100,1884.8084,10.4016
OLS impervious_fraction,spatial blocks,unweighted,10,11,32.575,117.675,Anhui,block fold 4,213,1892.4000,1885.7151,6.6849
OLS impervious_fraction,spatial blocks,unweighted,10,12,32.575,117.925,Anhui,block fold 3,245,1891.1200,1886.5840,4.5360
OLS impervious_fraction,spatial blocks,unweighted,10,13,32.575,118.175,Anhui,block fold 3,283,1888.0100,1885.3144,2.6956
OLS impervious_fraction,spatial blocks,unweighted,10,14,32.575,118.425,Anhui,block fold 3,297,1889.3300,1885.8928,3.4372
OLS impervious_fraction,spatial blocks,unweighted,10,15,32.575,118.675,Anhui,block fold 3,244,1886.9000,1891.0608,-4.1608
OLS impervious_fraction,spatial blocks,unweighted,10,16,32.575,118.925,Anhui,block fold 0,219,1890.9500,1889.8491,1.1009
OLS impervious_fraction,spatial blocks,unweighted,10,17,32.575,119.175,Jiangsu,block fold 0,218,1890.5500,1890.9618,-0.4118
OLS impervious_fraction,spatial blocks,unweighted,10,18,32.575,119.425,Jiangsu,block fold 0,64,1889.0500,1893.9609,-4.9109
OLS impervious_fraction,spatial blocks,unweighted,10,19,32.575,119.675,Jiangsu,block fold 0,247,1889.7100,1889.9940,-0.2840
OLS impervious_fraction,spatial blocks,unweighted,10,20,32.575,119.925,Jiangsu,block fold 1,248,1891.4800,1894.2759,-2.7959
OLS impervious_fraction,spatial blocks,unweighted,10,21,32.575,120.175,Jiangsu,block fold 1,203,1894.5000,1894.1520,0.3480
OLS impervious_fraction,spatial blocks,unweighted,10,22,32.575,120.425,Jiangsu,block fold 1,147,1894.2000,1895.8647,-1.6647
OLS impervious_fraction,spatial blocks,unweighted,10,23,32.575,120.675,Jiangsu,block fold 1,146,1890.3400,1892.8684,-2.5284
OLS impervious_fraction,spatial blocks,unweighted,10,24,32.575,120.925,Jiangsu,block fold 2,40,1892.7900,1889.6423,3.1477
OLS impervious_fraction,spatial blocks,unweighted,10,25,32.575,121.175,Jiangsu,block fold 2,2,1915.9100,1886.9780,28.9320
OLS impervious_fraction,spatial blocks,unweighted,10,26,32.575,121.425,Outside,block fold 2,3,1854.0100,1884.5695,-30.5595
OLS impervious_fraction,spatial blocks,unweighted,10,27,32.575,121.675,Outside,block fold 2,27,1856.2100,1884.5156,-28.3056
OLS impervious_fraction,spatial blocks,unweighted,10,28,32.575,121.925,Outside,block fold 1,39,1858.1700,1884.1067,-25.9367
OLS impervious_fraction,spatial blocks,unweighted,10,29,32.575,122.175,Outside,block fold 1,47,1854.4100,1884.1067,-29.6967
OLS impervious_fraction,spatial blocks,unweighted,10,30,32.575,122.425,Outside,block fold 1,26,1856.5800,1884.1067,-27.5267
OLS impervious_fraction,spatial blocks,unweighted,11,0,32.325,114.925,Outside,block fold 2,305,1896.9600,1886.9636,9.9964
OLS impervious_fraction,spatial blocks,unweighted,11,1,32.325,115.175,Outside,block fold 2,284,1893.5900,1886.8087,6.7813
OLS impervious_fraction,spatial blocks,unweighted,11,2,32.325,115.425,Anhui,block fold 2,298,1895.4400,1887.5595,7.8805
OLS impervious_fraction,spatial blocks,unweighted,11,3,32.325,115.675,Anhui,block fold 2,296,1895.1600,1887.8970,7.2630
OLS impervious_fraction,spatial blocks,unweighted,11,4,32.325,115.925,Anhui,block fold 2,236,1896.6300,1888.4592,8.1708
OLS impervious_fraction,spatial blocks,unweighted,11,5,32.325,116.175,Anhui,block fold 2,54,1898.5900,1887.4255,11.1645
OLS impervious_fraction,spatial blocks,unweighted,11,6,32.325,116.425,Anhui,block fold 2,40,1901.2300,1886.3561,14.8739
OLS impervious_fraction,spatial blocks,unweighted,11,7,32.325,116.675,Anhui,block fold 2,86,1900.2300,1886.1906,14.0394
OLS impervious_fraction,spatial blocks,unweighted,11,8,32.325,116.925,Anhui,block fold 4,15,1927.2100,1885.6317,41.5783
OLS impervious_fraction,spatial blocks,unweighted,11,9,32.325,117.175,Anhui,block fold 4,221,1900.0400,1887.9874,12.0526
OLS impervious_fraction,spatial blocks,unweighted,11,10,32.325,117.425,Anhui,block fold 4,264,1898.8200,1884.9989,13.8211
OLS impervious_fraction,spatial blocks,unweighted,11,11,32.325,117.675,Anhui,block fold 4,230,1891.9100,1884.0847,7.8253
OLS impervious_fraction,spatial blocks,unweighted,11,12,32.325,117.925,Anhui,block fold 3,268,1890.0300,1885.1462,4.8838
OLS impervious_fraction,spatial blocks,unweighted,11,13,32.325,118.175,Anhui,block fold 3,243,1890.1900,1886.9103,3.2797
OLS impervious_fraction,spatial blocks,unweighted,11,14,32.325,118.425,Anhui,block fold 3,187,1893.5500,1895.8248,-2.2748
OLS impervious_fraction,spatial blocks,unweighted,11,15,32.325,118.675,Jiangsu,block fold 3,259,1895.3000,1899.8886,-4.5886
OLS impervious_fraction,spatial blocks,unweighted,11,16,32.325,118.925,Jiangsu,block fold 0,227,1894.0200,1894.4816,-0.4616
OLS impervious_fraction,spatial blocks,unweighted,11,17,32.325,119.175,Jiangsu,block fold 0,153,1891.8900,1894.7708,-2.8808
OLS impervious_fraction,spatial blocks,unweighted,11,18,32.325,119.425,Jiangsu,block fold 0,133,1889.6100,1902.7003,-13.0903
OLS impervious_fraction,spatial blocks,unweighted,11,19,32.325,119.675,Jiangsu,block fold 0,84,1893.2600,1893.7009,-0.4409
OLS impervious_fraction,spatial blocks,unweighted,11,20,32.325,119.925,Jiangsu,block fold 1,165,1891.6400,1897.6357,-5.9957
OLS impervious_fraction,spatial blocks,unweighted,11,21,32.325,120.175,Jiangsu,block fold 1,233,1892.2600,1893.2786,-1.0186
OLS impervious_fraction,spatial blocks,unweighted,11,22,32.325,120.425,Jiangsu,block fold 1,174,1893.7700,1894.7746,-1.0046
OLS impervious_fraction,spatial blocks,unweighted,11,23,32.325,120.675,Jiangsu,block fold 1,148,1893.1100,1893.6462,-0.5362
OLS impervious_fraction,spatial blocks,unweighted,11,24,32.325,120.925,Jiangsu,block fold 2,131,1894.7000,1890.1169,4.5831
OLS impervious_fraction,spatial blocks,unweighted,11,25,32.325,121.175,Jiangsu,block fold 2,87,1894.8000,1894.8916,-0.0916
OLS impervious_fraction,spatial blocks,unweighted,11,26,32.325,121.425,Jiangsu,block fold 2,4,1898.6900,1888.3107,10.3793
OLS impervious_fraction,spatial blocks,unweighted,11,27,32.325,121.675,Outside,block fold 2,11,1856.3300,1884.5156,-28.1856
OLS impervious_fraction,spatial blocks,unweighted,11,28,32.325,121.925,Outside,block fold 1,34,1856.2100,1884.1067,-27.8967
OLS impervious_fraction,spatial blocks,unweighted,11,29,32.325,122.175,Outside,block fold 1,43,1859.9900,1884.1067,-24.1167
OLS impervious_fraction,spatial blocks,unweighted,11,30,32.325,122.425,Outside,block fold 1,26,1852.7300,1884.1067,-31.3767
OLS impervious_fraction,spatial blocks,unweighted,12,0,32.075,114.925,Outside,block fold 3,257,1895.0100,1890.5012,4.5088
OLS impervious_fraction,spatial blocks,unweighted,12,1,32.075,115.175,Outside,block fold 3,303,1895.1100,1888.7982,6.3118
OLS impervious_fraction,spatial blocks,unweighted,12,2,32.075,115.425,Outside,block fold 3,322,1893.8400,1888.9451,4.8949
OLS impervious_fraction,spatial blocks,unweighted,12,3,32.075,115.675,Outside,block fold 3,296,1893.1500,1891.7116,1.4384
OLS impervious_fraction,spatial blocks,unweighted,12,4,32.075,115.925,Anhui,block fold 2,295,1893.1900,1886.7775,6.4125
OLS impervious_fraction,spatial blocks,unweighted,12,5,32.075,116.175,Anhui,block fold 2,258,1892.5300,1886.6224,5.9076
OLS impervious_fraction,spatial blocks,unweighted,12,6,32.075,116.425,Anhui,block fold 2,227,1894.0800,1886.9816,7.0984
OLS impervious_fraction,spatial blocks,unweighted,12,7,32.075,116.675,Anhui,block fold 2,282,1897.8500,1886.3275,11.5225
OLS impervious_fraction,spatial blocks,unweighted,12,8,32.075,116.925,Anhui,block fold 1,306,1898.0200,1888.3484,9.6716
OLS impervious_fraction,spatial blocks,unweighted,12,9,32.075,117.175,Anhui,block fold 1,290,1896.5900,1892.2844,4.3056
OLS impervious_fraction,spatial blocks,unweighted,12,10,32.075,117.425,Anhui,block fold 1,278,1896.4300,1887.7757,8.6543
OLS impervious_fraction,spatial blocks,unweighted,12,11,32.075,117.675,Anhui,block fold 1,318,1896.5700,1884.7164,11.8536
OLS impervious_fraction,spatial blocks,unweighted,12,12,32.075,117.925,Anhui,block fold 2,260,1893.7700,1884.9207,8.8493
OLS impervious_fraction,spatial blocks,unweighted,12,13,32.075,118.175,Anhui,block fold 2,250,1896.2400,1886.7101,9.5299
OLS impervious_fraction,spatial blocks,unweighted,12,14,32.075,118.425,Anhui,block fold 2,241,1895.2800,1888.6109,6.6691
OLS impervious_fraction,spatial blocks,unweighted,12,15,32.075,118.675,Jiangsu,block fold 2,133,1895.9400,1902.5325,-6.5925
OLS impervious_fraction,spatial blocks,unweighted,12,16,32.075,118.925,Jiangsu,block fold 2,185,1896.1000,1902.3444,-6.2444
OLS impervious_fraction,spatial blocks,unweighted,12,17,32.075,119.175,Jiangsu,block fold 2,218,1897.5500,1891.7206,5.8294
OLS impervious_fraction,spatial blocks,unweighted,12,18,32.075,119.425,Jiangsu,block fold 2,231,1893.0400,1897.0523,-4.0123
OLS impervious_fraction,spatial blocks,unweighted,12,19,32.075,119.675,Jiangsu,block fold 2,181,1892.9900,1899.0522,-6.0622
OLS impervious_fraction,spatial blocks,unweighted,12,20,32.075,119.925,Jiangsu,block fold 3,77,1890.3200,1902.0575,-11.7375
OLS impervious_fraction,spatial blocks,unweighted,12,21,32.075,120.175,Jiangsu,block fold 3,146,1895.2200,1902.8924,-7.6724
OLS impervious_fraction,spatial blocks,unweighted,12,22,32.075,120.425,Jiangsu,block fold 3,60,1894.7300,1900.7128,-5.9828
OLS impervious_fraction,spatial blocks,unweighted,12,23,32.075,120.675,Jiangsu,block fold 3,37,1894.6300,1902.2186,-7.5886
OLS impervious_fraction,spatial blocks,unweighted,12,24,32.075,120.925,Jiangsu,block fold 3,67,1893.0100,1913.2572,-20.2472
OLS impervious_fraction,spatial blocks,unweighted,12,25,32.075,121.175,Jiangsu,block fold 3,114,1889.4200,1908.0783,-18.6583
OLS impervious_fraction,spatial blocks,unweighted,12,26,32.075,121.425,Jiangsu,block fold 3,65,1885.5100,1901.7199,-16.2099
OLS impervious_fraction,spatial blocks,unweighted,12,27,32.075,121.675,Jiangsu,block fold 3,7,1891.2700,1894.0316,-2.7616
OLS impervious_fraction,spatial blocks,unweighted,12,28,32.075,121.925,Jiangsu,block fold 3,20,1855.7000,1884.8151,-29.1151
OLS impervious_fraction,spatial blocks,unweighted,12,29,32.075,122.175,Outside,block fold 3,34,1851.7800,1884.8136,-33.0336
OLS impervious_fraction,spatial blocks,unweighted,12,30,32.075,122.425,Outside,block fold 3,23,1846.5300,1884.8136,-38.2836
OLS impervious_fraction,spatial blocks,unweighted,13,0,31.825,114.925,Outside,block fold 3,250,1893.5000,1887.1235,6.3765
OLS impervious_fraction,spatial blocks,unweighted,13,1,31.825,115.175,Outside,block fold 3,282,1890.7300,1886.7810,3.9490
OLS impervious_fraction,spatial blocks,unweighted,13,2,31.825,115.425,Anhui,block fold 3,232,1890.6600,1887.6145,3.0455
OLS impervious_fraction,spatial blocks,unweighted,13,3,31.825,115.675,Anhui,block fold 3,134,1888.9900,1886.0581,2.9319
OLS impervious_fraction,spatial blocks,unweighted,13,4,31.825,115.925,Anhui,block fold 2,226,1891.3500,1889.4517,1.8983
OLS impervious_fraction,spatial blocks,unweighted,13,5,31.825,116.175,Anhui,block fold 2,312,1889.9000,1886.4928,3.4072
OLS impervious_fraction,spatial blocks,unweighted,13,6,31.825,116.425,Anhui,block fold 2,261,1894.7000,1892.3458,2.3542
OLS impervious_fraction,spatial blocks,unweighted,13,7,31.825,116.675,Anhui,block fold 2,273,1896.6700,1889.0623,7.6077
OLS impervious_fraction,spatial blocks,unweighted,13,8,31.825,116.925,Anhui,block fold 1,307,1895.0900,1888.5590,6.5310
OLS impervious_fraction,spatial blocks,unweighted,13,9,31.825,117.175,Anhui,block fold 1,162,1900.4800,1907.6499,-7.1699
OLS impervious_fraction,spatial blocks,unweighted,13,10,31.825,117.425,Anhui,block fold 1,132,1899.1300,1900.5807,-1.4507
OLS impervious_fraction,spatial blocks,unweighted,13,11,31.825,117.675,Anhui,block fold 1,230,1895.9100,1885.6262,10.2838
OLS impervious_fraction,spatial blocks,unweighted,13,12,31.825,117.925,Anhui,block fold 2,194,1895.3700,1885.1109,10.2591
OLS impervious_fraction,spatial blocks,unweighted,13,13,31.825,118.175,Anhui,block fold 2,224,1894.8900,1886.2838,8.6062
OLS impervious_fraction,spatial blocks,unweighted,13,14,31.825,118.425,Anhui,block fold 2,132,1898.0400,1891.7945,6.2455
OLS impervious_fraction,spatial blocks,unweighted,13,15,31.825,118.675,Jiangsu,block fold 2,167,1896.9300,1894.7725,2.1575
OLS impervious_fraction,spatial blocks,unweighted,13,16,31.825,118.925,Jiangsu,block fold 2,173,1893.2600,1896.7283,-3.4683
OLS impervious_fraction,spatial blocks,unweighted,13,17,31.825,119.175,Jiangsu,block fold 2,228,1895.8000,1888.9686,6.8314
OLS impervious_fraction,spatial blocks,unweighted,13,18,31.825,119.425,Jiangsu,block fold 2,282,1892.8900,1889.3888,3.5012
OLS impervious_fraction,spatial blocks,unweighted,13,19,31.825,119.675,Jiangsu,block fold 2,186,1894.4000,1896.3697,-1.9697
OLS impervious_fraction,spatial blocks,unweighted,13,20,31.825,119.925,Jiangsu,block fold 3,66,1895.1700,1920.9489,-25.7789
OLS impervious_fraction,spatial blocks,unweighted,13,21,31.825,120.175,Jiangsu,block fold 3,122,1894.9000,1914.7178,-19.8178
OLS impervious_fraction,spatial blocks,unweighted,13,22,31.825,120.425,Jiangsu,block fold 3,121,1893.1700,1916.6475,-23.4775
OLS impervious_fraction,spatial blocks,unweighted,13,23,31.825,120.675,Jiangsu,block fold 3,97,1892.8100,1909.8156,-17.0056
OLS impervious_fraction,spatial blocks,unweighted,13,24,31.825,120.925,Jiangsu,block fold 3,10,1889.2300,1901.9396,-12.7096
OLS impervious_fraction,spatial blocks,unweighted,13,25,31.825,121.175,Jiangsu,block fold 3,16,1889.5800,1899.3717,-9.7917
OLS impervious_fraction,spatial blocks,unweighted,13,26,31.825,121.425,Jiangsu,block fold 3,19,1886.7400,1897.5106,-10.7706
OLS impervious_fraction,spatial blocks,unweighted,13,27,31.825,121.675,Jiangsu,block fold 3,39,1886.2300,1906.7181,-20.4881
OLS impervious_fraction,spatial blocks,unweighted,13,28,31.825,121.925,Jiangsu,block fold 3,6,1859.5500,1891.5834,-32.0334
OLS impervious_fraction,spatial blocks,unweighted,13,29,31.825,122.175,Outside,block fold 3,20,1855.0500,1884.8136,-29.7636
OLS impervious_fraction,spatial blocks,unweighted,13,30,31.825,122.425,Outside,block fold 3,19,1840.5000,1884.8136,-44.3136
OLS impervious_fraction,spatial blocks,unweighted,14,0,31.575,114.925,Outside,block fold 3,87,1888.8000,1885.8676,2.9324
OLS impervious_fraction,spatial blocks,unweighted,14,1,31.575,115.175,Outside,block fold 3,33,1882.1000,1884.9606,-2.8606
OLS impervious_fraction,spatial blocks,unweighted,14,2,31.575,115.425,Anhui,block fold 3,21,1875.3800,1884.8977,-9.5177
OLS impervious_fraction,spatial blocks,unweighted,14,3,31.575,115.675,Anhui,block fold 3,54,1876.7300,1885.0839,-8.3539
OLS impervious_fraction,spatial blocks,unweighted,14,4,31.575,115.925,Anhui,block fold 2,42,1876.3200,1884.8207,-8.5007
OLS impervious_fraction,spatial blocks,unweighted,14,5,31.575,116.175,Anhui,block fold 2,156,1888.4700,1884.9437,3.5263
OLS impervious_fraction,spatial blocks,unweighted,14,6,31.575,116.425,Anhui,block fold 2,267,1891.0200,1887.2224,3.7976
OLS impervious_fraction,spatial blocks,unweighted,14,7,31.575,116.675,Anhui,block fold 2,314,1893.9600,1887.2438,6.7162
OLS impervious_fraction,spatial blocks,unweighted,14,8,31.575,116.925,Anhui,block fold 1,305,1893.8300,1889.1520,4.6780
OLS impervious_fraction,spatial blocks,unweighted,14,9,31.575,117.175,Anhui,block fold 1,142,1896.6800,1888.7602,7.9198
OLS impervious_fraction,spatial blocks,unweighted,14,10,31.575,117.425,Anhui,block fold 1,18,1888.3700,1885.7665,2.6035
OLS impervious_fraction,spatial blocks,unweighted,14,11,31.575,117.675,Anhui,block fold 1,5,1897.2300,1885.6199,11.6101
OLS impervious_fraction,spatial blocks,unweighted,14,12,31.575,117.925,Anhui,block fold 2,126,1893.7800,1889.4869,4.2931
OLS impervious_fraction,spatial blocks,unweighted,14,13,31.575,118.175,Anhui,block fold 2,223,1894.6100,1886.6213,7.9887
OLS impervious_fraction,spatial blocks,unweighted,14,14,31.575,118.425,Anhui,block fold 2,115,1895.3700,1895.9894,-0.6194
OLS impervious_fraction,spatial blocks,unweighted,14,15,31.575,118.675,Anhui,block fold 2,202,1893.5300,1888.8061,4.7239
OLS impervious_fraction,spatial blocks,unweighted,14,16,31.575,118.925,Jiangsu,block fold 2,78,1890.8700,1889.8407,1.0293
OLS impervious_fraction,spatial blocks,unweighted,14,17,31.575,119.175,Jiangsu,block fold 2,241,1895.7700,1887.7707,7.9993
OLS impervious_fraction,spatial blocks,unweighted,14,18,31.575,119.425,Jiangsu,block fold 2,134,1896.7100,1889.3361,7.3739
OLS impervious_fraction,spatial blocks,unweighted,14,19,31.575,119.675,Jiangsu,block fold 2,42,1893.3700,1895.3630,-1.9930
OLS impervious_fraction,spatial blocks,unweighted,14,20,31.575,119.925,Jiangsu,block fold 3,32,1907.0900,1903.0267,4.0633
OLS impervious_fraction,spatial blocks,unweighted,14,21,31.575,120.175,Jiangsu,block fold 3,50,1895.8600,1912.3613,-16.5013
OLS impervious_fraction,spatial blocks,unweighted,14,22,31.575,120.425,Jiangsu,block fold 3,66,1891.4000,1918.9735,-27.5735
OLS impervious_fraction,spatial blocks,unweighted,14,23,31.575,120.675,Jiangsu,block fold 3,18,1890.1400,1907.8494,-17.7094
OLS impervious_fraction,spatial blocks,unweighted,14,24,31.575,120.925,Jiangsu,block fold 3,71,1888.8100,1905.6792,-16.8692
OLS impervious_fraction,spatial blocks,unweighted,14,25,31.575,121.175,Jiangsu,block fold 3,58,1896.1500,1906.2342,-10.0842
OLS impervious_fraction,spatial blocks,unweighted,14,26,31.575,121.425,Shanghai,block fold 3,9,1894.7900,1894.3774,0.4126
OLS impervious_fraction,spatial blocks,unweighted,14,27,31.575,121.675,Shanghai,block fold 3,1,1865.5500,1894.6993,-29.1493
OLS impervious_fraction,spatial blocks,unweighted,14,29,31.575,122.175,Outside,block fold 3,1,1856.6500,1884.8136,-28.1636
OLS impervious_fraction,spatial blocks,unweighted,14,30,31.575,122.425,Outside,block fold 3,10,1844.6300,1884.8136,-40.1836
OLS impervious_fraction,spatial blocks,unweighted,15,0,31.325,114.925,Outside,block fold 3,228,1885.1700,1886.1688,-0.9988
OLS impervious_fraction,spatial blocks,unweighted,15,1,31.325,115.175,Outside,block fold 3,74,1887.7000,1885.9807,1.7193
OLS impervious_fraction,spatial blocks,unweighted,15,3,31.325,115.675,Anhui,block fold 3,1,1914.8500,1884.9060,29.9440
OLS impervious_fraction,spatial blocks,unweighted,15,5,31.325,116.175,Anhui,block fold 2,27,1888.3200,1885.0200,3.3000
OLS impervious_fraction,spatial blocks,unweighted,15,6,31.325,116.425,Anhui,block fold 2,82,1887.0000,1886.0654,0.9346
OLS impervious_fraction,spatial blocks,unweighted,15,7,31.325,116.675,Anhui,block fold 2,164,1889.4300,1885.9383,3.4917
OLS impervious_fraction,spatial blocks,unweighted,15,8,31.325,116.925,Anhui,block fold 1,203,1890.8200,1887.4623,3.3577
OLS impervious_fraction,spatial blocks,unweighted,15,9,31.325,117.175,Anhui,block fold 1,233,1891.2900,1890.1480,1.1420
OLS impervious_fraction,spatial blocks,unweighted,15,10,31.325,117.425,Anhui,block fold 1,209,1891.1700,1887.8942,3.2758
OLS impervious_fraction,spatial blocks,unweighted,15,11,31.325,117.675,Anhui,block fold 1,220,1894.1400,1885.0907,9.0493
OLS impervious_fraction,spatial blocks,unweighted,15,12,31.325,117.925,Anhui,block fold 2,201,1895.3900,1886.9823,8.4077
OLS impervious_fraction,spatial blocks,unweighted,15,13,31.325,118.175,Anhui,block fold 2,128,1895.8000,1890.3522,5.4478
OLS impervious_fraction,spatial blocks,unweighted,15,14,31.325,118.425,Anhui,block fold 2,159,1897.3500,1896.1031,1.2469
OLS impervious_fraction,spatial blocks,unweighted,15,15,31.325,118.675,Anhui,block fold 2,247,1893.4000,1887.3502,6.0498
OLS impervious_fraction,spatial blocks,unweighted,15,16,31.325,118.925,Jiangsu,block fold 2,43,1893.9300,1890.2702,3.6598
OLS impervious_fraction,spatial blocks,unweighted,15,17,31.325,119.175,Jiangsu,block fold 2,208,1890.2700,1887.6539,2.6161
OLS impervious_fraction,spatial blocks,unweighted,15,18,31.325,119.425,Jiangsu,block fold 2,173,1890.4500,1890.4952,-0.0452
OLS impervious_fraction,spatial blocks,unweighted,15,19,31.325,119.675,Jiangsu,block fold 2,93,1896.0400,1892.6159,3.4241
OLS impervious_fraction,spatial blocks,unweighted,15,20,31.325,119.925,Jiangsu,block fold 3,15,1893.6800,1898.3887,-4.7087
OLS impervious_fraction,spatial blocks,unweighted,15,21,31.325,120.175,Jiangsu,block fold 3,2,1946.6000,1886.3650,60.2350
OLS impervious_fraction,spatial blocks,unweighted,15,22,31.325,120.425,Jiangsu,block fold 3,14,1902.2700,1906.1440,-3.8740
OLS impervious_fraction,spatial blocks,unweighted,15,23,31.325,120.675,Jiangsu,block fold 3,24,1898.8300,1916.7887,-17.9587
OLS impervious_fraction,spatial blocks,unweighted,15,24,31.325,120.925,Jiangsu,block fold 3,31,1895.5300,1911.3858,-15.8558
OLS impervious_fraction,spatial blocks,unweighted,15,25,31.325,121.175,Shanghai,block fold 3,97,1894.4500,1918.9654,-24.5154
OLS impervious_fraction,spatial blocks,unweighted,15,26,31.325,121.425,Shanghai,block fold 3,49,1897.3600,1926.2527,-28.8927
OLS impervious_fraction,spatial blocks,unweighted,15,27,31.325,121.675,Shanghai,block fold 3,6,1884.5100,1905.8117,-21.3017
OLS impervious_fraction,spatial blocks,unweighted,15,29,31.325,122.175,Outside,block fold 3,3,1854.1000,1884.8136,-30.7136
OLS impervious_fraction,spatial blocks,unweighted,15,30,31.325,122.425,Outside,block fold 3,8,1844.3500,1884.8136,-40.4636
OLS impervious_fraction,spatial blocks,unweighted,16,0,31.075,114.925,Outside,block fold 4,170,1891.9000,1889.9261,1.9739
OLS impervious_fraction,spatial blocks,unweighted,16,1,31.075,115.175,Outside,block fold 4,21,1887.8400,1884.5565,3.2835
OLS impervious_fraction,spatial blocks,unweighted,16,2,31.075,115.425,Anhui,block fold 4,26,1881.6200,1883.9056,-2.2856
OLS impervious_fraction,spatial blocks,unweighted,16,8,31.075,116.925,Anhui,block fold 1,86,1891.8500,1888.1177,3.7323
OLS impervious_fraction,spatial blocks,unweighted,16,9,31.075,117.175,Anhui,block fold 1,220,1892.6300,1888.1815,4.4485
OLS impervious_fraction,spatial blocks,unweighted,16,10,31.075,117.425,Anhui,block fold 1,179,1892.3300,1886.4166,5.9134
OLS impervious_fraction,spatial blocks,unweighted,16,11,31.075,117.675,Anhui,block fold 1,152,1892.8800,1885.7953,7.0847
OLS impervious_fraction,spatial blocks,unweighted,16,12,31.075,117.925,Anhui,block fold 1,96,1898.2900,1889.0028,9.2872
OLS impervious_fraction,spatial blocks,unweighted,16,13,31.075,118.175,Anhui,block fold 1,197,1893.5000,1887.6660,5.8340
OLS impervious_fraction,spatial blocks,unweighted,16,14,31.075,118.425,Anhui,block fold 1,258,1894.8000,1885.9175,8.8825
OLS impervious_fraction,spatial blocks,unweighted,16,15,31.075,118.675,Anhui,block fold 1,190,1894.8100,1889.2654,5.5446
OLS impervious_fraction,spatial blocks,unweighted,16,16,31.075,118.925,Anhui,block fold 4,44,1898.0500,1884.5139,13.5361
OLS impervious_fraction,spatial blocks,unweighted,16,17,31.075,119.175,Anhui,block fold 4,156,1889.9600,1885.5102,4.4498
OLS impervious_fraction,spatial blocks,unweighted,16,18,31.075,119.425,Anhui,block fold 4,181,1890.3900,1885.2580,5.1320
OLS impervious_fraction,spatial blocks,unweighted,16,19,31.075,119.675,Zhejiang,block fold 4,40,1903.7000,1888.2260,15.4740
OLS impervious_fraction,spatial blocks,unweighted,16,20,31.075,119.925,Zhejiang,block fold 1,39,1897.6600,1893.1684,4.4916
OLS impervious_fraction,spatial blocks,unweighted,16,21,31.075,120.175,Jiangsu,block fold 1,5,1904.8000,1885.0834,19.7166
OLS impervious_fraction,spatial blocks,unweighted,16,23,31.075,120.675,Jiangsu,block fold 1,24,1906.7500,1898.7790,7.9710
OLS impervious_fraction,spatial blocks,unweighted,16,24,31.075,120.925,Jiangsu,block fold 0,25,1899.4100,1893.7113,5.6987
OLS impervious_fraction,spatial blocks,unweighted,16,25,31.075,121.175,Shanghai,block fold 0,90,1899.4400,1903.4943,-4.0543
OLS impervious_fraction,spatial blocks,unweighted,16,26,31.075,121.425,Shanghai,block fold 0,46,1902.9500,1912.4433,-9.4933
OLS impervious_fraction,spatial blocks,unweighted,16,27,31.075,121.675,Shanghai,block fold 0,62,1901.7800,1908.4186,-6.6386
OLS impervious_fraction,spatial blocks,unweighted,16,28,31.075,121.925,Shanghai,block fold 1,3,1899.6300,1887.9607,11.6693
OLS impervious_fraction,spatial blocks,unweighted,16,29,31.075,122.175,Outside,block fold 1,11,1858.6300,1884.1067,-25.4767
OLS impervious_fraction,spatial blocks,unweighted,16,30,31.075,122.425,Outside,block fold 1,12,1849.2700,1884.1067,-34.8367
OLS impervious_fraction,spatial blocks,unweighted,17,0,30.825,114.925,Outside,block fold 4,176,1888.6400,1886.3010,2.3390
OLS impervious_fraction,spatial blocks,unweighted,17,1,30.825,115.175,Outside,block fold 4,100,1890.2900,1885.1196,5.1704
OLS impervious_fraction,spatial blocks,unweighted,17,2,30.825,115.425,Outside,block fold 4,45,1889.5300,1884.8889,4.6411
OLS impervious_fraction,spatial blocks,unweighted,17,3,30.825,115.675,Anhui,block fold 4,35,1890.1300,1884.3343,5.7957
OLS impervious_fraction,spatial blocks,unweighted,17,6,30.825,116.425,Anhui,block fold 3,2,1880.1000,1885.5716,-5.4716
OLS impervious_fraction,spatial blocks,unweighted,17,7,30.825,116.675,Anhui,block fold 3,119,1891.3200,1887.9379,3.3821
OLS impervious_fraction,spatial blocks,unweighted,17,8,30.825,116.925,Anhui,block fold 1,145,1894.0600,1888.5653,5.4947
OLS impervious_fraction,spatial blocks,unweighted,17,9,30.825,117.175,Anhui,block fold 1,26,1897.6000,1887.0340,10.5660
OLS impervious_fraction,spatial blocks,unweighted,17,10,30.825,117.425,Anhui,block fold 1,42,1895.8100,1886.5753,9.2347
OLS impervious_fraction,spatial blocks,unweighted,17,11,30.825,117.675,Anhui,block fold 1,65,1898.3200,1887.2621,11.0579
OLS impervious_fraction,spatial blocks,unweighted,17,12,30.825,117.925,Anhui,block fold 1,118,1894.6400,1886.7710,7.8690
OLS impervious_fraction,spatial blocks,unweighted,17,13,30.825,118.175,Anhui,block fold 1,169,1893.8500,1884.8590,8.9910
OLS impervious_fraction,spatial blocks,unweighted,17,14,30.825,118.425,Anhui,block fold 1,189,1898.1600,1886.1199,12.0401
OLS impervious_fraction,spatial blocks,unweighted,17,15,30.825,118.675,Anhui,block fold 1,151,1895.9400,1886.3720,9.5680
OLS impervious_fraction,spatial blocks,unweighted,17,16,30.825,118.925,Anhui,block fold 4,150,1889.3000,1884.9578,4.3422
OLS impervious_fraction,spatial blocks,unweighted,17,17,30.825,119.175,Anhui,block fold 4,135,1889.1000,1883.7937,5.3063
OLS impervious_fraction,spatial blocks,unweighted,17,18,30.825,119.425,Anhui,block fold 4,90,1893.1500,1886.9773,6.1727
OLS impervious_fraction,spatial blocks,unweighted,17,19,30.825,119.675,Zhejiang,block fold 4,153,1894.0300,1890.6889,3.3411
OLS impervious_fraction,spatial blocks,unweighted,17,20,30.825,119.925,Zhejiang,block fold 1,100,1899.0200,1892.4196,6.6004
OLS impervious_fraction,spatial blocks,unweighted,17,21,30.825,120.175,Zhejiang,block fold 1,92,1899.3200,1897.9395,1.3805
OLS impervious_fraction,spatial blocks,unweighted,17,22,30.825,120.425,Zhejiang,block fold 1,103,1901.7100,1898.0282,3.6818
OLS impervious_fraction,spatial blocks,unweighted,17,23,30.825,120.675,Zhejiang,block fold 1,110,1899.1400,1900.5652,-1.4252
OLS impervious_fraction,spatial blocks,unweighted,17,24,30.825,120.925,Zhejiang,block fold 0,111,1901.2300,1898.7134,2.5166
OLS impervious_fraction,spatial blocks,unweighted,17,25,30.825,121.175,Shanghai,block fold 0,117,1897.1200,1895.3336,1.7864
OLS impervious_fraction,spatial blocks,unweighted,17,26,30.825,121.425,Shanghai,block fold 0,34,1899.0700,1898.0564,1.0136
OLS impervious_fraction,spatial blocks,unweighted,17,27,30.825,121.675,Shanghai,block fold 0,10,1892.5800,1891.7730,0.8070
OLS impervious_fraction,spatial blocks,unweighted,17,29,30.825,122.175,Outside,block fold 1,4,1859.4200,1884.1067,-24.6867
OLS impervious_fraction,spatial blocks,unweighted,17,30,30.825,122.425,Zhejiang,block fold 1,6,1858.6200,1884.4070,-25.7870
OLS impervious_fraction,spatial blocks,unweighted,18,0,30.575,114.925,Outside,block fold 4,89,1894.9300,1890.5236,4.4064
OLS impervious_fraction,spatial blocks,unweighted,18,1,30.575,115.175,Outside,block fold 4,196,1889.9700,1887.2225,2.7475
OLS impervious_fraction,spatial blocks,unweighted,18,2,30.575,115.425,Outside,block fold 4,147,1888.0000,1884.9833,3.0167
OLS impervious_fraction,spatial blocks,unweighted,18,3,30.575,115.675,Anhui,block fold 4,32,1886.4900,1883.6769,2.8131
OLS impervious_fraction,spatial blocks,unweighted,18,4,30.575,115.925,Anhui,block fold 3,4,1871.5800,1885.0458,-13.4658
OLS impervious_fraction,spatial blocks,unweighted,18,5,30.575,116.175,Anhui,block fold 3,8,1865.1200,1885.0463,-19.9263
OLS impervious_fraction,spatial blocks,unweighted,18,6,30.575,116.425,Anhui,block fold 3,124,1895.4800,1887.8247,7.6553
OLS impervious_fraction,spatial blocks,unweighted,18,7,30.575,116.675,Anhui,block fold 3,262,1891.9400,1889.8496,2.0904
OLS impervious_fraction,spatial blocks,unweighted,18,8,30.575,116.925,Anhui,block fold 1,131,1893.8800,1890.5496,3.3304
OLS impervious_fraction,spatial blocks,unweighted,18,9,30.575,117.175,Anhui,block fold 1,9,1891.4900,1891.4325,0.0575
OLS impervious_fraction,spatial blocks,unweighted,18,10,30.575,117.425,Anhui,block fold 1,77,1907.6900,1887.6633,20.0267
OLS impervious_fraction,spatial blocks,unweighted,18,11,30.575,117.675,Anhui,block fold 1,49,1906.7800,1885.0308,21.7492
OLS impervious_fraction,spatial blocks,unweighted,18,12,30.575,117.925,Anhui,block fold 1,52,1895.6400,1885.1425,10.4975
OLS impervious_fraction,spatial blocks,unweighted,18,13,30.575,118.175,Anhui,block fold 1,31,1887.0700,1884.4086,2.6614
OLS impervious_fraction,spatial blocks,unweighted,18,14,30.575,118.425,Anhui,block fold 1,38,1892.1800,1885.1768,7.0032
OLS impervious_fraction,spatial blocks,unweighted,18,15,30.575,118.675,Anhui,block fold 1,7,1883.9200,1884.1444,-0.2244
OLS impervious_fraction,spatial blocks,unweighted,18,16,30.575,118.925,Anhui,block fold 4,97,1888.0700,1886.1418,1.9282
OLS impervious_fraction,spatial blocks,unweighted,18,17,30.575,119.175,Anhui,block fold 4,61,1883.0000,1883.7512,-0.7512
OLS impervious_fraction,spatial blocks,unweighted,18,18,30.575,119.425,Zhejiang,block fold 4,39,1885.5600,1884.4405,1.1195
OLS impervious_fraction,spatial blocks,unweighted,18,19,30.575,119.675,Zhejiang,block fold 4,57,1885.8500,1890.4598,-4.6098
OLS impervious_fraction,spatial blocks,unweighted,18,20,30.575,119.925,Zhejiang,block fold 1,57,1895.7600,1890.3968,5.3632
OLS impervious_fraction,spatial blocks,unweighted,18,21,30.575,120.175,Zhejiang,block fold 1,107,1896.3500,1898.2065,-1.8565
OLS impervious_fraction,spatial blocks,unweighted,18,22,30.575,120.425,Zhejiang,block fold 1,119,1900.6100,1900.6676,-0.0576
OLS impervious_fraction,spatial blocks,unweighted,18,23,30.575,120.675,Zhejiang,block fold 1,102,1906.1400,1900.5506,5.5894
OLS impervious_fraction,spatial blocks,unweighted,18,24,30.575,120.925,Zhejiang,block fold 0,60,1899.3800,1895.1756,4.2044
OLS impervious_fraction,spatial blocks,unweighted,18,25,30.575,121.175,Zhejiang,block fold 0,2,1911.7500,1888.6476,23.1024
OLS impervious_fraction,spatial blocks,unweighted,18,26,30.575,121.425,Shanghai,block fold 0,10,1868.2900,1885.2936,-17.0036
OLS impervious_fraction,spatial blocks,unweighted,18,27,30.575,121.675,Outside,block fold 0,5,1914.1400,1885.2830,28.8570
OLS impervious_fraction,spatial blocks,unweighted,18,28,30.575,121.925,Outside,block fold 1,3,1886.5900,1884.1511,2.4389
OLS impervious_fraction,spatial blocks,unweighted,18,29,30.575,122.175,Zhejiang,block fold 1,1,1944.9100,1884.6255,60.2845
OLS impervious_fraction,spatial blocks,unweighted,18,30,30.575,122.425,Zhejiang,block fold 1,1,1853.8100,1884.2541,-30.4441
OLS impervious_fraction,spatial blocks,unweighted,19,0,30.325,114.925,Outside,block fold 4,38,1900.5900,1894.1148,6.4752
OLS impervious_fraction,spatial blocks,unweighted,19,1,30.325,115.175,Outside,block fold 4,77,1892.4000,1888.2062,4.1938
OLS impervious_fraction,spatial blocks,unweighted,19,2,30.325,115.425,Outside,block fold 4,172,1892.0200,1886.2337,5.7863
OLS impervious_fraction,spatial blocks,unweighted,19,3,30.325,115.675,Outside,block fold 4,67,1887.4200,1884.5034,2.9166
OLS impervious_fraction,spatial blocks,unweighted,19,4,30.325,115.925,Anhui,block fold 3,18,1892.6100,1884.9605,7.6495
OLS impervious_fraction,spatial blocks,unweighted,19,5,30.325,116.175,Anhui,block fold 3,136,1894.2700,1885.9778,8.2922
OLS impervious_fraction,spatial blocks,unweighted,19,6,30.325,116.425,Anhui,block fold 3,162,1895.3500,1887.3875,7.9625
OLS impervious_fraction,spatial blocks,unweighted,19,7,30.325,116.675,Anhui,block fold 3,65,1896.2400,1888.1722,8.0678
OLS impervious_fraction,spatial blocks,unweighted,19,8,30.325,116.925,Anhui,block fold 1,42,1903.0800,1885.7752,17.3048
OLS impervious_fraction,spatial blocks,unweighted,19,9,30.325,117.175,Anhui,block fold 1,78,1899.8900,1885.0690,14.8210
OLS impervious_fraction,spatial blocks,unweighted,19,10,30.325,117.425,Anhui,block fold 1,14,1897.5100,1884.6875,12.8225
OLS impervious_fraction,spatial blocks,unweighted,19,11,30.325,117.675,Anhui,block fold 1,5,1887.6000,1884.1672,3.4328
OLS impervious_fraction,spatial blocks,unweighted,19,12,30.325,117.925,Anhui,block fold 1,2,1864.8100,1884.3107,-19.5007
OLS impervious_fraction,spatial blocks,unweighted,19,13,30.325,118.175,Anhui,block fold 1,12,1879.3600,1884.8432,-5.4832
OLS impervious_fraction,spatial blocks,unweighted,19,14,30.325,118.425,Anhui,block fold 1,9,1884.9500,1884.5744,0.3756
OLS impervious_fraction,spatial blocks,unweighted,19,15,30.325,118.675,Anhui,block fold 1,9,1875.5200,1884.2747,-8.7547
OLS impervious_fraction,spatial blocks,unweighted,19,16,30.325,118.925,Anhui,block fold 4,7,1880.3100,1883.6363,-3.3263
OLS impervious_fraction,spatial blocks,unweighted,19,17,30.325,119.175,Anhui,block fold 4,9,1874.0200,1883.5948,-9.5748
OLS impervious_fraction,spatial blocks,unweighted,19,18,30.325,119.425,Zhejiang,block fold 4,33,1884.8000,1883.8511,0.9489
OLS impervious_fraction,spatial blocks,unweighted,19,19,30.325,119.675,Zhejiang,block fold 4,48,1894.7300,1887.3221,7.4079
OLS impervious_fraction,spatial blocks,unweighted,19,20,30.325,119.925,Zhejiang,block fold 1,108,1896.9000,1895.6320,1.2680
OLS impervious_fraction,spatial blocks,unweighted,19,21,30.325,120.175,Zhejiang,block fold 1,60,1910.2100,1911.6403,-1.4303
OLS impervious_fraction,spatial blocks,unweighted,19,22,30.325,120.425,Zhejiang,block fold 1,17,1907.6400,1905.8460,1.7940
OLS impervious_fraction,spatial blocks,unweighted,19,23,30.325,120.675,Zhejiang,block fold 1,2,1916.0500,1889.6719,26.3781
OLS impervious_fraction,spatial blocks,unweighted,19,24,30.325,120.925,Zhejiang,block fold 0,2,1881.7500,1887.6268,-5.8768
OLS impervious_fraction,spatial blocks,unweighted,19,25,30.325,121.175,Zhejiang,block fold 0,15,1896.8600,1894.9000,1.9600
OLS impervious_fraction,spatial blocks,unweighted,19,26,30.325,121.425,Zhejiang,block fold 0,6,1900.4000,1888.7157,11.6843
OLS impervious_fraction,spatial blocks,unweighted,19,27,30.325,121.675,Outside,block fold 0,4,1897.8600,1885.2793,12.5807
OLS impervious_fraction,spatial blocks,unweighted,19,28,30.325,121.925,Outside,block fold 1,3,1864.0900,1884.2433,-20.1533
OLS impervious_fraction,spatial blocks,unweighted,19,29,30.325,122.175,Zhejiang,block fold 1,3,1895.4500,1886.2670,9.1830
OLS impervious_fraction,spatial blocks,unweighted,20,0,30.075,114.925,Outside,block fold 2,74,1897.8300,1892.6510,5.1790
OLS impervious_fraction,spatial blocks,unweighted,20,1,30.075,115.175,Outside,block fold 2,3,1905.7000,1887.8641,17.8359
OLS impervious_fraction,spatial blocks,unweighted,20,2,30.075,115.425,Outside,block fold 2,77,1895.1300,1886.2412,8.8888
OLS impervious_fraction,spatial blocks,unweighted,20,3,30.075,115.675,Outside,block fold 2,67,1893.3700,1885.6712,7.6988
OLS impervious_fraction,spatial blocks,unweighted,20,4,30.075,115.925,Anhui,block fold 1,80,1899.7100,1885.9864,13.7236
OLS impervious_fraction,spatial blocks,unweighted,20,5,30.075,116.175,Anhui,block fold 1,63,1894.9600,1885.4943,9.4657
OLS impervious_fraction,spatial blocks,unweighted,20,6,30.075,116.425,Anhui,block fold 1,5,1924.2300,1884.4801,39.7499
OLS impervious_fraction,spatial blocks,unweighted,20,7,30.075,116.675,Anhui,block fold 1,29,1905.1200,1886.3050,18.8150
OLS impervious_fraction,spatial blocks,unweighted,20,8,30.075,116.925,Anhui,block fold 2,40,1895.9200,1885.6225,10.2975
OLS impervious_fraction,spatial blocks,unweighted,20,9,30.075,117.175,Anhui,block fold 2,16,1888.5000,1884.6139,3.8861
OLS impervious_fraction,spatial blocks,unweighted,20,10,30.075,117.425,Anhui,block fold 2,1,1875.5700,1884.5671,-8.9971
OLS impervious_fraction,spatial blocks,unweighted,20,11,30.075,117.675,Anhui,block fold 2,3,1876.2300,1884.5692,-8.3392
OLS impervious_fraction,spatial blocks,unweighted,20,12,30.075,117.925,Anhui,block fold 4,11,1893.4200,1883.6281,9.7919
OLS impervious_fraction,spatial blocks,unweighted,20,14,30.075,118.425,Anhui,block fold 4,24,1887.5100,1883.8075,3.7025
OLS impervious_fraction,spatial blocks,unweighted,20,15,30.075,118.675,Anhui,block fold 4,9,1887.7100,1884.6570,3.0530
OLS impervious_fraction,spatial blocks,unweighted,20,17,30.075,119.175,Zhejiang,block fold 2,18,1886.3100,1885.0575,1.2525
OLS impervious_fraction,spatial blocks,unweighted,20,18,30.075,119.425,Zhejiang,block fold 2,17,1892.4800,1885.2740,7.2060
OLS impervious_fraction,spatial blocks,unweighted,20,19,30.075,119.675,Zhejiang,block fold 2,34,1895.0600,1886.3029,8.7571
OLS impervious_fraction,spatial blocks,unweighted,20,20,30.075,119.925,Zhejiang,block fold 0,26,1908.5100,1891.8101,16.6999
OLS impervious_fraction,spatial blocks,unweighted,20,21,30.075,120.175,Zhejiang,block fold 0,34,1903.1400,1899.3361,3.8039
OLS impervious_fraction,spatial blocks,unweighted,20,22,30.075,120.425,Zhejiang,block fold 0,80,1904.3500,1900.4926,3.8574
OLS impervious_fraction,spatial blocks,unweighted,20,23,30.075,120.675,Zhejiang,block fold 0,76,1907.0200,1896.5045,10.5155
OLS impervious_fraction,spatial blocks,unweighted,20,24,30.075,120.925,Zhejiang,block fold 0,66,1904.6100,1895.4176,9.1924
OLS impervious_fraction,spatial blocks,unweighted,20,25,30.075,121.175,Zhejiang,block fold 0,67,1901.1500,1899.7443,1.4057
OLS impervious_fraction,spatial blocks,unweighted,20,26,30.075,121.425,Zhejiang,block fold 0,49,1900.0900,1894.0691,6.0209
OLS impervious_fraction,spatial blocks,unweighted,20,27,30.075,121.675,Zhejiang,block fold 0,3,1912.0500,1891.1062,20.9438
OLS impervious_fraction,spatial blocks,unweighted,20,30,30.075,122.425,Zhejiang,block fold 0,1,1860.3100,1885.7101,-25.4001
OLS impervious_fraction,spatial blocks,unweighted,21,0,29.825,114.925,Outside,block fold 2,20,1891.5600,1885.0437,6.5163
OLS impervious_fraction,spatial blocks,unweighted,21,1,29.825,115.175,Outside,block fold 2,60,1893.1800,1887.1152,6.0648
OLS impervious_fraction,spatial blocks,unweighted,21,2,29.825,115.425,Outside,block fold 2,10,1895.1600,1887.4217,7.7383
OLS impervious_fraction,spatial blocks,unweighted,21,3,29.825,115.675,Outside,block fold 2,7,1893.4300,1888.4059,5.0241
OLS impervious_fraction,spatial blocks,unweighted,21,4,29.825,115.925,Outside,block fold 1,37,1898.1500,1889.1923,8.9577
OLS impervious_fraction,spatial blocks,unweighted,21,6,29.825,116.425,Anhui,block fold 1,51,1892.4600,1886.2948,6.1652
OLS impervious_fraction,spatial blocks,unweighted,21,7,29.825,116.675,Anhui,block fold 1,95,1893.9000,1885.1447,8.7553
OLS impervious_fraction,spatial blocks,unweighted,21,8,29.825,116.925,Anhui,block fold 2,70,1887.9700,1884.6165,3.3535
OLS impervious_fraction,spatial blocks,unweighted,21,9,29.825,117.175,Anhui,block fold 2,94,1889.9200,1884.5826,5.3374
OLS impervious_fraction,spatial blocks,unweighted,21,10,29.825,117.425,Anhui,block fold 2,118,1888.8000,1884.5754,4.2246
OLS impervious_fraction,spatial blocks,unweighted,21,11,29.825,117.675,Anhui,block fold 2,79,1892.5900,1884.9232,7.6668
OLS impervious_fraction,spatial blocks,unweighted,21,12,29.825,117.925,Anhui,block fold 4,106,1886.6500,1883.9486,2.7014
OLS impervious_fraction,spatial blocks,unweighted,21,13,29.825,118.175,Anhui,block fold 4,97,1891.0100,1886.1206,4.8894
OLS impervious_fraction,spatial blocks,unweighted,21,14,29.825,118.425,Anhui,block fold 4,121,1890.2100,1887.1355,3.0745
OLS impervious_fraction,spatial blocks,unweighted,21,15,29.825,118.675,Anhui,block fold 4,12,1888.7400,1883.9192,4.8208
OLS impervious_fraction,spatial blocks,unweighted,21,17,29.825,119.175,Zhejiang,block fold 2,2,1898.6400,1884.7532,13.8868
OLS impervious_fraction,spatial blocks,unweighted,21,19,29.825,119.675,Zhejiang,block fold 2,11,1895.3000,1888.6103,6.6897
OLS impervious_fraction,spatial blocks,unweighted,21,21,29.825,120.175,Zhejiang,block fold 0,55,1907.2000,1892.4377,14.7623
OLS impervious_fraction,spatial blocks,unweighted,21,22,29.825,120.425,Zhejiang,block fold 0,71,1907.9300,1889.1915,18.7385
OLS impervious_fraction,spatial blocks,unweighted,21,23,29.825,120.675,Zhejiang,block fold 0,11,1909.0000,1886.6116,22.3884
OLS impervious_fraction,spatial blocks,unweighted,21,24,29.825,120.925,Zhejiang,block fold 0,49,1902.3700,1886.8070,15.5630
OLS impervious_fraction,spatial blocks,unweighted,21,25,29.825,121.175,Zhejiang,block fold 0,2,1943.6800,1885.8059,57.8741
OLS impervious_fraction,spatial blocks,unweighted,21,26,29.825,121.425,Zhejiang,block fold 0,76,1897.0400,1898.3756,-1.3356
OLS impervious_fraction,spatial blocks,unweighted,21,27,29.825,121.675,Zhejiang,block fold 0,26,1907.9300,1899.3317,8.5983
OLS impervious_fraction,spatial blocks,unweighted,21,30,29.825,122.425,Zhejiang,block fold 0,1,1879.6600,1886.0735,-6.4135
OLS impervious_fraction,spatial blocks,unweighted,22,0,29.575,114.925,Outside,block fold 2,21,1891.5200,1884.9449,6.5751
OLS impervious_fraction,spatial blocks,unweighted,22,1,29.575,115.175,Outside,block fold 2,7,1882.2100,1884.5751,-2.3651
OLS impervious_fraction,spatial blocks,unweighted,22,2,29.575,115.425,Outside,block fold 2,3,1891.9900,1884.5837,7.4063
OLS impervious_fraction,spatial blocks,unweighted,22,3,29.575,115.675,Outside,block fold 2,84,1899.8100,1886.2270,13.5830
OLS impervious_fraction,spatial blocks,unweighted,22,4,29.575,115.925,Outside,block fold 1,31,1892.6400,1889.0880,3.5520
OLS impervious_fraction,spatial blocks,unweighted,22,5,29.575,116.175,Outside,block fold 1,10,1889.3900,1885.6062,3.7838
OLS impervious_fraction,spatial blocks,unweighted,22,6,29.575,116.425,Outside,block fold 1,134,1892.8900,1884.8600,8.0300
OLS impervious_fraction,spatial blocks,unweighted,22,7,29.575,116.675,Anhui,block fold 1,203,1893.3900,1884.5495,8.8405
OLS impervious_fraction,spatial blocks,unweighted,22,8,29.575,116.925,Anhui,block fold 2,121,1892.3800,1884.6384,7.7416
OLS impervious_fraction,spatial blocks,unweighted,22,9,29.575,117.175,Outside,block fold 2,108,1885.9000,1884.5848,1.3152
OLS impervious_fraction,spatial blocks,unweighted,22,10,29.575,117.425,Anhui,block fold 2,65,1889.4800,1884.6284,4.8516
OLS impervious_fraction,spatial blocks,unweighted,22,13,29.575,118.175,Anhui,block fold 4,54,1891.3700,1884.0716,7.2984
OLS impervious_fraction,spatial blocks,unweighted,22,14,29.575,118.425,Anhui,block fold 4,13,1883.0100,1883.9005,-0.8905
OLS impervious_fraction,spatial blocks,unweighted,22,15,29.575,118.675,Zhejiang,block fold 4,10,1898.4900,1883.9096,14.5804
OLS impervious_fraction,spatial blocks,unweighted,22,18,29.575,119.425,Zhejiang,block fold 2,11,1897.9200,1886.4594,11.4606
OLS impervious_fraction,spatial blocks,unweighted,22,19,29.575,119.675,Zhejiang,block fold 2,3,1903.3500,1884.8047,18.5453
OLS impervious_fraction,spatial blocks,unweighted,22,20,29.575,119.925,Zhejiang,block fold 0,23,1899.3200,1887.7113,11.6087
OLS impervious_fraction,spatial blocks,unweighted,22,21,29.575,120.175,Zhejiang,block fold 0,61,1901.5500,1889.4455,12.1045
OLS impervious_fraction,spatial blocks,unweighted,22,22,29.575,120.425,Zhejiang,block fold 0,26,1902.7100,1885.7630,16.9470
OLS impervious_fraction,spatial blocks,unweighted,22,23,29.575,120.675,Zhejiang,block fold 0,37,1904.1800,1887.2577,16.9223
OLS impervious_fraction,spatial blocks,unweighted,22,24,29.575,120.925,Zhejiang,block fold 0,61,1902.9500,1890.5653,12.3847
OLS impervious_fraction,spatial blocks,unweighted,22,26,29.575,121.425,Zhejiang,block fold 0,12,1901.2200,1889.6127,11.6073
OLS impervious_fraction,spatial blocks,unweighted,22,27,29.575,121.675,Zhejiang,block fold 0,1,1862.0700,1887.4414,-25.3714
OLS impervious_fraction,spatial blocks,unweighted,22,29,29.575,122.175,Zhejiang,block fold 0,1,1844.0100,1885.4180,-41.4080
OLS impervious_fraction,spatial blocks,unweighted,22,30,29.575,122.425,Outside,block fold 0,32,1852.7400,1885.2793,-32.5393
OLS impervious_fraction,spatial blocks,unweighted,23,0,29.325,114.925,Outside,block fold 2,37,1884.1000,1884.5909,-0.4909
OLS impervious_fraction,spatial blocks,unweighted,23,1,29.325,115.175,Outside,block fold 2,13,1890.9700,1886.0076,4.9624
OLS impervious_fraction,spatial blocks,unweighted,23,2,29.325,115.425,Outside,block fold 2,41,1891.0300,1884.7018,6.3282
OLS impervious_fraction,spatial blocks,unweighted,23,3,29.325,115.675,Outside,block fold 2,165,1897.6200,1887.0204,10.5996
OLS impervious_fraction,spatial blocks,unweighted,23,4,29.325,115.925,Outside,block fold 1,36,1894.8600,1885.9890,8.8710
OLS impervious_fraction,spatial blocks,unweighted,23,5,29.325,116.175,Outside,block fold 1,3,1858.8100,1885.9231,-27.1131
OLS impervious_fraction,spatial blocks,unweighted,23,6,29.325,116.425,Outside,block fold 1,81,1896.9100,1885.3221,11.5879
OLS impervious_fraction,spatial blocks,unweighted,23,7,29.325,116.675,Outside,block fold 1,68,1893.0400,1885.3749,7.6651
OLS impervious_fraction,spatial blocks,unweighted,23,8,29.325,116.925,Outside,block fold 2,171,1890.6700,1885.1419,5.5281
OLS impervious_fraction,spatial blocks,unweighted,23,9,29.325,117.175,Outside,block fold 2,179,1891.4300,1890.8058,0.6242
OLS impervious_fraction,spatial blocks,unweighted,23,10,29.325,117.425,Outside,block fold 2,109,1886.5300,1884.8541,1.6759
OLS impervious_fraction,spatial blocks,unweighted,23,11,29.325,117.675,Outside,block fold 2,165,1886.3800,1884.8185,1.5615
OLS impervious_fraction,spatial blocks,unweighted,23,12,29.325,117.925,Zhejiang,block fold 4,107,1885.6100,1884.8690,0.7410
OLS impervious_fraction,spatial blocks,unweighted,23,14,29.325,118.425,Zhejiang,block fold 4,1,1883.3600,1884.0820,-0.7220
OLS impervious_fraction,spatial blocks,unweighted,23,15,29.325,118.675,Zhejiang,block fold 4,18,1884.0900,1883.7973,0.2927
OLS impervious_fraction,spatial blocks,unweighted,23,17,29.325,119.175,Zhejiang,block fold 2,20,1889.3000,1886.2879,3.0121
OLS impervious_fraction,spatial blocks,unweighted,23,18,29.325,119.425,Zhejiang,block fold 2,79,1886.7300,1888.4096,-1.6796
OLS impervious_fraction,spatial blocks,unweighted,23,19,29.325,119.675,Zhejiang,block fold 2,19,1888.0100,1885.5402,2.4698
OLS impervious_fraction,spatial blocks,unweighted,23,20,29.325,119.925,Zhejiang,block fold 0,59,1897.5500,1893.3244,4.2256
OLS impervious_fraction,spatial blocks,unweighted,23,21,29.325,120.175,Zhejiang,block fold 0,44,1898.7800,1895.0003,3.7797
OLS impervious_fraction,spatial blocks,unweighted,23,22,29.325,120.425,Zhejiang,block fold 0,15,1900.3000,1887.6457,12.6543
OLS impervious_fraction,spatial blocks,unweighted,23,23,29.325,120.675,Zhejiang,block fold 0,6,1907.3400,1885.7428,21.5972
OLS impervious_fraction,spatial blocks,unweighted,23,24,29.325,120.925,Zhejiang,block fold 0,9,1889.6600,1885.9075,3.7525
OLS impervious_fraction,spatial blocks,unweighted,23,26,29.325,121.425,Zhejiang,block fold 0,7,1907.8300,1889.4103,18.4197
OLS impervious_fraction,spatial blocks,unweighted,23,27,29.325,121.675,Zhejiang,block fold 0,2,1880.6700,1887.2768,-6.6068
OLS impervious_fraction,spatial blocks,unweighted,23,29,29.325,122.175,Outside,block fold 0,10,1874.4700,1885.2793,-10.8093
OLS impervious_fraction,spatial blocks,unweighted,23,30,29.325,122.425,Outside,block fold 0,28,1861.9800,1885.2793,-23.2993
OLS impervious_fraction,spatial blocks,unweighted,24,0,29.075,114.925,Outside,block fold 0,21,1885.9000,1885.3241,0.5759
OLS impervious_fraction,spatial blocks,unweighted,24,2,29.075,115.425,Outside,block fold 0,4,1885.2600,1885.3497,-0.0897
OLS impervious_fraction,spatial blocks,unweighted,24,3,29.075,115.675,Outside,block fold 0,129,1895.3300,1886.3353,8.9947
OLS impervious_fraction,spatial blocks,unweighted,24,4,29.075,115.925,Outside,block fold 4,61,1903.4300,1885.2368,18.1932
OLS impervious_fraction,spatial blocks,unweighted,24,5,29.075,116.175,Outside,block fold 4,15,1916.6200,1883.6764,32.9436
OLS impervious_fraction,spatial blocks,unweighted,24,7,29.075,116.675,Outside,block fold 4,10,1897.8300,1886.4679,11.3621
OLS impervious_fraction,spatial blocks,unweighted,24,8,29.075,116.925,Outside,block fold 2,181,1892.6300,1886.2175,6.4125
OLS impervious_fraction,spatial blocks,unweighted,24,9,29.075,117.175,Outside,block fold 2,175,1892.1800,1886.7963,5.3837
OLS impervious_fraction,spatial blocks,unweighted,24,10,29.075,117.425,Outside,block fold 2,173,1888.8900,1885.2226,3.6674
OLS impervious_fraction,spatial blocks,unweighted,24,11,29.075,117.675,Outside,block fold 2,106,1886.2400,1886.1577,0.0823
OLS impervious_fraction,spatial blocks,unweighted,24,12,29.075,117.925,Zhejiang,block fold 0,79,1884.6500,1885.6724,-1.0224
OLS impervious_fraction,spatial blocks,unweighted,24,13,29.075,118.175,Zhejiang,block fold 0,7,1890.5000,1885.5217,4.9783
OLS impervious_fraction,spatial blocks,unweighted,24,14,29.075,118.425,Zhejiang,block fold 0,40,1885.2200,1886.8474,-1.6274
OLS impervious_fraction,spatial blocks,unweighted,24,15,29.075,118.675,Zhejiang,block fold 0,50,1887.4800,1885.9860,1.4940
OLS impervious_fraction,spatial blocks,unweighted,24,16,29.075,118.925,Zhejiang,block fold 1,108,1895.3600,1888.8647,6.4953
OLS impervious_fraction,spatial blocks,unweighted,24,17,29.075,119.175,Zhejiang,block fold 1,178,1889.1200,1889.6117,-0.4917
OLS impervious_fraction,spatial blocks,unweighted,24,18,29.075,119.425,Zhejiang,block fold 1,138,1887.2400,1889.8759,-2.6359
OLS impervious_fraction,spatial blocks,unweighted,24,19,29.075,119.675,Zhejiang,block fold 1,75,1893.3600,1893.7968,-0.4368
OLS impervious_fraction,spatial blocks,unweighted,24,20,29.075,119.925,Zhejiang,block fold 4,30,1898.2400,1887.3181,10.9219
OLS impervious_fraction,spatial blocks,unweighted,24,21,29.075,120.175,Zhejiang,block fold 4,42,1895.6800,1890.1040,5.5760
OLS impervious_fraction,spatial blocks,unweighted,24,22,29.075,120.425,Zhejiang,block fold 4,14,1900.0000,1885.9499,14.0501
OLS impervious_fraction,spatial blocks,unweighted,24,23,29.075,120.675,Zhejiang,block fold 4,3,1916.9700,1883.8481,33.1219
OLS impervious_fraction,spatial blocks,unweighted,24,24,29.075,120.925,Zhejiang,block fold 4,10,1897.1200,1886.5876,10.5324
OLS impervious_fraction,spatial blocks,unweighted,24,26,29.075,121.425,Zhejiang,block fold 4,1,1861.0300,1886.2017,-25.1717
OLS impervious_fraction,spatial blocks,unweighted,24,27,29.075,121.675,Zhejiang,block fold 4,2,1844.7800,1885.1428,-40.3628
OLS impervious_fraction,spatial blocks,unweighted,24,29,29.075,122.175,Outside,block fold 3,24,1882.2700,1884.8141,-2.5441
OLS impervious_fraction,spatial blocks,unweighted,24,30,29.075,122.425,Outside,block fold 3,22,1880.9600,1884.8136,-3.8536
OLS impervious_fraction,spatial blocks,unweighted,25,1,28.825,115.175,Outside,block fold 0,20,1892.4500,1885.3043,7.1457
OLS impervious_fraction,spatial blocks,unweighted,25,2,28.825,115.425,Outside,block fold 0,168,1897.5400,1886.8058,10.7342
OLS impervious_fraction,spatial blocks,unweighted,25,3,28.825,115.675,Outside,block fold 0,99,1898.5700,1887.2522,11.3178
OLS impervious_fraction,spatial blocks,unweighted,25,4,28.825,115.925,Outside,block fold 4,65,1907.7400,1892.3424,15.3976
OLS impervious_fraction,spatial blocks,unweighted,25,5,28.825,116.175,Outside,block fold 4,45,1903.7500,1884.6678,19.0822
OLS impervious_fraction,spatial blocks,unweighted,25,6,28.825,116.425,Outside,block fold 4,8,1899.5300,1884.3617,15.1683
OLS impervious_fraction,spatial blocks,unweighted,25,7,28.825,116.675,Outside,block fold 4,103,1898.2700,1885.7561,12.5139
OLS impervious_fraction,spatial blocks,unweighted,25,8,28.825,116.925,Outside,block fold 2,189,1895.4900,1886.4344,9.0556
OLS impervious_fraction,spatial blocks,unweighted,25,9,28.825,117.175,Outside,block fold 2,148,1892.3800,1886.0121,6.3679
OLS impervious_fraction,spatial blocks,unweighted,25,10,28.825,117.425,Outside,block fold 2,145,1889.1800,1885.1950,3.9850
OLS impervious_fraction,spatial blocks,unweighted,25,11,28.825,117.675,Outside,block fold 2,43,1885.4800,1885.3046,0.1754
OLS impervious_fraction,spatial blocks,unweighted,25,13,28.825,118.175,Zhejiang,block fold 0,15,1891.4200,1885.7486,5.6714
OLS impervious_fraction,spatial blocks,unweighted,25,14,28.825,118.425,Zhejiang,block fold 0,140,1888.0500,1887.5392,0.5108
OLS impervious_fraction,spatial blocks,unweighted,25,15,28.825,118.675,Zhejiang,block fold 0,92,1890.7000,1888.2135,2.4865
OLS impervious_fraction,spatial blocks,unweighted,25,16,28.825,118.925,Zhejiang,block fold 1,63,1899.9200,1889.1516,10.7684
OLS impervious_fraction,spatial blocks,unweighted,25,17,28.825,119.175,Zhejiang,block fold 1,6,1896.1900,1884.5075,11.6825
OLS impervious_fraction,spatial blocks,unweighted,25,19,28.825,119.675,Zhejiang,block fold 1,21,1892.0700,1885.2029,6.8671
OLS impervious_fraction,spatial blocks,unweighted,25,20,28.825,119.925,Zhejiang,block fold 4,46,1896.7900,1890.0281,6.7619
OLS impervious_fraction,spatial blocks,unweighted,25,21,28.825,120.175,Zhejiang,block fold 4,39,1889.1800,1888.3709,0.8091
OLS impervious_fraction,spatial blocks,unweighted,25,22,28.825,120.425,Zhejiang,block fold 4,1,1878.3500,1884.2659,-5.9159
OLS impervious_fraction,spatial blocks,unweighted,25,23,28.825,120.675,Zhejiang,block fold 4,3,1899.3900,1885.9715,13.4185
OLS impervious_fraction,spatial blocks,unweighted,25,24,28.825,120.925,Zhejiang,block fold 4,14,1889.3200,1885.1853,4.1347
OLS impervious_fraction,spatial blocks,unweighted,25,25,28.825,121.175,Zhejiang,block fold 4,11,1900.4800,1888.6126,11.8674
OLS impervious_fraction,spatial blocks,unweighted,25,26,28.825,121.425,Zhejiang,block fold 4,2,1921.2400,1888.0778,33.1622
OLS impervious_fraction,spatial blocks,unweighted,25,27,28.825,121.675,Zhejiang,block fold 4,1,1886.4500,1887.2982,-0.8482
OLS impervious_fraction,spatial blocks,unweighted,25,28,28.825,121.925,Outside,block fold 3,6,1885.2200,1884.8139,0.4061
OLS impervious_fraction,spatial blocks,unweighted,25,29,28.825,122.175,Outside,block fold 3,15,1875.5500,1884.8169,-9.2669
OLS impervious_fraction,spatial blocks,unweighted,25,30,28.825,122.425,Outside,block fold 3,29,1865.5900,1884.8136,-19.2236
OLS impervious_fraction,spatial blocks,unweighted,26,0,28.575,114.925,Outside,block fold 0,62,1886.4700,1885.3892,1.0808
OLS impervious_fraction,spatial blocks,unweighted,26,1,28.575,115.175,Outside,block fold 0,94,1894.1000,1885.4192,8.6808
OLS impervious_fraction,spatial blocks,unweighted,26,2,28.575,115.425,Outside,block fold 0,188,1897.6300,1887.4502,10.1798
OLS impervious_fraction,spatial blocks,unweighted,26,3,28.575,115.675,Outside,block fold 0,108,1898.1400,1889.7015,8.4385
OLS impervious_fraction,spatial blocks,unweighted,26,4,28.575,115.925,Outside,block fold 4,23,1897.6600,1901.9331,-4.2731
OLS impervious_fraction,spatial blocks,unweighted,26,5,28.575,116.175,Outside,block fold 4,4,1911.9900,1885.4016,26.5884
OLS impervious_fraction,spatial blocks,unweighted,26,6,28.575,116.425,Outside,block fold 4,9,1907.1800,1884.2322,22.9478
OLS impervious_fraction,spatial blocks,unweighted,26,7,28.575,116.675,Outside,block fold 4,97,1899.4100,1885.6023,13.8077
OLS impervious_fraction,spatial blocks,unweighted,26,8,28.575,116.925,Outside,block fold 2,149,1894.1600,1885.3878,8.7722
OLS impervious_fraction,spatial blocks,unweighted,26,9,28.575,117.175,Outside,block fold 2,81,1891.0400,1885.0585,5.9815
OLS impervious_fraction,spatial blocks,unweighted,26,10,28.575,117.425,Outside,block fold 2,94,1889.1000,1884.9750,4.1250
OLS impervious_fraction,spatial blocks,unweighted,26,11,28.575,117.675,Outside,block fold 2,49,1885.8300,1884.9197,0.9103
OLS impervious_fraction,spatial blocks,unweighted,26,12,28.575,117.925,Outside,block fold 0,87,1892.4200,1888.7449,3.6751
OLS impervious_fraction,spatial blocks,unweighted,26,13,28.575,118.175,Outside,block fold 0,182,1892.8900,1888.2543,4.6357
OLS impervious_fraction,spatial blocks,unweighted,26,14,28.575,118.425,Zhejiang,block fold 0,197,1891.0100,1886.9600,4.0500
OLS impervious_fraction,spatial blocks,unweighted,26,15,28.575,118.675,Zhejiang,block fold 0,39,1889.3600,1886.1226,3.2374
OLS impervious_fraction,spatial blocks,unweighted,26,18,28.575,119.425,Zhejiang,block fold 1,2,1882.1700,1885.9465,-3.7765
OLS impervious_fraction,spatial blocks,unweighted,26,19,28.575,119.675,Zhejiang,block fold 1,2,1907.9700,1884.3766,23.5934
OLS impervious_fraction,spatial blocks,unweighted,26,20,28.575,119.925,Zhejiang,block fold 4,3,1884.3800,1885.2926,-0.9126
OLS impervious_fraction,spatial blocks,unweighted,26,21,28.575,120.175,Zhejiang,block fold 4,12,1897.5200,1884.3534,13.1666
OLS impervious_fraction,spatial blocks,unweighted,26,25,28.575,121.175,Zhejiang,block fold 4,18,1914.8700,1890.2502,24.6198
OLS impervious_fraction,spatial blocks,unweighted,26,26,28.575,121.425,Zhejiang,block fold 4,29,1900.5700,1904.9819,-4.4119
OLS impervious_fraction,spatial blocks,unweighted,26,28,28.575,121.925,Outside,block fold 3,3,1894.1300,1884.8326,9.2974
OLS impervious_fraction,spatial blocks,unweighted,26,29,28.575,122.175,Outside,block fold 3,14,1862.5000,1884.8136,-22.3136
OLS impervious_fraction,spatial blocks,unweighted,26,30,28.575,122.425,Outside,block fold 3,18,1864.3600,1884.8136,-20.4536
OLS impervious_fraction,spatial blocks,unweighted,27,0,28.325,114.925,Outside,block fold 0,146,1896.2100,1888.3804,7.8296
OLS impervious_fraction,spatial blocks,unweighted,27,1,28.325,115.175,Outside,block fold 0,172,1897.0900,1886.3946,10.6954
OLS impervious_fraction,spatial blocks,unweighted,27,2,28.325,115.425,Outside,block fold 0,132,1902.0100,1888.2078,13.8022
OLS impervious_fraction,spatial blocks,unweighted,27,3,28.325,115.675,Outside,block fold 0,80,1905.4600,1887.8910,17.5690
OLS impervious_fraction,spatial blocks,unweighted,27,4,28.325,115.925,Outside,block fold 4,112,1902.3000,1886.2824,16.0176
OLS impervious_fraction,spatial blocks,unweighted,27,5,28.325,116.175,Outside,block fold 4,82,1901.3000,1887.4119,13.8881
OLS impervious_fraction,spatial blocks,unweighted,27,6,28.325,116.425,Outside,block fold 4,132,1899.0300,1883.9944,15.0356
OLS impervious_fraction,spatial blocks,unweighted,27,7,28.325,116.675,Outside,block fold 4,154,1895.7500,1885.8408,9.9092
OLS impervious_fraction,spatial blocks,unweighted,27,8,28.325,116.925,Outside,block fold 2,163,1892.6200,1888.6688,3.9512
OLS impervious_fraction,spatial blocks,unweighted,27,9,28.325,117.175,Outside,block fold 2,128,1891.0100,1888.5431,2.4669
OLS impervious_fraction,spatial blocks,unweighted,27,10,28.325,117.425,Outside,block fold 2,126,1890.6500,1886.1213,4.5287
OLS impervious_fraction,spatial blocks,unweighted,27,11,28.325,117.675,Outside,block fold 2,125,1894.3300,1887.5153,6.8147
OLS impervious_fraction,spatial blocks,unweighted,27,12,28.325,117.925,Outside,block fold 0,58,1892.5600,1889.4549,3.1051
OLS impervious_fraction,spatial blocks,unweighted,27,13,28.325,118.175,Outside,block fold 0,126,1894.5500,1887.7894,6.7606
OLS impervious_fraction,spatial blocks,unweighted,27,14,28.325,118.425,Zhejiang,block fold 0,13,1899.5600,1885.5494,14.0106
OLS impervious_fraction,spatial blocks,unweighted,27,18,28.325,119.425,Zhejiang,block fold 1,2,1891.5600,1884.5524,7.0076
OLS impervious_fraction,spatial blocks,unweighted,27,19,28.325,119.675,Zhejiang,block fold 1,9,1889.8200,1884.9276,4.8924
OLS impervious_fraction,spatial blocks,unweighted,27,20,28.325,119.925,Zhejiang,block fold 4,14,1886.6000,1886.4273,0.1727
OLS impervious_fraction,spatial blocks,unweighted,27,26,28.325,121.425,Zhejiang,block fold 4,15,1907.2100,1891.6820,15.5280
OLS impervious_fraction,spatial blocks,unweighted,27,28,28.325,121.925,Outside,block fold 3,9,1870.2500,1884.8254,-14.5754
OLS impervious_fraction,spatial blocks,unweighted,27,29,28.325,122.175,Outside,block fold 3,12,1853.9200,1884.8136,-30.8936
OLS impervious_fraction,spatial blocks,unweighted,27,30,28.325,122.425,Outside,block fold 3,12,1855.4700,1884.8136,-29.3436
OLS impervious_fraction,spatial blocks,unweighted,28,0,28.075,114.925,Outside,block fold 4,112,1902.0800,1884.1364,17.9436
OLS impervious_fraction,spatial blocks,unweighted,28,1,28.075,115.175,Outside,block fold 4,197,1900.4200,1884.1386,16.2814
OLS impervious_fraction,spatial blocks,unweighted,28,2,28.075,115.425,Outside,block fold 4,134,1906.0100,1886.8572,19.1528
OLS impervious_fraction,spatial blocks,unweighted,28,3,28.075,115.675,Outside,block fold 4,182,1909.8600,1887.3501,22.5099
OLS impervious_fraction,spatial blocks,unweighted,28,4,28.075,115.925,Outside,block fold 1,167,1903.8300,1885.0348,18.7952
OLS impervious_fraction,spatial blocks,unweighted,28,5,28.075,116.175,Outside,block fold 1,148,1903.3800,1885.3766,18.0034
OLS impervious_fraction,spatial blocks,unweighted,28,6,28.075,116.425,Outside,block fold 1,153,1899.1600,1887.8737,11.2863
OLS impervious_fraction,spatial blocks,unweighted,28,7,28.075,116.675,Outside,block fold 1,168,1894.9400,1884.6649,10.2751
OLS impervious_fraction,spatial blocks,unweighted,28,8,28.075,116.925,Outside,block fold 1,147,1892.2500,1884.7443,7.5057
OLS impervious_fraction,spatial blocks,unweighted,28,9,28.075,117.175,Outside,block fold 1,71,1893.7600,1884.2636,9.4964
OLS impervious_fraction,spatial blocks,unweighted,28,10,28.075,117.425,Outside,block fold 1,9,1885.6500,1884.1668,1.4832
OLS impervious_fraction,spatial blocks,unweighted,28,11,28.075,117.675,Outside,block fold 1,18,1896.9000,1884.2892,12.6108
OLS impervious_fraction,spatial blocks,unweighted,28,12,28.075,117.925,Outside,block fold 1,10,1892.0900,1884.2165,7.8735
OLS impervious_fraction,spatial blocks,unweighted,28,14,28.075,118.425,Outside,block fold 1,13,1888.0600,1884.4696,3.5904
OLS impervious_fraction,spatial blocks,unweighted,28,23,28.075,120.675,Zhejiang,block fold 3,1,1920.5300,1899.6736,20.8564
OLS impervious_fraction,spatial blocks,unweighted,28,26,28.075,121.425,Zhejiang,block fold 3,6,1868.1300,1885.7895,-17.6595
OLS impervious_fraction,spatial blocks,unweighted,28,27,28.075,121.675,Outside,block fold 3,27,1871.9000,1884.8136,-12.9136
OLS impervious_fraction,spatial blocks,unweighted,28,28,28.075,121.925,Outside,block fold 2,26,1870.8700,1884.5156,-13.6456
OLS impervious_fraction,spatial blocks,unweighted,28,29,28.075,122.175,Outside,block fold 2,12,1853.7900,1884.5156,-30.7256
OLS impervious_fraction,spatial blocks,unweighted,28,30,28.075,122.425,Outside,block fold 2,8,1881.8800,1884.5156,-2.6356
OLS impervious_fraction,spatial blocks,unweighted,29,0,27.825,114.925,Outside,block fold 4,145,1903.7600,1891.3425,12.4175
OLS impervious_fraction,spatial blocks,unweighted,29,1,27.825,115.175,Outside,block fold 4,190,1902.3600,1884.2209,18.1391
OLS impervious_fraction,spatial blocks,unweighted,29,2,27.825,115.425,Outside,block fold 4,107,1910.0400,1885.6769,24.3631
OLS impervious_fraction,spatial blocks,unweighted,29,3,27.825,115.675,Outside,block fold 4,31,1899.6500,1883.7519,15.8981
OLS impervious_fraction,spatial blocks,unweighted,29,4,27.825,115.925,Outside,block fold 1,107,1896.5200,1884.3635,12.1565
OLS impervious_fraction,spatial blocks,unweighted,29,5,27.825,116.175,Outside,block fold 1,156,1900.3700,1886.1878,14.1822
OLS impervious_fraction,spatial blocks,unweighted,29,6,27.825,116.425,Outside,block fold 1,132,1897.9900,1886.8159,11.1741
OLS impervious_fraction,spatial blocks,unweighted,29,7,27.825,116.675,Outside,block fold 1,164,1898.7300,1885.5842,13.1458
OLS impervious_fraction,spatial blocks,unweighted,29,8,27.825,116.925,Outside,block fold 1,41,1894.3500,1884.1705,10.1795
OLS impervious_fraction,spatial blocks,unweighted,29,9,27.825,117.175,Outside,block fold 1,1,1845.7700,1884.4906,-38.7206
OLS impervious_fraction,spatial blocks,unweighted,29,12,27.825,117.925,Outside,block fold 1,2,1926.7100,1885.0934,41.6166
OLS impervious_fraction,spatial blocks,unweighted,29,14,27.825,118.425,Outside,block fold 1,5,1894.9600,1884.7217,10.2383
OLS impervious_fraction,spatial blocks,unweighted,29,15,27.825,118.675,Zhejiang,block fold 1,12,1887.2800,1884.2500,3.0300
OLS impervious_fraction,spatial blocks,unweighted,29,20,27.825,119.925,Zhejiang,block fold 3,8,1893.5100,1885.2245,8.2855
OLS impervious_fraction,spatial blocks,unweighted,29,22,27.825,120.425,Zhejiang,block fold 3,6,1903.9500,1888.2624,15.6876
OLS impervious_fraction,spatial blocks,unweighted,29,23,27.825,120.675,Zhejiang,block fold 3,4,1906.8600,1901.9551,4.9049
OLS impervious_fraction,spatial blocks,unweighted,29,25,27.825,121.175,Zhejiang,block fold 3,4,1860.2200,1885.8341,-25.6141
OLS impervious_fraction,spatial blocks,unweighted,29,26,27.825,121.425,Outside,block fold 3,28,1860.2500,1884.8136,-24.5636
OLS impervious_fraction,spatial blocks,unweighted,29,27,27.825,121.675,Outside,block fold 3,33,1869.7800,1884.8136,-15.0336
OLS impervious_fraction,spatial blocks,unweighted,29,28,27.825,121.925,Outside,block fold 2,19,1872.1300,1884.5156,-12.3856
OLS impervious_fraction,spatial blocks,unweighted,29,29,27.825,122.175,Outside,block fold 2,17,1863.1400,1884.5156,-21.3756
OLS impervious_fraction,spatial blocks,unweighted,29,30,27.825,122.425,Outside,block fold 2,21,1871.1800,1884.5156,-13.3356
OLS impervious_fraction,spatial blocks,unweighted,30,0,27.575,114.925,Outside,block fold 4,165,1899.9100,1883.8256,16.0844
OLS impervious_fraction,spatial blocks,unweighted,30,1,27.575,115.175,Outside,block fold 4,129,1901.7900,1883.9524,17.8376
OLS impervious_fraction,spatial blocks,unweighted,30,2,27.575,115.425,Outside,block fold 4,105,1902.9000,1884.0805,18.8195
OLS impervious_fraction,spatial blocks,unweighted,30,3,27.575,115.675,Outside,block fold 4,94,1897.2100,1883.7536,13.4564
OLS impervious_fraction,spatial blocks,unweighted,30,4,27.575,115.925,Outside,block fold 1,54,1895.2500,1884.3343,10.9157
OLS impervious_fraction,spatial blocks,unweighted,30,5,27.575,116.175,Outside,block fold 1,102,1897.5100,1884.8775,12.6325
OLS impervious_fraction,spatial blocks,unweighted,30,6,27.575,116.425,Outside,block fold 1,30,1897.8400,1884.1468,13.6932
OLS impervious_fraction,spatial blocks,unweighted,30,7,27.575,116.675,Outside,block fold 1,87,1897.7400,1885.6928,12.0472
OLS impervious_fraction,spatial blocks,unweighted,30,8,27.575,116.925,Outside,block fold 1,15,1888.4600,1884.1121,4.3479
OLS impervious_fraction,spatial blocks,unweighted,30,9,27.575,117.175,Outside,block fold 1,18,1891.1200,1884.2172,6.9028
OLS impervious_fraction,spatial blocks,unweighted,30,10,27.575,117.425,Outside,block fold 1,10,1889.6100,1884.8173,4.7927
OLS impervious_fraction,spatial blocks,unweighted,30,12,27.575,117.925,Outside,block fold 1,40,1894.8100,1885.0554,9.7546
OLS impervious_fraction,spatial blocks,unweighted,30,13,27.575,118.175,Outside,block fold 1,24,1892.3900,1884.5085,7.8815
OLS impervious_fraction,spatial blocks,unweighted,30,15,27.575,118.675,Outside,block fold 1,20,1889.9100,1884.7377,5.1723
OLS impervious_fraction,spatial blocks,unweighted,30,22,27.575,120.425,Zhejiang,block fold 3,23,1894.4900,1895.4852,-0.9952
OLS impervious_fraction,spatial blocks,unweighted,30,23,27.575,120.675,Zhejiang,block fold 3,1,1842.7500,1891.1183,-48.3683
OLS impervious_fraction,spatial blocks,unweighted,30,24,27.575,120.925,Zhejiang,block fold 3,5,1858.9700,1884.8209,-25.8509
OLS impervious_fraction,spatial blocks,unweighted,30,25,27.575,121.175,Zhejiang,block fold 3,12,1862.3300,1884.8520,-22.5220
OLS impervious_fraction,spatial blocks,unweighted,30,26,27.575,121.425,Outside,block fold 3,43,1861.0500,1884.8136,-23.7636
OLS impervious_fraction,spatial blocks,unweighted,30,27,27.575,121.675,Outside,block fold 3,32,1862.5600,1884.8136,-22.2536
OLS impervious_fraction,spatial blocks,unweighted,30,28,27.575,121.925,Outside,block fold 2,14,1868.3300,1884.5156,-16.1856
OLS impervious_fraction,spatial blocks,unweighted,30,29,27.575,122.175,Outside,block fold 2,18,1873.3900,1884.5156,-11.1256
OLS impervious_fraction,spatial blocks,unweighted,30,30,27.575,122.425,Outside,block fold 2,18,1877.8000,1884.5156,-6.7156
OLS impervious_fraction,spatial blocks,unweighted,31,0,27.325,114.925,Outside,block fold 4,153,1899.7200,1884.2192,15.5008
OLS impervious_fraction,spatial blocks,unweighted,31,1,27.325,115.175,Outside,block fold 4,71,1904.7700,1885.2875,19.4825
OLS impervious_fraction,spatial blocks,unweighted,31,2,27.325,115.425,Outside,block fold 4,164,1896.1200,1884.8958,11.2242
OLS impervious_fraction,spatial blocks,unweighted,31,3,27.325,115.675,Outside,block fold 4,145,1898.8800,1883.6881,15.1919
OLS impervious_fraction,spatial blocks,unweighted,31,4,27.325,115.925,Outside,block fold 1,49,1894.4600,1884.8725,9.5875
OLS impervious_fraction,spatial blocks,unweighted,31,5,27.325,116.175,Outside,block fold 1,10,1891.0200,1884.1654,6.8546
OLS impervious_fraction,spatial blocks,unweighted,31,6,27.325,116.425,Outside,block fold 1,29,1898.1500,1884.8772,13.2728
OLS impervious_fraction,spatial blocks,unweighted,31,7,27.325,116.675,Outside,block fold 1,118,1901.4500,1884.4892,16.9608
OLS impervious_fraction,spatial blocks,unweighted,31,8,27.325,116.925,Outside,block fold 1,89,1886.3400,1885.0103,1.3297
OLS impervious_fraction,spatial blocks,unweighted,31,9,27.325,117.175,Outside,block fold 1,8,1886.2500,1884.1363,2.1137
OLS impervious_fraction,spatial blocks,unweighted,31,10,27.325,117.425,Outside,block fold 1,26,1902.8100,1885.6074,17.2026
OLS impervious_fraction,spatial blocks,unweighted,31,11,27.325,117.675,Outside,block fold 1,7,1907.0100,1884.6003,22.4097
OLS impervious_fraction,spatial blocks,unweighted,31,12,27.325,117.925,Outside,block fold 1,67,1900.9300,1884.2990,16.6310
OLS impervious_fraction,spatial blocks,unweighted,31,13,27.325,118.175,Outside,block fold 1,82,1897.5000,1886.2835,11.2165
OLS impervious_fraction,spatial blocks,unweighted,31,14,27.325,118.425,Outside,block fold 1,2,1913.8900,1884.2497,29.6403
OLS impervious_fraction,spatial blocks,unweighted,31,16,27.325,118.925,Outside,block fold 0,3,1850.8900,1885.6739,-34.7839
OLS impervious_fraction,spatial blocks,unweighted,31,17,27.325,119.175,Zhejiang,block fold 0,26,1890.6800,1885.3507,5.3293
OLS impervious_fraction,spatial blocks,unweighted,31,21,27.325,120.175,Zhejiang,block fold 3,1,1876.7900,1886.9499,-10.1599
OLS impervious_fraction,spatial blocks,unweighted,31,22,27.325,120.425,Zhejiang,block fold 3,2,1880.8000,1886.3256,-5.5256
OLS impervious_fraction,spatial blocks,unweighted,31,23,27.325,120.675,Zhejiang,block fold 3,8,1858.8900,1885.5167,-26.6267
OLS impervious_fraction,spatial blocks,unweighted,31,24,27.325,120.925,Outside,block fold 3,27,1853.0300,1884.8136,-31.7836
OLS impervious_fraction,spatial blocks,unweighted,31,25,27.325,121.175,Zhejiang,block fold 3,37,1861.4300,1884.8175,-23.3875
OLS impervious_fraction,spatial blocks,unweighted,31,26,27.325,121.425,Outside,block fold 3,38,1858.6000,1884.8136,-26.2136
OLS impervious_fraction,spatial blocks,unweighted,31,27,27.325,121.675,Outside,block fold 3,21,1864.1900,1884.8136,-20.6236
OLS impervious_fraction,spatial blocks,unweighted,31,28,27.325,121.925,Outside,block fold 2,25,1867.2200,1884.5156,-17.2956
OLS impervious_fraction,spatial blocks,unweighted,31,29,27.325,122.175,Outside,block fold 2,15,1876.3400,1884.5156,-8.1756
OLS impervious_fraction,spatial blocks,unweighted,31,30,27.325,122.425,Outside,block fold 2,4,1878.0200,1884.5156,-6.4956
OLS impervious_fraction,spatial blocks,unweighted,32,0,27.075,114.925,Outside,block fold 2,131,1905.6700,1891.7787,13.8913
OLS impervious_fraction,spatial blocks,unweighted,32,1,27.075,115.175,Outside,block fold 2,49,1903.0100,1885.4206,17.5894
OLS impervious_fraction,spatial blocks,unweighted,32,2,27.075,115.425,Outside,block fold 2,136,1898.7400,1884.5912,14.1488
OLS impervious_fraction,spatial blocks,unweighted,32,3,27.075,115.675,Outside,block fold 2,59,1897.8900,1884.9133,12.9767
OLS impervious_fraction,spatial blocks,unweighted,32,4,27.075,115.925,Outside,block fold 3,2,1890.9300,1884.8701,6.0599
OLS impervious_fraction,spatial blocks,unweighted,32,5,27.075,116.175,Outside,block fold 3,10,1901.4200,1884.8460,16.5740
OLS impervious_fraction,spatial blocks,unweighted,32,6,27.075,116.425,Outside,block fold 3,67,1896.5900,1885.0583,11.5317
OLS impervious_fraction,spatial blocks,unweighted,32,7,27.075,116.675,Outside,block fold 3,100,1899.0300,1884.9437,14.0863
OLS impervious_fraction,spatial blocks,unweighted,32,8,27.075,116.925,Outside,block fold 4,21,1891.1100,1883.6069,7.5031
OLS impervious_fraction,spatial blocks,unweighted,32,9,27.075,117.175,Outside,block fold 4,18,1895.2100,1883.7046,11.5054
OLS impervious_fraction,spatial blocks,unweighted,32,10,27.075,117.425,Outside,block fold 4,8,1883.5900,1883.5753,0.0147
OLS impervious_fraction,spatial blocks,unweighted,32,11,27.075,117.675,Outside,block fold 4,16,1888.8800,1883.7378,5.1422
OLS impervious_fraction,spatial blocks,unweighted,32,12,27.075,117.925,Outside,block fold 4,6,1894.9500,1883.6442,11.3058
OLS impervious_fraction,spatial blocks,unweighted,32,13,27.075,118.175,Outside,block fold 4,25,1886.9000,1884.1372,2.7628
OLS impervious_fraction,spatial blocks,unweighted,32,14,27.075,118.425,Outside,block fold 4,24,1906.2400,1884.6000,21.6400
OLS impervious_fraction,spatial blocks,unweighted,32,15,27.075,118.675,Outside,block fold 4,7,1883.8900,1883.7473,0.1427
OLS impervious_fraction,spatial blocks,unweighted,32,16,27.075,118.925,Outside,block fold 4,6,1867.1800,1883.7097,-16.5297
OLS impervious_fraction,spatial blocks,unweighted,32,17,27.075,119.175,Outside,block fold 4,3,1890.5800,1883.7780,6.8020
OLS impervious_fraction,spatial blocks,unweighted,32,22,27.075,120.425,Zhejiang,block fold 1,7,1859.2900,1884.5763,-25.2863
OLS impervious_fraction,spatial blocks,unweighted,32,23,27.075,120.675,Outside,block fold 1,19,1875.8200,1884.1091,-8.2891
OLS impervious_fraction,spatial blocks,unweighted,32,24,27.075,120.925,Outside,block fold 1,21,1852.1700,1884.1067,-31.9367
OLS impervious_fraction,spatial blocks,unweighted,32,25,27.075,121.175,Outside,block fold 1,29,1859.0900,1884.1067,-25.0167
OLS impervious_fraction,spatial blocks,unweighted,32,26,27.075,121.425,Outside,block fold 1,33,1861.6400,1884.1067,-22.4667
OLS impervious_fraction,spatial blocks,unweighted,32,27,27.075,121.675,Outside,block fold 1,29,1862.2500,1884.1067,-21.8567
OLS impervious_fraction,spatial blocks,unweighted,32,28,27.075,121.925,Outside,block fold 3,11,1863.7900,1884.8136,-21.0236
OLS impervious_fraction,spatial blocks,unweighted,32,29,27.075,122.175,Outside,block fold 3,1,1849.4100,1884.8136,-35.4036
OLS impervious_fraction,spatial blocks,unweighted,32,30,27.075,122.425,Outside,block fold 3,2,1863.2100,1884.8136,-21.6036
spatial null (queen neighbour mean),spatial blocks,unweighted,0,0,35.075,114.925,Outside,block fold 0,104,1900.5400,1888.7252,11.8148
spatial null (queen neighbour mean),spatial blocks,unweighted,0,1,35.075,115.175,Outside,block fold 0,330,1895.6300,1888.7252,6.9048
spatial null (queen neighbour mean),spatial blocks,unweighted,0,2,35.075,115.425,Outside,block fold 0,340,1894.5000,1888.7252,5.7748
spatial null (queen neighbour mean),spatial blocks,unweighted,0,3,35.075,115.675,Outside,block fold 0,375,1894.5500,1888.7252,5.8248
spatial null (queen neighbour mean),spatial blocks,unweighted,0,4,35.075,115.925,Outside,block fold 0,384,1893.5300,1888.7252,4.8048
spatial null (queen neighbour mean),spatial blocks,unweighted,0,5,35.075,116.175,Outside,block fold 0,398,1891.9800,1888.7252,3.2548
spatial null (queen neighbour mean),spatial blocks,unweighted,0,6,35.075,116.425,Outside,block fold 0,352,1892.8100,1888.7252,4.0848
spatial null (queen neighbour mean),spatial blocks,unweighted,0,7,35.075,116.675,Outside,block fold 0,116,1891.2500,1888.7252,2.5248
spatial null (queen neighbour mean),spatial blocks,unweighted,0,8,35.075,116.925,Jiangsu,block fold 0,164,1891.8100,1888.7252,3.0848
spatial null (queen neighbour mean),spatial blocks,unweighted,0,9,35.075,117.175,Outside,block fold 0,293,1889.4400,1888.7252,0.7148
spatial null (queen neighbour mean),spatial blocks,unweighted,0,10,35.075,117.425,Outside,block fold 0,336,1886.3600,1888.7252,-2.3652
spatial null (queen neighbour mean),spatial blocks,unweighted,0,11,35.075,117.675,Outside,block fold 0,298,1884.7300,1887.1600,-2.4300
spatial null (queen neighbour mean),spatial blocks,unweighted,0,12,35.075,117.925,Outside,block fold 3,277,1887.0500,1889.4250,-2.3750
spatial null (queen neighbour mean),spatial blocks,unweighted,0,13,35.075,118.175,Outside,block fold 3,310,1888.6800,1889.2841,-0.6041
spatial null (queen neighbour mean),spatial blocks,unweighted,0,14,35.075,118.425,Outside,block fold 3,154,1887.7400,1889.2841,-1.5441
spatial null (queen neighbour mean),spatial blocks,unweighted,0,15,35.075,118.675,Outside,block fold 3,379,1885.8000,1887.2100,-1.4100
spatial null (queen neighbour mean),spatial blocks,unweighted,0,16,35.075,118.925,Jiangsu,block fold 1,304,1886.3500,1886.8050,-0.4550
spatial null (queen neighbour mean),spatial blocks,unweighted,0,17,35.075,119.175,Jiangsu,block fold 1,133,1887.9300,1888.3125,-0.3825
spatial null (queen neighbour mean),spatial blocks,unweighted,0,18,35.075,119.425,Outside,block fold 1,3,1872.9300,1888.3125,-15.3825
spatial null (queen neighbour mean),spatial blocks,unweighted,0,19,35.075,119.675,Outside,block fold 1,38,1876.2000,1873.6550,2.5450
spatial null (queen neighbour mean),spatial blocks,unweighted,0,20,35.075,119.925,Outside,block fold 0,53,1876.7100,1874.7900,1.9200
spatial null (queen neighbour mean),spatial blocks,unweighted,0,21,35.075,120.175,Outside,block fold 0,46,1871.1700,1888.7252,-17.5552
spatial null (queen neighbour mean),spatial blocks,unweighted,0,22,35.075,120.425,Outside,block fold 0,46,1877.8000,1888.7252,-10.9252
spatial null (queen neighbour mean),spatial blocks,unweighted,0,23,35.075,120.675,Outside,block fold 0,56,1881.8500,1872.6050,9.2450
spatial null (queen neighbour mean),spatial blocks,unweighted,0,24,35.075,120.925,Outside,block fold 2,40,1877.2700,1880.7750,-3.5050
spatial null (queen neighbour mean),spatial blocks,unweighted,0,25,35.075,121.175,Outside,block fold 2,41,1871.2800,1888.5892,-17.3092
spatial null (queen neighbour mean),spatial blocks,unweighted,0,26,35.075,121.425,Outside,block fold 2,48,1868.3000,1888.5892,-20.2892
spatial null (queen neighbour mean),spatial blocks,unweighted,0,27,35.075,121.675,Outside,block fold 2,58,1861.6800,1854.6400,7.0400
spatial null (queen neighbour mean),spatial blocks,unweighted,0,28,35.075,121.925,Outside,block fold 0,64,1856.1900,1859.0150,-2.8250
spatial null (queen neighbour mean),spatial blocks,unweighted,0,29,35.075,122.175,Outside,block fold 0,57,1856.5400,1888.7252,-32.1852
spatial null (queen neighbour mean),spatial blocks,unweighted,0,30,35.075,122.425,Outside,block fold 0,44,1860.6400,1888.7252,-28.0852
spatial null (queen neighbour mean),spatial blocks,unweighted,1,0,34.825,114.925,Outside,block fold 0,268,1895.4200,1888.7252,6.6948
spatial null (queen neighbour mean),spatial blocks,unweighted,1,1,34.825,115.175,Outside,block fold 0,325,1895.4500,1888.7252,6.7248
spatial null (queen neighbour mean),spatial blocks,unweighted,1,2,34.825,115.425,Outside,block fold 0,280,1895.9100,1888.7252,7.1848
spatial null (queen neighbour mean),spatial blocks,unweighted,1,3,34.825,115.675,Outside,block fold 0,370,1896.1100,1888.7252,7.3848
spatial null (queen neighbour mean),spatial blocks,unweighted,1,4,34.825,115.925,Outside,block fold 0,362,1894.6400,1888.7252,5.9148
spatial null (queen neighbour mean),spatial blocks,unweighted,1,5,34.825,116.175,Outside,block fold 0,368,1895.6400,1888.7252,6.9148
spatial null (queen neighbour mean),spatial blocks,unweighted,1,6,34.825,116.425,Jiangsu,block fold 0,410,1893.8500,1888.7252,5.1248
spatial null (queen neighbour mean),spatial blocks,unweighted,1,7,34.825,116.675,Jiangsu,block fold 0,354,1892.1300,1888.7252,3.4048
spatial null (queen neighbour mean),spatial blocks,unweighted,1,8,34.825,116.925,Jiangsu,block fold 0,169,1890.6800,1888.7252,1.9548
spatial null (queen neighbour mean),spatial blocks,unweighted,1,9,34.825,117.175,Jiangsu,block fold 0,205,1891.9700,1888.7252,3.2448
spatial null (queen neighbour mean),spatial blocks,unweighted,1,10,34.825,117.425,Outside,block fold 0,332,1888.7900,1888.7252,0.0648
spatial null (queen neighbour mean),spatial blocks,unweighted,1,11,34.825,117.675,Outside,block fold 0,323,1894.1200,1887.9333,6.1867
spatial null (queen neighbour mean),spatial blocks,unweighted,1,12,34.825,117.925,Outside,block fold 3,342,1887.2700,1889.8167,-2.5467
spatial null (queen neighbour mean),spatial blocks,unweighted,1,13,34.825,118.175,Outside,block fold 3,372,1889.8000,1889.2841,0.5159
spatial null (queen neighbour mean),spatial blocks,unweighted,1,14,34.825,118.425,Jiangsu,block fold 3,287,1890.0700,1889.2841,0.7859
spatial null (queen neighbour mean),spatial blocks,unweighted,1,15,34.825,118.675,Jiangsu,block fold 3,235,1887.8100,1886.4267,1.3833
spatial null (queen neighbour mean),spatial blocks,unweighted,1,16,34.825,118.925,Jiangsu,block fold 1,161,1888.0700,1887.8267,0.2433
spatial null (queen neighbour mean),spatial blocks,unweighted,1,17,34.825,119.175,Jiangsu,block fold 1,39,1893.1800,1888.3125,4.8675
spatial null (queen neighbour mean),spatial blocks,unweighted,1,18,34.825,119.425,Jiangsu,block fold 1,2,1872.8600,1888.3125,-15.4525
spatial null (queen neighbour mean),spatial blocks,unweighted,1,19,34.825,119.675,Outside,block fold 1,29,1873.3800,1874.0600,-0.6800
spatial null (queen neighbour mean),spatial blocks,unweighted,1,20,34.825,119.925,Outside,block fold 0,44,1870.6000,1873.5767,-2.9767
spatial null (queen neighbour mean),spatial blocks,unweighted,1,21,34.825,120.175,Outside,block fold 0,51,1873.9700,1888.7252,-14.7552
spatial null (queen neighbour mean),spatial blocks,unweighted,1,22,34.825,120.425,Outside,block fold 0,46,1869.1900,1888.7252,-19.5352
spatial null (queen neighbour mean),spatial blocks,unweighted,1,23,34.825,120.675,Outside,block fold 0,53,1879.7000,1868.9767,10.7233
spatial null (queen neighbour mean),spatial blocks,unweighted,1,24,34.825,120.925,Outside,block fold 2,45,1867.9400,1875.1433,-7.2033
spatial null (queen neighbour mean),spatial blocks,unweighted,1,25,34.825,121.175,Outside,block fold 2,37,1866.6300,1888.5892,-21.9592
spatial null (queen neighbour mean),spatial blocks,unweighted,1,26,34.825,121.425,Outside,block fold 2,40,1862.4200,1888.5892,-26.1692
spatial null (queen neighbour mean),spatial blocks,unweighted,1,27,34.825,121.675,Outside,block fold 2,53,1856.3500,1853.7233,2.6267
spatial null (queen neighbour mean),spatial blocks,unweighted,1,28,34.825,121.925,Outside,block fold 0,49,1853.0900,1856.6300,-3.5400
spatial null (queen neighbour mean),spatial blocks,unweighted,1,29,34.825,122.175,Outside,block fold 0,57,1852.7300,1888.7252,-35.9952
spatial null (queen neighbour mean),spatial blocks,unweighted,1,30,34.825,122.425,Outside,block fold 0,52,1858.8400,1888.7252,-29.8852
spatial null (queen neighbour mean),spatial blocks,unweighted,2,0,34.575,114.925,Outside,block fold 0,332,1896.3700,1888.7252,7.6448
spatial null (queen neighbour mean),spatial blocks,unweighted,2,1,34.575,115.175,Outside,block fold 0,246,1896.4900,1888.7252,7.7648
spatial null (queen neighbour mean),spatial blocks,unweighted,2,2,34.575,115.425,Outside,block fold 0,211,1898.4600,1888.7252,9.7348
spatial null (queen neighbour mean),spatial blocks,unweighted,2,3,34.575,115.675,Outside,block fold 0,296,1895.4100,1888.7252,6.6848
spatial null (queen neighbour mean),spatial blocks,unweighted,2,4,34.575,115.925,Outside,block fold 0,254,1898.2800,1888.7252,9.5548
spatial null (queen neighbour mean),spatial blocks,unweighted,2,5,34.575,116.175,Anhui,block fold 0,365,1894.2700,1888.7252,5.5448
spatial null (queen neighbour mean),spatial blocks,unweighted,2,6,34.575,116.425,Anhui,block fold 0,381,1891.3100,1888.7252,2.5848
spatial null (queen neighbour mean),spatial blocks,unweighted,2,7,34.575,116.675,Jiangsu,block fold 0,347,1889.5900,1888.7252,0.8648
spatial null (queen neighbour mean),spatial blocks,unweighted,2,8,34.575,116.925,Jiangsu,block fold 0,340,1892.6300,1888.7252,3.9048
spatial null (queen neighbour mean),spatial blocks,unweighted,2,9,34.575,117.175,Jiangsu,block fold 0,81,1892.7200,1888.7252,3.9948
spatial null (queen neighbour mean),spatial blocks,unweighted,2,10,34.575,117.425,Jiangsu,block fold 0,187,1891.9500,1888.7252,3.2248
spatial null (queen neighbour mean),spatial blocks,unweighted,2,11,34.575,117.675,Jiangsu,block fold 0,381,1890.6000,1888.9267,1.6733
spatial null (queen neighbour mean),spatial blocks,unweighted,2,12,34.575,117.925,Jiangsu,block fold 3,402,1889.4800,1891.4867,-2.0067
spatial null (queen neighbour mean),spatial blocks,unweighted,2,13,34.575,118.175,Jiangsu,block fold 3,367,1884.4700,1889.2841,-4.8141
spatial null (queen neighbour mean),spatial blocks,unweighted,2,14,34.575,118.425,Jiangsu,block fold 3,310,1889.7000,1889.2841,0.4159
spatial null (queen neighbour mean),spatial blocks,unweighted,2,15,34.575,118.675,Jiangsu,block fold 3,231,1889.8700,1885.9200,3.9500
spatial null (queen neighbour mean),spatial blocks,unweighted,2,16,34.575,118.925,Jiangsu,block fold 1,297,1884.8600,1889.2633,-4.4033
spatial null (queen neighbour mean),spatial blocks,unweighted,2,17,34.575,119.175,Jiangsu,block fold 1,224,1887.9300,1888.3125,-0.3825
spatial null (queen neighbour mean),spatial blocks,unweighted,2,18,34.575,119.425,Jiangsu,block fold 1,55,1886.6400,1888.3125,-1.6725
spatial null (queen neighbour mean),spatial blocks,unweighted,2,19,34.575,119.675,Jiangsu,block fold 1,2,1871.1500,1878.2700,-7.1200
spatial null (queen neighbour mean),spatial blocks,unweighted,2,20,34.575,119.925,Jiangsu,block fold 0,14,1874.8700,1878.8833,-4.0133
spatial null (queen neighbour mean),spatial blocks,unweighted,2,21,34.575,120.175,Outside,block fold 0,18,1877.4800,1888.7252,-11.2452
spatial null (queen neighbour mean),spatial blocks,unweighted,2,22,34.575,120.425,Outside,block fold 0,32,1871.5600,1888.7252,-17.1652
spatial null (queen neighbour mean),spatial blocks,unweighted,2,23,34.575,120.675,Outside,block fold 0,32,1863.8800,1863.9633,-0.0833
spatial null (queen neighbour mean),spatial blocks,unweighted,2,24,34.575,120.925,Outside,block fold 2,30,1861.7200,1867.9333,-6.2133
spatial null (queen neighbour mean),spatial blocks,unweighted,2,25,34.575,121.175,Outside,block fold 2,16,1860.6500,1888.5892,-27.9392
spatial null (queen neighbour mean),spatial blocks,unweighted,2,26,34.575,121.425,Outside,block fold 2,24,1860.7800,1888.5892,-27.8092
spatial null (queen neighbour mean),spatial blocks,unweighted,2,27,34.575,121.675,Outside,block fold 2,42,1851.8600,1852.6600,-0.8000
spatial null (queen neighbour mean),spatial blocks,unweighted,2,28,34.575,121.925,Outside,block fold 0,49,1851.8900,1853.6900,-1.8000
spatial null (queen neighbour mean),spatial blocks,unweighted,2,29,34.575,122.175,Outside,block fold 0,56,1853.6900,1888.7252,-35.0352
spatial null (queen neighbour mean),spatial blocks,unweighted,2,30,34.575,122.425,Outside,block fold 0,49,1857.2900,1888.7252,-31.4352
spatial null (queen neighbour mean),spatial blocks,unweighted,3,0,34.325,114.925,Outside,block fold 0,304,1899.0600,1894.6150,4.4450
spatial null (queen neighbour mean),spatial blocks,unweighted,3,1,34.325,115.175,Outside,block fold 0,308,1897.8800,1895.1867,2.6933
spatial null (queen neighbour mean),spatial blocks,unweighted,3,2,34.325,115.425,Outside,block fold 0,343,1897.7200,1895.9600,1.7600
spatial null (queen neighbour mean),spatial blocks,unweighted,3,3,34.325,115.675,Outside,block fold 0,295,1899.7300,1896.6000,3.1300
spatial null (queen neighbour mean),spatial blocks,unweighted,3,4,34.325,115.925,Outside,block fold 0,351,1895.9900,1896.8700,-0.8800
spatial null (queen neighbour mean),spatial blocks,unweighted,3,5,34.325,116.175,Anhui,block fold 0,349,1897.2500,1888.7252,8.5248
spatial null (queen neighbour mean),spatial blocks,unweighted,3,6,34.325,116.425,Anhui,block fold 0,382,1893.8900,1888.7252,5.1648
spatial null (queen neighbour mean),spatial blocks,unweighted,3,7,34.325,116.675,Anhui,block fold 0,400,1892.2900,1896.0500,-3.7600
spatial null (queen neighbour mean),spatial blocks,unweighted,3,8,34.325,116.925,Anhui,block fold 0,366,1895.1400,1894.7550,0.3850
spatial null (queen neighbour mean),spatial blocks,unweighted,3,9,34.325,117.175,Jiangsu,block fold 0,151,1892.1100,1894.9900,-2.8800
spatial null (queen neighbour mean),spatial blocks,unweighted,3,10,34.325,117.425,Jiangsu,block fold 0,249,1891.0100,1894.0567,-3.0467
spatial null (queen neighbour mean),spatial blocks,unweighted,3,11,34.325,117.675,Jiangsu,block fold 0,372,1889.7400,1892.0860,-2.3460
spatial null (queen neighbour mean),spatial blocks,unweighted,3,12,34.325,117.925,Jiangsu,block fold 3,271,1890.0300,1890.9575,-0.9275
spatial null (queen neighbour mean),spatial blocks,unweighted,3,13,34.325,118.175,Jiangsu,block fold 3,241,1890.3600,1891.0000,-0.6400
spatial null (queen neighbour mean),spatial blocks,unweighted,3,14,34.325,118.425,Jiangsu,block fold 3,283,1892.2100,1890.6267,1.5833
spatial null (queen neighbour mean),spatial blocks,unweighted,3,15,34.325,118.675,Jiangsu,block fold 3,241,1890.1100,1887.6060,2.5040
spatial null (queen neighbour mean),spatial blocks,unweighted,3,16,34.325,118.925,Jiangsu,block fold 1,326,1884.8300,1888.9540,-4.1240
spatial null (queen neighbour mean),spatial blocks,unweighted,3,17,34.325,119.175,Jiangsu,block fold 1,293,1887.3300,1886.8467,0.4833
spatial null (queen neighbour mean),spatial blocks,unweighted,3,18,34.325,119.425,Jiangsu,block fold 1,253,1887.4500,1887.3733,0.0767
spatial null (queen neighbour mean),spatial blocks,unweighted,3,19,34.325,119.675,Jiangsu,block fold 1,126,1892.1200,1885.8860,6.2340
spatial null (queen neighbour mean),spatial blocks,unweighted,3,20,34.325,119.925,Jiangsu,block fold 0,71,1889.3400,1886.0960,3.2440
spatial null (queen neighbour mean),spatial blocks,unweighted,3,21,34.325,120.175,Jiangsu,block fold 0,12,1894.7000,1883.3900,11.3100
spatial null (queen neighbour mean),spatial blocks,unweighted,3,22,34.325,120.425,Outside,block fold 0,10,1875.9200,1881.0700,-5.1500
spatial null (queen neighbour mean),spatial blocks,unweighted,3,23,34.325,120.675,Outside,block fold 0,23,1860.2200,1869.5825,-9.3625
spatial null (queen neighbour mean),spatial blocks,unweighted,3,24,34.325,120.925,Outside,block fold 2,14,1862.2300,1862.6875,-0.4575
spatial null (queen neighbour mean),spatial blocks,unweighted,3,25,34.325,121.175,Outside,block fold 2,16,1859.6400,1861.8333,-2.1933
spatial null (queen neighbour mean),spatial blocks,unweighted,3,26,34.325,121.425,Outside,block fold 2,20,1860.4500,1857.5867,2.8633
spatial null (queen neighbour mean),spatial blocks,unweighted,3,27,34.325,121.675,Outside,block fold 2,31,1852.8600,1855.7940,-2.9340
spatial null (queen neighbour mean),spatial blocks,unweighted,3,28,34.325,121.925,Outside,block fold 0,47,1853.0000,1855.4275,-2.4275
spatial null (queen neighbour mean),spatial blocks,unweighted,3,29,34.325,122.175,Outside,block fold 0,61,1854.7300,1859.9333,-5.2033
spatial null (queen neighbour mean),spatial blocks,unweighted,3,30,34.325,122.425,Outside,block fold 0,65,1857.3500,1859.6950,-2.3450
spatial null (queen neighbour mean),spatial blocks,unweighted,4,0,34.075,114.925,Outside,block fold 3,324,1894.5500,1898.4700,-3.9200
spatial null (queen neighbour mean),spatial blocks,unweighted,4,1,34.075,115.175,Outside,block fold 3,328,1894.6800,1898.2200,-3.5400
spatial null (queen neighbour mean),spatial blocks,unweighted,4,2,34.075,115.425,Outside,block fold 3,346,1896.3300,1898.4433,-2.1133
spatial null (queen neighbour mean),spatial blocks,unweighted,4,3,34.075,115.675,Anhui,block fold 3,368,1896.8700,1896.2980,0.5720
spatial null (queen neighbour mean),spatial blocks,unweighted,4,4,34.075,115.925,Anhui,block fold 0,348,1894.7700,1894.6250,0.1450
spatial null (queen neighbour mean),spatial blocks,unweighted,4,5,34.075,116.175,Outside,block fold 0,348,1895.1000,1888.7252,6.3748
spatial null (queen neighbour mean),spatial blocks,unweighted,4,6,34.075,116.425,Anhui,block fold 0,321,1899.7200,1888.7252,10.9948
spatial null (queen neighbour mean),spatial blocks,unweighted,4,7,34.075,116.675,Anhui,block fold 0,325,1896.2700,1895.5700,0.7000
spatial null (queen neighbour mean),spatial blocks,unweighted,4,8,34.075,116.925,Anhui,block fold 3,294,1896.0500,1894.3580,1.6920
spatial null (queen neighbour mean),spatial blocks,unweighted,4,9,34.075,117.175,Anhui,block fold 3,294,1893.4600,1892.7533,0.7067
spatial null (queen neighbour mean),spatial blocks,unweighted,4,10,34.075,117.425,Jiangsu,block fold 3,249,1895.4600,1890.9533,4.5067
spatial null (queen neighbour mean),spatial blocks,unweighted,4,11,34.075,117.675,Jiangsu,block fold 3,301,1893.2500,1891.1925,2.0575
spatial null (queen neighbour mean),spatial blocks,unweighted,4,12,34.075,117.925,Jiangsu,block fold 4,246,1892.2100,1891.3380,0.8720
spatial null (queen neighbour mean),spatial blocks,unweighted,4,13,34.075,118.175,Jiangsu,block fold 4,33,1891.2800,1890.8667,0.4133
spatial null (queen neighbour mean),spatial blocks,unweighted,4,14,34.075,118.425,Jiangsu,block fold 4,230,1889.5100,1890.8933,-1.3833
spatial null (queen neighbour mean),spatial blocks,unweighted,4,15,34.075,118.675,Jiangsu,block fold 4,299,1891.0900,1889.0500,2.0400
spatial null (queen neighbour mean),spatial blocks,unweighted,4,16,34.075,118.925,Jiangsu,block fold 4,300,1887.7400,1887.4233,0.3167
spatial null (queen neighbour mean),spatial blocks,unweighted,4,17,34.075,119.175,Jiangsu,block fold 4,260,1885.9600,1886.5367,-0.5767
spatial null (queen neighbour mean),spatial blocks,unweighted,4,18,34.075,119.425,Jiangsu,block fold 4,254,1886.8400,1888.9667,-2.1267
spatial null (queen neighbour mean),spatial blocks,unweighted,4,19,34.075,119.675,Jiangsu,block fold 4,264,1889.3200,1889.4780,-0.1580
spatial null (queen neighbour mean),spatial blocks,unweighted,4,20,34.075,119.925,Jiangsu,block fold 2,253,1889.0600,1891.0020,-1.9420
spatial null (queen neighbour mean),spatial blocks,unweighted,4,21,34.075,120.175,Jiangsu,block fold 2,194,1888.8300,1886.6533,2.1767
spatial null (queen neighbour mean),spatial blocks,unweighted,4,22,34.075,120.425,Jiangsu,block fold 2,14,1872.2800,1876.9467,-4.6667
spatial null (queen neighbour mean),spatial blocks,unweighted,4,23,34.075,120.675,Outside,block fold 2,4,1882.1000,1866.6850,15.4150
spatial null (queen neighbour mean),spatial blocks,unweighted,4,24,34.075,120.925,Outside,block fold 0,14,1867.5600,1867.2375,0.3225
spatial null (queen neighbour mean),spatial blocks,unweighted,4,25,34.075,121.175,Outside,block fold 0,21,1859.0900,1860.7733,-1.6833
spatial null (queen neighbour mean),spatial blocks,unweighted,4,26,34.075,121.425,Outside,block fold 0,22,1858.8500,1857.6500,1.2000
spatial null (queen neighbour mean),spatial blocks,unweighted,4,27,34.075,121.675,Outside,block fold 0,27,1854.8200,1857.6850,-2.8650
spatial null (queen neighbour mean),spatial blocks,unweighted,4,28,34.075,121.925,Outside,block fold 4,54,1860.4100,1855.6680,4.7420
spatial null (queen neighbour mean),spatial blocks,unweighted,4,29,34.075,122.175,Outside,block fold 4,49,1856.5800,1855.0267,1.5533
spatial null (queen neighbour mean),spatial blocks,unweighted,4,30,34.075,122.425,Outside,block fold 4,73,1862.8100,1856.0400,6.7700
spatial null (queen neighbour mean),spatial blocks,unweighted,5,0,33.825,114.925,Outside,block fold 3,242,1892.7900,1889.2841,3.5059
spatial null (queen neighbour mean),spatial blocks,unweighted,5,1,33.825,115.175,Outside,block fold 3,357,1893.2000,1889.2841,3.9159
spatial null (queen neighbour mean),spatial blocks,unweighted,5,2,33.825,115.425,Outside,block fold 3,348,1893.2300,1889.2841,3.9459
spatial null (queen neighbour mean),spatial blocks,unweighted,5,3,33.825,115.675,Anhui,block fold 3,310,1892.3800,1894.4133,-2.0333
spatial null (queen neighbour mean),spatial blocks,unweighted,5,4,33.825,115.925,Anhui,block fold 0,319,1893.2800,1893.9433,-0.6633
spatial null (queen neighbour mean),spatial blocks,unweighted,5,5,33.825,116.175,Anhui,block fold 0,331,1895.4800,1888.7252,6.7548
spatial null (queen neighbour mean),spatial blocks,unweighted,5,6,33.825,116.425,Anhui,block fold 0,276,1896.5800,1888.7252,7.8548
spatial null (queen neighbour mean),spatial blocks,unweighted,5,7,33.825,116.675,Anhui,block fold 0,243,1895.9800,1896.2867,-0.3067
spatial null (queen neighbour mean),spatial blocks,unweighted,5,8,33.825,116.925,Anhui,block fold 3,292,1895.0900,1897.1167,-2.0267
spatial null (queen neighbour mean),spatial blocks,unweighted,5,9,33.825,117.175,Anhui,block fold 3,380,1894.2600,1889.2841,4.9759
spatial null (queen neighbour mean),spatial blocks,unweighted,5,10,33.825,117.425,Anhui,block fold 3,356,1893.6100,1889.2841,4.3259
spatial null (queen neighbour mean),spatial blocks,unweighted,5,11,33.825,117.675,Anhui,block fold 3,369,1893.3100,1892.9600,0.3500
spatial null (queen neighbour mean),spatial blocks,unweighted,5,12,33.825,117.925,Jiangsu,block fold 4,377,1891.8100,1893.3600,-1.5500
spatial null (queen neighbour mean),spatial blocks,unweighted,5,13,33.825,118.175,Jiangsu,block fold 4,260,1891.3400,1887.9228,3.4172
spatial null (queen neighbour mean),spatial blocks,unweighted,5,14,33.825,118.425,Jiangsu,block fold 4,274,1889.9600,1887.9228,2.0372
spatial null (queen neighbour mean),spatial blocks,unweighted,5,15,33.825,118.675,Jiangsu,block fold 4,276,1890.4600,1887.9228,2.5372
spatial null (queen neighbour mean),spatial blocks,unweighted,5,16,33.825,118.925,Jiangsu,block fold 4,314,1888.0200,1887.9228,0.0972
spatial null (queen neighbour mean),spatial blocks,unweighted,5,17,33.825,119.175,Jiangsu,block fold 4,273,1888.1400,1887.9228,0.2172
spatial null (queen neighbour mean),spatial blocks,unweighted,5,18,33.825,119.425,Jiangsu,block fold 4,266,1887.4100,1887.9228,-0.5128
spatial null (queen neighbour mean),spatial blocks,unweighted,5,19,33.825,119.675,Jiangsu,block fold 4,256,1889.5300,1890.5733,-1.0433
spatial null (queen neighbour mean),spatial blocks,unweighted,5,20,33.825,119.925,Jiangsu,block fold 2,238,1889.4200,1890.2833,-0.8633
spatial null (queen neighbour mean),spatial blocks,unweighted,5,21,33.825,120.175,Jiangsu,block fold 2,188,1893.9000,1888.5892,5.3108
spatial null (queen neighbour mean),spatial blocks,unweighted,5,22,33.825,120.425,Jiangsu,block fold 2,34,1902.1500,1888.5892,13.5608
spatial null (queen neighbour mean),spatial blocks,unweighted,5,23,33.825,120.675,Outside,block fold 2,1,1864.9800,1870.2200,-5.2400
spatial null (queen neighbour mean),spatial blocks,unweighted,5,24,33.825,120.925,Outside,block fold 0,5,1863.0400,1880.8700,-17.8300
spatial null (queen neighbour mean),spatial blocks,unweighted,5,25,33.825,121.175,Outside,block fold 0,23,1858.5400,1888.7252,-30.1852
spatial null (queen neighbour mean),spatial blocks,unweighted,5,26,33.825,121.425,Outside,block fold 0,23,1860.9700,1888.7252,-27.7552
spatial null (queen neighbour mean),spatial blocks,unweighted,5,27,33.825,121.675,Outside,block fold 0,32,1862.9300,1857.6500,5.2800
spatial null (queen neighbour mean),spatial blocks,unweighted,5,28,33.825,121.925,Outside,block fold 4,64,1857.0200,1857.6833,-0.6633
spatial null (queen neighbour mean),spatial blocks,unweighted,5,29,33.825,122.175,Outside,block fold 4,58,1859.9300,1887.9228,-27.9928
spatial null (queen neighbour mean),spatial blocks,unweighted,5,30,33.825,122.425,Outside,block fold 4,63,1867.5900,1887.9228,-20.3328
spatial null (queen neighbour mean),spatial blocks,unweighted,6,0,33.575,114.925,Outside,block fold 3,282,1894.1800,1889.2841,4.8959
spatial null (queen neighbour mean),spatial blocks,unweighted,6,1,33.575,115.175,Outside,block fold 3,319,1894.0700,1889.2841,4.7859
spatial null (queen neighbour mean),spatial blocks,unweighted,6,2,33.575,115.425,Anhui,block fold 3,348,1892.7900,1889.2841,3.5059
spatial null (queen neighbour mean),spatial blocks,unweighted,6,3,33.575,115.675,Anhui,block fold 3,335,1892.5800,1894.1233,-1.5433
spatial null (queen neighbour mean),spatial blocks,unweighted,6,4,33.575,115.925,Anhui,block fold 0,341,1895.1900,1892.2400,2.9500
spatial null (queen neighbour mean),spatial blocks,unweighted,6,5,33.575,116.175,Anhui,block fold 0,295,1893.6900,1888.7252,4.9648
spatial null (queen neighbour mean),spatial blocks,unweighted,6,6,33.575,116.425,Anhui,block fold 0,313,1897.4700,1888.7252,8.7448
spatial null (queen neighbour mean),spatial blocks,unweighted,6,7,33.575,116.675,Anhui,block fold 0,304,1899.1000,1897.3400,1.7600
spatial null (queen neighbour mean),spatial blocks,unweighted,6,8,33.575,116.925,Anhui,block fold 3,334,1897.7200,1898.3733,-0.6533
spatial null (queen neighbour mean),spatial blocks,unweighted,6,9,33.575,117.175,Anhui,block fold 3,237,1900.7200,1889.2841,11.4359
spatial null (queen neighbour mean),spatial blocks,unweighted,6,10,33.575,117.425,Anhui,block fold 3,394,1894.9600,1889.2841,5.6759
spatial null (queen neighbour mean),spatial blocks,unweighted,6,11,33.575,117.675,Anhui,block fold 3,385,1893.5200,1894.3667,-0.8467
spatial null (queen neighbour mean),spatial blocks,unweighted,6,12,33.575,117.925,Anhui,block fold 4,358,1894.8600,1893.9467,0.9133
spatial null (queen neighbour mean),spatial blocks,unweighted,6,13,33.575,118.175,Jiangsu,block fold 4,317,1891.5500,1887.9228,3.6272
spatial null (queen neighbour mean),spatial blocks,unweighted,6,14,33.575,118.425,Jiangsu,block fold 4,108,1890.5700,1887.9228,2.6472
spatial null (queen neighbour mean),spatial blocks,unweighted,6,15,33.575,118.675,Jiangsu,block fold 4,62,1891.2500,1887.9228,3.3272
spatial null (queen neighbour mean),spatial blocks,unweighted,6,16,33.575,118.925,Jiangsu,block fold 4,170,1890.5500,1887.9228,2.6272
spatial null (queen neighbour mean),spatial blocks,unweighted,6,17,33.575,119.175,Jiangsu,block fold 4,218,1892.2000,1887.9228,4.2772
spatial null (queen neighbour mean),spatial blocks,unweighted,6,18,33.575,119.425,Jiangsu,block fold 4,234,1889.2400,1887.9228,1.3172
spatial null (queen neighbour mean),spatial blocks,unweighted,6,19,33.575,119.675,Jiangsu,block fold 4,217,1892.0000,1891.9900,0.0100
spatial null (queen neighbour mean),spatial blocks,unweighted,6,20,33.575,119.925,Jiangsu,block fold 2,207,1893.2400,1890.8067,2.4333
spatial null (queen neighbour mean),spatial blocks,unweighted,6,21,33.575,120.175,Jiangsu,block fold 2,169,1895.8800,1888.5892,7.2908
spatial null (queen neighbour mean),spatial blocks,unweighted,6,22,33.575,120.425,Jiangsu,block fold 2,74,1897.4800,1888.5892,8.8908
spatial null (queen neighbour mean),spatial blocks,unweighted,6,23,33.575,120.675,Jiangsu,block fold 2,8,1895.5300,1871.5500,23.9800
spatial null (queen neighbour mean),spatial blocks,unweighted,6,24,33.575,120.925,Outside,block fold 0,1,1880.0600,1888.5500,-8.4900
spatial null (queen neighbour mean),spatial blocks,unweighted,6,25,33.575,121.175,Outside,block fold 0,11,1850.5200,1888.7252,-38.2052
spatial null (queen neighbour mean),spatial blocks,unweighted,6,26,33.575,121.425,Outside,block fold 0,18,1857.6900,1888.7252,-31.0352
spatial null (queen neighbour mean),spatial blocks,unweighted,6,27,33.575,121.675,Outside,block fold 0,32,1855.3000,1855.7100,-0.4100
spatial null (queen neighbour mean),spatial blocks,unweighted,6,28,33.575,121.925,Outside,block fold 4,56,1855.5200,1858.8833,-3.3633
spatial null (queen neighbour mean),spatial blocks,unweighted,6,29,33.575,122.175,Outside,block fold 4,49,1862.6400,1887.9228,-25.2828
spatial null (queen neighbour mean),spatial blocks,unweighted,6,30,33.575,122.425,Outside,block fold 4,36,1866.9800,1887.9228,-20.9428
spatial null (queen neighbour mean),spatial blocks,unweighted,7,0,33.325,114.925,Outside,block fold 3,306,1892.1400,1894.5900,-2.4500
spatial null (queen neighbour mean),spatial blocks,unweighted,7,1,33.325,115.175,Anhui,block fold 3,317,1893.7200,1894.3700,-0.6500
spatial null (queen neighbour mean),spatial blocks,unweighted,7,2,33.325,115.425,Anhui,block fold 3,325,1892.8200,1894.3200,-1.5000
spatial null (queen neighbour mean),spatial blocks,unweighted,7,3,33.325,115.675,Anhui,block fold 3,339,1891.7600,1894.6560,-2.8960
spatial null (queen neighbour mean),spatial blocks,unweighted,7,4,33.325,115.925,Anhui,block fold 0,347,1893.9000,1894.3080,-0.4080
spatial null (queen neighbour mean),spatial blocks,unweighted,7,5,33.325,116.175,Anhui,block fold 0,336,1894.6500,1896.5333,-1.8833
spatial null (queen neighbour mean),spatial blocks,unweighted,7,6,33.325,116.425,Anhui,block fold 0,372,1896.7800,1898.3833,-1.6033
spatial null (queen neighbour mean),spatial blocks,unweighted,7,7,33.325,116.675,Anhui,block fold 0,341,1900.0400,1898.0320,2.0080
spatial null (queen neighbour mean),spatial blocks,unweighted,7,8,33.325,116.925,Anhui,block fold 3,365,1899.2100,1898.5860,0.6240
spatial null (queen neighbour mean),spatial blocks,unweighted,7,9,33.325,117.175,Anhui,block fold 3,357,1899.0100,1896.8733,2.1367
spatial null (queen neighbour mean),spatial blocks,unweighted,7,10,33.325,117.425,Anhui,block fold 3,338,1897.8100,1899.0467,-1.2367
spatial null (queen neighbour mean),spatial blocks,unweighted,7,11,33.325,117.675,Anhui,block fold 3,274,1895.0100,1897.7025,-2.6925
spatial null (queen neighbour mean),spatial blocks,unweighted,7,12,33.325,117.925,Anhui,block fold 4,150,1896.4300,1897.3825,-0.9525
spatial null (queen neighbour mean),spatial blocks,unweighted,7,13,33.325,118.175,Jiangsu,block fold 4,135,1892.6300,1897.5400,-4.9100
spatial null (queen neighbour mean),spatial blocks,unweighted,7,14,33.325,118.425,Jiangsu,block fold 4,42,1888.8900,1891.4033,-2.5133
spatial null (queen neighbour mean),spatial blocks,unweighted,7,16,33.325,118.925,Jiangsu,block fold 4,53,1901.5800,1890.3033,11.2767
spatial null (queen neighbour mean),spatial blocks,unweighted,7,17,33.325,119.175,Jiangsu,block fold 4,78,1893.0900,1891.6033,1.4867
spatial null (queen neighbour mean),spatial blocks,unweighted,7,18,33.325,119.425,Jiangsu,block fold 4,167,1891.1400,1890.3400,0.8000
spatial null (queen neighbour mean),spatial blocks,unweighted,7,19,33.325,119.675,Jiangsu,block fold 4,183,1890.8900,1891.7800,-0.8900
spatial null (queen neighbour mean),spatial blocks,unweighted,7,20,33.325,119.925,Jiangsu,block fold 2,182,1893.3100,1891.3700,1.9400
spatial null (queen neighbour mean),spatial blocks,unweighted,7,21,33.325,120.175,Jiangsu,block fold 2,154,1890.3400,1891.4867,-1.1467
spatial null (queen neighbour mean),spatial blocks,unweighted,7,22,33.325,120.425,Jiangsu,block fold 2,166,1892.8500,1890.7567,2.0933
spatial null (queen neighbour mean),spatial blocks,unweighted,7,23,33.325,120.675,Jiangsu,block fold 2,21,1905.1400,1886.8700,18.2700
spatial null (queen neighbour mean),spatial blocks,unweighted,7,26,33.325,121.425,Outside,block fold 0,9,1856.0400,1858.2950,-2.2550
spatial null (queen neighbour mean),spatial blocks,unweighted,7,27,33.325,121.675,Outside,block fold 0,28,1858.4200,1857.1040,1.3160
spatial null (queen neighbour mean),spatial blocks,unweighted,7,28,33.325,121.925,Outside,block fold 4,43,1854.5900,1858.3820,-3.7920
spatial null (queen neighbour mean),spatial blocks,unweighted,7,29,33.325,122.175,Outside,block fold 4,64,1861.1000,1861.7800,-0.6800
spatial null (queen neighbour mean),spatial blocks,unweighted,7,30,33.325,122.425,Outside,block fold 4,43,1860.1000,1863.2600,-3.1600
spatial null (queen neighbour mean),spatial blocks,unweighted,8,0,33.075,114.925,Anhui,block fold 2,337,1894.8100,1892.9300,1.8800
spatial null (queen neighbour mean),spatial blocks,unweighted,8,1,33.075,115.175,Anhui,block fold 2,324,1894.3700,1892.8933,1.4767
spatial null (queen neighbour mean),spatial blocks,unweighted,8,2,33.075,115.425,Anhui,block fold 2,352,1893.9300,1892.7667,1.1633
spatial null (queen neighbour mean),spatial blocks,unweighted,8,3,33.075,115.675,Anhui,block fold 2,330,1894.6600,1892.8267,1.8333
spatial null (queen neighbour mean),spatial blocks,unweighted,8,4,33.075,115.925,Anhui,block fold 2,329,1895.6000,1893.4367,2.1633
spatial null (queen neighbour mean),spatial blocks,unweighted,8,5,33.075,116.175,Anhui,block fold 2,320,1896.9400,1895.1100,1.8300
spatial null (queen neighbour mean),spatial blocks,unweighted,8,6,33.075,116.425,Anhui,block fold 2,348,1897.0600,1897.1567,-0.0967
spatial null (queen neighbour mean),spatial blocks,unweighted,8,7,33.075,116.675,Anhui,block fold 2,374,1901.1500,1898.5100,2.6400
spatial null (queen neighbour mean),spatial blocks,unweighted,8,8,33.075,116.925,Anhui,block fold 4,198,1895.0200,1900.4920,-5.4720
spatial null (queen neighbour mean),spatial blocks,unweighted,8,9,33.075,117.175,Anhui,block fold 4,205,1897.6200,1898.6767,-1.0567
spatial null (queen neighbour mean),spatial blocks,unweighted,8,10,33.075,117.425,Anhui,block fold 4,236,1897.9800,1897.2767,0.7033
spatial null (queen neighbour mean),spatial blocks,unweighted,8,11,33.075,117.675,Anhui,block fold 4,139,1901.5400,1897.7550,3.7850
spatial null (queen neighbour mean),spatial blocks,unweighted,8,12,33.075,117.925,Anhui,block fold 3,61,1904.6200,1896.2850,8.3350
spatial null (queen neighbour mean),spatial blocks,unweighted,8,13,33.075,118.175,Anhui,block fold 3,67,1896.3800,1892.6500,3.7300
spatial null (queen neighbour mean),spatial blocks,unweighted,8,14,33.075,118.425,Jiangsu,block fold 3,57,1891.6200,1890.7600,0.8600
spatial null (queen neighbour mean),spatial blocks,unweighted,8,15,33.075,118.675,Jiangsu,block fold 3,49,1886.2100,1893.2500,-7.0400
spatial null (queen neighbour mean),spatial blocks,unweighted,8,16,33.075,118.925,Jiangsu,block fold 0,90,1893.2600,1892.1475,1.1125
spatial null (queen neighbour mean),spatial blocks,unweighted,8,17,33.075,119.175,Jiangsu,block fold 0,64,1891.4400,1895.2700,-3.8300
spatial null (queen neighbour mean),spatial blocks,unweighted,8,18,33.075,119.425,Jiangsu,block fold 0,116,1890.1100,1891.7067,-1.5967
spatial null (queen neighbour mean),spatial blocks,unweighted,8,19,33.075,119.675,Jiangsu,block fold 0,152,1889.4700,1891.8920,-2.4220
spatial null (queen neighbour mean),spatial blocks,unweighted,8,20,33.075,119.925,Jiangsu,block fold 1,139,1892.7700,1890.6480,2.1220
spatial null (queen neighbour mean),spatial blocks,unweighted,8,21,33.075,120.175,Jiangsu,block fold 1,209,1891.7200,1892.1667,-0.4467
spatial null (queen neighbour mean),spatial blocks,unweighted,8,22,33.075,120.425,Jiangsu,block fold 1,190,1889.9700,1896.1100,-6.1400
spatial null (queen neighbour mean),spatial blocks,unweighted,8,23,33.075,120.675,Jiangsu,block fold 1,99,1890.5800,1902.0975,-11.5175
spatial null (queen neighbour mean),spatial blocks,unweighted,8,24,33.075,120.925,Jiangsu,block fold 2,5,1913.1200,1889.5700,23.5500
spatial null (queen neighbour mean),spatial blocks,unweighted,8,26,33.075,121.425,Outside,block fold 2,7,1856.3900,1857.2300,-0.8400
spatial null (queen neighbour mean),spatial blocks,unweighted,8,27,33.075,121.675,Outside,block fold 2,28,1860.2000,1856.6100,3.5900
spatial null (queen neighbour mean),spatial blocks,unweighted,8,28,33.075,121.925,Outside,block fold 1,42,1858.8200,1858.0740,0.7460
spatial null (queen neighbour mean),spatial blocks,unweighted,8,29,33.075,122.175,Outside,block fold 1,47,1859.1700,1858.5967,0.5733
spatial null (queen neighbour mean),spatial blocks,unweighted,8,30,33.075,122.425,Outside,block fold 1,45,1867.3500,1860.6000,6.7500
spatial null (queen neighbour mean),spatial blocks,unweighted,9,0,32.825,114.925,Anhui,block fold 2,285,1893.7400,1888.5892,5.1508
spatial null (queen neighbour mean),spatial blocks,unweighted,9,1,32.825,115.175,Anhui,block fold 2,332,1894.0600,1888.5892,5.4708
spatial null (queen neighbour mean),spatial blocks,unweighted,9,2,32.825,115.425,Anhui,block fold 2,347,1893.6600,1888.5892,5.0708
spatial null (queen neighbour mean),spatial blocks,unweighted,9,3,32.825,115.675,Anhui,block fold 2,321,1895.2300,1888.5892,6.6408
spatial null (queen neighbour mean),spatial blocks,unweighted,9,4,32.825,115.925,Anhui,block fold 2,345,1895.5400,1888.5892,6.9508
spatial null (queen neighbour mean),spatial blocks,unweighted,9,5,32.825,116.175,Anhui,block fold 2,224,1896.3100,1888.5892,7.7208
spatial null (queen neighbour mean),spatial blocks,unweighted,9,6,32.825,116.425,Anhui,block fold 2,177,1902.0700,1888.5892,13.4808
spatial null (queen neighbour mean),spatial blocks,unweighted,9,7,32.825,116.675,Anhui,block fold 2,167,1903.0500,1901.3267,1.7233
spatial null (queen neighbour mean),spatial blocks,unweighted,9,8,32.825,116.925,Anhui,block fold 4,188,1901.5000,1903.7700,-2.2700
spatial null (queen neighbour mean),spatial blocks,unweighted,9,9,32.825,117.175,Anhui,block fold 4,145,1901.1600,1887.9228,13.2372
spatial null (queen neighbour mean),spatial blocks,unweighted,9,10,32.825,117.425,Anhui,block fold 4,243,1894.2600,1887.9228,6.3372
spatial null (queen neighbour mean),spatial blocks,unweighted,9,11,32.825,117.675,Anhui,block fold 4,223,1894.5400,1896.4400,-1.9000
spatial null (queen neighbour mean),spatial blocks,unweighted,9,12,32.825,117.925,Anhui,block fold 3,142,1893.5800,1896.1600,-2.5800
spatial null (queen neighbour mean),spatial blocks,unweighted,9,13,32.825,118.175,Anhui,block fold 3,127,1892.0300,1889.2841,2.7459
spatial null (queen neighbour mean),spatial blocks,unweighted,9,14,32.825,118.425,Jiangsu,block fold 3,200,1889.3800,1889.2841,0.0959
spatial null (queen neighbour mean),spatial blocks,unweighted,9,15,32.825,118.675,Jiangsu,block fold 3,189,1887.7100,1891.1600,-3.4500
spatial null (queen neighbour mean),spatial blocks,unweighted,9,16,32.825,118.925,Anhui,block fold 0,202,1889.2700,1886.9400,2.3300
spatial null (queen neighbour mean),spatial blocks,unweighted,9,17,32.825,119.175,Jiangsu,block fold 0,7,1891.7300,1888.7252,3.0048
spatial null (queen neighbour mean),spatial blocks,unweighted,9,18,32.825,119.425,Jiangsu,block fold 0,31,1887.7300,1888.7252,-0.9952
spatial null (queen neighbour mean),spatial blocks,unweighted,9,19,32.825,119.675,Jiangsu,block fold 0,244,1889.2300,1891.8667,-2.6367
spatial null (queen neighbour mean),spatial blocks,unweighted,9,20,32.825,119.925,Jiangsu,block fold 1,222,1891.3500,1889.4700,1.8800
spatial null (queen neighbour mean),spatial blocks,unweighted,9,21,32.825,120.175,Jiangsu,block fold 1,198,1892.4500,1888.3125,4.1375
spatial null (queen neighbour mean),spatial blocks,unweighted,9,22,32.825,120.425,Jiangsu,block fold 1,181,1890.4900,1888.3125,2.1775
spatial null (queen neighbour mean),spatial blocks,unweighted,9,23,32.825,120.675,Jiangsu,block fold 1,157,1888.5600,1901.0633,-12.5033
spatial null (queen neighbour mean),spatial blocks,unweighted,9,24,32.825,120.925,Jiangsu,block fold 2,19,1897.2800,1889.8267,7.4533
spatial null (queen neighbour mean),spatial blocks,unweighted,9,26,32.825,121.425,Outside,block fold 2,2,1860.0400,1888.5892,-28.5492
spatial null (queen neighbour mean),spatial blocks,unweighted,9,27,32.825,121.675,Outside,block fold 2,26,1856.0600,1857.3900,-1.3300
spatial null (queen neighbour mean),spatial blocks,unweighted,9,28,32.825,121.925,Outside,block fold 1,40,1855.1800,1857.4900,-2.3100
spatial null (queen neighbour mean),spatial blocks,unweighted,9,29,32.825,122.175,Outside,block fold 1,49,1857.4900,1888.3125,-30.8225
spatial null (queen neighbour mean),spatial blocks,unweighted,9,30,32.825,122.425,Outside,block fold 1,40,1863.0600,1888.3125,-25.2525
spatial null (queen neighbour mean),spatial blocks,unweighted,10,0,32.575,114.925,Outside,block fold 2,298,1896.2900,1888.5892,7.7008
spatial null (queen neighbour mean),spatial blocks,unweighted,10,1,32.575,115.175,Anhui,block fold 2,345,1892.6500,1888.5892,4.0608
spatial null (queen neighbour mean),spatial blocks,unweighted,10,2,32.575,115.425,Anhui,block fold 2,342,1894.7300,1888.5892,6.1408
spatial null (queen neighbour mean),spatial blocks,unweighted,10,3,32.575,115.675,Anhui,block fold 2,315,1895.6200,1888.5892,7.0308
spatial null (queen neighbour mean),spatial blocks,unweighted,10,4,32.575,115.925,Anhui,block fold 2,226,1898.1100,1888.5892,9.5208
spatial null (queen neighbour mean),spatial blocks,unweighted,10,5,32.575,116.175,Anhui,block fold 2,161,1902.3600,1888.5892,13.7708
spatial null (queen neighbour mean),spatial blocks,unweighted,10,6,32.575,116.425,Anhui,block fold 2,135,1906.1300,1888.5892,17.5408
spatial null (queen neighbour mean),spatial blocks,unweighted,10,7,32.575,116.675,Anhui,block fold 2,105,1907.1100,1912.0567,-4.9467
spatial null (queen neighbour mean),spatial blocks,unweighted,10,8,32.575,116.925,Anhui,block fold 4,85,1907.4600,1903.4633,3.9967
spatial null (queen neighbour mean),spatial blocks,unweighted,10,9,32.575,117.175,Anhui,block fold 4,171,1903.9700,1887.9228,16.0472
spatial null (queen neighbour mean),spatial blocks,unweighted,10,10,32.575,117.425,Anhui,block fold 4,227,1895.2100,1887.9228,7.2872
spatial null (queen neighbour mean),spatial blocks,unweighted,10,11,32.575,117.675,Anhui,block fold 4,213,1892.4000,1891.5767,0.8233
spatial null (queen neighbour mean),spatial blocks,unweighted,10,12,32.575,117.925,Anhui,block fold 3,245,1891.1200,1892.9500,-1.8300
spatial null (queen neighbour mean),spatial blocks,unweighted,10,13,32.575,118.175,Anhui,block fold 3,283,1888.0100,1889.2841,-1.2741
spatial null (queen neighbour mean),spatial blocks,unweighted,10,14,32.575,118.425,Anhui,block fold 3,297,1889.3300,1889.2841,0.0459
spatial null (queen neighbour mean),spatial blocks,unweighted,10,15,32.575,118.675,Anhui,block fold 3,244,1886.9000,1891.4133,-4.5133
spatial null (queen neighbour mean),spatial blocks,unweighted,10,16,32.575,118.925,Anhui,block fold 0,219,1890.9500,1889.9700,0.9800
spatial null (queen neighbour mean),spatial blocks,unweighted,10,17,32.575,119.175,Jiangsu,block fold 0,218,1890.5500,1888.7252,1.8248
spatial null (queen neighbour mean),spatial blocks,unweighted,10,18,32.575,119.425,Jiangsu,block fold 0,64,1889.0500,1888.7252,0.3248
spatial null (queen neighbour mean),spatial blocks,unweighted,10,19,32.575,119.675,Jiangsu,block fold 0,247,1889.7100,1891.4900,-1.7800
spatial null (queen neighbour mean),spatial blocks,unweighted,10,20,32.575,119.925,Jiangsu,block fold 1,248,1891.4800,1890.7333,0.7467
spatial null (queen neighbour mean),spatial blocks,unweighted,10,21,32.575,120.175,Jiangsu,block fold 1,203,1894.5000,1888.3125,6.1875
spatial null (queen neighbour mean),spatial blocks,unweighted,10,22,32.575,120.425,Jiangsu,block fold 1,147,1894.2000,1888.3125,5.8875
spatial null (queen neighbour mean),spatial blocks,unweighted,10,23,32.575,120.675,Jiangsu,block fold 1,146,1890.3400,1894.9233,-4.5833
spatial null (queen neighbour mean),spatial blocks,unweighted,10,24,32.575,120.925,Jiangsu,block fold 2,40,1892.7900,1890.6700,2.1200
spatial null (queen neighbour mean),spatial blocks,unweighted,10,25,32.575,121.175,Jiangsu,block fold 2,2,1915.9100,1888.5892,27.3208
spatial null (queen neighbour mean),spatial blocks,unweighted,10,26,32.575,121.425,Outside,block fold 2,3,1854.0100,1888.5892,-34.5792
spatial null (queen neighbour mean),spatial blocks,unweighted,10,27,32.575,121.675,Outside,block fold 2,27,1856.2100,1856.5200,-0.3100
spatial null (queen neighbour mean),spatial blocks,unweighted,10,28,32.575,121.925,Outside,block fold 1,39,1858.1700,1856.2000,1.9700
spatial null (queen neighbour mean),spatial blocks,unweighted,10,29,32.575,122.175,Outside,block fold 1,47,1854.4100,1888.3125,-33.9025
spatial null (queen neighbour mean),spatial blocks,unweighted,10,30,32.575,122.425,Outside,block fold 1,26,1856.5800,1888.3125,-31.7325
spatial null (queen neighbour mean),spatial blocks,unweighted,11,0,32.325,114.925,Outside,block fold 2,305,1896.9600,1895.0600,1.9000
spatial null (queen neighbour mean),spatial blocks,unweighted,11,1,32.325,115.175,Outside,block fold 2,284,1893.5900,1894.6533,-1.0633
spatial null (queen neighbour mean),spatial blocks,unweighted,11,2,32.325,115.425,Anhui,block fold 2,298,1895.4400,1894.0333,1.4067
spatial null (queen neighbour mean),spatial blocks,unweighted,11,3,32.325,115.675,Anhui,block fold 2,296,1895.1600,1893.4950,1.6650
spatial null (queen neighbour mean),spatial blocks,unweighted,11,4,32.325,115.925,Anhui,block fold 2,236,1896.6300,1893.1500,3.4800
spatial null (queen neighbour mean),spatial blocks,unweighted,11,5,32.325,116.175,Anhui,block fold 2,54,1898.5900,1888.5892,10.0008
spatial null (queen neighbour mean),spatial blocks,unweighted,11,6,32.325,116.425,Anhui,block fold 2,40,1901.2300,1888.5892,12.6408
spatial null (queen neighbour mean),spatial blocks,unweighted,11,7,32.325,116.675,Anhui,block fold 2,86,1900.2300,1910.8967,-10.6667
spatial null (queen neighbour mean),spatial blocks,unweighted,11,8,32.325,116.925,Anhui,block fold 4,15,1927.2100,1899.9600,27.2500
spatial null (queen neighbour mean),spatial blocks,unweighted,11,9,32.325,117.175,Anhui,block fold 4,221,1900.0400,1897.0133,3.0267
spatial null (queen neighbour mean),spatial blocks,unweighted,11,10,32.325,117.425,Anhui,block fold 4,264,1898.8200,1896.5300,2.2900
spatial null (queen neighbour mean),spatial blocks,unweighted,11,11,32.325,117.675,Anhui,block fold 4,230,1891.9100,1893.5840,-1.6740
spatial null (queen neighbour mean),spatial blocks,unweighted,11,12,32.325,117.925,Anhui,block fold 3,268,1890.0300,1894.1780,-4.1480
spatial null (queen neighbour mean),spatial blocks,unweighted,11,13,32.325,118.175,Anhui,block fold 3,243,1890.1900,1895.0967,-4.9067
spatial null (queen neighbour mean),spatial blocks,unweighted,11,14,32.325,118.425,Anhui,block fold 3,187,1893.5500,1895.8200,-2.2700
spatial null (queen neighbour mean),spatial blocks,unweighted,11,15,32.325,118.675,Jiangsu,block fold 3,259,1895.3000,1894.4580,0.8420
spatial null (queen neighbour mean),spatial blocks,unweighted,11,16,32.325,118.925,Jiangsu,block fold 0,227,1894.0200,1894.3580,-0.3380
spatial null (queen neighbour mean),spatial blocks,unweighted,11,17,32.325,119.175,Jiangsu,block fold 0,153,1891.8900,1895.5633,-3.6733
spatial null (queen neighbour mean),spatial blocks,unweighted,11,18,32.325,119.425,Jiangsu,block fold 0,133,1889.6100,1894.5267,-4.9167
spatial null (queen neighbour mean),spatial blocks,unweighted,11,19,32.325,119.675,Jiangsu,block fold 0,84,1893.2600,1891.8940,1.3660
spatial null (queen neighbour mean),spatial blocks,unweighted,11,20,32.325,119.925,Jiangsu,block fold 1,165,1891.6400,1892.3000,-0.6600
spatial null (queen neighbour mean),spatial blocks,unweighted,11,21,32.325,120.175,Jiangsu,block fold 1,233,1892.2600,1893.4233,-1.1633
spatial null (queen neighbour mean),spatial blocks,unweighted,11,22,32.325,120.425,Jiangsu,block fold 1,174,1893.7700,1894.8600,-1.0900
spatial null (queen neighbour mean),spatial blocks,unweighted,11,23,32.325,120.675,Jiangsu,block fold 1,148,1893.1100,1893.9720,-0.8620
spatial null (queen neighbour mean),spatial blocks,unweighted,11,24,32.325,120.925,Jiangsu,block fold 2,131,1894.7000,1892.1020,2.5980
spatial null (queen neighbour mean),spatial blocks,unweighted,11,25,32.325,121.175,Jiangsu,block fold 2,87,1894.8000,1889.3133,5.4867
spatial null (queen neighbour mean),spatial blocks,unweighted,11,26,32.325,121.425,Jiangsu,block fold 2,4,1898.6900,1888.7333,9.9567
spatial null (queen neighbour mean),spatial blocks,unweighted,11,27,32.325,121.675,Outside,block fold 2,11,1856.3300,1869.3720,-13.0420
spatial null (queen neighbour mean),spatial blocks,unweighted,11,28,32.325,121.925,Outside,block fold 1,34,1856.2100,1862.2580,-6.0480
spatial null (queen neighbour mean),spatial blocks,unweighted,11,29,32.325,122.175,Outside,block fold 1,43,1859.9900,1851.3367,8.6533
spatial null (queen neighbour mean),spatial blocks,unweighted,11,30,32.325,122.425,Outside,block fold 1,26,1852.7300,1849.1550,3.5750
spatial null (queen neighbour mean),spatial blocks,unweighted,12,0,32.075,114.925,Outside,block fold 3,257,1895.0100,1895.2750,-0.2650
spatial null (queen neighbour mean),spatial blocks,unweighted,12,1,32.075,115.175,Outside,block fold 3,303,1895.1100,1895.3300,-0.2200
spatial null (queen neighbour mean),spatial blocks,unweighted,12,2,32.075,115.425,Outside,block fold 3,322,1893.8400,1894.7300,-0.8900
spatial null (queen neighbour mean),spatial blocks,unweighted,12,3,32.075,115.675,Outside,block fold 3,296,1893.1500,1894.3540,-1.2040
spatial null (queen neighbour mean),spatial blocks,unweighted,12,4,32.075,115.925,Anhui,block fold 2,295,1893.1900,1891.0700,2.1200
spatial null (queen neighbour mean),spatial blocks,unweighted,12,5,32.075,116.175,Anhui,block fold 2,258,1892.5300,1888.5892,3.9408
spatial null (queen neighbour mean),spatial blocks,unweighted,12,6,32.075,116.425,Anhui,block fold 2,227,1894.0800,1888.5892,5.4908
spatial null (queen neighbour mean),spatial blocks,unweighted,12,7,32.075,116.675,Anhui,block fold 2,282,1897.8500,1906.7733,-8.9233
spatial null (queen neighbour mean),spatial blocks,unweighted,12,8,32.075,116.925,Anhui,block fold 1,306,1898.0200,1904.4000,-6.3800
spatial null (queen neighbour mean),spatial blocks,unweighted,12,9,32.075,117.175,Anhui,block fold 1,290,1896.5900,1908.6900,-12.1000
spatial null (queen neighbour mean),spatial blocks,unweighted,12,10,32.075,117.425,Anhui,block fold 1,278,1896.4300,1896.9233,-0.4933
spatial null (queen neighbour mean),spatial blocks,unweighted,12,11,32.075,117.675,Anhui,block fold 1,318,1896.5700,1893.9800,2.5900
spatial null (queen neighbour mean),spatial blocks,unweighted,12,12,32.075,117.925,Anhui,block fold 2,260,1893.7700,1892.9220,0.8480
spatial null (queen neighbour mean),spatial blocks,unweighted,12,13,32.075,118.175,Anhui,block fold 2,250,1896.2400,1891.2567,4.9833
spatial null (queen neighbour mean),spatial blocks,unweighted,12,14,32.075,118.425,Anhui,block fold 2,241,1895.2800,1893.0133,2.2667
spatial null (queen neighbour mean),spatial blocks,unweighted,12,15,32.075,118.675,Jiangsu,block fold 2,133,1895.9400,1894.2900,1.6500
spatial null (queen neighbour mean),spatial blocks,unweighted,12,16,32.075,118.925,Jiangsu,block fold 2,185,1896.1000,1893.7367,2.3633
spatial null (queen neighbour mean),spatial blocks,unweighted,12,17,32.075,119.175,Jiangsu,block fold 2,218,1897.5500,1891.8400,5.7100
spatial null (queen neighbour mean),spatial blocks,unweighted,12,18,32.075,119.425,Jiangsu,block fold 2,231,1893.0400,1891.5867,1.4533
spatial null (queen neighbour mean),spatial blocks,unweighted,12,19,32.075,119.675,Jiangsu,block fold 2,181,1892.9900,1892.0000,0.9900
spatial null (queen neighbour mean),spatial blocks,unweighted,12,20,32.075,119.925,Jiangsu,block fold 3,77,1890.3200,1892.9100,-2.5900
spatial null (queen neighbour mean),spatial blocks,unweighted,12,21,32.075,120.175,Jiangsu,block fold 3,146,1895.2200,1892.5567,2.6633
spatial null (queen neighbour mean),spatial blocks,unweighted,12,22,32.075,120.425,Jiangsu,block fold 3,60,1894.7300,1893.0467,1.6833
spatial null (queen neighbour mean),spatial blocks,unweighted,12,23,32.075,120.675,Jiangsu,block fold 3,37,1894.6300,1893.8600,0.7700
spatial null (queen neighbour mean),spatial blocks,unweighted,12,24,32.075,120.925,Jiangsu,block fold 3,67,1893.0100,1894.2033,-1.1933
spatial null (queen neighbour mean),spatial blocks,unweighted,12,25,32.075,121.175,Jiangsu,block fold 3,114,1889.4200,1896.0633,-6.6433
spatial null (queen neighbour mean),spatial blocks,unweighted,12,26,32.075,121.425,Jiangsu,block fold 3,65,1885.5100,1883.2733,2.2367
spatial null (queen neighbour mean),spatial blocks,unweighted,12,27,32.075,121.675,Jiangsu,block fold 3,7,1891.2700,1870.4100,20.8600
spatial null (queen neighbour mean),spatial blocks,unweighted,12,28,32.075,121.925,Jiangsu,block fold 3,20,1855.7000,1857.5100,-1.8100
spatial null (queen neighbour mean),spatial blocks,unweighted,12,29,32.075,122.175,Outside,block fold 3,34,1851.7800,1856.3100,-4.5300
spatial null (queen neighbour mean),spatial blocks,unweighted,12,30,32.075,122.425,Outside,block fold 3,23,1846.5300,1856.3600,-9.8300
spatial null (queen neighbour mean),spatial blocks,unweighted,13,0,31.825,114.925,Outside,block fold 3,250,1893.5000,1889.2841,4.2159
spatial null (queen neighbour mean),spatial blocks,unweighted,13,1,31.825,115.175,Outside,block fold 3,282,1890.7300,1889.2841,1.4459
spatial null (queen neighbour mean),spatial blocks,unweighted,13,2,31.825,115.425,Anhui,block fold 3,232,1890.6600,1889.2841,1.3759
spatial null (queen neighbour mean),spatial blocks,unweighted,13,3,31.825,115.675,Anhui,block fold 3,134,1888.9900,1886.9533,2.0367
spatial null (queen neighbour mean),spatial blocks,unweighted,13,4,31.825,115.925,Anhui,block fold 2,226,1891.3500,1886.2900,5.0600
spatial null (queen neighbour mean),spatial blocks,unweighted,13,5,31.825,116.175,Anhui,block fold 2,312,1889.9000,1888.5892,1.3108
spatial null (queen neighbour mean),spatial blocks,unweighted,13,6,31.825,116.425,Anhui,block fold 2,261,1894.7000,1888.5892,6.1108
spatial null (queen neighbour mean),spatial blocks,unweighted,13,7,31.825,116.675,Anhui,block fold 2,273,1896.6700,1895.6467,1.0233
spatial null (queen neighbour mean),spatial blocks,unweighted,13,8,31.825,116.925,Anhui,block fold 1,307,1895.0900,1896.1600,-1.0700
spatial null (queen neighbour mean),spatial blocks,unweighted,13,9,31.825,117.175,Anhui,block fold 1,162,1900.4800,1888.3125,12.1675
spatial null (queen neighbour mean),spatial blocks,unweighted,13,10,31.825,117.425,Anhui,block fold 1,132,1899.1300,1888.3125,10.8175
spatial null (queen neighbour mean),spatial blocks,unweighted,13,11,31.825,117.675,Anhui,block fold 1,230,1895.9100,1894.3067,1.6033
spatial null (queen neighbour mean),spatial blocks,unweighted,13,12,31.825,117.925,Anhui,block fold 2,194,1895.3700,1896.5700,-1.2000
spatial null (queen neighbour mean),spatial blocks,unweighted,13,13,31.825,118.175,Anhui,block fold 2,224,1894.8900,1888.5892,6.3008
spatial null (queen neighbour mean),spatial blocks,unweighted,13,14,31.825,118.425,Anhui,block fold 2,132,1898.0400,1888.5892,9.4508
spatial null (queen neighbour mean),spatial blocks,unweighted,13,15,31.825,118.675,Jiangsu,block fold 2,167,1896.9300,1888.5892,8.3408
spatial null (queen neighbour mean),spatial blocks,unweighted,13,16,31.825,118.925,Jiangsu,block fold 2,173,1893.2600,1888.5892,4.6708
spatial null (queen neighbour mean),spatial blocks,unweighted,13,17,31.825,119.175,Jiangsu,block fold 2,228,1895.8000,1888.5892,7.2108
spatial null (queen neighbour mean),spatial blocks,unweighted,13,18,31.825,119.425,Jiangsu,block fold 2,282,1892.8900,1888.5892,4.3008
spatial null (queen neighbour mean),spatial blocks,unweighted,13,19,31.825,119.675,Jiangsu,block fold 2,186,1894.4000,1897.5267,-3.1267
spatial null (queen neighbour mean),spatial blocks,unweighted,13,20,31.825,119.925,Jiangsu,block fold 3,66,1895.1700,1893.5867,1.5833
spatial null (queen neighbour mean),spatial blocks,unweighted,13,21,31.825,120.175,Jiangsu,block fold 3,122,1894.9000,1889.2841,5.6159
spatial null (queen neighbour mean),spatial blocks,unweighted,13,22,31.825,120.425,Jiangsu,block fold 3,121,1893.1700,1889.2841,3.8859
spatial null (queen neighbour mean),spatial blocks,unweighted,13,23,31.825,120.675,Jiangsu,block fold 3,97,1892.8100,1889.2841,3.5259
spatial null (queen neighbour mean),spatial blocks,unweighted,13,24,31.825,120.925,Jiangsu,block fold 3,10,1889.2300,1889.2841,-0.0541
spatial null (queen neighbour mean),spatial blocks,unweighted,13,25,31.825,121.175,Jiangsu,block fold 3,16,1889.5800,1889.2841,0.2959
spatial null (queen neighbour mean),spatial blocks,unweighted,13,26,31.825,121.425,Jiangsu,block fold 3,19,1886.7400,1889.2841,-2.5441
spatial null (queen neighbour mean),spatial blocks,unweighted,13,27,31.825,121.675,Jiangsu,block fold 3,39,1886.2300,1889.2841,-3.0541
spatial null (queen neighbour mean),spatial blocks,unweighted,13,28,31.825,121.925,Jiangsu,block fold 3,6,1859.5500,1889.2841,-29.7341
spatial null (queen neighbour mean),spatial blocks,unweighted,13,29,31.825,122.175,Outside,block fold 3,20,1855.0500,1889.2841,-34.2341
spatial null (queen neighbour mean),spatial blocks,unweighted,13,30,31.825,122.425,Outside,block fold 3,19,1840.5000,1889.2841,-48.7841
spatial null (queen neighbour mean),spatial blocks,unweighted,14,0,31.575,114.925,Outside,block fold 3,87,1888.8000,1889.2841,-0.4841
spatial null (queen neighbour mean),spatial blocks,unweighted,14,1,31.575,115.175,Outside,block fold 3,33,1882.1000,1889.2841,-7.1841
spatial null (queen neighbour mean),spatial blocks,unweighted,14,2,31.575,115.425,Anhui,block fold 3,21,1875.3800,1889.2841,-13.9041
spatial null (queen neighbour mean),spatial blocks,unweighted,14,3,31.575,115.675,Anhui,block fold 3,54,1876.7300,1883.8350,-7.1050
spatial null (queen neighbour mean),spatial blocks,unweighted,14,4,31.575,115.925,Anhui,block fold 2,42,1876.3200,1893.5233,-17.2033
spatial null (queen neighbour mean),spatial blocks,unweighted,14,5,31.575,116.175,Anhui,block fold 2,156,1888.4700,1888.5892,-0.1192
spatial null (queen neighbour mean),spatial blocks,unweighted,14,6,31.575,116.425,Anhui,block fold 2,267,1891.0200,1888.5892,2.4308
spatial null (queen neighbour mean),spatial blocks,unweighted,14,7,31.575,116.675,Anhui,block fold 2,314,1893.9600,1893.2467,0.7133
spatial null (queen neighbour mean),spatial blocks,unweighted,14,8,31.575,116.925,Anhui,block fold 1,305,1893.8300,1893.3533,0.4767
spatial null (queen neighbour mean),spatial blocks,unweighted,14,9,31.575,117.175,Anhui,block fold 1,142,1896.6800,1888.3125,8.3675
spatial null (queen neighbour mean),spatial blocks,unweighted,14,10,31.575,117.425,Anhui,block fold 1,18,1888.3700,1888.3125,0.0575
spatial null (queen neighbour mean),spatial blocks,unweighted,14,11,31.575,117.675,Anhui,block fold 1,5,1897.2300,1894.8467,2.3833
spatial null (queen neighbour mean),spatial blocks,unweighted,14,12,31.575,117.925,Anhui,block fold 2,126,1893.7800,1895.7600,-1.9800
spatial null (queen neighbour mean),spatial blocks,unweighted,14,13,31.575,118.175,Anhui,block fold 2,223,1894.6100,1888.5892,6.0208
spatial null (queen neighbour mean),spatial blocks,unweighted,14,14,31.575,118.425,Anhui,block fold 2,115,1895.3700,1888.5892,6.7808
spatial null (queen neighbour mean),spatial blocks,unweighted,14,15,31.575,118.675,Anhui,block fold 2,202,1893.5300,1888.5892,4.9408
spatial null (queen neighbour mean),spatial blocks,unweighted,14,16,31.575,118.925,Jiangsu,block fold 2,78,1890.8700,1888.5892,2.2808
spatial null (queen neighbour mean),spatial blocks,unweighted,14,17,31.575,119.175,Jiangsu,block fold 2,241,1895.7700,1888.5892,7.1808
spatial null (queen neighbour mean),spatial blocks,unweighted,14,18,31.575,119.425,Jiangsu,block fold 2,134,1896.7100,1888.5892,8.1208
spatial null (queen neighbour mean),spatial blocks,unweighted,14,19,31.575,119.675,Jiangsu,block fold 2,42,1893.3700,1898.6467,-5.2767
spatial null (queen neighbour mean),spatial blocks,unweighted,14,20,31.575,119.925,Jiangsu,block fold 3,32,1907.0900,1894.6033,12.4867
spatial null (queen neighbour mean),spatial blocks,unweighted,14,21,31.575,120.175,Jiangsu,block fold 3,50,1895.8600,1889.2841,6.5759
spatial null (queen neighbour mean),spatial blocks,unweighted,14,22,31.575,120.425,Jiangsu,block fold 3,66,1891.4000,1889.2841,2.1159
spatial null (queen neighbour mean),spatial blocks,unweighted,14,23,31.575,120.675,Jiangsu,block fold 3,18,1890.1400,1889.2841,0.8559
spatial null (queen neighbour mean),spatial blocks,unweighted,14,24,31.575,120.925,Jiangsu,block fold 3,71,1888.8100,1889.2841,-0.4741
spatial null (queen neighbour mean),spatial blocks,unweighted,14,25,31.575,121.175,Jiangsu,block fold 3,58,1896.1500,1889.2841,6.8659
spatial null (queen neighbour mean),spatial blocks,unweighted,14,26,31.575,121.425,Shanghai,block fold 3,9,1894.7900,1889.2841,5.5059
spatial null (queen neighbour mean),spatial blocks,unweighted,14,27,31.575,121.675,Shanghai,block fold 3,1,1865.5500,1889.2841,-23.7341
spatial null (queen neighbour mean),spatial blocks,unweighted,14,29,31.575,122.175,Outside,block fold 3,1,1856.6500,1889.2841,-32.6341
spatial null (queen neighbour mean),spatial blocks,unweighted,14,30,31.575,122.425,Outside,block fold 3,10,1844.6300,1889.2841,-44.6541
spatial null (queen neighbour mean),spatial blocks,unweighted,15,0,31.325,114.925,Outside,block fold 3,228,1885.1700,1889.8700,-4.7000
spatial null (queen neighbour mean),spatial blocks,unweighted,15,1,31.325,115.175,Outside,block fold 3,74,1887.7000,1887.1200,0.5800
spatial null (queen neighbour mean),spatial blocks,unweighted,15,3,31.325,115.675,Anhui,block fold 3,1,1914.8500,1878.9700,35.8800
spatial null (queen neighbour mean),spatial blocks,unweighted,15,5,31.325,116.175,Anhui,block fold 2,27,1888.3200,1888.5892,-0.2692
spatial null (queen neighbour mean),spatial blocks,unweighted,15,6,31.325,116.425,Anhui,block fold 2,82,1887.0000,1888.5892,-1.5892
spatial null (queen neighbour mean),spatial blocks,unweighted,15,7,31.325,116.675,Anhui,block fold 2,164,1889.4300,1892.1667,-2.7367
spatial null (queen neighbour mean),spatial blocks,unweighted,15,8,31.325,116.925,Anhui,block fold 1,203,1890.8200,1891.6950,-0.8750
spatial null (queen neighbour mean),spatial blocks,unweighted,15,9,31.325,117.175,Anhui,block fold 1,233,1891.2900,1888.3125,2.9775
spatial null (queen neighbour mean),spatial blocks,unweighted,15,10,31.325,117.425,Anhui,block fold 1,209,1891.1700,1888.3125,2.8575
spatial null (queen neighbour mean),spatial blocks,unweighted,15,11,31.325,117.675,Anhui,block fold 1,220,1894.1400,1894.5850,-0.4450
spatial null (queen neighbour mean),spatial blocks,unweighted,15,12,31.325,117.925,Anhui,block fold 2,201,1895.3900,1895.2080,0.1820
spatial null (queen neighbour mean),spatial blocks,unweighted,15,13,31.325,118.175,Anhui,block fold 2,128,1895.8000,1895.5300,0.2700
spatial null (queen neighbour mean),spatial blocks,unweighted,15,14,31.325,118.425,Anhui,block fold 2,159,1897.3500,1894.3700,2.9800
spatial null (queen neighbour mean),spatial blocks,unweighted,15,15,31.325,118.675,Anhui,block fold 2,247,1893.4000,1895.8867,-2.4867
spatial null (queen neighbour mean),spatial blocks,unweighted,15,16,31.325,118.925,Jiangsu,block fold 2,43,1893.9300,1894.2733,-0.3433
spatial null (queen neighbour mean),spatial blocks,unweighted,15,17,31.325,119.175,Jiangsu,block fold 2,208,1890.2700,1892.8000,-2.5300
spatial null (queen neighbour mean),spatial blocks,unweighted,15,18,31.325,119.425,Jiangsu,block fold 2,173,1890.4500,1894.6833,-4.2333
spatial null (queen neighbour mean),spatial blocks,unweighted,15,19,31.325,119.675,Jiangsu,block fold 2,93,1896.0400,1898.5040,-2.4640
spatial null (queen neighbour mean),spatial blocks,unweighted,15,20,31.325,119.925,Jiangsu,block fold 3,15,1893.6800,1899.1140,-5.4340
spatial null (queen neighbour mean),spatial blocks,unweighted,15,21,31.325,120.175,Jiangsu,block fold 3,2,1946.6000,1901.2300,45.3700
spatial null (queen neighbour mean),spatial blocks,unweighted,15,22,31.325,120.425,Jiangsu,block fold 3,14,1902.2700,1905.7750,-3.5050
spatial null (queen neighbour mean),spatial blocks,unweighted,15,23,31.325,120.675,Jiangsu,block fold 3,24,1898.8300,1903.0800,-4.2500
spatial null (queen neighbour mean),spatial blocks,unweighted,15,24,31.325,120.925,Jiangsu,block fold 3,31,1895.5300,1901.8667,-6.3367
spatial null (queen neighbour mean),spatial blocks,unweighted,15,25,31.325,121.175,Shanghai,block fold 3,97,1894.4500,1900.6000,-6.1500
spatial null (queen neighbour mean),spatial blocks,unweighted,15,26,31.325,121.425,Shanghai,block fold 3,49,1897.3600,1901.3900,-4.0300
spatial null (queen neighbour mean),spatial blocks,unweighted,15,27,31.325,121.675,Shanghai,block fold 3,6,1884.5100,1901.4533,-16.9433
spatial null (queen neighbour mean),spatial blocks,unweighted,15,29,31.325,122.175,Outside,block fold 3,3,1854.1000,1869.1767,-15.0767
spatial null (queen neighbour mean),spatial blocks,unweighted,15,30,31.325,122.425,Outside,block fold 3,8,1844.3500,1853.9500,-9.6000
spatial null (queen neighbour mean),spatial blocks,unweighted,16,0,31.075,114.925,Outside,block fold 4,170,1891.9000,1886.4350,5.4650
spatial null (queen neighbour mean),spatial blocks,unweighted,16,1,31.075,115.175,Outside,block fold 4,21,1887.8400,1886.4350,1.4050
spatial null (queen neighbour mean),spatial blocks,unweighted,16,2,31.075,115.425,Anhui,block fold 4,26,1881.6200,1901.2750,-19.6550
spatial null (queen neighbour mean),spatial blocks,unweighted,16,8,31.075,116.925,Anhui,block fold 1,86,1891.8500,1890.3750,1.4750
spatial null (queen neighbour mean),spatial blocks,unweighted,16,9,31.075,117.175,Anhui,block fold 1,220,1892.6300,1888.3125,4.3175
spatial null (queen neighbour mean),spatial blocks,unweighted,16,10,31.075,117.425,Anhui,block fold 1,179,1892.3300,1888.3125,4.0175
spatial null (queen neighbour mean),spatial blocks,unweighted,16,11,31.075,117.675,Anhui,block fold 1,152,1892.8800,1895.3900,-2.5100
spatial null (queen neighbour mean),spatial blocks,unweighted,16,12,31.075,117.925,Anhui,block fold 1,96,1898.2900,1895.5950,2.6950
spatial null (queen neighbour mean),spatial blocks,unweighted,16,13,31.075,118.175,Anhui,block fold 1,197,1893.5000,1896.1800,-2.6800
spatial null (queen neighbour mean),spatial blocks,unweighted,16,14,31.075,118.425,Anhui,block fold 1,258,1894.8000,1895.5167,-0.7167
spatial null (queen neighbour mean),spatial blocks,unweighted,16,15,31.075,118.675,Anhui,block fold 1,190,1894.8100,1894.4060,0.4040
spatial null (queen neighbour mean),spatial blocks,unweighted,16,16,31.075,118.925,Anhui,block fold 4,44,1898.0500,1893.6700,4.3800
spatial null (queen neighbour mean),spatial blocks,unweighted,16,17,31.075,119.175,Anhui,block fold 4,156,1889.9600,1891.5500,-1.5900
spatial null (queen neighbour mean),spatial blocks,unweighted,16,18,31.075,119.425,Anhui,block fold 4,181,1890.3900,1892.2533,-1.8633
spatial null (queen neighbour mean),spatial blocks,unweighted,16,19,31.075,119.675,Zhejiang,block fold 4,40,1903.7000,1895.3700,8.3300
spatial null (queen neighbour mean),spatial blocks,unweighted,16,20,31.075,119.925,Zhejiang,block fold 1,39,1897.6600,1906.8100,-9.1500
spatial null (queen neighbour mean),spatial blocks,unweighted,16,21,31.075,120.175,Jiangsu,block fold 1,5,1904.8000,1914.1833,-9.3833
spatial null (queen neighbour mean),spatial blocks,unweighted,16,23,31.075,120.675,Jiangsu,block fold 1,24,1906.7500,1899.4540,7.2960
spatial null (queen neighbour mean),spatial blocks,unweighted,16,24,31.075,120.925,Jiangsu,block fold 0,25,1899.4100,1898.9400,0.4700
spatial null (queen neighbour mean),spatial blocks,unweighted,16,25,31.075,121.175,Shanghai,block fold 0,90,1899.4400,1895.7800,3.6600
spatial null (queen neighbour mean),spatial blocks,unweighted,16,26,31.075,121.425,Shanghai,block fold 0,46,1902.9500,1892.1067,10.8433
spatial null (queen neighbour mean),spatial blocks,unweighted,16,27,31.075,121.675,Shanghai,block fold 0,62,1901.7800,1893.8333,7.9467
spatial null (queen neighbour mean),spatial blocks,unweighted,16,28,31.075,121.925,Shanghai,block fold 1,3,1899.6300,1883.2425,16.3875
spatial null (queen neighbour mean),spatial blocks,unweighted,16,29,31.075,122.175,Outside,block fold 1,11,1858.6300,1849.2250,9.4050
spatial null (queen neighbour mean),spatial blocks,unweighted,16,30,31.075,122.425,Outside,block fold 1,12,1849.2700,1849.2250,0.0450
spatial null (queen neighbour mean),spatial blocks,unweighted,17,0,30.825,114.925,Outside,block fold 4,176,1888.6400,1887.9228,0.7172
spatial null (queen neighbour mean),spatial blocks,unweighted,17,1,30.825,115.175,Outside,block fold 4,100,1890.2900,1887.9228,2.3672
spatial null (queen neighbour mean),spatial blocks,unweighted,17,2,30.825,115.425,Outside,block fold 4,45,1889.5300,1887.9228,1.6072
spatial null (queen neighbour mean),spatial blocks,unweighted,17,3,30.825,115.675,Anhui,block fold 4,35,1890.1300,1871.5800,18.5500
spatial null (queen neighbour mean),spatial blocks,unweighted,17,6,30.825,116.425,Anhui,block fold 3,2,1880.1000,1889.2841,-9.1841
spatial null (queen neighbour mean),spatial blocks,unweighted,17,7,30.825,116.675,Anhui,block fold 3,119,1891.3200,1893.2633,-1.9433
spatial null (queen neighbour mean),spatial blocks,unweighted,17,8,30.825,116.925,Anhui,block fold 1,145,1894.0600,1891.6300,2.4300
spatial null (queen neighbour mean),spatial blocks,unweighted,17,9,30.825,117.175,Anhui,block fold 1,26,1897.6000,1888.3125,9.2875
spatial null (queen neighbour mean),spatial blocks,unweighted,17,10,30.825,117.425,Anhui,block fold 1,42,1895.8100,1888.3125,7.4975
spatial null (queen neighbour mean),spatial blocks,unweighted,17,11,30.825,117.675,Anhui,block fold 1,65,1898.3200,1888.3125,10.0075
spatial null (queen neighbour mean),spatial blocks,unweighted,17,12,30.825,117.925,Anhui,block fold 1,118,1894.6400,1888.3125,6.3275
spatial null (queen neighbour mean),spatial blocks,unweighted,17,13,30.825,118.175,Anhui,block fold 1,169,1893.8500,1888.3125,5.5375
spatial null (queen neighbour mean),spatial blocks,unweighted,17,14,30.825,118.425,Anhui,block fold 1,189,1898.1600,1888.3125,9.8475
spatial null (queen neighbour mean),spatial blocks,unweighted,17,15,30.825,118.675,Anhui,block fold 1,151,1895.9400,1891.8067,4.1333
spatial null (queen neighbour mean),spatial blocks,unweighted,17,16,30.825,118.925,Anhui,block fold 4,150,1889.3000,1891.5567,-2.2567
spatial null (queen neighbour mean),spatial blocks,unweighted,17,17,30.825,119.175,Anhui,block fold 4,135,1889.1000,1887.9228,1.1772
spatial null (queen neighbour mean),spatial blocks,unweighted,17,18,30.825,119.425,Anhui,block fold 4,90,1893.1500,1887.9228,5.2272
spatial null (queen neighbour mean),spatial blocks,unweighted,17,19,30.825,119.675,Zhejiang,block fold 4,153,1894.0300,1897.4800,-3.4500
spatial null (queen neighbour mean),spatial blocks,unweighted,17,20,30.825,119.925,Zhejiang,block fold 1,100,1899.0200,1894.5267,4.4933
spatial null (queen neighbour mean),spatial blocks,unweighted,17,21,30.825,120.175,Zhejiang,block fold 1,92,1899.3200,1888.3125,11.0075
spatial null (queen neighbour mean),spatial blocks,unweighted,17,22,30.825,120.425,Zhejiang,block fold 1,103,1901.7100,1888.3125,13.3975
spatial null (queen neighbour mean),spatial blocks,unweighted,17,23,30.825,120.675,Zhejiang,block fold 1,110,1899.1400,1900.0067,-0.8667
spatial null (queen neighbour mean),spatial blocks,unweighted,17,24,30.825,120.925,Zhejiang,block fold 0,111,1901.2300,1904.0100,-2.7800
spatial null (queen neighbour mean),spatial blocks,unweighted,17,25,30.825,121.175,Shanghai,block fold 0,117,1897.1200,1888.7252,8.3948
spatial null (queen neighbour mean),spatial blocks,unweighted,17,26,30.825,121.425,Shanghai,block fold 0,34,1899.0700,1888.7252,10.3448
spatial null (queen neighbour mean),spatial blocks,unweighted,17,27,30.825,121.675,Shanghai,block fold 0,10,1892.5800,1893.1100,-0.5300
spatial null (queen neighbour mean),spatial blocks,unweighted,17,29,30.825,122.175,Outside,block fold 1,4,1859.4200,1888.3125,-28.8925
spatial null (queen neighbour mean),spatial blocks,unweighted,17,30,30.825,122.425,Zhejiang,block fold 1,6,1858.6200,1888.3125,-29.6925
spatial null (queen neighbour mean),spatial blocks,unweighted,18,0,30.575,114.925,Outside,block fold 4,89,1894.9300,1887.9228,7.0072
spatial null (queen neighbour mean),spatial blocks,unweighted,18,1,30.575,115.175,Outside,block fold 4,196,1889.9700,1887.9228,2.0472
spatial null (queen neighbour mean),spatial blocks,unweighted,18,2,30.575,115.425,Outside,block fold 4,147,1888.0000,1887.9228,0.0772
spatial null (queen neighbour mean),spatial blocks,unweighted,18,3,30.575,115.675,Anhui,block fold 4,32,1886.4900,1882.0950,4.3950
spatial null (queen neighbour mean),spatial blocks,unweighted,18,4,30.575,115.925,Anhui,block fold 3,4,1871.5800,1888.0133,-16.4333
spatial null (queen neighbour mean),spatial blocks,unweighted,18,5,30.575,116.175,Anhui,block fold 3,8,1865.1200,1889.2841,-24.1641
spatial null (queen neighbour mean),spatial blocks,unweighted,18,6,30.575,116.425,Anhui,block fold 3,124,1895.4800,1889.2841,6.1959
spatial null (queen neighbour mean),spatial blocks,unweighted,18,7,30.575,116.675,Anhui,block fold 3,262,1891.9400,1897.0067,-5.0667
spatial null (queen neighbour mean),spatial blocks,unweighted,18,8,30.575,116.925,Anhui,block fold 1,131,1893.8800,1893.1667,0.7133
spatial null (queen neighbour mean),spatial blocks,unweighted,18,9,30.575,117.175,Anhui,block fold 1,9,1891.4900,1888.3125,3.1775
spatial null (queen neighbour mean),spatial blocks,unweighted,18,10,30.575,117.425,Anhui,block fold 1,77,1907.6900,1888.3125,19.3775
spatial null (queen neighbour mean),spatial blocks,unweighted,18,11,30.575,117.675,Anhui,block fold 1,49,1906.7800,1888.3125,18.4675
spatial null (queen neighbour mean),spatial blocks,unweighted,18,12,30.575,117.925,Anhui,block fold 1,52,1895.6400,1888.3125,7.3275
spatial null (queen neighbour mean),spatial blocks,unweighted,18,13,30.575,118.175,Anhui,block fold 1,31,1887.0700,1888.3125,-1.2425
spatial null (queen neighbour mean),spatial blocks,unweighted,18,14,30.575,118.425,Anhui,block fold 1,38,1892.1800,1888.3125,3.8675
spatial null (queen neighbour mean),spatial blocks,unweighted,18,15,30.575,118.675,Anhui,block fold 1,7,1883.9200,1885.8933,-1.9733
spatial null (queen neighbour mean),spatial blocks,unweighted,18,16,30.575,118.925,Anhui,block fold 4,97,1888.0700,1885.1267,2.9433
spatial null (queen neighbour mean),spatial blocks,unweighted,18,17,30.575,119.175,Anhui,block fold 4,61,1883.0000,1887.9228,-4.9228
spatial null (queen neighbour mean),spatial blocks,unweighted,18,18,30.575,119.425,Zhejiang,block fold 4,39,1885.5600,1887.9228,-2.3628
spatial null (queen neighbour mean),spatial blocks,unweighted,18,19,30.575,119.675,Zhejiang,block fold 4,57,1885.8500,1897.2267,-11.3767
spatial null (queen neighbour mean),spatial blocks,unweighted,18,20,30.575,119.925,Zhejiang,block fold 1,57,1895.7600,1891.5367,4.2233
spatial null (queen neighbour mean),spatial blocks,unweighted,18,21,30.575,120.175,Zhejiang,block fold 1,107,1896.3500,1888.3125,8.0375
spatial null (queen neighbour mean),spatial blocks,unweighted,18,22,30.575,120.425,Zhejiang,block fold 1,119,1900.6100,1888.3125,12.2975
spatial null (queen neighbour mean),spatial blocks,unweighted,18,23,30.575,120.675,Zhejiang,block fold 1,102,1906.1400,1894.1200,12.0200
spatial null (queen neighbour mean),spatial blocks,unweighted,18,24,30.575,120.925,Zhejiang,block fold 0,60,1899.3800,1907.1100,-7.7300
spatial null (queen neighbour mean),spatial blocks,unweighted,18,25,30.575,121.175,Zhejiang,block fold 0,2,1911.7500,1888.7252,23.0248
spatial null (queen neighbour mean),spatial blocks,unweighted,18,26,30.575,121.425,Shanghai,block fold 0,10,1868.2900,1888.7252,-20.4352
spatial null (queen neighbour mean),spatial blocks,unweighted,18,27,30.575,121.675,Outside,block fold 0,5,1914.1400,1875.3400,38.8000
spatial null (queen neighbour mean),spatial blocks,unweighted,18,28,30.575,121.925,Outside,block fold 1,3,1886.5900,1901.5267,-14.9367
spatial null (queen neighbour mean),spatial blocks,unweighted,18,29,30.575,122.175,Zhejiang,block fold 1,1,1944.9100,1888.3125,56.5975
spatial null (queen neighbour mean),spatial blocks,unweighted,18,30,30.575,122.425,Zhejiang,block fold 1,1,1853.8100,1888.3125,-34.5025
spatial null (queen neighbour mean),spatial blocks,unweighted,19,0,30.325,114.925,Outside,block fold 4,38,1900.5900,1901.7650,-1.1750
spatial null (queen neighbour mean),spatial blocks,unweighted,19,1,30.325,115.175,Outside,block fold 4,77,1892.4000,1899.5533,-7.1533
spatial null (queen neighbour mean),spatial blocks,unweighted,19,2,30.325,115.425,Outside,block fold 4,172,1892.0200,1898.0667,-6.0467
spatial null (queen neighbour mean),spatial blocks,unweighted,19,3,30.325,115.675,Outside,block fold 4,67,1887.4200,1890.4800,-3.0600
spatial null (queen neighbour mean),spatial blocks,unweighted,19,4,30.325,115.925,Anhui,block fold 3,18,1892.6100,1892.3900,0.2200
spatial null (queen neighbour mean),spatial blocks,unweighted,19,5,30.325,116.175,Anhui,block fold 3,136,1894.2700,1906.3000,-12.0300
spatial null (queen neighbour mean),spatial blocks,unweighted,19,6,30.325,116.425,Anhui,block fold 3,162,1895.3500,1908.1033,-12.7533
spatial null (queen neighbour mean),spatial blocks,unweighted,19,7,30.325,116.675,Anhui,block fold 3,65,1896.2400,1904.4460,-8.2060
spatial null (queen neighbour mean),spatial blocks,unweighted,19,8,30.325,116.925,Anhui,block fold 1,42,1903.0800,1893.1500,9.9300
spatial null (queen neighbour mean),spatial blocks,unweighted,19,9,30.325,117.175,Anhui,block fold 1,78,1899.8900,1886.6633,13.2267
spatial null (queen neighbour mean),spatial blocks,unweighted,19,10,30.325,117.425,Anhui,block fold 1,14,1897.5100,1880.1000,17.4100
spatial null (queen neighbour mean),spatial blocks,unweighted,19,11,30.325,117.675,Anhui,block fold 1,5,1887.6000,1881.7400,5.8600
spatial null (queen neighbour mean),spatial blocks,unweighted,19,12,30.325,117.925,Anhui,block fold 1,2,1864.8100,1884.8250,-20.0150
spatial null (queen neighbour mean),spatial blocks,unweighted,19,13,30.325,118.175,Anhui,block fold 1,12,1879.3600,1890.4650,-11.1050
spatial null (queen neighbour mean),spatial blocks,unweighted,19,14,30.325,118.425,Anhui,block fold 1,9,1884.9500,1887.6100,-2.6600
spatial null (queen neighbour mean),spatial blocks,unweighted,19,15,30.325,118.675,Anhui,block fold 1,9,1875.5200,1885.9000,-10.3800
spatial null (queen neighbour mean),spatial blocks,unweighted,19,16,30.325,118.925,Anhui,block fold 4,7,1880.3100,1881.9167,-1.6067
spatial null (queen neighbour mean),spatial blocks,unweighted,19,17,30.325,119.175,Anhui,block fold 4,9,1874.0200,1889.3950,-15.3750
spatial null (queen neighbour mean),spatial blocks,unweighted,19,18,30.325,119.425,Zhejiang,block fold 4,33,1884.8000,1891.2833,-6.4833
spatial null (queen neighbour mean),spatial blocks,unweighted,19,19,30.325,119.675,Zhejiang,block fold 4,48,1894.7300,1897.7420,-3.0120
spatial null (queen neighbour mean),spatial blocks,unweighted,19,20,30.325,119.925,Zhejiang,block fold 1,108,1896.9000,1897.4580,-0.5580
spatial null (queen neighbour mean),spatial blocks,unweighted,19,21,30.325,120.175,Zhejiang,block fold 1,60,1910.2100,1905.3333,4.8767
spatial null (queen neighbour mean),spatial blocks,unweighted,19,22,30.325,120.425,Zhejiang,block fold 1,17,1907.6400,1904.8367,2.8033
spatial null (queen neighbour mean),spatial blocks,unweighted,19,23,30.325,120.675,Zhejiang,block fold 1,2,1916.0500,1899.4220,16.6280
spatial null (queen neighbour mean),spatial blocks,unweighted,19,24,30.325,120.925,Zhejiang,block fold 0,2,1881.7500,1911.0950,-29.3450
spatial null (queen neighbour mean),spatial blocks,unweighted,19,25,30.325,121.175,Zhejiang,block fold 0,15,1896.8600,1888.7252,8.1348
spatial null (queen neighbour mean),spatial blocks,unweighted,19,26,30.325,121.425,Zhejiang,block fold 0,6,1900.4000,1888.7252,11.6748
spatial null (queen neighbour mean),spatial blocks,unweighted,19,27,30.325,121.675,Outside,block fold 0,4,1897.8600,1875.3400,22.5200
spatial null (queen neighbour mean),spatial blocks,unweighted,19,28,30.325,121.925,Outside,block fold 1,3,1864.0900,1908.0167,-43.9267
spatial null (queen neighbour mean),spatial blocks,unweighted,19,29,30.325,122.175,Zhejiang,block fold 1,3,1895.4500,1860.3100,35.1400
spatial null (queen neighbour mean),spatial blocks,unweighted,20,0,30.075,114.925,Outside,block fold 2,74,1897.8300,1896.4950,1.3350
spatial null (queen neighbour mean),spatial blocks,unweighted,20,1,30.075,115.175,Outside,block fold 2,3,1905.7000,1895.0033,10.6967
spatial null (queen neighbour mean),spatial blocks,unweighted,20,2,30.075,115.425,Outside,block fold 2,77,1895.1300,1890.6133,4.5167
spatial null (queen neighbour mean),spatial blocks,unweighted,20,3,30.075,115.675,Outside,block fold 2,67,1893.3700,1893.9820,-0.6120
spatial null (queen neighbour mean),spatial blocks,unweighted,20,4,30.075,115.925,Anhui,block fold 1,80,1899.7100,1892.2200,7.4900
spatial null (queen neighbour mean),spatial blocks,unweighted,20,5,30.075,116.175,Anhui,block fold 1,63,1894.9600,1894.0767,0.8833
spatial null (queen neighbour mean),spatial blocks,unweighted,20,6,30.075,116.425,Anhui,block fold 1,5,1924.2300,1895.2867,28.9433
spatial null (queen neighbour mean),spatial blocks,unweighted,20,7,30.075,116.675,Anhui,block fold 1,29,1905.1200,1893.8700,11.2500
spatial null (queen neighbour mean),spatial blocks,unweighted,20,8,30.075,116.925,Anhui,block fold 2,40,1895.9200,1899.6460,-3.7260
spatial null (queen neighbour mean),spatial blocks,unweighted,20,9,30.075,117.175,Anhui,block fold 2,16,1888.5000,1900.1600,-11.6600
spatial null (queen neighbour mean),spatial blocks,unweighted,20,10,30.075,117.425,Anhui,block fold 2,1,1875.5700,1895.0000,-19.4300
spatial null (queen neighbour mean),spatial blocks,unweighted,20,11,30.075,117.675,Anhui,block fold 2,3,1876.2300,1885.9980,-9.7680
spatial null (queen neighbour mean),spatial blocks,unweighted,20,12,30.075,117.925,Anhui,block fold 4,11,1893.4200,1880.1180,13.3020
spatial null (queen neighbour mean),spatial blocks,unweighted,20,14,30.075,118.425,Anhui,block fold 4,24,1887.5100,1879.9433,7.5667
spatial null (queen neighbour mean),spatial blocks,unweighted,20,15,30.075,118.675,Anhui,block fold 4,9,1887.7100,1880.2350,7.4750
spatial null (queen neighbour mean),spatial blocks,unweighted,20,17,30.075,119.175,Zhejiang,block fold 2,18,1886.3100,1879.7100,6.6000
spatial null (queen neighbour mean),spatial blocks,unweighted,20,18,30.075,119.425,Zhejiang,block fold 2,17,1892.4800,1884.5167,7.9633
spatial null (queen neighbour mean),spatial blocks,unweighted,20,19,30.075,119.675,Zhejiang,block fold 2,34,1895.0600,1896.2350,-1.1750
spatial null (queen neighbour mean),spatial blocks,unweighted,20,20,30.075,119.925,Zhejiang,block fold 0,26,1908.5100,1898.4400,10.0700
spatial null (queen neighbour mean),spatial blocks,unweighted,20,21,30.075,120.175,Zhejiang,block fold 0,34,1903.1400,1904.9167,-1.7767
spatial null (queen neighbour mean),spatial blocks,unweighted,20,22,30.075,120.425,Zhejiang,block fold 0,80,1904.3500,1911.3000,-6.9500
spatial null (queen neighbour mean),spatial blocks,unweighted,20,23,30.075,120.675,Zhejiang,block fold 0,76,1907.0200,1911.8450,-4.8250
spatial null (queen neighbour mean),spatial blocks,unweighted,20,24,30.075,120.925,Zhejiang,block fold 0,66,1904.6100,1916.0500,-11.4400
spatial null (queen neighbour mean),spatial blocks,unweighted,20,25,30.075,121.175,Zhejiang,block fold 0,67,1901.1500,1888.7252,12.4248
spatial null (queen neighbour mean),spatial blocks,unweighted,20,26,30.075,121.425,Zhejiang,block fold 0,49,1900.0900,1888.7252,11.3648
spatial null (queen neighbour mean),spatial blocks,unweighted,20,27,30.075,121.675,Zhejiang,block fold 0,3,1912.0500,1864.0900,47.9600
spatial null (queen neighbour mean),spatial blocks,unweighted,20,30,30.075,122.425,Zhejiang,block fold 0,1,1860.3100,1895.4500,-35.1400
spatial null (queen neighbour mean),spatial blocks,unweighted,21,0,29.825,114.925,Outside,block fold 2,20,1891.5600,1888.5892,2.9708
spatial null (queen neighbour mean),spatial blocks,unweighted,21,1,29.825,115.175,Outside,block fold 2,60,1893.1800,1888.5892,4.5908
spatial null (queen neighbour mean),spatial blocks,unweighted,21,2,29.825,115.425,Outside,block fold 2,10,1895.1600,1888.5892,6.5708
spatial null (queen neighbour mean),spatial blocks,unweighted,21,3,29.825,115.675,Outside,block fold 2,7,1893.4300,1896.8333,-3.4033
spatial null (queen neighbour mean),spatial blocks,unweighted,21,4,29.825,115.925,Outside,block fold 1,37,1898.1500,1895.5367,2.6133
spatial null (queen neighbour mean),spatial blocks,unweighted,21,6,29.825,116.425,Anhui,block fold 1,51,1892.4600,1888.3125,4.1475
spatial null (queen neighbour mean),spatial blocks,unweighted,21,7,29.825,116.675,Anhui,block fold 1,95,1893.9000,1892.0900,1.8100
spatial null (queen neighbour mean),spatial blocks,unweighted,21,8,29.825,116.925,Anhui,block fold 2,70,1887.9700,1897.4700,-9.5000
spatial null (queen neighbour mean),spatial blocks,unweighted,21,9,29.825,117.175,Anhui,block fold 2,94,1889.9200,1888.5892,1.3308
spatial null (queen neighbour mean),spatial blocks,unweighted,21,10,29.825,117.425,Anhui,block fold 2,118,1888.8000,1888.5892,0.2108
spatial null (queen neighbour mean),spatial blocks,unweighted,21,11,29.825,117.675,Anhui,block fold 2,79,1892.5900,1890.0350,2.5550
spatial null (queen neighbour mean),spatial blocks,unweighted,21,12,29.825,117.925,Anhui,block fold 4,106,1886.6500,1884.4100,2.2400
spatial null (queen neighbour mean),spatial blocks,unweighted,21,13,29.825,118.175,Anhui,block fold 4,97,1891.0100,1887.9228,3.0872
spatial null (queen neighbour mean),spatial blocks,unweighted,21,14,29.825,118.425,Anhui,block fold 4,121,1890.2100,1887.9228,2.2872
spatial null (queen neighbour mean),spatial blocks,unweighted,21,15,29.825,118.675,Anhui,block fold 4,12,1888.7400,1887.9228,0.8172
spatial null (queen neighbour mean),spatial blocks,unweighted,21,17,29.825,119.175,Zhejiang,block fold 2,2,1898.6400,1888.5892,10.0508
spatial null (queen neighbour mean),spatial blocks,unweighted,21,19,29.825,119.675,Zhejiang,block fold 2,11,1895.3000,1903.9150,-8.6150
spatial null (queen neighbour mean),spatial blocks,unweighted,21,21,29.825,120.175,Zhejiang,block fold 0,55,1907.2000,1888.7252,18.4748
spatial null (queen neighbour mean),spatial blocks,unweighted,21,22,29.825,120.425,Zhejiang,block fold 0,71,1907.9300,1888.7252,19.2048
spatial null (queen neighbour mean),spatial blocks,unweighted,21,23,29.825,120.675,Zhejiang,block fold 0,11,1909.0000,1888.7252,20.2748
spatial null (queen neighbour mean),spatial blocks,unweighted,21,24,29.825,120.925,Zhejiang,block fold 0,49,1902.3700,1888.7252,13.6448
spatial null (queen neighbour mean),spatial blocks,unweighted,21,25,29.825,121.175,Zhejiang,block fold 0,2,1943.6800,1888.7252,54.9548
spatial null (queen neighbour mean),spatial blocks,unweighted,21,26,29.825,121.425,Zhejiang,block fold 0,76,1897.0400,1888.7252,8.3148
spatial null (queen neighbour mean),spatial blocks,unweighted,21,27,29.825,121.675,Zhejiang,block fold 0,26,1907.9300,1888.7252,19.2048
spatial null (queen neighbour mean),spatial blocks,unweighted,21,30,29.825,122.425,Zhejiang,block fold 0,1,1879.6600,1888.7252,-9.0652
spatial null (queen neighbour mean),spatial blocks,unweighted,22,0,29.575,114.925,Outside,block fold 2,21,1891.5200,1888.5892,2.9308
spatial null (queen neighbour mean),spatial blocks,unweighted,22,1,29.575,115.175,Outside,block fold 2,7,1882.2100,1888.5892,-6.3792
spatial null (queen neighbour mean),spatial blocks,unweighted,22,2,29.575,115.425,Outside,block fold 2,3,1891.9900,1888.5892,3.4008
spatial null (queen neighbour mean),spatial blocks,unweighted,22,3,29.575,115.675,Outside,block fold 2,84,1899.8100,1895.2167,4.5933
spatial null (queen neighbour mean),spatial blocks,unweighted,22,4,29.575,115.925,Outside,block fold 1,31,1892.6400,1896.9533,-4.3133
spatial null (queen neighbour mean),spatial blocks,unweighted,22,5,29.575,116.175,Outside,block fold 1,10,1889.3900,1888.3125,1.0775
spatial null (queen neighbour mean),spatial blocks,unweighted,22,6,29.575,116.425,Outside,block fold 1,134,1892.8900,1888.3125,4.5775
spatial null (queen neighbour mean),spatial blocks,unweighted,22,7,29.575,116.675,Anhui,block fold 1,203,1893.3900,1890.3400,3.0500
spatial null (queen neighbour mean),spatial blocks,unweighted,22,8,29.575,116.925,Anhui,block fold 2,121,1892.3800,1893.4433,-1.0633
spatial null (queen neighbour mean),spatial blocks,unweighted,22,9,29.575,117.175,Outside,block fold 2,108,1885.9000,1888.5892,-2.6892
spatial null (queen neighbour mean),spatial blocks,unweighted,22,10,29.575,117.425,Anhui,block fold 2,65,1889.4800,1888.5892,0.8908
spatial null (queen neighbour mean),spatial blocks,unweighted,22,13,29.575,118.175,Anhui,block fold 4,54,1891.3700,1887.9228,3.4472
spatial null (queen neighbour mean),spatial blocks,unweighted,22,14,29.575,118.425,Anhui,block fold 4,13,1883.0100,1887.9228,-4.9128
spatial null (queen neighbour mean),spatial blocks,unweighted,22,15,29.575,118.675,Zhejiang,block fold 4,10,1898.4900,1887.9228,10.5672
spatial null (queen neighbour mean),spatial blocks,unweighted,22,18,29.575,119.425,Zhejiang,block fold 2,11,1897.9200,1888.5892,9.3308
spatial null (queen neighbour mean),spatial blocks,unweighted,22,19,29.575,119.675,Zhejiang,block fold 2,3,1903.3500,1898.4350,4.9150
spatial null (queen neighbour mean),spatial blocks,unweighted,22,20,29.575,119.925,Zhejiang,block fold 0,23,1899.3200,1895.5533,3.7667
spatial null (queen neighbour mean),spatial blocks,unweighted,22,21,29.575,120.175,Zhejiang,block fold 0,61,1901.5500,1888.7252,12.8248
spatial null (queen neighbour mean),spatial blocks,unweighted,22,22,29.575,120.425,Zhejiang,block fold 0,26,1902.7100,1888.7252,13.9848
spatial null (queen neighbour mean),spatial blocks,unweighted,22,23,29.575,120.675,Zhejiang,block fold 0,37,1904.1800,1888.7252,15.4548
spatial null (queen neighbour mean),spatial blocks,unweighted,22,24,29.575,120.925,Zhejiang,block fold 0,61,1902.9500,1888.7252,14.2248
spatial null (queen neighbour mean),spatial blocks,unweighted,22,26,29.575,121.425,Zhejiang,block fold 0,12,1901.2200,1888.7252,12.4948
spatial null (queen neighbour mean),spatial blocks,unweighted,22,27,29.575,121.675,Zhejiang,block fold 0,1,1862.0700,1888.7252,-26.6552
spatial null (queen neighbour mean),spatial blocks,unweighted,22,29,29.575,122.175,Zhejiang,block fold 0,1,1844.0100,1888.7252,-44.7152
spatial null (queen neighbour mean),spatial blocks,unweighted,22,30,29.575,122.425,Outside,block fold 0,32,1852.7400,1888.7252,-35.9852
spatial null (queen neighbour mean),spatial blocks,unweighted,23,0,29.325,114.925,Outside,block fold 2,37,1884.1000,1885.9000,-1.8000
spatial null (queen neighbour mean),spatial blocks,unweighted,23,1,29.325,115.175,Outside,block fold 2,13,1890.9700,1885.5800,5.3900
spatial null (queen neighbour mean),spatial blocks,unweighted,23,2,29.325,115.425,Outside,block fold 2,41,1891.0300,1890.2950,0.7350
spatial null (queen neighbour mean),spatial blocks,unweighted,23,3,29.325,115.675,Outside,block fold 2,165,1897.6200,1894.3040,3.3160
spatial null (queen neighbour mean),spatial blocks,unweighted,23,4,29.325,115.925,Outside,block fold 1,36,1894.8600,1902.5620,-7.7020
spatial null (queen neighbour mean),spatial blocks,unweighted,23,5,29.325,116.175,Outside,block fold 1,3,1858.8100,1910.0250,-51.2150
spatial null (queen neighbour mean),spatial blocks,unweighted,23,6,29.325,116.425,Outside,block fold 1,81,1896.9100,1907.2250,-10.3150
spatial null (queen neighbour mean),spatial blocks,unweighted,23,7,29.325,116.675,Outside,block fold 1,68,1893.0400,1893.3775,-0.3375
spatial null (queen neighbour mean),spatial blocks,unweighted,23,8,29.325,116.925,Outside,block fold 2,171,1890.6700,1894.7533,-4.0833
spatial null (queen neighbour mean),spatial blocks,unweighted,23,9,29.325,117.175,Outside,block fold 2,179,1891.4300,1888.5892,2.8408
spatial null (queen neighbour mean),spatial blocks,unweighted,23,10,29.325,117.425,Outside,block fold 2,109,1886.5300,1888.5892,-2.0592
spatial null (queen neighbour mean),spatial blocks,unweighted,23,11,29.325,117.675,Outside,block fold 2,165,1886.3800,1885.1300,1.2500
spatial null (queen neighbour mean),spatial blocks,unweighted,23,12,29.325,117.925,Zhejiang,block fold 4,107,1885.6100,1886.9425,-1.3325
spatial null (queen neighbour mean),spatial blocks,unweighted,23,14,29.325,118.425,Zhejiang,block fold 4,1,1883.3600,1887.7333,-4.3733
spatial null (queen neighbour mean),spatial blocks,unweighted,23,15,29.325,118.675,Zhejiang,block fold 4,18,1884.0900,1889.3533,-5.2633
spatial null (queen neighbour mean),spatial blocks,unweighted,23,17,29.325,119.175,Zhejiang,block fold 2,20,1889.3000,1890.5733,-1.2733
spatial null (queen neighbour mean),spatial blocks,unweighted,23,18,29.325,119.425,Zhejiang,block fold 2,79,1886.7300,1889.9067,-3.1767
spatial null (queen neighbour mean),spatial blocks,unweighted,23,19,29.325,119.675,Zhejiang,block fold 2,19,1888.0100,1895.1420,-7.1320
spatial null (queen neighbour mean),spatial blocks,unweighted,23,20,29.325,119.925,Zhejiang,block fold 0,59,1897.5500,1895.7280,1.8220
spatial null (queen neighbour mean),spatial blocks,unweighted,23,21,29.325,120.175,Zhejiang,block fold 0,44,1898.7800,1897.9733,0.8067
spatial null (queen neighbour mean),spatial blocks,unweighted,23,22,29.325,120.425,Zhejiang,block fold 0,15,1900.3000,1904.2167,-3.9167
spatial null (queen neighbour mean),spatial blocks,unweighted,23,23,29.325,120.675,Zhejiang,block fold 0,6,1907.3400,1904.6967,2.6433
spatial null (queen neighbour mean),spatial blocks,unweighted,23,24,29.325,120.925,Zhejiang,block fold 0,9,1889.6600,1907.0450,-17.3850
spatial null (queen neighbour mean),spatial blocks,unweighted,23,26,29.325,121.425,Zhejiang,block fold 0,7,1907.8300,1852.9050,54.9250
spatial null (queen neighbour mean),spatial blocks,unweighted,23,27,29.325,121.675,Zhejiang,block fold 0,2,1880.6700,1852.9050,27.7650
spatial null (queen neighbour mean),spatial blocks,unweighted,23,29,29.325,122.175,Outside,block fold 0,10,1874.4700,1881.6150,-7.1450
spatial null (queen neighbour mean),spatial blocks,unweighted,23,30,29.325,122.425,Outside,block fold 0,28,1861.9800,1881.6150,-19.6350
spatial null (queen neighbour mean),spatial blocks,unweighted,24,0,29.075,114.925,Outside,block fold 0,21,1885.9000,1887.5350,-1.6350
spatial null (queen neighbour mean),spatial blocks,unweighted,24,2,29.075,115.425,Outside,block fold 0,4,1885.2600,1893.2067,-7.9467
spatial null (queen neighbour mean),spatial blocks,unweighted,24,3,29.075,115.675,Outside,block fold 0,129,1895.3300,1898.9360,-3.6060
spatial null (queen neighbour mean),spatial blocks,unweighted,24,4,29.075,115.925,Outside,block fold 4,61,1903.4300,1889.0380,14.3920
spatial null (queen neighbour mean),spatial blocks,unweighted,24,5,29.075,116.175,Outside,block fold 4,15,1916.6200,1883.5267,33.0933
spatial null (queen neighbour mean),spatial blocks,unweighted,24,7,29.075,116.675,Outside,block fold 4,10,1897.8300,1893.7480,4.0820
spatial null (queen neighbour mean),spatial blocks,unweighted,24,8,29.075,116.925,Outside,block fold 2,181,1892.6300,1896.3800,-3.7500
spatial null (queen neighbour mean),spatial blocks,unweighted,24,9,29.075,117.175,Outside,block fold 2,175,1892.1800,1888.5892,3.5908
spatial null (queen neighbour mean),spatial blocks,unweighted,24,10,29.075,117.425,Outside,block fold 2,173,1888.8900,1888.5892,0.3008
spatial null (queen neighbour mean),spatial blocks,unweighted,24,11,29.075,117.675,Outside,block fold 2,106,1886.2400,1885.1300,1.1100
spatial null (queen neighbour mean),spatial blocks,unweighted,24,12,29.075,117.925,Zhejiang,block fold 0,79,1884.6500,1885.9275,-1.2775
spatial null (queen neighbour mean),spatial blocks,unweighted,24,13,29.075,118.175,Zhejiang,block fold 0,7,1890.5000,1884.4850,6.0150
spatial null (queen neighbour mean),spatial blocks,unweighted,24,14,29.075,118.425,Zhejiang,block fold 0,40,1885.2200,1883.7250,1.4950
spatial null (queen neighbour mean),spatial blocks,unweighted,24,15,29.075,118.675,Zhejiang,block fold 0,50,1887.4800,1890.6825,-3.2025
spatial null (queen neighbour mean),spatial blocks,unweighted,24,16,29.075,118.925,Zhejiang,block fold 1,108,1895.3600,1887.8925,7.4675
spatial null (queen neighbour mean),spatial blocks,unweighted,24,17,29.075,119.175,Zhejiang,block fold 1,178,1889.1200,1888.0150,1.1050
spatial null (queen neighbour mean),spatial blocks,unweighted,24,18,29.075,119.425,Zhejiang,block fold 1,138,1887.2400,1888.0133,-0.7733
spatial null (queen neighbour mean),spatial blocks,unweighted,24,19,29.075,119.675,Zhejiang,block fold 1,75,1893.3600,1893.4640,-0.1040
spatial null (queen neighbour mean),spatial blocks,unweighted,24,20,29.075,119.925,Zhejiang,block fold 4,30,1898.2400,1893.9540,4.2860
spatial null (queen neighbour mean),spatial blocks,unweighted,24,21,29.075,120.175,Zhejiang,block fold 4,42,1895.6800,1898.8767,-3.1967
spatial null (queen neighbour mean),spatial blocks,unweighted,24,22,29.075,120.425,Zhejiang,block fold 4,14,1900.0000,1902.1400,-2.1400
spatial null (queen neighbour mean),spatial blocks,unweighted,24,23,29.075,120.675,Zhejiang,block fold 4,3,1916.9700,1899.1000,17.8700
spatial null (queen neighbour mean),spatial blocks,unweighted,24,24,29.075,120.925,Zhejiang,block fold 4,10,1897.1200,1898.5000,-1.3800
spatial null (queen neighbour mean),spatial blocks,unweighted,24,26,29.075,121.425,Zhejiang,block fold 4,1,1861.0300,1894.2500,-33.2200
spatial null (queen neighbour mean),spatial blocks,unweighted,24,27,29.075,121.675,Zhejiang,block fold 4,2,1844.7800,1891.2400,-46.4600
spatial null (queen neighbour mean),spatial blocks,unweighted,24,29,29.075,122.175,Outside,block fold 3,24,1882.2700,1868.2250,14.0450
spatial null (queen neighbour mean),spatial blocks,unweighted,24,30,29.075,122.425,Outside,block fold 3,22,1880.9600,1868.2250,12.7350
spatial null (queen neighbour mean),spatial blocks,unweighted,25,1,28.825,115.175,Outside,block fold 0,20,1892.4500,1888.7252,3.7248
spatial null (queen neighbour mean),spatial blocks,unweighted,25,2,28.825,115.425,Outside,block fold 0,168,1897.5400,1888.7252,8.8148
spatial null (queen neighbour mean),spatial blocks,unweighted,25,3,28.825,115.675,Outside,block fold 0,99,1898.5700,1902.9433,-4.3733
spatial null (queen neighbour mean),spatial blocks,unweighted,25,4,28.825,115.925,Outside,block fold 4,65,1907.7400,1897.3467,10.3933
spatial null (queen neighbour mean),spatial blocks,unweighted,25,5,28.825,116.175,Outside,block fold 4,45,1903.7500,1887.9228,15.8272
spatial null (queen neighbour mean),spatial blocks,unweighted,25,6,28.825,116.425,Outside,block fold 4,8,1899.5300,1887.9228,11.6072
spatial null (queen neighbour mean),spatial blocks,unweighted,25,7,28.825,116.675,Outside,block fold 4,103,1898.2700,1894.0933,4.1767
spatial null (queen neighbour mean),spatial blocks,unweighted,25,8,28.825,116.925,Outside,block fold 2,189,1895.4900,1898.5033,-3.0133
spatial null (queen neighbour mean),spatial blocks,unweighted,25,9,28.825,117.175,Outside,block fold 2,148,1892.3800,1888.5892,3.7908
spatial null (queen neighbour mean),spatial blocks,unweighted,25,10,28.825,117.425,Outside,block fold 2,145,1889.1800,1888.5892,0.5908
spatial null (queen neighbour mean),spatial blocks,unweighted,25,11,28.825,117.675,Outside,block fold 2,43,1885.4800,1888.5350,-3.0550
spatial null (queen neighbour mean),spatial blocks,unweighted,25,13,28.825,118.175,Zhejiang,block fold 0,15,1891.4200,1888.7252,2.6948
spatial null (queen neighbour mean),spatial blocks,unweighted,25,14,28.825,118.425,Zhejiang,block fold 0,140,1888.0500,1888.7252,-0.6752
spatial null (queen neighbour mean),spatial blocks,unweighted,25,15,28.825,118.675,Zhejiang,block fold 0,92,1890.7000,1897.6400,-6.9400
spatial null (queen neighbour mean),spatial blocks,unweighted,25,16,28.825,118.925,Zhejiang,block fold 1,63,1899.9200,1889.1800,10.7400
spatial null (queen neighbour mean),spatial blocks,unweighted,25,17,28.825,119.175,Zhejiang,block fold 1,6,1896.1900,1888.3125,7.8775
spatial null (queen neighbour mean),spatial blocks,unweighted,25,19,28.825,119.675,Zhejiang,block fold 1,21,1892.0700,1893.1367,-1.0667
spatial null (queen neighbour mean),spatial blocks,unweighted,25,20,28.825,119.925,Zhejiang,block fold 4,46,1896.7900,1897.8000,-1.0100
spatial null (queen neighbour mean),spatial blocks,unweighted,25,21,28.825,120.175,Zhejiang,block fold 4,39,1889.1800,1887.9228,1.2572
spatial null (queen neighbour mean),spatial blocks,unweighted,25,22,28.825,120.425,Zhejiang,block fold 4,1,1878.3500,1887.9228,-9.5728
spatial null (queen neighbour mean),spatial blocks,unweighted,25,23,28.825,120.675,Zhejiang,block fold 4,3,1899.3900,1887.9228,11.4672
spatial null (queen neighbour mean),spatial blocks,unweighted,25,24,28.825,120.925,Zhejiang,block fold 4,14,1889.3200,1887.9228,1.3972
spatial null (queen neighbour mean),spatial blocks,unweighted,25,25,28.825,121.175,Zhejiang,block fold 4,11,1900.4800,1887.9228,12.5572
spatial null (queen neighbour mean),spatial blocks,unweighted,25,26,28.825,121.425,Zhejiang,block fold 4,2,1921.2400,1887.9228,33.3172
spatial null (queen neighbour mean),spatial blocks,unweighted,25,27,28.825,121.675,Zhejiang,block fold 4,1,1886.4500,1889.6750,-3.2250
spatial null (queen neighbour mean),spatial blocks,unweighted,25,28,28.825,121.925,Outside,block fold 3,6,1885.2200,1865.6150,19.6050
spatial null (queen neighbour mean),spatial blocks,unweighted,25,29,28.825,122.175,Outside,block fold 3,15,1875.5500,1889.2841,-13.7341
spatial null (queen neighbour mean),spatial blocks,unweighted,25,30,28.825,122.425,Outside,block fold 3,29,1865.5900,1889.2841,-23.6941
spatial null (queen neighbour mean),spatial blocks,unweighted,26,0,28.575,114.925,Outside,block fold 0,62,1886.4700,1888.7252,-2.2552
spatial null (queen neighbour mean),spatial blocks,unweighted,26,1,28.575,115.175,Outside,block fold 0,94,1894.1000,1888.7252,5.3748
spatial null (queen neighbour mean),spatial blocks,unweighted,26,2,28.575,115.425,Outside,block fold 0,188,1897.6300,1888.7252,8.9048
spatial null (queen neighbour mean),spatial blocks,unweighted,26,3,28.575,115.675,Outside,block fold 0,108,1898.1400,1902.5667,-4.4267
spatial null (queen neighbour mean),spatial blocks,unweighted,26,4,28.575,115.925,Outside,block fold 4,23,1897.6600,1900.7233,-3.0633
spatial null (queen neighbour mean),spatial blocks,unweighted,26,5,28.575,116.175,Outside,block fold 4,4,1911.9900,1887.9228,24.0672
spatial null (queen neighbour mean),spatial blocks,unweighted,26,6,28.575,116.425,Outside,block fold 4,9,1907.1800,1887.9228,19.2572
spatial null (queen neighbour mean),spatial blocks,unweighted,26,7,28.575,116.675,Outside,block fold 4,97,1899.4100,1894.0900,5.3200
spatial null (queen neighbour mean),spatial blocks,unweighted,26,8,28.575,116.925,Outside,block fold 2,149,1894.1600,1897.8100,-3.6500
spatial null (queen neighbour mean),spatial blocks,unweighted,26,9,28.575,117.175,Outside,block fold 2,81,1891.0400,1888.5892,2.4508
spatial null (queen neighbour mean),spatial blocks,unweighted,26,10,28.575,117.425,Outside,block fold 2,94,1889.1000,1888.5892,0.5108
spatial null (queen neighbour mean),spatial blocks,unweighted,26,11,28.575,117.675,Outside,block fold 2,49,1885.8300,1892.4900,-6.6600
spatial null (queen neighbour mean),spatial blocks,unweighted,26,12,28.575,117.925,Outside,block fold 0,87,1892.4200,1888.5467,3.8733
spatial null (queen neighbour mean),spatial blocks,unweighted,26,13,28.575,118.175,Outside,block fold 0,182,1892.8900,1888.7252,4.1648
spatial null (queen neighbour mean),spatial blocks,unweighted,26,14,28.575,118.425,Zhejiang,block fold 0,197,1891.0100,1888.7252,2.2848
spatial null (queen neighbour mean),spatial blocks,unweighted,26,15,28.575,118.675,Zhejiang,block fold 0,39,1889.3600,1899.9200,-10.5600
spatial null (queen neighbour mean),spatial blocks,unweighted,26,18,28.575,119.425,Zhejiang,block fold 1,2,1882.1700,1888.3125,-6.1425
spatial null (queen neighbour mean),spatial blocks,unweighted,26,19,28.575,119.675,Zhejiang,block fold 1,2,1907.9700,1889.2567,18.7133
spatial null (queen neighbour mean),spatial blocks,unweighted,26,20,28.575,119.925,Zhejiang,block fold 4,3,1884.3800,1896.6200,-12.2400
spatial null (queen neighbour mean),spatial blocks,unweighted,26,21,28.575,120.175,Zhejiang,block fold 4,12,1897.5200,1887.9228,9.5972
spatial null (queen neighbour mean),spatial blocks,unweighted,26,25,28.575,121.175,Zhejiang,block fold 4,18,1914.8700,1887.9228,26.9472
spatial null (queen neighbour mean),spatial blocks,unweighted,26,26,28.575,121.425,Zhejiang,block fold 4,29,1900.5700,1887.9228,12.6472
spatial null (queen neighbour mean),spatial blocks,unweighted,26,28,28.575,121.925,Outside,block fold 3,3,1894.1300,1886.4500,7.6800
spatial null (queen neighbour mean),spatial blocks,unweighted,26,29,28.575,122.175,Outside,block fold 3,14,1862.5000,1889.2841,-26.7841
spatial null (queen neighbour mean),spatial blocks,unweighted,26,30,28.575,122.425,Outside,block fold 3,18,1864.3600,1889.2841,-24.9241
spatial null (queen neighbour mean),spatial blocks,unweighted,27,0,28.325,114.925,Outside,block fold 0,146,1896.2100,1901.2500,-5.0400
spatial null (queen neighbour mean),spatial blocks,unweighted,27,1,28.325,115.175,Outside,block fold 0,172,1897.0900,1902.8367,-5.7467
spatial null (queen neighbour mean),spatial blocks,unweighted,27,2,28.325,115.425,Outside,block fold 0,132,1902.0100,1905.4300,-3.4200
spatial null (queen neighbour mean),spatial blocks,unweighted,27,3,28.325,115.675,Outside,block fold 0,80,1905.4600,1903.9320,1.5280
spatial null (queen neighbour mean),spatial blocks,unweighted,27,4,28.325,115.925,Outside,block fold 4,112,1902.3000,1902.7025,-0.4025
spatial null (queen neighbour mean),spatial blocks,unweighted,27,5,28.325,116.175,Outside,block fold 4,82,1901.3000,1902.1233,-0.8233
spatial null (queen neighbour mean),spatial blocks,unweighted,27,6,28.325,116.425,Outside,block fold 4,132,1899.0300,1899.1600,-0.1300
spatial null (queen neighbour mean),spatial blocks,unweighted,27,7,28.325,116.675,Outside,block fold 4,154,1895.7500,1894.6260,1.1240
spatial null (queen neighbour mean),spatial blocks,unweighted,27,8,28.325,116.925,Outside,block fold 2,163,1892.6200,1895.2220,-2.6020
spatial null (queen neighbour mean),spatial blocks,unweighted,27,9,28.325,117.175,Outside,block fold 2,128,1891.0100,1890.5533,0.4567
spatial null (queen neighbour mean),spatial blocks,unweighted,27,10,28.325,117.425,Outside,block fold 2,126,1890.6500,1892.1033,-1.4533
spatial null (queen neighbour mean),spatial blocks,unweighted,27,11,28.325,117.675,Outside,block fold 2,125,1894.3300,1891.9240,2.4060
spatial null (queen neighbour mean),spatial blocks,unweighted,27,12,28.325,117.925,Outside,block fold 0,58,1892.5600,1892.2875,0.2725
spatial null (queen neighbour mean),spatial blocks,unweighted,27,13,28.325,118.175,Outside,block fold 0,126,1894.5500,1890.0750,4.4750
spatial null (queen neighbour mean),spatial blocks,unweighted,27,14,28.325,118.425,Zhejiang,block fold 0,13,1899.5600,1888.0600,11.5000
spatial null (queen neighbour mean),spatial blocks,unweighted,27,18,28.325,119.425,Zhejiang,block fold 1,2,1891.5600,1888.3125,3.2475
spatial null (queen neighbour mean),spatial blocks,unweighted,27,19,28.325,119.675,Zhejiang,block fold 1,9,1889.8200,1885.4900,4.3300
spatial null (queen neighbour mean),spatial blocks,unweighted,27,20,28.325,119.925,Zhejiang,block fold 4,14,1886.6000,1898.8950,-12.2950
spatial null (queen neighbour mean),spatial blocks,unweighted,27,26,28.325,121.425,Zhejiang,block fold 4,15,1907.2100,1870.0150,37.1950
spatial null (queen neighbour mean),spatial blocks,unweighted,27,28,28.325,121.925,Outside,block fold 3,9,1870.2500,1862.3300,7.9200
spatial null (queen neighbour mean),spatial blocks,unweighted,27,29,28.325,122.175,Outside,block fold 3,12,1853.9200,1868.8467,-14.9267
spatial null (queen neighbour mean),spatial blocks,unweighted,27,30,28.325,122.425,Outside,block fold 3,12,1855.4700,1867.8350,-12.3650
spatial null (queen neighbour mean),spatial blocks,unweighted,28,0,28.075,114.925,Outside,block fold 4,112,1902.0800,1896.6500,5.4300
spatial null (queen neighbour mean),spatial blocks,unweighted,28,1,28.075,115.175,Outside,block fold 4,197,1900.4200,1898.4367,1.9833
spatial null (queen neighbour mean),spatial blocks,unweighted,28,2,28.075,115.425,Outside,block fold 4,134,1906.0100,1901.5200,4.4900
spatial null (queen neighbour mean),spatial blocks,unweighted,28,3,28.075,115.675,Outside,block fold 4,182,1909.8600,1901.9550,7.9050
spatial null (queen neighbour mean),spatial blocks,unweighted,28,4,28.075,115.925,Outside,block fold 1,167,1903.8300,1903.7140,0.1160
spatial null (queen neighbour mean),spatial blocks,unweighted,28,5,28.075,116.175,Outside,block fold 1,148,1903.3800,1900.8767,2.5033
spatial null (queen neighbour mean),spatial blocks,unweighted,28,6,28.075,116.425,Outside,block fold 1,153,1899.1600,1898.6933,0.4667
spatial null (queen neighbour mean),spatial blocks,unweighted,28,7,28.075,116.675,Outside,block fold 1,168,1894.9400,1895.8000,-0.8600
spatial null (queen neighbour mean),spatial blocks,unweighted,28,8,28.075,116.925,Outside,block fold 1,147,1892.2500,1893.1267,-0.8767
spatial null (queen neighbour mean),spatial blocks,unweighted,28,9,28.075,117.175,Outside,block fold 1,71,1893.7600,1891.4267,2.3333
spatial null (queen neighbour mean),spatial blocks,unweighted,28,10,28.075,117.425,Outside,block fold 1,9,1885.6500,1891.9967,-6.3467
spatial null (queen neighbour mean),spatial blocks,unweighted,28,11,28.075,117.675,Outside,block fold 1,18,1896.9000,1892.5133,4.3867
spatial null (queen neighbour mean),spatial blocks,unweighted,28,12,28.075,117.925,Outside,block fold 1,10,1892.0900,1893.8133,-1.7233
spatial null (queen neighbour mean),spatial blocks,unweighted,28,14,28.075,118.425,Outside,block fold 1,13,1888.0600,1897.0550,-8.9950
spatial null (queen neighbour mean),spatial blocks,unweighted,28,23,28.075,120.675,Zhejiang,block fold 3,1,1920.5300,1889.2841,31.2459
spatial null (queen neighbour mean),spatial blocks,unweighted,28,26,28.075,121.425,Zhejiang,block fold 3,6,1868.1300,1907.2100,-39.0800
spatial null (queen neighbour mean),spatial blocks,unweighted,28,27,28.075,121.675,Outside,block fold 3,27,1871.9000,1883.4033,-11.5033
spatial null (queen neighbour mean),spatial blocks,unweighted,28,28,28.075,121.925,Outside,block fold 2,26,1870.8700,1866.4625,4.4075
spatial null (queen neighbour mean),spatial blocks,unweighted,28,29,28.075,122.175,Outside,block fold 2,12,1853.7900,1859.8800,-6.0900
spatial null (queen neighbour mean),spatial blocks,unweighted,28,30,28.075,122.425,Outside,block fold 2,8,1881.8800,1854.6950,27.1850
spatial null (queen neighbour mean),spatial blocks,unweighted,29,0,27.825,114.925,Outside,block fold 4,145,1903.7600,1887.9228,15.8372
spatial null (queen neighbour mean),spatial blocks,unweighted,29,1,27.825,115.175,Outside,block fold 4,190,1902.3600,1887.9228,14.4372
spatial null (queen neighbour mean),spatial blocks,unweighted,29,2,27.825,115.425,Outside,block fold 4,107,1910.0400,1887.9228,22.1172
spatial null (queen neighbour mean),spatial blocks,unweighted,29,3,27.825,115.675,Outside,block fold 4,31,1899.6500,1898.5333,1.1167
spatial null (queen neighbour mean),spatial blocks,unweighted,29,4,27.825,115.925,Outside,block fold 1,107,1896.5200,1902.2400,-5.7200
spatial null (queen neighbour mean),spatial blocks,unweighted,29,5,27.825,116.175,Outside,block fold 1,156,1900.3700,1888.3125,12.0575
spatial null (queen neighbour mean),spatial blocks,unweighted,29,6,27.825,116.425,Outside,block fold 1,132,1897.9900,1888.3125,9.6775
spatial null (queen neighbour mean),spatial blocks,unweighted,29,7,27.825,116.675,Outside,block fold 1,164,1898.7300,1888.3125,10.4175
spatial null (queen neighbour mean),spatial blocks,unweighted,29,8,27.825,116.925,Outside,block fold 1,41,1894.3500,1888.3125,6.0375
spatial null (queen neighbour mean),spatial blocks,unweighted,29,9,27.825,117.175,Outside,block fold 1,1,1845.7700,1888.3125,-42.5425
spatial null (queen neighbour mean),spatial blocks,unweighted,29,12,27.825,117.925,Outside,block fold 1,2,1926.7100,1888.3125,38.3975
spatial null (queen neighbour mean),spatial blocks,unweighted,29,14,27.825,118.425,Outside,block fold 1,5,1894.9600,1888.3125,6.6475
spatial null (queen neighbour mean),spatial blocks,unweighted,29,15,27.825,118.675,Zhejiang,block fold 1,12,1887.2800,1888.3125,-1.0325
spatial null (queen neighbour mean),spatial blocks,unweighted,29,20,27.825,119.925,Zhejiang,block fold 3,8,1893.5100,1889.2841,4.2259
spatial null (queen neighbour mean),spatial blocks,unweighted,29,22,27.825,120.425,Zhejiang,block fold 3,6,1903.9500,1889.2841,14.6659
spatial null (queen neighbour mean),spatial blocks,unweighted,29,23,27.825,120.675,Zhejiang,block fold 3,4,1906.8600,1889.2841,17.5759
spatial null (queen neighbour mean),spatial blocks,unweighted,29,25,27.825,121.175,Zhejiang,block fold 3,4,1860.2200,1889.2841,-29.0641
spatial null (queen neighbour mean),spatial blocks,unweighted,29,26,27.825,121.425,Outside,block fold 3,28,1860.2500,1889.2841,-29.0341
spatial null (queen neighbour mean),spatial blocks,unweighted,29,27,27.825,121.675,Outside,block fold 3,33,1869.7800,1870.4433,-0.6633
spatial null (queen neighbour mean),spatial blocks,unweighted,29,28,27.825,121.925,Outside,block fold 2,19,1872.1300,1868.0800,4.0500
spatial null (queen neighbour mean),spatial blocks,unweighted,29,29,27.825,122.175,Outside,block fold 2,17,1863.1400,1888.5892,-25.4492
spatial null (queen neighbour mean),spatial blocks,unweighted,29,30,27.825,122.425,Outside,block fold 2,21,1871.1800,1888.5892,-17.4092
spatial null (queen neighbour mean),spatial blocks,unweighted,30,0,27.575,114.925,Outside,block fold 4,165,1899.9100,1887.9228,11.9872
spatial null (queen neighbour mean),spatial blocks,unweighted,30,1,27.575,115.175,Outside,block fold 4,129,1901.7900,1887.9228,13.8672
spatial null (queen neighbour mean),spatial blocks,unweighted,30,2,27.575,115.425,Outside,block fold 4,105,1902.9000,1887.9228,14.9772
spatial null (queen neighbour mean),spatial blocks,unweighted,30,3,27.575,115.675,Outside,block fold 4,94,1897.2100,1895.4100,1.8000
spatial null (queen neighbour mean),spatial blocks,unweighted,30,4,27.575,115.925,Outside,block fold 1,54,1895.2500,1898.5800,-3.3300
spatial null (queen neighbour mean),spatial blocks,unweighted,30,5,27.575,116.175,Outside,block fold 1,102,1897.5100,1888.3125,9.1975
spatial null (queen neighbour mean),spatial blocks,unweighted,30,6,27.575,116.425,Outside,block fold 1,30,1897.8400,1888.3125,9.5275
spatial null (queen neighbour mean),spatial blocks,unweighted,30,7,27.575,116.675,Outside,block fold 1,87,1897.7400,1888.3125,9.4275
spatial null (queen neighbour mean),spatial blocks,unweighted,30,8,27.575,116.925,Outside,block fold 1,15,1888.4600,1888.3125,0.1475
spatial null (queen neighbour mean),spatial blocks,unweighted,30,9,27.575,117.175,Outside,block fold 1,18,1891.1200,1888.3125,2.8075
spatial null (queen neighbour mean),spatial blocks,unweighted,30,10,27.575,117.425,Outside,block fold 1,10,1889.6100,1888.3125,1.2975
spatial null (queen neighbour mean),spatial blocks,unweighted,30,12,27.575,117.925,Outside,block fold 1,40,1894.8100,1888.3125,6.4975
spatial null (queen neighbour mean),spatial blocks,unweighted,30,13,27.575,118.175,Outside,block fold 1,24,1892.3900,1888.3125,4.0775
spatial null (queen neighbour mean),spatial blocks,unweighted,30,15,27.575,118.675,Outside,block fold 1,20,1889.9100,1850.8900,39.0200
spatial null (queen neighbour mean),spatial blocks,unweighted,30,22,27.575,120.425,Zhejiang,block fold 3,23,1894.4900,1889.2841,5.2059
spatial null (queen neighbour mean),spatial blocks,unweighted,30,23,27.575,120.675,Zhejiang,block fold 3,1,1842.7500,1889.2841,-46.5341
spatial null (queen neighbour mean),spatial blocks,unweighted,30,24,27.575,120.925,Zhejiang,block fold 3,5,1858.9700,1889.2841,-30.3141
spatial null (queen neighbour mean),spatial blocks,unweighted,30,25,27.575,121.175,Zhejiang,block fold 3,12,1862.3300,1889.2841,-26.9541
spatial null (queen neighbour mean),spatial blocks,unweighted,30,26,27.575,121.425,Outside,block fold 3,43,1861.0500,1889.2841,-28.2341
spatial null (queen neighbour mean),spatial blocks,unweighted,30,27,27.575,121.675,Outside,block fold 3,32,1862.5600,1869.2267,-6.6667
spatial null (queen neighbour mean),spatial blocks,unweighted,30,28,27.575,121.925,Outside,block fold 2,14,1868.3300,1865.5100,2.8200
spatial null (queen neighbour mean),spatial blocks,unweighted,30,29,27.575,122.175,Outside,block fold 2,18,1873.3900,1888.5892,-15.1992
spatial null (queen neighbour mean),spatial blocks,unweighted,30,30,27.575,122.425,Outside,block fold 2,18,1877.8000,1888.5892,-10.7892
spatial null (queen neighbour mean),spatial blocks,unweighted,31,0,27.325,114.925,Outside,block fold 4,153,1899.7200,1904.3400,-4.6200
spatial null (queen neighbour mean),spatial blocks,unweighted,31,1,27.325,115.175,Outside,block fold 4,71,1904.7700,1902.4733,2.2967
spatial null (queen neighbour mean),spatial blocks,unweighted,31,2,27.325,115.425,Outside,block fold 4,164,1896.1200,1899.8800,-3.7600
spatial null (queen neighbour mean),spatial blocks,unweighted,31,3,27.325,115.675,Outside,block fold 4,145,1898.8800,1895.4540,3.4260
spatial null (queen neighbour mean),spatial blocks,unweighted,31,4,27.325,115.925,Outside,block fold 1,49,1894.4600,1897.2660,-2.8060
spatial null (queen neighbour mean),spatial blocks,unweighted,31,5,27.325,116.175,Outside,block fold 1,10,1891.0200,1896.3133,-5.2933
spatial null (queen neighbour mean),spatial blocks,unweighted,31,6,27.325,116.425,Outside,block fold 1,29,1898.1500,1899.0133,-0.8633
spatial null (queen neighbour mean),spatial blocks,unweighted,31,7,27.325,116.675,Outside,block fold 1,118,1901.4500,1895.5767,5.8733
spatial null (queen neighbour mean),spatial blocks,unweighted,31,8,27.325,116.925,Outside,block fold 1,89,1886.3400,1895.1167,-8.7767
spatial null (queen neighbour mean),spatial blocks,unweighted,31,9,27.325,117.175,Outside,block fold 1,8,1886.2500,1889.9700,-3.7200
spatial null (queen neighbour mean),spatial blocks,unweighted,31,10,27.325,117.425,Outside,block fold 1,26,1902.8100,1889.2267,13.5833
spatial null (queen neighbour mean),spatial blocks,unweighted,31,11,27.325,117.675,Outside,block fold 1,7,1907.0100,1889.1400,17.8700
spatial null (queen neighbour mean),spatial blocks,unweighted,31,12,27.325,117.925,Outside,block fold 1,67,1900.9300,1890.2433,10.6867
spatial null (queen neighbour mean),spatial blocks,unweighted,31,13,27.325,118.175,Outside,block fold 1,82,1897.5000,1896.0300,1.4700
spatial null (queen neighbour mean),spatial blocks,unweighted,31,14,27.325,118.425,Outside,block fold 1,2,1913.8900,1892.3433,21.5467
spatial null (queen neighbour mean),spatial blocks,unweighted,31,16,27.325,118.925,Outside,block fold 0,3,1850.8900,1882.8900,-32.0000
spatial null (queen neighbour mean),spatial blocks,unweighted,31,17,27.325,119.175,Zhejiang,block fold 0,26,1890.6800,1878.8800,11.8000
spatial null (queen neighbour mean),spatial blocks,unweighted,31,21,27.325,120.175,Zhejiang,block fold 3,1,1876.7900,1859.2900,17.5000
spatial null (queen neighbour mean),spatial blocks,unweighted,31,22,27.325,120.425,Zhejiang,block fold 3,2,1880.8000,1867.5550,13.2450
spatial null (queen neighbour mean),spatial blocks,unweighted,31,23,27.325,120.675,Zhejiang,block fold 3,8,1858.8900,1862.4267,-3.5367
spatial null (queen neighbour mean),spatial blocks,unweighted,31,24,27.325,120.925,Outside,block fold 3,27,1853.0300,1862.3600,-9.3300
spatial null (queen neighbour mean),spatial blocks,unweighted,31,25,27.325,121.175,Zhejiang,block fold 3,37,1861.4300,1857.6333,3.7967
spatial null (queen neighbour mean),spatial blocks,unweighted,31,26,27.325,121.425,Outside,block fold 3,38,1858.6000,1860.9933,-2.3933
spatial null (queen neighbour mean),spatial blocks,unweighted,31,27,27.325,121.675,Outside,block fold 3,21,1864.1900,1864.8600,-0.6700
spatial null (queen neighbour mean),spatial blocks,unweighted,31,28,27.325,121.925,Outside,block fold 2,25,1867.2200,1860.4400,6.7800
spatial null (queen neighbour mean),spatial blocks,unweighted,31,29,27.325,122.175,Outside,block fold 2,15,1876.3400,1858.8033,17.5367
spatial null (queen neighbour mean),spatial blocks,unweighted,31,30,27.325,122.425,Outside,block fold 2,4,1878.0200,1856.3100,21.7100
spatial null (queen neighbour mean),spatial blocks,unweighted,32,0,27.075,114.925,Outside,block fold 2,131,1905.6700,1902.2450,3.4250
spatial null (queen neighbour mean),spatial blocks,unweighted,32,1,27.075,115.175,Outside,block fold 2,49,1903.0100,1900.2033,2.8067
spatial null (queen neighbour mean),spatial blocks,unweighted,32,2,27.075,115.425,Outside,block fold 2,136,1898.7400,1899.9233,-1.1833
spatial null (queen neighbour mean),spatial blocks,unweighted,32,3,27.075,115.675,Outside,block fold 2,59,1897.8900,1895.0975,2.7925
spatial null (queen neighbour mean),spatial blocks,unweighted,32,4,27.075,115.925,Outside,block fold 3,2,1890.9300,1895.5625,-4.6325
spatial null (queen neighbour mean),spatial blocks,unweighted,32,5,27.075,116.175,Outside,block fold 3,10,1901.4200,1894.5433,6.8767
spatial null (queen neighbour mean),spatial blocks,unweighted,32,6,27.075,116.425,Outside,block fold 3,67,1896.5900,1896.8733,-0.2833
spatial null (queen neighbour mean),spatial blocks,unweighted,32,7,27.075,116.675,Outside,block fold 3,100,1899.0300,1894.2625,4.7675
spatial null (queen neighbour mean),spatial blocks,unweighted,32,8,27.075,116.925,Outside,block fold 4,21,1891.1100,1893.2675,-2.1575
spatial null (queen neighbour mean),spatial blocks,unweighted,32,9,27.075,117.175,Outside,block fold 4,18,1895.2100,1891.8000,3.4100
spatial null (queen neighbour mean),spatial blocks,unweighted,32,10,27.075,117.425,Outside,block fold 4,8,1883.5900,1898.6900,-15.1000
spatial null (queen neighbour mean),spatial blocks,unweighted,32,11,27.075,117.675,Outside,block fold 4,16,1888.8800,1903.5833,-14.7033
spatial null (queen neighbour mean),spatial blocks,unweighted,32,12,27.075,117.925,Outside,block fold 4,6,1894.9500,1901.8133,-6.8633
spatial null (queen neighbour mean),spatial blocks,unweighted,32,13,27.075,118.175,Outside,block fold 4,25,1886.9000,1904.1067,-17.2067
spatial null (queen neighbour mean),spatial blocks,unweighted,32,14,27.075,118.425,Outside,block fold 4,24,1906.2400,1905.6950,0.5450
spatial null (queen neighbour mean),spatial blocks,unweighted,32,15,27.075,118.675,Outside,block fold 4,7,1883.8900,1882.3900,1.5000
spatial null (queen neighbour mean),spatial blocks,unweighted,32,16,27.075,118.925,Outside,block fold 4,6,1867.1800,1870.7850,-3.6050
spatial null (queen neighbour mean),spatial blocks,unweighted,32,17,27.075,119.175,Outside,block fold 4,3,1890.5800,1870.7850,19.7950
spatial null (queen neighbour mean),spatial blocks,unweighted,32,22,27.075,120.425,Zhejiang,block fold 1,7,1859.2900,1872.1600,-12.8700
spatial null (queen neighbour mean),spatial blocks,unweighted,32,23,27.075,120.675,Outside,block fold 1,19,1875.8200,1864.2400,11.5800
spatial null (queen neighbour mean),spatial blocks,unweighted,32,24,27.075,120.925,Outside,block fold 1,21,1852.1700,1857.7833,-5.6133
spatial null (queen neighbour mean),spatial blocks,unweighted,32,25,27.075,121.175,Outside,block fold 1,29,1859.0900,1857.6867,1.4033
spatial null (queen neighbour mean),spatial blocks,unweighted,32,26,27.075,121.425,Outside,block fold 1,33,1861.6400,1861.4067,0.2333
spatial null (queen neighbour mean),spatial blocks,unweighted,32,27,27.075,121.675,Outside,block fold 1,29,1862.2500,1863.4500,-1.2000
spatial null (queen neighbour mean),spatial blocks,unweighted,32,28,27.075,121.925,Outside,block fold 3,11,1863.7900,1868.6033,-4.8133
spatial null (queen neighbour mean),spatial blocks,unweighted,32,29,27.075,122.175,Outside,block fold 3,1,1849.4100,1873.8600,-24.4500
spatial null (queen neighbour mean),spatial blocks,unweighted,32,30,27.075,122.425,Outside,block fold 3,2,1863.2100,1877.1800,-13.9700
"OLS wind (u, v, speed)",spatial blocks,unweighted,0,0,35.075,114.925,Outside,block fold 0,104,1900.5400,1890.5701,9.9699
"OLS wind (u, v, speed)",spatial blocks,unweighted,0,1,35.075,115.175,Outside,block fold 0,330,1895.6300,1889.8957,5.7343
"OLS wind (u, v, speed)",spatial blocks,unweighted,0,2,35.075,115.425,Outside,block fold 0,340,1894.5000,1891.1715,3.3285
"OLS wind (u, v, speed)",spatial blocks,unweighted,0,3,35.075,115.675,Outside,block fold 0,375,1894.5500,1891.0786,3.4714
"OLS wind (u, v, speed)",spatial blocks,unweighted,0,4,35.075,115.925,Outside,block fold 0,384,1893.5300,1890.5050,3.0250
"OLS wind (u, v, speed)",spatial blocks,unweighted,0,5,35.075,116.175,Outside,block fold 0,398,1891.9800,1890.0070,1.9730
"OLS wind (u, v, speed)",spatial blocks,unweighted,0,6,35.075,116.425,Outside,block fold 0,352,1892.8100,1892.2350,0.5750
"OLS wind (u, v, speed)",spatial blocks,unweighted,0,7,35.075,116.675,Outside,block fold 0,116,1891.2500,1894.8580,-3.6080
"OLS wind (u, v, speed)",spatial blocks,unweighted,0,8,35.075,116.925,Jiangsu,block fold 0,164,1891.8100,1894.4150,-2.6050
"OLS wind (u, v, speed)",spatial blocks,unweighted,0,9,35.075,117.175,Outside,block fold 0,293,1889.4400,1892.7639,-3.3239
"OLS wind (u, v, speed)",spatial blocks,unweighted,0,10,35.075,117.425,Outside,block fold 0,336,1886.3600,1892.9043,-6.5443
"OLS wind (u, v, speed)",spatial blocks,unweighted,0,11,35.075,117.675,Outside,block fold 0,298,1884.7300,1894.3266,-9.5966
"OLS wind (u, v, speed)",spatial blocks,unweighted,0,12,35.075,117.925,Outside,block fold 3,277,1887.0500,1896.0479,-8.9979
"OLS wind (u, v, speed)",spatial blocks,unweighted,0,13,35.075,118.175,Outside,block fold 3,310,1888.6800,1894.5968,-5.9168
"OLS wind (u, v, speed)",spatial blocks,unweighted,0,14,35.075,118.425,Outside,block fold 3,154,1887.7400,1894.5847,-6.8447
"OLS wind (u, v, speed)",spatial blocks,unweighted,0,15,35.075,118.675,Outside,block fold 3,379,1885.8000,1893.3014,-7.5014
"OLS wind (u, v, speed)",spatial blocks,unweighted,0,16,35.075,118.925,Jiangsu,block fold 1,304,1886.3500,1893.9880,-7.6380
"OLS wind (u, v, speed)",spatial blocks,unweighted,0,17,35.075,119.175,Jiangsu,block fold 1,133,1887.9300,1893.9152,-5.9852
"OLS wind (u, v, speed)",spatial blocks,unweighted,0,18,35.075,119.425,Outside,block fold 1,3,1872.9300,1860.9200,12.0100
"OLS wind (u, v, speed)",spatial blocks,unweighted,0,19,35.075,119.675,Outside,block fold 1,38,1876.2000,1864.4815,11.7185
"OLS wind (u, v, speed)",spatial blocks,unweighted,0,20,35.075,119.925,Outside,block fold 0,53,1876.7100,1867.3142,9.3958
"OLS wind (u, v, speed)",spatial blocks,unweighted,0,21,35.075,120.175,Outside,block fold 0,46,1871.1700,1861.5422,9.6278
"OLS wind (u, v, speed)",spatial blocks,unweighted,0,22,35.075,120.425,Outside,block fold 0,46,1877.8000,1866.1761,11.6239
"OLS wind (u, v, speed)",spatial blocks,unweighted,0,23,35.075,120.675,Outside,block fold 0,56,1881.8500,1871.4576,10.3924
"OLS wind (u, v, speed)",spatial blocks,unweighted,0,24,35.075,120.925,Outside,block fold 2,40,1877.2700,1872.4785,4.7915
"OLS wind (u, v, speed)",spatial blocks,unweighted,0,25,35.075,121.175,Outside,block fold 2,41,1871.2800,1868.9728,2.3072
"OLS wind (u, v, speed)",spatial blocks,unweighted,0,26,35.075,121.425,Outside,block fold 2,48,1868.3000,1869.7933,-1.4933
"OLS wind (u, v, speed)",spatial blocks,unweighted,0,27,35.075,121.675,Outside,block fold 2,58,1861.6800,1869.9039,-8.2239
"OLS wind (u, v, speed)",spatial blocks,unweighted,0,28,35.075,121.925,Outside,block fold 0,64,1856.1900,1868.6137,-12.4237
"OLS wind (u, v, speed)",spatial blocks,unweighted,0,29,35.075,122.175,Outside,block fold 0,57,1856.5400,1872.3890,-15.8490
"OLS wind (u, v, speed)",spatial blocks,unweighted,0,30,35.075,122.425,Outside,block fold 0,44,1860.6400,1868.6930,-8.0530
"OLS wind (u, v, speed)",spatial blocks,unweighted,1,0,34.825,114.925,Outside,block fold 0,268,1895.4200,1890.5501,4.8699
"OLS wind (u, v, speed)",spatial blocks,unweighted,1,1,34.825,115.175,Outside,block fold 0,325,1895.4500,1890.1854,5.2646
"OLS wind (u, v, speed)",spatial blocks,unweighted,1,2,34.825,115.425,Outside,block fold 0,280,1895.9100,1891.1315,4.7785
"OLS wind (u, v, speed)",spatial blocks,unweighted,1,3,34.825,115.675,Outside,block fold 0,370,1896.1100,1890.4742,5.6358
"OLS wind (u, v, speed)",spatial blocks,unweighted,1,4,34.825,115.925,Outside,block fold 0,362,1894.6400,1890.4046,4.2354
"OLS wind (u, v, speed)",spatial blocks,unweighted,1,5,34.825,116.175,Outside,block fold 0,368,1895.6400,1890.0127,5.6273
"OLS wind (u, v, speed)",spatial blocks,unweighted,1,6,34.825,116.425,Jiangsu,block fold 0,410,1893.8500,1890.0784,3.7716
"OLS wind (u, v, speed)",spatial blocks,unweighted,1,7,34.825,116.675,Jiangsu,block fold 0,354,1892.1300,1891.0465,1.0835
"OLS wind (u, v, speed)",spatial blocks,unweighted,1,8,34.825,116.925,Jiangsu,block fold 0,169,1890.6800,1896.9649,-6.2849
"OLS wind (u, v, speed)",spatial blocks,unweighted,1,9,34.825,117.175,Jiangsu,block fold 0,205,1891.9700,1894.0740,-2.1040
"OLS wind (u, v, speed)",spatial blocks,unweighted,1,10,34.825,117.425,Outside,block fold 0,332,1888.7900,1892.9889,-4.1989
"OLS wind (u, v, speed)",spatial blocks,unweighted,1,11,34.825,117.675,Outside,block fold 0,323,1894.1200,1893.6480,0.4720
"OLS wind (u, v, speed)",spatial blocks,unweighted,1,12,34.825,117.925,Outside,block fold 3,342,1887.2700,1894.2688,-6.9988
"OLS wind (u, v, speed)",spatial blocks,unweighted,1,13,34.825,118.175,Outside,block fold 3,372,1889.8000,1893.6860,-3.8860
"OLS wind (u, v, speed)",spatial blocks,unweighted,1,14,34.825,118.425,Jiangsu,block fold 3,287,1890.0700,1894.2161,-4.1461
"OLS wind (u, v, speed)",spatial blocks,unweighted,1,15,34.825,118.675,Jiangsu,block fold 3,235,1887.8100,1893.5141,-5.7041
"OLS wind (u, v, speed)",spatial blocks,unweighted,1,16,34.825,118.925,Jiangsu,block fold 1,161,1888.0700,1894.9362,-6.8662
"OLS wind (u, v, speed)",spatial blocks,unweighted,1,17,34.825,119.175,Jiangsu,block fold 1,39,1893.1800,1897.0834,-3.9034
"OLS wind (u, v, speed)",spatial blocks,unweighted,1,18,34.825,119.425,Jiangsu,block fold 1,2,1872.8600,1855.9999,16.8601
"OLS wind (u, v, speed)",spatial blocks,unweighted,1,19,34.825,119.675,Outside,block fold 1,29,1873.3800,1865.8970,7.4830
"OLS wind (u, v, speed)",spatial blocks,unweighted,1,20,34.825,119.925,Outside,block fold 0,44,1870.6000,1864.1605,6.4395
"OLS wind (u, v, speed)",spatial blocks,unweighted,1,21,34.825,120.175,Outside,block fold 0,51,1873.9700,1864.2255,9.7445
"OLS wind (u, v, speed)",spatial blocks,unweighted,1,22,34.825,120.425,Outside,block fold 0,46,1869.1900,1866.3842,2.8058
"OLS wind (u, v, speed)",spatial blocks,unweighted,1,23,34.825,120.675,Outside,block fold 0,53,1879.7000,1870.6859,9.0141
"OLS wind (u, v, speed)",spatial blocks,unweighted,1,24,34.825,120.925,Outside,block fold 2,45,1867.9400,1868.3137,-0.3737
"OLS wind (u, v, speed)",spatial blocks,unweighted,1,25,34.825,121.175,Outside,block fold 2,37,1866.6300,1863.2274,3.4026
"OLS wind (u, v, speed)",spatial blocks,unweighted,1,26,34.825,121.425,Outside,block fold 2,40,1862.4200,1863.1604,-0.7404
"OLS wind (u, v, speed)",spatial blocks,unweighted,1,27,34.825,121.675,Outside,block fold 2,53,1856.3500,1866.3926,-10.0426
"OLS wind (u, v, speed)",spatial blocks,unweighted,1,28,34.825,121.925,Outside,block fold 0,49,1853.0900,1864.3489,-11.2589
"OLS wind (u, v, speed)",spatial blocks,unweighted,1,29,34.825,122.175,Outside,block fold 0,57,1852.7300,1866.8374,-14.1074
"OLS wind (u, v, speed)",spatial blocks,unweighted,1,30,34.825,122.425,Outside,block fold 0,52,1858.8400,1869.8214,-10.9814
"OLS wind (u, v, speed)",spatial blocks,unweighted,2,0,34.575,114.925,Outside,block fold 0,332,1896.3700,1891.3285,5.0415
"OLS wind (u, v, speed)",spatial blocks,unweighted,2,1,34.575,115.175,Outside,block fold 0,246,1896.4900,1891.0961,5.3939
"OLS wind (u, v, speed)",spatial blocks,unweighted,2,2,34.575,115.425,Outside,block fold 0,211,1898.4600,1893.0273,5.4327
"OLS wind (u, v, speed)",spatial blocks,unweighted,2,3,34.575,115.675,Outside,block fold 0,296,1895.4100,1890.6065,4.8035
"OLS wind (u, v, speed)",spatial blocks,unweighted,2,4,34.575,115.925,Outside,block fold 0,254,1898.2800,1892.5080,5.7720
"OLS wind (u, v, speed)",spatial blocks,unweighted,2,5,34.575,116.175,Anhui,block fold 0,365,1894.2700,1890.5297,3.7403
"OLS wind (u, v, speed)",spatial blocks,unweighted,2,6,34.575,116.425,Anhui,block fold 0,381,1891.3100,1890.5402,0.7698
"OLS wind (u, v, speed)",spatial blocks,unweighted,2,7,34.575,116.675,Jiangsu,block fold 0,347,1889.5900,1891.5342,-1.9442
"OLS wind (u, v, speed)",spatial blocks,unweighted,2,8,34.575,116.925,Jiangsu,block fold 0,340,1892.6300,1893.4300,-0.8000
"OLS wind (u, v, speed)",spatial blocks,unweighted,2,9,34.575,117.175,Jiangsu,block fold 0,81,1892.7200,1896.6269,-3.9069
"OLS wind (u, v, speed)",spatial blocks,unweighted,2,10,34.575,117.425,Jiangsu,block fold 0,187,1891.9500,1895.4283,-3.4783
"OLS wind (u, v, speed)",spatial blocks,unweighted,2,11,34.575,117.675,Jiangsu,block fold 0,381,1890.6000,1894.2655,-3.6655
"OLS wind (u, v, speed)",spatial blocks,unweighted,2,12,34.575,117.925,Jiangsu,block fold 3,402,1889.4800,1893.9891,-4.5091
"OLS wind (u, v, speed)",spatial blocks,unweighted,2,13,34.575,118.175,Jiangsu,block fold 3,367,1884.4700,1893.4621,-8.9921
"OLS wind (u, v, speed)",spatial blocks,unweighted,2,14,34.575,118.425,Jiangsu,block fold 3,310,1889.7000,1893.9048,-4.2048
"OLS wind (u, v, speed)",spatial blocks,unweighted,2,15,34.575,118.675,Jiangsu,block fold 3,231,1889.8700,1896.2999,-6.4299
"OLS wind (u, v, speed)",spatial blocks,unweighted,2,16,34.575,118.925,Jiangsu,block fold 1,297,1884.8600,1895.0473,-10.1873
"OLS wind (u, v, speed)",spatial blocks,unweighted,2,17,34.575,119.175,Jiangsu,block fold 1,224,1887.9300,1895.1274,-7.1974
"OLS wind (u, v, speed)",spatial blocks,unweighted,2,18,34.575,119.425,Jiangsu,block fold 1,55,1886.6400,1896.6255,-9.9855
"OLS wind (u, v, speed)",spatial blocks,unweighted,2,19,34.575,119.675,Jiangsu,block fold 1,2,1871.1500,1866.7650,4.3850
"OLS wind (u, v, speed)",spatial blocks,unweighted,2,20,34.575,119.925,Jiangsu,block fold 0,14,1874.8700,1870.5496,4.3204
"OLS wind (u, v, speed)",spatial blocks,unweighted,2,21,34.575,120.175,Outside,block fold 0,18,1877.4800,1864.6440,12.8360
"OLS wind (u, v, speed)",spatial blocks,unweighted,2,22,34.575,120.425,Outside,block fold 0,32,1871.5600,1873.0605,-1.5005
"OLS wind (u, v, speed)",spatial blocks,unweighted,2,23,34.575,120.675,Outside,block fold 0,32,1863.8800,1862.3157,1.5643
"OLS wind (u, v, speed)",spatial blocks,unweighted,2,24,34.575,120.925,Outside,block fold 2,30,1861.7200,1859.6346,2.0854
"OLS wind (u, v, speed)",spatial blocks,unweighted,2,25,34.575,121.175,Outside,block fold 2,16,1860.6500,1857.4764,3.1736
"OLS wind (u, v, speed)",spatial blocks,unweighted,2,26,34.575,121.425,Outside,block fold 2,24,1860.7800,1865.4799,-4.6999
"OLS wind (u, v, speed)",spatial blocks,unweighted,2,27,34.575,121.675,Outside,block fold 2,42,1851.8600,1864.8229,-12.9629
"OLS wind (u, v, speed)",spatial blocks,unweighted,2,28,34.575,121.925,Outside,block fold 0,49,1851.8900,1866.9000,-15.0100
"OLS wind (u, v, speed)",spatial blocks,unweighted,2,29,34.575,122.175,Outside,block fold 0,56,1853.6900,1865.8934,-12.2034
"OLS wind (u, v, speed)",spatial blocks,unweighted,2,30,34.575,122.425,Outside,block fold 0,49,1857.2900,1863.8870,-6.5970
"OLS wind (u, v, speed)",spatial blocks,unweighted,3,0,34.325,114.925,Outside,block fold 0,304,1899.0600,1891.2934,7.7666
"OLS wind (u, v, speed)",spatial blocks,unweighted,3,1,34.325,115.175,Outside,block fold 0,308,1897.8800,1891.6755,6.2045
"OLS wind (u, v, speed)",spatial blocks,unweighted,3,2,34.325,115.425,Outside,block fold 0,343,1897.7200,1890.7453,6.9747
"OLS wind (u, v, speed)",spatial blocks,unweighted,3,3,34.325,115.675,Outside,block fold 0,295,1899.7300,1891.2295,8.5005
"OLS wind (u, v, speed)",spatial blocks,unweighted,3,4,34.325,115.925,Outside,block fold 0,351,1895.9900,1890.3744,5.6156
"OLS wind (u, v, speed)",spatial blocks,unweighted,3,5,34.325,116.175,Anhui,block fold 0,349,1897.2500,1891.5891,5.6609
"OLS wind (u, v, speed)",spatial blocks,unweighted,3,6,34.325,116.425,Anhui,block fold 0,382,1893.8900,1890.9513,2.9387
"OLS wind (u, v, speed)",spatial blocks,unweighted,3,7,34.325,116.675,Anhui,block fold 0,400,1892.2900,1891.6478,0.6422
"OLS wind (u, v, speed)",spatial blocks,unweighted,3,8,34.325,116.925,Anhui,block fold 0,366,1895.1400,1892.1910,2.9490
"OLS wind (u, v, speed)",spatial blocks,unweighted,3,9,34.325,117.175,Jiangsu,block fold 0,151,1892.1100,1896.0901,-3.9801
"OLS wind (u, v, speed)",spatial blocks,unweighted,3,10,34.325,117.425,Jiangsu,block fold 0,249,1891.0100,1894.2332,-3.2232
"OLS wind (u, v, speed)",spatial blocks,unweighted,3,11,34.325,117.675,Jiangsu,block fold 0,372,1889.7400,1892.6525,-2.9125
"OLS wind (u, v, speed)",spatial blocks,unweighted,3,12,34.325,117.925,Jiangsu,block fold 3,271,1890.0300,1894.7557,-4.7257
"OLS wind (u, v, speed)",spatial blocks,unweighted,3,13,34.325,118.175,Jiangsu,block fold 3,241,1890.3600,1894.4906,-4.1306
"OLS wind (u, v, speed)",spatial blocks,unweighted,3,14,34.325,118.425,Jiangsu,block fold 3,283,1892.2100,1894.3931,-2.1831
"OLS wind (u, v, speed)",spatial blocks,unweighted,3,15,34.325,118.675,Jiangsu,block fold 3,241,1890.1100,1895.1552,-5.0452
"OLS wind (u, v, speed)",spatial blocks,unweighted,3,16,34.325,118.925,Jiangsu,block fold 1,326,1884.8300,1893.0442,-8.2142
"OLS wind (u, v, speed)",spatial blocks,unweighted,3,17,34.325,119.175,Jiangsu,block fold 1,293,1887.3300,1894.4368,-7.1068
"OLS wind (u, v, speed)",spatial blocks,unweighted,3,18,34.325,119.425,Jiangsu,block fold 1,253,1887.4500,1894.9864,-7.5364
"OLS wind (u, v, speed)",spatial blocks,unweighted,3,19,34.325,119.675,Jiangsu,block fold 1,126,1892.1200,1898.2827,-6.1627
"OLS wind (u, v, speed)",spatial blocks,unweighted,3,20,34.325,119.925,Jiangsu,block fold 0,71,1889.3400,1898.5602,-9.2202
"OLS wind (u, v, speed)",spatial blocks,unweighted,3,21,34.325,120.175,Jiangsu,block fold 0,12,1894.7000,1901.6253,-6.9253
"OLS wind (u, v, speed)",spatial blocks,unweighted,3,22,34.325,120.425,Outside,block fold 0,10,1875.9200,1880.7591,-4.8391
"OLS wind (u, v, speed)",spatial blocks,unweighted,3,23,34.325,120.675,Outside,block fold 0,23,1860.2200,1865.8596,-5.6396
"OLS wind (u, v, speed)",spatial blocks,unweighted,3,24,34.325,120.925,Outside,block fold 2,14,1862.2300,1853.8631,8.3669
"OLS wind (u, v, speed)",spatial blocks,unweighted,3,25,34.325,121.175,Outside,block fold 2,16,1859.6400,1849.6806,9.9594
"OLS wind (u, v, speed)",spatial blocks,unweighted,3,26,34.325,121.425,Outside,block fold 2,20,1860.4500,1857.4394,3.0106
"OLS wind (u, v, speed)",spatial blocks,unweighted,3,27,34.325,121.675,Outside,block fold 2,31,1852.8600,1858.9628,-6.1028
"OLS wind (u, v, speed)",spatial blocks,unweighted,3,28,34.325,121.925,Outside,block fold 0,47,1853.0000,1863.1368,-10.1368
"OLS wind (u, v, speed)",spatial blocks,unweighted,3,29,34.325,122.175,Outside,block fold 0,61,1854.7300,1861.6035,-6.8735
"OLS wind (u, v, speed)",spatial blocks,unweighted,3,30,34.325,122.425,Outside,block fold 0,65,1857.3500,1863.2855,-5.9355
"OLS wind (u, v, speed)",spatial blocks,unweighted,4,0,34.075,114.925,Outside,block fold 3,324,1894.5500,1892.0987,2.4513
"OLS wind (u, v, speed)",spatial blocks,unweighted,4,1,34.075,115.175,Outside,block fold 3,328,1894.6800,1892.7802,1.8998
"OLS wind (u, v, speed)",spatial blocks,unweighted,4,2,34.075,115.425,Outside,block fold 3,346,1896.3300,1892.4378,3.8922
"OLS wind (u, v, speed)",spatial blocks,unweighted,4,3,34.075,115.675,Anhui,block fold 3,368,1896.8700,1892.2543,4.6157
"OLS wind (u, v, speed)",spatial blocks,unweighted,4,4,34.075,115.925,Anhui,block fold 0,348,1894.7700,1890.5899,4.1801
"OLS wind (u, v, speed)",spatial blocks,unweighted,4,5,34.075,116.175,Outside,block fold 0,348,1895.1000,1891.1742,3.9258
"OLS wind (u, v, speed)",spatial blocks,unweighted,4,6,34.075,116.425,Anhui,block fold 0,321,1899.7200,1891.8927,7.8273
"OLS wind (u, v, speed)",spatial blocks,unweighted,4,7,34.075,116.675,Anhui,block fold 0,325,1896.2700,1890.4461,5.8239
"OLS wind (u, v, speed)",spatial blocks,unweighted,4,8,34.075,116.925,Anhui,block fold 3,294,1896.0500,1893.3381,2.7119
"OLS wind (u, v, speed)",spatial blocks,unweighted,4,9,34.075,117.175,Anhui,block fold 3,294,1893.4600,1894.1390,-0.6790
"OLS wind (u, v, speed)",spatial blocks,unweighted,4,10,34.075,117.425,Jiangsu,block fold 3,249,1895.4600,1893.8220,1.6380
"OLS wind (u, v, speed)",spatial blocks,unweighted,4,11,34.075,117.675,Jiangsu,block fold 3,301,1893.2500,1894.0873,-0.8373
"OLS wind (u, v, speed)",spatial blocks,unweighted,4,12,34.075,117.925,Jiangsu,block fold 4,246,1892.2100,1893.0183,-0.8083
"OLS wind (u, v, speed)",spatial blocks,unweighted,4,13,34.075,118.175,Jiangsu,block fold 4,33,1891.2800,1892.3533,-1.0733
"OLS wind (u, v, speed)",spatial blocks,unweighted,4,14,34.075,118.425,Jiangsu,block fold 4,230,1889.5100,1893.2563,-3.7463
"OLS wind (u, v, speed)",spatial blocks,unweighted,4,15,34.075,118.675,Jiangsu,block fold 4,299,1891.0900,1893.3448,-2.2548
"OLS wind (u, v, speed)",spatial blocks,unweighted,4,16,34.075,118.925,Jiangsu,block fold 4,300,1887.7400,1893.9819,-6.2419
"OLS wind (u, v, speed)",spatial blocks,unweighted,4,17,34.075,119.175,Jiangsu,block fold 4,260,1885.9600,1893.3167,-7.3567
"OLS wind (u, v, speed)",spatial blocks,unweighted,4,18,34.075,119.425,Jiangsu,block fold 4,254,1886.8400,1893.5932,-6.7532
"OLS wind (u, v, speed)",spatial blocks,unweighted,4,19,34.075,119.675,Jiangsu,block fold 4,264,1889.3200,1894.5178,-5.1978
"OLS wind (u, v, speed)",spatial blocks,unweighted,4,20,34.075,119.925,Jiangsu,block fold 2,253,1889.0600,1895.0832,-6.0232
"OLS wind (u, v, speed)",spatial blocks,unweighted,4,21,34.075,120.175,Jiangsu,block fold 2,194,1888.8300,1897.3292,-8.4992
"OLS wind (u, v, speed)",spatial blocks,unweighted,4,22,34.075,120.425,Jiangsu,block fold 2,14,1872.2800,1904.6575,-32.3775
"OLS wind (u, v, speed)",spatial blocks,unweighted,4,23,34.075,120.675,Outside,block fold 2,4,1882.1000,1891.2541,-9.1541
"OLS wind (u, v, speed)",spatial blocks,unweighted,4,24,34.075,120.925,Outside,block fold 0,14,1867.5600,1858.0986,9.4614
"OLS wind (u, v, speed)",spatial blocks,unweighted,4,25,34.075,121.175,Outside,block fold 0,21,1859.0900,1848.5509,10.5391
"OLS wind (u, v, speed)",spatial blocks,unweighted,4,26,34.075,121.425,Outside,block fold 0,22,1858.8500,1850.6188,8.2312
"OLS wind (u, v, speed)",spatial blocks,unweighted,4,27,34.075,121.675,Outside,block fold 0,27,1854.8200,1855.8223,-1.0023
"OLS wind (u, v, speed)",spatial blocks,unweighted,4,28,34.075,121.925,Outside,block fold 4,54,1860.4100,1871.1975,-10.7875
"OLS wind (u, v, speed)",spatial blocks,unweighted,4,29,34.075,122.175,Outside,block fold 4,49,1856.5800,1867.6329,-11.0529
"OLS wind (u, v, speed)",spatial blocks,unweighted,4,30,34.075,122.425,Outside,block fold 4,73,1862.8100,1866.8813,-4.0713
"OLS wind (u, v, speed)",spatial blocks,unweighted,5,0,33.825,114.925,Outside,block fold 3,242,1892.7900,1891.9137,0.8763
"OLS wind (u, v, speed)",spatial blocks,unweighted,5,1,33.825,115.175,Outside,block fold 3,357,1893.2000,1891.2880,1.9120
"OLS wind (u, v, speed)",spatial blocks,unweighted,5,2,33.825,115.425,Outside,block fold 3,348,1893.2300,1892.1893,1.0407
"OLS wind (u, v, speed)",spatial blocks,unweighted,5,3,33.825,115.675,Anhui,block fold 3,310,1892.3800,1892.0113,0.3687
"OLS wind (u, v, speed)",spatial blocks,unweighted,5,4,33.825,115.925,Anhui,block fold 0,319,1893.2800,1890.5366,2.7434
"OLS wind (u, v, speed)",spatial blocks,unweighted,5,5,33.825,116.175,Anhui,block fold 0,331,1895.4800,1890.9019,4.5781
"OLS wind (u, v, speed)",spatial blocks,unweighted,5,6,33.825,116.425,Anhui,block fold 0,276,1896.5800,1892.4887,4.0913
"OLS wind (u, v, speed)",spatial blocks,unweighted,5,7,33.825,116.675,Anhui,block fold 0,243,1895.9800,1892.4290,3.5510
"OLS wind (u, v, speed)",spatial blocks,unweighted,5,8,33.825,116.925,Anhui,block fold 3,292,1895.0900,1893.0973,1.9927
"OLS wind (u, v, speed)",spatial blocks,unweighted,5,9,33.825,117.175,Anhui,block fold 3,380,1894.2600,1891.9240,2.3360
"OLS wind (u, v, speed)",spatial blocks,unweighted,5,10,33.825,117.425,Anhui,block fold 3,356,1893.6100,1892.9083,0.7017
"OLS wind (u, v, speed)",spatial blocks,unweighted,5,11,33.825,117.675,Anhui,block fold 3,369,1893.3100,1892.5118,0.7982
"OLS wind (u, v, speed)",spatial blocks,unweighted,5,12,33.825,117.925,Jiangsu,block fold 4,377,1891.8100,1892.3644,-0.5544
"OLS wind (u, v, speed)",spatial blocks,unweighted,5,13,33.825,118.175,Jiangsu,block fold 4,260,1891.3400,1892.4065,-1.0665
"OLS wind (u, v, speed)",spatial blocks,unweighted,5,14,33.825,118.425,Jiangsu,block fold 4,274,1889.9600,1892.7758,-2.8158
"OLS wind (u, v, speed)",spatial blocks,unweighted,5,15,33.825,118.675,Jiangsu,block fold 4,276,1890.4600,1893.9629,-3.5029
"OLS wind (u, v, speed)",spatial blocks,unweighted,5,16,33.825,118.925,Jiangsu,block fold 4,314,1888.0200,1893.8083,-5.7883
"OLS wind (u, v, speed)",spatial blocks,unweighted,5,17,33.825,119.175,Jiangsu,block fold 4,273,1888.1400,1893.3406,-5.2006
"OLS wind (u, v, speed)",spatial blocks,unweighted,5,18,33.825,119.425,Jiangsu,block fold 4,266,1887.4100,1893.8729,-6.4629
"OLS wind (u, v, speed)",spatial blocks,unweighted,5,19,33.825,119.675,Jiangsu,block fold 4,256,1889.5300,1894.6009,-5.0709
"OLS wind (u, v, speed)",spatial blocks,unweighted,5,20,33.825,119.925,Jiangsu,block fold 2,238,1889.4200,1895.7042,-6.2842
"OLS wind (u, v, speed)",spatial blocks,unweighted,5,21,33.825,120.175,Jiangsu,block fold 2,188,1893.9000,1895.1951,-1.2951
"OLS wind (u, v, speed)",spatial blocks,unweighted,5,22,33.825,120.425,Jiangsu,block fold 2,34,1902.1500,1898.3396,3.8104
"OLS wind (u, v, speed)",spatial blocks,unweighted,5,23,33.825,120.675,Outside,block fold 2,1,1864.9800,1862.6309,2.3491
"OLS wind (u, v, speed)",spatial blocks,unweighted,5,24,33.825,120.925,Outside,block fold 0,5,1863.0400,1847.5059,15.5341
"OLS wind (u, v, speed)",spatial blocks,unweighted,5,25,33.825,121.175,Outside,block fold 0,23,1858.5400,1848.3988,10.1412
"OLS wind (u, v, speed)",spatial blocks,unweighted,5,26,33.825,121.425,Outside,block fold 0,23,1860.9700,1853.2185,7.7515
"OLS wind (u, v, speed)",spatial blocks,unweighted,5,27,33.825,121.675,Outside,block fold 0,32,1862.9300,1864.5740,-1.6440
"OLS wind (u, v, speed)",spatial blocks,unweighted,5,28,33.825,121.925,Outside,block fold 4,64,1857.0200,1861.7288,-4.7088
"OLS wind (u, v, speed)",spatial blocks,unweighted,5,29,33.825,122.175,Outside,block fold 4,58,1859.9300,1868.9365,-9.0065
"OLS wind (u, v, speed)",spatial blocks,unweighted,5,30,33.825,122.425,Outside,block fold 4,63,1867.5900,1866.8973,0.6927
"OLS wind (u, v, speed)",spatial blocks,unweighted,6,0,33.575,114.925,Outside,block fold 3,282,1894.1800,1892.0058,2.1742
"OLS wind (u, v, speed)",spatial blocks,unweighted,6,1,33.575,115.175,Outside,block fold 3,319,1894.0700,1891.5571,2.5129
"OLS wind (u, v, speed)",spatial blocks,unweighted,6,2,33.575,115.425,Anhui,block fold 3,348,1892.7900,1891.3607,1.4293
"OLS wind (u, v, speed)",spatial blocks,unweighted,6,3,33.575,115.675,Anhui,block fold 3,335,1892.5800,1891.4886,1.0914
"OLS wind (u, v, speed)",spatial blocks,unweighted,6,4,33.575,115.925,Anhui,block fold 0,341,1895.1900,1890.0747,5.1153
"OLS wind (u, v, speed)",spatial blocks,unweighted,6,5,33.575,116.175,Anhui,block fold 0,295,1893.6900,1891.2921,2.3979
"OLS wind (u, v, speed)",spatial blocks,unweighted,6,6,33.575,116.425,Anhui,block fold 0,313,1897.4700,1891.7555,5.7145
"OLS wind (u, v, speed)",spatial blocks,unweighted,6,7,33.575,116.675,Anhui,block fold 0,304,1899.1000,1893.4963,5.6037
"OLS wind (u, v, speed)",spatial blocks,unweighted,6,8,33.575,116.925,Anhui,block fold 3,334,1897.7200,1893.4619,4.2581
"OLS wind (u, v, speed)",spatial blocks,unweighted,6,9,33.575,117.175,Anhui,block fold 3,237,1900.7200,1892.7736,7.9464
"OLS wind (u, v, speed)",spatial blocks,unweighted,6,10,33.575,117.425,Anhui,block fold 3,394,1894.9600,1891.6879,3.2721
"OLS wind (u, v, speed)",spatial blocks,unweighted,6,11,33.575,117.675,Anhui,block fold 3,385,1893.5200,1892.1725,1.3475
"OLS wind (u, v, speed)",spatial blocks,unweighted,6,12,33.575,117.925,Anhui,block fold 4,358,1894.8600,1892.8887,1.9713
"OLS wind (u, v, speed)",spatial blocks,unweighted,6,13,33.575,118.175,Jiangsu,block fold 4,317,1891.5500,1892.6289,-1.0789
"OLS wind (u, v, speed)",spatial blocks,unweighted,6,14,33.575,118.425,Jiangsu,block fold 4,108,1890.5700,1892.6824,-2.1124
"OLS wind (u, v, speed)",spatial blocks,unweighted,6,15,33.575,118.675,Jiangsu,block fold 4,62,1891.2500,1895.0695,-3.8195
"OLS wind (u, v, speed)",spatial blocks,unweighted,6,16,33.575,118.925,Jiangsu,block fold 4,170,1890.5500,1895.2083,-4.6583
"OLS wind (u, v, speed)",spatial blocks,unweighted,6,17,33.575,119.175,Jiangsu,block fold 4,218,1892.2000,1894.4813,-2.2813
"OLS wind (u, v, speed)",spatial blocks,unweighted,6,18,33.575,119.425,Jiangsu,block fold 4,234,1889.2400,1893.7094,-4.4694
"OLS wind (u, v, speed)",spatial blocks,unweighted,6,19,33.575,119.675,Jiangsu,block fold 4,217,1892.0000,1895.0455,-3.0455
"OLS wind (u, v, speed)",spatial blocks,unweighted,6,20,33.575,119.925,Jiangsu,block fold 2,207,1893.2400,1894.9676,-1.7276
"OLS wind (u, v, speed)",spatial blocks,unweighted,6,21,33.575,120.175,Jiangsu,block fold 2,169,1895.8800,1894.2716,1.6084
"OLS wind (u, v, speed)",spatial blocks,unweighted,6,22,33.575,120.425,Jiangsu,block fold 2,74,1897.4800,1895.5354,1.9446
"OLS wind (u, v, speed)",spatial blocks,unweighted,6,23,33.575,120.675,Jiangsu,block fold 2,8,1895.5300,1881.1091,14.4209
"OLS wind (u, v, speed)",spatial blocks,unweighted,6,24,33.575,120.925,Outside,block fold 0,1,1880.0600,1904.1100,-24.0500
"OLS wind (u, v, speed)",spatial blocks,unweighted,6,25,33.575,121.175,Outside,block fold 0,11,1850.5200,1844.5682,5.9518
"OLS wind (u, v, speed)",spatial blocks,unweighted,6,26,33.575,121.425,Outside,block fold 0,18,1857.6900,1852.8441,4.8459
"OLS wind (u, v, speed)",spatial blocks,unweighted,6,27,33.575,121.675,Outside,block fold 0,32,1855.3000,1854.3791,0.9209
"OLS wind (u, v, speed)",spatial blocks,unweighted,6,28,33.575,121.925,Outside,block fold 4,56,1855.5200,1857.7885,-2.2685
"OLS wind (u, v, speed)",spatial blocks,unweighted,6,29,33.575,122.175,Outside,block fold 4,49,1862.6400,1864.2865,-1.6465
"OLS wind (u, v, speed)",spatial blocks,unweighted,6,30,33.575,122.425,Outside,block fold 4,36,1866.9800,1863.9429,3.0371
"OLS wind (u, v, speed)",spatial blocks,unweighted,7,0,33.325,114.925,Outside,block fold 3,306,1892.1400,1890.8628,1.2772
"OLS wind (u, v, speed)",spatial blocks,unweighted,7,1,33.325,115.175,Anhui,block fold 3,317,1893.7200,1890.4273,3.2927
"OLS wind (u, v, speed)",spatial blocks,unweighted,7,2,33.325,115.425,Anhui,block fold 3,325,1892.8200,1891.2031,1.6169
"OLS wind (u, v, speed)",spatial blocks,unweighted,7,3,33.325,115.675,Anhui,block fold 3,339,1891.7600,1891.0002,0.7598
"OLS wind (u, v, speed)",spatial blocks,unweighted,7,4,33.325,115.925,Anhui,block fold 0,347,1893.9000,1889.6594,4.2406
"OLS wind (u, v, speed)",spatial blocks,unweighted,7,5,33.325,116.175,Anhui,block fold 0,336,1894.6500,1889.4829,5.1671
"OLS wind (u, v, speed)",spatial blocks,unweighted,7,6,33.325,116.425,Anhui,block fold 0,372,1896.7800,1889.8148,6.9652
"OLS wind (u, v, speed)",spatial blocks,unweighted,7,7,33.325,116.675,Anhui,block fold 0,341,1900.0400,1890.9052,9.1348
"OLS wind (u, v, speed)",spatial blocks,unweighted,7,8,33.325,116.925,Anhui,block fold 3,365,1899.2100,1892.2315,6.9785
"OLS wind (u, v, speed)",spatial blocks,unweighted,7,9,33.325,117.175,Anhui,block fold 3,357,1899.0100,1892.0771,6.9329
"OLS wind (u, v, speed)",spatial blocks,unweighted,7,10,33.325,117.425,Anhui,block fold 3,338,1897.8100,1892.3019,5.5081
"OLS wind (u, v, speed)",spatial blocks,unweighted,7,11,33.325,117.675,Anhui,block fold 3,274,1895.0100,1891.9488,3.0612
"OLS wind (u, v, speed)",spatial blocks,unweighted,7,12,33.325,117.925,Anhui,block fold 4,150,1896.4300,1893.0413,3.3887
"OLS wind (u, v, speed)",spatial blocks,unweighted,7,13,33.325,118.175,Jiangsu,block fold 4,135,1892.6300,1892.1024,0.5276
"OLS wind (u, v, speed)",spatial blocks,unweighted,7,14,33.325,118.425,Jiangsu,block fold 4,42,1888.8900,1892.0457,-3.1557
"OLS wind (u, v, speed)",spatial blocks,unweighted,7,16,33.325,118.925,Jiangsu,block fold 4,53,1901.5800,1896.6702,4.9098
"OLS wind (u, v, speed)",spatial blocks,unweighted,7,17,33.325,119.175,Jiangsu,block fold 4,78,1893.0900,1896.5891,-3.4991
"OLS wind (u, v, speed)",spatial blocks,unweighted,7,18,33.325,119.425,Jiangsu,block fold 4,167,1891.1400,1896.7014,-5.5614
"OLS wind (u, v, speed)",spatial blocks,unweighted,7,19,33.325,119.675,Jiangsu,block fold 4,183,1890.8900,1893.9608,-3.0708
"OLS wind (u, v, speed)",spatial blocks,unweighted,7,20,33.325,119.925,Jiangsu,block fold 2,182,1893.3100,1893.8430,-0.5330
"OLS wind (u, v, speed)",spatial blocks,unweighted,7,21,33.325,120.175,Jiangsu,block fold 2,154,1890.3400,1896.5850,-6.2450
"OLS wind (u, v, speed)",spatial blocks,unweighted,7,22,33.325,120.425,Jiangsu,block fold 2,166,1892.8500,1894.8507,-2.0007
"OLS wind (u, v, speed)",spatial blocks,unweighted,7,23,33.325,120.675,Jiangsu,block fold 2,21,1905.1400,1902.3482,2.7918
"OLS wind (u, v, speed)",spatial blocks,unweighted,7,26,33.325,121.425,Outside,block fold 0,9,1856.0400,1851.0746,4.9654
"OLS wind (u, v, speed)",spatial blocks,unweighted,7,27,33.325,121.675,Outside,block fold 0,28,1858.4200,1852.8549,5.5651
"OLS wind (u, v, speed)",spatial blocks,unweighted,7,28,33.325,121.925,Outside,block fold 4,43,1854.5900,1858.3952,-3.8052
"OLS wind (u, v, speed)",spatial blocks,unweighted,7,29,33.325,122.175,Outside,block fold 4,64,1861.1000,1865.9676,-4.8676
"OLS wind (u, v, speed)",spatial blocks,unweighted,7,30,33.325,122.425,Outside,block fold 4,43,1860.1000,1861.5391,-1.4391
"OLS wind (u, v, speed)",spatial blocks,unweighted,8,0,33.075,114.925,Anhui,block fold 2,337,1894.8100,1889.0344,5.7756
"OLS wind (u, v, speed)",spatial blocks,unweighted,8,1,33.075,115.175,Anhui,block fold 2,324,1894.3700,1889.7958,4.5742
"OLS wind (u, v, speed)",spatial blocks,unweighted,8,2,33.075,115.425,Anhui,block fold 2,352,1893.9300,1888.3054,5.6246
"OLS wind (u, v, speed)",spatial blocks,unweighted,8,3,33.075,115.675,Anhui,block fold 2,330,1894.6600,1889.0074,5.6526
"OLS wind (u, v, speed)",spatial blocks,unweighted,8,4,33.075,115.925,Anhui,block fold 2,329,1895.6000,1888.2843,7.3157
"OLS wind (u, v, speed)",spatial blocks,unweighted,8,5,33.075,116.175,Anhui,block fold 2,320,1896.9400,1889.6446,7.2954
"OLS wind (u, v, speed)",spatial blocks,unweighted,8,6,33.075,116.425,Anhui,block fold 2,348,1897.0600,1888.9367,8.1233
"OLS wind (u, v, speed)",spatial blocks,unweighted,8,7,33.075,116.675,Anhui,block fold 2,374,1901.1500,1889.5900,11.5600
"OLS wind (u, v, speed)",spatial blocks,unweighted,8,8,33.075,116.925,Anhui,block fold 4,198,1895.0200,1891.8158,3.2042
"OLS wind (u, v, speed)",spatial blocks,unweighted,8,9,33.075,117.175,Anhui,block fold 4,205,1897.6200,1893.0929,4.5271
"OLS wind (u, v, speed)",spatial blocks,unweighted,8,10,33.075,117.425,Anhui,block fold 4,236,1897.9800,1893.5528,4.4272
"OLS wind (u, v, speed)",spatial blocks,unweighted,8,11,33.075,117.675,Anhui,block fold 4,139,1901.5400,1894.9226,6.6174
"OLS wind (u, v, speed)",spatial blocks,unweighted,8,12,33.075,117.925,Anhui,block fold 3,61,1904.6200,1896.3647,8.2553
"OLS wind (u, v, speed)",spatial blocks,unweighted,8,13,33.075,118.175,Anhui,block fold 3,67,1896.3800,1893.4968,2.8832
"OLS wind (u, v, speed)",spatial blocks,unweighted,8,14,33.075,118.425,Jiangsu,block fold 3,57,1891.6200,1897.2930,-5.6730
"OLS wind (u, v, speed)",spatial blocks,unweighted,8,15,33.075,118.675,Jiangsu,block fold 3,49,1886.2100,1897.3324,-11.1224
"OLS wind (u, v, speed)",spatial blocks,unweighted,8,16,33.075,118.925,Jiangsu,block fold 0,90,1893.2600,1895.9282,-2.6682
"OLS wind (u, v, speed)",spatial blocks,unweighted,8,17,33.075,119.175,Jiangsu,block fold 0,64,1891.4400,1890.7100,0.7300
"OLS wind (u, v, speed)",spatial blocks,unweighted,8,18,33.075,119.425,Jiangsu,block fold 0,116,1890.1100,1894.8192,-4.7092
"OLS wind (u, v, speed)",spatial blocks,unweighted,8,19,33.075,119.675,Jiangsu,block fold 0,152,1889.4700,1894.7427,-5.2727
"OLS wind (u, v, speed)",spatial blocks,unweighted,8,20,33.075,119.925,Jiangsu,block fold 1,139,1892.7700,1896.0390,-3.2690
"OLS wind (u, v, speed)",spatial blocks,unweighted,8,21,33.075,120.175,Jiangsu,block fold 1,209,1891.7200,1894.1140,-2.3940
"OLS wind (u, v, speed)",spatial blocks,unweighted,8,22,33.075,120.425,Jiangsu,block fold 1,190,1889.9700,1895.5920,-5.6220
"OLS wind (u, v, speed)",spatial blocks,unweighted,8,23,33.075,120.675,Jiangsu,block fold 1,99,1890.5800,1897.5794,-6.9994
"OLS wind (u, v, speed)",spatial blocks,unweighted,8,24,33.075,120.925,Jiangsu,block fold 2,5,1913.1200,1900.9283,12.1917
"OLS wind (u, v, speed)",spatial blocks,unweighted,8,26,33.075,121.425,Outside,block fold 2,7,1856.3900,1851.6541,4.7359
"OLS wind (u, v, speed)",spatial blocks,unweighted,8,27,33.075,121.675,Outside,block fold 2,28,1860.2000,1851.8038,8.3962
"OLS wind (u, v, speed)",spatial blocks,unweighted,8,28,33.075,121.925,Outside,block fold 1,42,1858.8200,1852.7627,6.0573
"OLS wind (u, v, speed)",spatial blocks,unweighted,8,29,33.075,122.175,Outside,block fold 1,47,1859.1700,1860.2875,-1.1175
"OLS wind (u, v, speed)",spatial blocks,unweighted,8,30,33.075,122.425,Outside,block fold 1,45,1867.3500,1870.9792,-3.6292
"OLS wind (u, v, speed)",spatial blocks,unweighted,9,0,32.825,114.925,Anhui,block fold 2,285,1893.7400,1888.1368,5.6032
"OLS wind (u, v, speed)",spatial blocks,unweighted,9,1,32.825,115.175,Anhui,block fold 2,332,1894.0600,1887.9279,6.1321
"OLS wind (u, v, speed)",spatial blocks,unweighted,9,2,32.825,115.425,Anhui,block fold 2,347,1893.6600,1888.6230,5.0370
"OLS wind (u, v, speed)",spatial blocks,unweighted,9,3,32.825,115.675,Anhui,block fold 2,321,1895.2300,1888.0369,7.1931
"OLS wind (u, v, speed)",spatial blocks,unweighted,9,4,32.825,115.925,Anhui,block fold 2,345,1895.5400,1888.3403,7.1997
"OLS wind (u, v, speed)",spatial blocks,unweighted,9,5,32.825,116.175,Anhui,block fold 2,224,1896.3100,1889.0521,7.2579
"OLS wind (u, v, speed)",spatial blocks,unweighted,9,6,32.825,116.425,Anhui,block fold 2,177,1902.0700,1888.7490,13.3210
"OLS wind (u, v, speed)",spatial blocks,unweighted,9,7,32.825,116.675,Anhui,block fold 2,167,1903.0500,1891.8044,11.2456
"OLS wind (u, v, speed)",spatial blocks,unweighted,9,8,32.825,116.925,Anhui,block fold 4,188,1901.5000,1893.0070,8.4930
"OLS wind (u, v, speed)",spatial blocks,unweighted,9,9,32.825,117.175,Anhui,block fold 4,145,1901.1600,1896.7839,4.3761
"OLS wind (u, v, speed)",spatial blocks,unweighted,9,10,32.825,117.425,Anhui,block fold 4,243,1894.2600,1893.0008,1.2592
"OLS wind (u, v, speed)",spatial blocks,unweighted,9,11,32.825,117.675,Anhui,block fold 4,223,1894.5400,1894.4281,0.1119
"OLS wind (u, v, speed)",spatial blocks,unweighted,9,12,32.825,117.925,Anhui,block fold 3,142,1893.5800,1893.9353,-0.3553
"OLS wind (u, v, speed)",spatial blocks,unweighted,9,13,32.825,118.175,Anhui,block fold 3,127,1892.0300,1896.8207,-4.7907
"OLS wind (u, v, speed)",spatial blocks,unweighted,9,14,32.825,118.425,Jiangsu,block fold 3,200,1889.3800,1895.7813,-6.4013
"OLS wind (u, v, speed)",spatial blocks,unweighted,9,15,32.825,118.675,Jiangsu,block fold 3,189,1887.7100,1897.4520,-9.7420
"OLS wind (u, v, speed)",spatial blocks,unweighted,9,16,32.825,118.925,Anhui,block fold 0,202,1889.2700,1895.5847,-6.3147
"OLS wind (u, v, speed)",spatial blocks,unweighted,9,17,32.825,119.175,Jiangsu,block fold 0,7,1891.7300,1898.2892,-6.5592
"OLS wind (u, v, speed)",spatial blocks,unweighted,9,18,32.825,119.425,Jiangsu,block fold 0,31,1887.7300,1895.9697,-8.2397
"OLS wind (u, v, speed)",spatial blocks,unweighted,9,19,32.825,119.675,Jiangsu,block fold 0,244,1889.2300,1893.3804,-4.1504
"OLS wind (u, v, speed)",spatial blocks,unweighted,9,20,32.825,119.925,Jiangsu,block fold 1,222,1891.3500,1896.2586,-4.9086
"OLS wind (u, v, speed)",spatial blocks,unweighted,9,21,32.825,120.175,Jiangsu,block fold 1,198,1892.4500,1895.5984,-3.1484
"OLS wind (u, v, speed)",spatial blocks,unweighted,9,22,32.825,120.425,Jiangsu,block fold 1,181,1890.4900,1894.9317,-4.4417
"OLS wind (u, v, speed)",spatial blocks,unweighted,9,23,32.825,120.675,Jiangsu,block fold 1,157,1888.5600,1894.4974,-5.9374
"OLS wind (u, v, speed)",spatial blocks,unweighted,9,24,32.825,120.925,Jiangsu,block fold 2,19,1897.2800,1897.3978,-0.1178
"OLS wind (u, v, speed)",spatial blocks,unweighted,9,26,32.825,121.425,Outside,block fold 2,2,1860.0400,1850.2563,9.7837
"OLS wind (u, v, speed)",spatial blocks,unweighted,9,27,32.825,121.675,Outside,block fold 2,26,1856.0600,1849.1317,6.9283
"OLS wind (u, v, speed)",spatial blocks,unweighted,9,28,32.825,121.925,Outside,block fold 1,40,1855.1800,1851.6691,3.5109
"OLS wind (u, v, speed)",spatial blocks,unweighted,9,29,32.825,122.175,Outside,block fold 1,49,1857.4900,1859.4514,-1.9614
"OLS wind (u, v, speed)",spatial blocks,unweighted,9,30,32.825,122.425,Outside,block fold 1,40,1863.0600,1871.9003,-8.8403
"OLS wind (u, v, speed)",spatial blocks,unweighted,10,0,32.575,114.925,Outside,block fold 2,298,1896.2900,1889.3734,6.9166
"OLS wind (u, v, speed)",spatial blocks,unweighted,10,1,32.575,115.175,Anhui,block fold 2,345,1892.6500,1888.4657,4.1843
"OLS wind (u, v, speed)",spatial blocks,unweighted,10,2,32.575,115.425,Anhui,block fold 2,342,1894.7300,1889.0138,5.7162
"OLS wind (u, v, speed)",spatial blocks,unweighted,10,3,32.575,115.675,Anhui,block fold 2,315,1895.6200,1889.0997,6.5203
"OLS wind (u, v, speed)",spatial blocks,unweighted,10,4,32.575,115.925,Anhui,block fold 2,226,1898.1100,1890.9441,7.1659
"OLS wind (u, v, speed)",spatial blocks,unweighted,10,5,32.575,116.175,Anhui,block fold 2,161,1902.3600,1891.7099,10.6501
"OLS wind (u, v, speed)",spatial blocks,unweighted,10,6,32.575,116.425,Anhui,block fold 2,135,1906.1300,1893.2272,12.9028
"OLS wind (u, v, speed)",spatial blocks,unweighted,10,7,32.575,116.675,Anhui,block fold 2,105,1907.1100,1894.2372,12.8728
"OLS wind (u, v, speed)",spatial blocks,unweighted,10,8,32.575,116.925,Anhui,block fold 4,85,1907.4600,1896.0185,11.4415
"OLS wind (u, v, speed)",spatial blocks,unweighted,10,9,32.575,117.175,Anhui,block fold 4,171,1903.9700,1895.3056,8.6644
"OLS wind (u, v, speed)",spatial blocks,unweighted,10,10,32.575,117.425,Anhui,block fold 4,227,1895.2100,1893.2921,1.9179
"OLS wind (u, v, speed)",spatial blocks,unweighted,10,11,32.575,117.675,Anhui,block fold 4,213,1892.4000,1893.4074,-1.0074
"OLS wind (u, v, speed)",spatial blocks,unweighted,10,12,32.575,117.925,Anhui,block fold 3,245,1891.1200,1893.8471,-2.7271
"OLS wind (u, v, speed)",spatial blocks,unweighted,10,13,32.575,118.175,Anhui,block fold 3,283,1888.0100,1893.6364,-5.6264
"OLS wind (u, v, speed)",spatial blocks,unweighted,10,14,32.575,118.425,Anhui,block fold 3,297,1889.3300,1893.8809,-4.5509
"OLS wind (u, v, speed)",spatial blocks,unweighted,10,15,32.575,118.675,Anhui,block fold 3,244,1886.9000,1893.9446,-7.0446
"OLS wind (u, v, speed)",spatial blocks,unweighted,10,16,32.575,118.925,Anhui,block fold 0,219,1890.9500,1894.7988,-3.8488
"OLS wind (u, v, speed)",spatial blocks,unweighted,10,17,32.575,119.175,Jiangsu,block fold 0,218,1890.5500,1895.3373,-4.7873
"OLS wind (u, v, speed)",spatial blocks,unweighted,10,18,32.575,119.425,Jiangsu,block fold 0,64,1889.0500,1900.1671,-11.1171
"OLS wind (u, v, speed)",spatial blocks,unweighted,10,19,32.575,119.675,Jiangsu,block fold 0,247,1889.7100,1893.1576,-3.4476
"OLS wind (u, v, speed)",spatial blocks,unweighted,10,20,32.575,119.925,Jiangsu,block fold 1,248,1891.4800,1894.9553,-3.4753
"OLS wind (u, v, speed)",spatial blocks,unweighted,10,21,32.575,120.175,Jiangsu,block fold 1,203,1894.5000,1896.1015,-1.6015
"OLS wind (u, v, speed)",spatial blocks,unweighted,10,22,32.575,120.425,Jiangsu,block fold 1,147,1894.2000,1897.8795,-3.6795
"OLS wind (u, v, speed)",spatial blocks,unweighted,10,23,32.575,120.675,Jiangsu,block fold 1,146,1890.3400,1892.6860,-2.3460
"OLS wind (u, v, speed)",spatial blocks,unweighted,10,24,32.575,120.925,Jiangsu,block fold 2,40,1892.7900,1894.3045,-1.5145
"OLS wind (u, v, speed)",spatial blocks,unweighted,10,25,32.575,121.175,Jiangsu,block fold 2,2,1915.9100,1895.9058,20.0042
"OLS wind (u, v, speed)",spatial blocks,unweighted,10,26,32.575,121.425,Outside,block fold 2,3,1854.0100,1845.9384,8.0716
"OLS wind (u, v, speed)",spatial blocks,unweighted,10,27,32.575,121.675,Outside,block fold 2,27,1856.2100,1850.1225,6.0875
"OLS wind (u, v, speed)",spatial blocks,unweighted,10,28,32.575,121.925,Outside,block fold 1,39,1858.1700,1852.6171,5.5529
"OLS wind (u, v, speed)",spatial blocks,unweighted,10,29,32.575,122.175,Outside,block fold 1,47,1854.4100,1852.0215,2.3885
"OLS wind (u, v, speed)",spatial blocks,unweighted,10,30,32.575,122.425,Outside,block fold 1,26,1856.5800,1861.2335,-4.6535
"OLS wind (u, v, speed)",spatial blocks,unweighted,11,0,32.325,114.925,Outside,block fold 2,305,1896.9600,1889.3861,7.5739
"OLS wind (u, v, speed)",spatial blocks,unweighted,11,1,32.325,115.175,Outside,block fold 2,284,1893.5900,1888.8857,4.7043
"OLS wind (u, v, speed)",spatial blocks,unweighted,11,2,32.325,115.425,Anhui,block fold 2,298,1895.4400,1888.7462,6.6938
"OLS wind (u, v, speed)",spatial blocks,unweighted,11,3,32.325,115.675,Anhui,block fold 2,296,1895.1600,1888.6004,6.5596
"OLS wind (u, v, speed)",spatial blocks,unweighted,11,4,32.325,115.925,Anhui,block fold 2,236,1896.6300,1890.5072,6.1228
"OLS wind (u, v, speed)",spatial blocks,unweighted,11,5,32.325,116.175,Anhui,block fold 2,54,1898.5900,1889.8206,8.7694
"OLS wind (u, v, speed)",spatial blocks,unweighted,11,6,32.325,116.425,Anhui,block fold 2,40,1901.2300,1892.7647,8.4653
"OLS wind (u, v, speed)",spatial blocks,unweighted,11,7,32.325,116.675,Anhui,block fold 2,86,1900.2300,1890.8453,9.3847
"OLS wind (u, v, speed)",spatial blocks,unweighted,11,8,32.325,116.925,Anhui,block fold 4,15,1927.2100,1899.1780,28.0320
"OLS wind (u, v, speed)",spatial blocks,unweighted,11,9,32.325,117.175,Anhui,block fold 4,221,1900.0400,1893.8115,6.2285
"OLS wind (u, v, speed)",spatial blocks,unweighted,11,10,32.325,117.425,Anhui,block fold 4,264,1898.8200,1892.8288,5.9912
"OLS wind (u, v, speed)",spatial blocks,unweighted,11,11,32.325,117.675,Anhui,block fold 4,230,1891.9100,1891.6961,0.2139
"OLS wind (u, v, speed)",spatial blocks,unweighted,11,12,32.325,117.925,Anhui,block fold 3,268,1890.0300,1892.0642,-2.0342
"OLS wind (u, v, speed)",spatial blocks,unweighted,11,13,32.325,118.175,Anhui,block fold 3,243,1890.1900,1893.1101,-2.9201
"OLS wind (u, v, speed)",spatial blocks,unweighted,11,14,32.325,118.425,Anhui,block fold 3,187,1893.5500,1893.5227,0.0273
"OLS wind (u, v, speed)",spatial blocks,unweighted,11,15,32.325,118.675,Jiangsu,block fold 3,259,1895.3000,1894.6127,0.6873
"OLS wind (u, v, speed)",spatial blocks,unweighted,11,16,32.325,118.925,Jiangsu,block fold 0,227,1894.0200,1895.1468,-1.1268
"OLS wind (u, v, speed)",spatial blocks,unweighted,11,17,32.325,119.175,Jiangsu,block fold 0,153,1891.8900,1896.7027,-4.8127
"OLS wind (u, v, speed)",spatial blocks,unweighted,11,18,32.325,119.425,Jiangsu,block fold 0,133,1889.6100,1898.8462,-9.2362
"OLS wind (u, v, speed)",spatial blocks,unweighted,11,19,32.325,119.675,Jiangsu,block fold 0,84,1893.2600,1897.0065,-3.7465
"OLS wind (u, v, speed)",spatial blocks,unweighted,11,20,32.325,119.925,Jiangsu,block fold 1,165,1891.6400,1896.1743,-4.5343
"OLS wind (u, v, speed)",spatial blocks,unweighted,11,21,32.325,120.175,Jiangsu,block fold 1,233,1892.2600,1894.9652,-2.7052
"OLS wind (u, v, speed)",spatial blocks,unweighted,11,22,32.325,120.425,Jiangsu,block fold 1,174,1893.7700,1896.8232,-3.0532
"OLS wind (u, v, speed)",spatial blocks,unweighted,11,23,32.325,120.675,Jiangsu,block fold 1,148,1893.1100,1893.8494,-0.7394
"OLS wind (u, v, speed)",spatial blocks,unweighted,11,24,32.325,120.925,Jiangsu,block fold 2,131,1894.7000,1894.4772,0.2228
"OLS wind (u, v, speed)",spatial blocks,unweighted,11,25,32.325,121.175,Jiangsu,block fold 2,87,1894.8000,1894.2702,0.5298
"OLS wind (u, v, speed)",spatial blocks,unweighted,11,26,32.325,121.425,Jiangsu,block fold 2,4,1898.6900,1885.8790,12.8110
"OLS wind (u, v, speed)",spatial blocks,unweighted,11,27,32.325,121.675,Outside,block fold 2,11,1856.3300,1849.5289,6.8011
"OLS wind (u, v, speed)",spatial blocks,unweighted,11,28,32.325,121.925,Outside,block fold 1,34,1856.2100,1852.6353,3.5747
"OLS wind (u, v, speed)",spatial blocks,unweighted,11,29,32.325,122.175,Outside,block fold 1,43,1859.9900,1856.3175,3.6725
"OLS wind (u, v, speed)",spatial blocks,unweighted,11,30,32.325,122.425,Outside,block fold 1,26,1852.7300,1853.5814,-0.8514
"OLS wind (u, v, speed)",spatial blocks,unweighted,12,0,32.075,114.925,Outside,block fold 3,257,1895.0100,1891.1079,3.9021
"OLS wind (u, v, speed)",spatial blocks,unweighted,12,1,32.075,115.175,Outside,block fold 3,303,1895.1100,1890.1868,4.9232
"OLS wind (u, v, speed)",spatial blocks,unweighted,12,2,32.075,115.425,Outside,block fold 3,322,1893.8400,1890.0116,3.8284
"OLS wind (u, v, speed)",spatial blocks,unweighted,12,3,32.075,115.675,Outside,block fold 3,296,1893.1500,1890.2473,2.9027
"OLS wind (u, v, speed)",spatial blocks,unweighted,12,4,32.075,115.925,Anhui,block fold 2,295,1893.1900,1889.7718,3.4182
"OLS wind (u, v, speed)",spatial blocks,unweighted,12,5,32.075,116.175,Anhui,block fold 2,258,1892.5300,1890.3199,2.2101
"OLS wind (u, v, speed)",spatial blocks,unweighted,12,6,32.075,116.425,Anhui,block fold 2,227,1894.0800,1889.9776,4.1024
"OLS wind (u, v, speed)",spatial blocks,unweighted,12,7,32.075,116.675,Anhui,block fold 2,282,1897.8500,1890.6259,7.2241
"OLS wind (u, v, speed)",spatial blocks,unweighted,12,8,32.075,116.925,Anhui,block fold 1,306,1898.0200,1891.4318,6.5882
"OLS wind (u, v, speed)",spatial blocks,unweighted,12,9,32.075,117.175,Anhui,block fold 1,290,1896.5900,1891.5155,5.0745
"OLS wind (u, v, speed)",spatial blocks,unweighted,12,10,32.075,117.425,Anhui,block fold 1,278,1896.4300,1892.0488,4.3812
"OLS wind (u, v, speed)",spatial blocks,unweighted,12,11,32.075,117.675,Anhui,block fold 1,318,1896.5700,1892.6576,3.9124
"OLS wind (u, v, speed)",spatial blocks,unweighted,12,12,32.075,117.925,Anhui,block fold 2,260,1893.7700,1892.9048,0.8652
"OLS wind (u, v, speed)",spatial blocks,unweighted,12,13,32.075,118.175,Anhui,block fold 2,250,1896.2400,1892.8149,3.4251
"OLS wind (u, v, speed)",spatial blocks,unweighted,12,14,32.075,118.425,Anhui,block fold 2,241,1895.2800,1892.6084,2.6716
"OLS wind (u, v, speed)",spatial blocks,unweighted,12,15,32.075,118.675,Jiangsu,block fold 2,133,1895.9400,1895.9207,0.0193
"OLS wind (u, v, speed)",spatial blocks,unweighted,12,16,32.075,118.925,Jiangsu,block fold 2,185,1896.1000,1896.4650,-0.3650
"OLS wind (u, v, speed)",spatial blocks,unweighted,12,17,32.075,119.175,Jiangsu,block fold 2,218,1897.5500,1896.8213,0.7287
"OLS wind (u, v, speed)",spatial blocks,unweighted,12,18,32.075,119.425,Jiangsu,block fold 2,231,1893.0400,1895.4664,-2.4264
"OLS wind (u, v, speed)",spatial blocks,unweighted,12,19,32.075,119.675,Jiangsu,block fold 2,181,1892.9900,1894.0315,-1.0415
"OLS wind (u, v, speed)",spatial blocks,unweighted,12,20,32.075,119.925,Jiangsu,block fold 3,77,1890.3200,1896.4664,-6.1464
"OLS wind (u, v, speed)",spatial blocks,unweighted,12,21,32.075,120.175,Jiangsu,block fold 3,146,1895.2200,1896.3852,-1.1652
"OLS wind (u, v, speed)",spatial blocks,unweighted,12,22,32.075,120.425,Jiangsu,block fold 3,60,1894.7300,1897.0920,-2.3620
"OLS wind (u, v, speed)",spatial blocks,unweighted,12,23,32.075,120.675,Jiangsu,block fold 3,37,1894.6300,1896.0533,-1.4233
"OLS wind (u, v, speed)",spatial blocks,unweighted,12,24,32.075,120.925,Jiangsu,block fold 3,67,1893.0100,1897.5178,-4.5078
"OLS wind (u, v, speed)",spatial blocks,unweighted,12,25,32.075,121.175,Jiangsu,block fold 3,114,1889.4200,1893.3944,-3.9744
"OLS wind (u, v, speed)",spatial blocks,unweighted,12,26,32.075,121.425,Jiangsu,block fold 3,65,1885.5100,1891.1377,-5.6277
"OLS wind (u, v, speed)",spatial blocks,unweighted,12,27,32.075,121.675,Jiangsu,block fold 3,7,1891.2700,1886.8852,4.3848
"OLS wind (u, v, speed)",spatial blocks,unweighted,12,28,32.075,121.925,Jiangsu,block fold 3,20,1855.7000,1846.9303,8.7697
"OLS wind (u, v, speed)",spatial blocks,unweighted,12,29,32.075,122.175,Outside,block fold 3,34,1851.7800,1850.5611,1.2189
"OLS wind (u, v, speed)",spatial blocks,unweighted,12,30,32.075,122.425,Outside,block fold 3,23,1846.5300,1849.2513,-2.7213
"OLS wind (u, v, speed)",spatial blocks,unweighted,13,0,31.825,114.925,Outside,block fold 3,250,1893.5000,1890.7908,2.7092
"OLS wind (u, v, speed)",spatial blocks,unweighted,13,1,31.825,115.175,Outside,block fold 3,282,1890.7300,1890.8516,-0.1216
"OLS wind (u, v, speed)",spatial blocks,unweighted,13,2,31.825,115.425,Anhui,block fold 3,232,1890.6600,1891.5835,-0.9235
"OLS wind (u, v, speed)",spatial blocks,unweighted,13,3,31.825,115.675,Anhui,block fold 3,134,1888.9900,1891.5475,-2.5575
"OLS wind (u, v, speed)",spatial blocks,unweighted,13,4,31.825,115.925,Anhui,block fold 2,226,1891.3500,1891.0806,0.2694
"OLS wind (u, v, speed)",spatial blocks,unweighted,13,5,31.825,116.175,Anhui,block fold 2,312,1889.9000,1890.3946,-0.4946
"OLS wind (u, v, speed)",spatial blocks,unweighted,13,6,31.825,116.425,Anhui,block fold 2,261,1894.7000,1891.4102,3.2898
"OLS wind (u, v, speed)",spatial blocks,unweighted,13,7,31.825,116.675,Anhui,block fold 2,273,1896.6700,1890.8939,5.7761
"OLS wind (u, v, speed)",spatial blocks,unweighted,13,8,31.825,116.925,Anhui,block fold 1,307,1895.0900,1891.7700,3.3200
"OLS wind (u, v, speed)",spatial blocks,unweighted,13,9,31.825,117.175,Anhui,block fold 1,162,1900.4800,1892.6708,7.8092
"OLS wind (u, v, speed)",spatial blocks,unweighted,13,10,31.825,117.425,Anhui,block fold 1,132,1899.1300,1892.8828,6.2472
"OLS wind (u, v, speed)",spatial blocks,unweighted,13,11,31.825,117.675,Anhui,block fold 1,230,1895.9100,1892.8233,3.0867
"OLS wind (u, v, speed)",spatial blocks,unweighted,13,12,31.825,117.925,Anhui,block fold 2,194,1895.3700,1892.9436,2.4264
"OLS wind (u, v, speed)",spatial blocks,unweighted,13,13,31.825,118.175,Anhui,block fold 2,224,1894.8900,1891.4317,3.4583
"OLS wind (u, v, speed)",spatial blocks,unweighted,13,14,31.825,118.425,Anhui,block fold 2,132,1898.0400,1895.2903,2.7497
"OLS wind (u, v, speed)",spatial blocks,unweighted,13,15,31.825,118.675,Jiangsu,block fold 2,167,1896.9300,1894.5489,2.3811
"OLS wind (u, v, speed)",spatial blocks,unweighted,13,16,31.825,118.925,Jiangsu,block fold 2,173,1893.2600,1895.1178,-1.8578
"OLS wind (u, v, speed)",spatial blocks,unweighted,13,17,31.825,119.175,Jiangsu,block fold 2,228,1895.8000,1896.4793,-0.6793
"OLS wind (u, v, speed)",spatial blocks,unweighted,13,18,31.825,119.425,Jiangsu,block fold 2,282,1892.8900,1892.1511,0.7389
"OLS wind (u, v, speed)",spatial blocks,unweighted,13,19,31.825,119.675,Jiangsu,block fold 2,186,1894.4000,1892.7189,1.6811
"OLS wind (u, v, speed)",spatial blocks,unweighted,13,20,31.825,119.925,Jiangsu,block fold 3,66,1895.1700,1896.9587,-1.7887
"OLS wind (u, v, speed)",spatial blocks,unweighted,13,21,31.825,120.175,Jiangsu,block fold 3,122,1894.9000,1898.6288,-3.7288
"OLS wind (u, v, speed)",spatial blocks,unweighted,13,22,31.825,120.425,Jiangsu,block fold 3,121,1893.1700,1897.3185,-4.1485
"OLS wind (u, v, speed)",spatial blocks,unweighted,13,23,31.825,120.675,Jiangsu,block fold 3,97,1892.8100,1897.1913,-4.3813
"OLS wind (u, v, speed)",spatial blocks,unweighted,13,24,31.825,120.925,Jiangsu,block fold 3,10,1889.2300,1893.5022,-4.2722
"OLS wind (u, v, speed)",spatial blocks,unweighted,13,25,31.825,121.175,Jiangsu,block fold 3,16,1889.5800,1893.1687,-3.5887
"OLS wind (u, v, speed)",spatial blocks,unweighted,13,26,31.825,121.425,Jiangsu,block fold 3,19,1886.7400,1891.8043,-5.0643
"OLS wind (u, v, speed)",spatial blocks,unweighted,13,27,31.825,121.675,Jiangsu,block fold 3,39,1886.2300,1888.6540,-2.4240
"OLS wind (u, v, speed)",spatial blocks,unweighted,13,28,31.825,121.925,Jiangsu,block fold 3,6,1859.5500,1859.4599,0.0901
"OLS wind (u, v, speed)",spatial blocks,unweighted,13,29,31.825,122.175,Outside,block fold 3,20,1855.0500,1854.8973,0.1527
"OLS wind (u, v, speed)",spatial blocks,unweighted,13,30,31.825,122.425,Outside,block fold 3,19,1840.5000,1847.6029,-7.1029
"OLS wind (u, v, speed)",spatial blocks,unweighted,14,0,31.575,114.925,Outside,block fold 3,87,1888.8000,1892.8005,-4.0005
"OLS wind (u, v, speed)",spatial blocks,unweighted,14,1,31.575,115.175,Outside,block fold 3,33,1882.1000,1891.5025,-9.4025
"OLS wind (u, v, speed)",spatial blocks,unweighted,14,2,31.575,115.425,Anhui,block fold 3,21,1875.3800,1894.2854,-18.9054
"OLS wind (u, v, speed)",spatial blocks,unweighted,14,3,31.575,115.675,Anhui,block fold 3,54,1876.7300,1891.6550,-14.9250
"OLS wind (u, v, speed)",spatial blocks,unweighted,14,4,31.575,115.925,Anhui,block fold 2,42,1876.3200,1889.1534,-12.8334
"OLS wind (u, v, speed)",spatial blocks,unweighted,14,5,31.575,116.175,Anhui,block fold 2,156,1888.4700,1891.6761,-3.2061
"OLS wind (u, v, speed)",spatial blocks,unweighted,14,6,31.575,116.425,Anhui,block fold 2,267,1891.0200,1891.8000,-0.7800
"OLS wind (u, v, speed)",spatial blocks,unweighted,14,7,31.575,116.675,Anhui,block fold 2,314,1893.9600,1890.7817,3.1783
"OLS wind (u, v, speed)",spatial blocks,unweighted,14,8,31.575,116.925,Anhui,block fold 1,305,1893.8300,1890.9835,2.8465
"OLS wind (u, v, speed)",spatial blocks,unweighted,14,9,31.575,117.175,Anhui,block fold 1,142,1896.6800,1889.6611,7.0189
"OLS wind (u, v, speed)",spatial blocks,unweighted,14,10,31.575,117.425,Anhui,block fold 1,18,1888.3700,1895.1471,-6.7771
"OLS wind (u, v, speed)",spatial blocks,unweighted,14,11,31.575,117.675,Anhui,block fold 1,5,1897.2300,1900.8985,-3.6685
"OLS wind (u, v, speed)",spatial blocks,unweighted,14,12,31.575,117.925,Anhui,block fold 2,126,1893.7800,1891.4703,2.3097
"OLS wind (u, v, speed)",spatial blocks,unweighted,14,13,31.575,118.175,Anhui,block fold 2,223,1894.6100,1890.8930,3.7170
"OLS wind (u, v, speed)",spatial blocks,unweighted,14,14,31.575,118.425,Anhui,block fold 2,115,1895.3700,1893.8667,1.5033
"OLS wind (u, v, speed)",spatial blocks,unweighted,14,15,31.575,118.675,Anhui,block fold 2,202,1893.5300,1889.9074,3.6226
"OLS wind (u, v, speed)",spatial blocks,unweighted,14,16,31.575,118.925,Jiangsu,block fold 2,78,1890.8700,1892.3572,-1.4872
"OLS wind (u, v, speed)",spatial blocks,unweighted,14,17,31.575,119.175,Jiangsu,block fold 2,241,1895.7700,1894.1645,1.6055
"OLS wind (u, v, speed)",spatial blocks,unweighted,14,18,31.575,119.425,Jiangsu,block fold 2,134,1896.7100,1894.3460,2.3640
"OLS wind (u, v, speed)",spatial blocks,unweighted,14,19,31.575,119.675,Jiangsu,block fold 2,42,1893.3700,1895.4014,-2.0314
"OLS wind (u, v, speed)",spatial blocks,unweighted,14,20,31.575,119.925,Jiangsu,block fold 3,32,1907.0900,1898.2497,8.8403
"OLS wind (u, v, speed)",spatial blocks,unweighted,14,21,31.575,120.175,Jiangsu,block fold 3,50,1895.8600,1897.1608,-1.3008
"OLS wind (u, v, speed)",spatial blocks,unweighted,14,22,31.575,120.425,Jiangsu,block fold 3,66,1891.4000,1898.6190,-7.2190
"OLS wind (u, v, speed)",spatial blocks,unweighted,14,23,31.575,120.675,Jiangsu,block fold 3,18,1890.1400,1897.0150,-6.8750
"OLS wind (u, v, speed)",spatial blocks,unweighted,14,24,31.575,120.925,Jiangsu,block fold 3,71,1888.8100,1890.4866,-1.6766
"OLS wind (u, v, speed)",spatial blocks,unweighted,14,25,31.575,121.175,Jiangsu,block fold 3,58,1896.1500,1893.2181,2.9319
"OLS wind (u, v, speed)",spatial blocks,unweighted,14,26,31.575,121.425,Shanghai,block fold 3,9,1894.7900,1892.4125,2.3775
"OLS wind (u, v, speed)",spatial blocks,unweighted,14,27,31.575,121.675,Shanghai,block fold 3,1,1865.5500,1900.9506,-35.4006
"OLS wind (u, v, speed)",spatial blocks,unweighted,14,29,31.575,122.175,Outside,block fold 3,1,1856.6500,1851.9122,4.7378
"OLS wind (u, v, speed)",spatial blocks,unweighted,14,30,31.575,122.425,Outside,block fold 3,10,1844.6300,1843.8733,0.7567
"OLS wind (u, v, speed)",spatial blocks,unweighted,15,0,31.325,114.925,Outside,block fold 3,228,1885.1700,1891.5221,-6.3521
"OLS wind (u, v, speed)",spatial blocks,unweighted,15,1,31.325,115.175,Outside,block fold 3,74,1887.7000,1892.8560,-5.1560
"OLS wind (u, v, speed)",spatial blocks,unweighted,15,3,31.325,115.675,Anhui,block fold 3,1,1914.8500,1896.7278,18.1222
"OLS wind (u, v, speed)",spatial blocks,unweighted,15,5,31.325,116.175,Anhui,block fold 2,27,1888.3200,1891.6022,-3.2822
"OLS wind (u, v, speed)",spatial blocks,unweighted,15,6,31.325,116.425,Anhui,block fold 2,82,1887.0000,1893.5323,-6.5323
"OLS wind (u, v, speed)",spatial blocks,unweighted,15,7,31.325,116.675,Anhui,block fold 2,164,1889.4300,1890.7981,-1.3681
"OLS wind (u, v, speed)",spatial blocks,unweighted,15,8,31.325,116.925,Anhui,block fold 1,203,1890.8200,1889.2383,1.5817
"OLS wind (u, v, speed)",spatial blocks,unweighted,15,9,31.325,117.175,Anhui,block fold 1,233,1891.2900,1889.1194,2.1706
"OLS wind (u, v, speed)",spatial blocks,unweighted,15,10,31.325,117.425,Anhui,block fold 1,209,1891.1700,1889.4356,1.7344
"OLS wind (u, v, speed)",spatial blocks,unweighted,15,11,31.325,117.675,Anhui,block fold 1,220,1894.1400,1890.3352,3.8048
"OLS wind (u, v, speed)",spatial blocks,unweighted,15,12,31.325,117.925,Anhui,block fold 2,201,1895.3900,1889.3963,5.9937
"OLS wind (u, v, speed)",spatial blocks,unweighted,15,13,31.325,118.175,Anhui,block fold 2,128,1895.8000,1889.9628,5.8372
"OLS wind (u, v, speed)",spatial blocks,unweighted,15,14,31.325,118.425,Anhui,block fold 2,159,1897.3500,1891.7363,5.6137
"OLS wind (u, v, speed)",spatial blocks,unweighted,15,15,31.325,118.675,Anhui,block fold 2,247,1893.4000,1889.9059,3.4941
"OLS wind (u, v, speed)",spatial blocks,unweighted,15,16,31.325,118.925,Jiangsu,block fold 2,43,1893.9300,1895.7396,-1.8096
"OLS wind (u, v, speed)",spatial blocks,unweighted,15,17,31.325,119.175,Jiangsu,block fold 2,208,1890.2700,1893.9568,-3.6868
"OLS wind (u, v, speed)",spatial blocks,unweighted,15,18,31.325,119.425,Jiangsu,block fold 2,173,1890.4500,1894.3141,-3.8641
"OLS wind (u, v, speed)",spatial blocks,unweighted,15,19,31.325,119.675,Jiangsu,block fold 2,93,1896.0400,1895.8033,0.2367
"OLS wind (u, v, speed)",spatial blocks,unweighted,15,20,31.325,119.925,Jiangsu,block fold 3,15,1893.6800,1896.1864,-2.5064
"OLS wind (u, v, speed)",spatial blocks,unweighted,15,21,31.325,120.175,Jiangsu,block fold 3,2,1946.6000,1918.1775,28.4225
"OLS wind (u, v, speed)",spatial blocks,unweighted,15,22,31.325,120.425,Jiangsu,block fold 3,14,1902.2700,1897.0414,5.2286
"OLS wind (u, v, speed)",spatial blocks,unweighted,15,23,31.325,120.675,Jiangsu,block fold 3,24,1898.8300,1893.9023,4.9277
"OLS wind (u, v, speed)",spatial blocks,unweighted,15,24,31.325,120.925,Jiangsu,block fold 3,31,1895.5300,1894.2925,1.2375
"OLS wind (u, v, speed)",spatial blocks,unweighted,15,25,31.325,121.175,Shanghai,block fold 3,97,1894.4500,1894.3521,0.0979
"OLS wind (u, v, speed)",spatial blocks,unweighted,15,26,31.325,121.425,Shanghai,block fold 3,49,1897.3600,1893.7235,3.6365
"OLS wind (u, v, speed)",spatial blocks,unweighted,15,27,31.325,121.675,Shanghai,block fold 3,6,1884.5100,1900.6549,-16.1449
"OLS wind (u, v, speed)",spatial blocks,unweighted,15,29,31.325,122.175,Outside,block fold 3,3,1854.1000,1853.4103,0.6897
"OLS wind (u, v, speed)",spatial blocks,unweighted,15,30,31.325,122.425,Outside,block fold 3,8,1844.3500,1850.7515,-6.4015
"OLS wind (u, v, speed)",spatial blocks,unweighted,16,0,31.075,114.925,Outside,block fold 4,170,1891.9000,1892.7802,-0.8802
"OLS wind (u, v, speed)",spatial blocks,unweighted,16,1,31.075,115.175,Outside,block fold 4,21,1887.8400,1893.3807,-5.5407
"OLS wind (u, v, speed)",spatial blocks,unweighted,16,2,31.075,115.425,Anhui,block fold 4,26,1881.6200,1893.3348,-11.7148
"OLS wind (u, v, speed)",spatial blocks,unweighted,16,8,31.075,116.925,Anhui,block fold 1,86,1891.8500,1887.7347,4.1153
"OLS wind (u, v, speed)",spatial blocks,unweighted,16,9,31.075,117.175,Anhui,block fold 1,220,1892.6300,1889.6466,2.9834
"OLS wind (u, v, speed)",spatial blocks,unweighted,16,10,31.075,117.425,Anhui,block fold 1,179,1892.3300,1890.7381,1.5919
"OLS wind (u, v, speed)",spatial blocks,unweighted,16,11,31.075,117.675,Anhui,block fold 1,152,1892.8800,1889.6568,3.2232
"OLS wind (u, v, speed)",spatial blocks,unweighted,16,12,31.075,117.925,Anhui,block fold 1,96,1898.2900,1892.7529,5.5371
"OLS wind (u, v, speed)",spatial blocks,unweighted,16,13,31.075,118.175,Anhui,block fold 1,197,1893.5000,1892.1987,1.3013
"OLS wind (u, v, speed)",spatial blocks,unweighted,16,14,31.075,118.425,Anhui,block fold 1,258,1894.8000,1891.9597,2.8403
"OLS wind (u, v, speed)",spatial blocks,unweighted,16,15,31.075,118.675,Anhui,block fold 1,190,1894.8100,1892.6976,2.1124
"OLS wind (u, v, speed)",spatial blocks,unweighted,16,16,31.075,118.925,Anhui,block fold 4,44,1898.0500,1894.4625,3.5875
"OLS wind (u, v, speed)",spatial blocks,unweighted,16,17,31.075,119.175,Anhui,block fold 4,156,1889.9600,1893.0963,-3.1363
"OLS wind (u, v, speed)",spatial blocks,unweighted,16,18,31.075,119.425,Anhui,block fold 4,181,1890.3900,1892.8745,-2.4845
"OLS wind (u, v, speed)",spatial blocks,unweighted,16,19,31.075,119.675,Zhejiang,block fold 4,40,1903.7000,1893.9898,9.7102
"OLS wind (u, v, speed)",spatial blocks,unweighted,16,20,31.075,119.925,Zhejiang,block fold 1,39,1897.6600,1888.6830,8.9770
"OLS wind (u, v, speed)",spatial blocks,unweighted,16,21,31.075,120.175,Jiangsu,block fold 1,5,1904.8000,1884.9291,19.8709
"OLS wind (u, v, speed)",spatial blocks,unweighted,16,23,31.075,120.675,Jiangsu,block fold 1,24,1906.7500,1907.1030,-0.3530
"OLS wind (u, v, speed)",spatial blocks,unweighted,16,24,31.075,120.925,Jiangsu,block fold 0,25,1899.4100,1898.4228,0.9872
"OLS wind (u, v, speed)",spatial blocks,unweighted,16,25,31.075,121.175,Shanghai,block fold 0,90,1899.4400,1894.8384,4.6016
"OLS wind (u, v, speed)",spatial blocks,unweighted,16,26,31.075,121.425,Shanghai,block fold 0,46,1902.9500,1897.2771,5.6729
"OLS wind (u, v, speed)",spatial blocks,unweighted,16,27,31.075,121.675,Shanghai,block fold 0,62,1901.7800,1897.3514,4.4286
"OLS wind (u, v, speed)",spatial blocks,unweighted,16,28,31.075,121.925,Shanghai,block fold 1,3,1899.6300,1901.9640,-2.3340
"OLS wind (u, v, speed)",spatial blocks,unweighted,16,29,31.075,122.175,Outside,block fold 1,11,1858.6300,1852.0825,6.5475
"OLS wind (u, v, speed)",spatial blocks,unweighted,16,30,31.075,122.425,Outside,block fold 1,12,1849.2700,1850.0553,-0.7853
"OLS wind (u, v, speed)",spatial blocks,unweighted,17,0,30.825,114.925,Outside,block fold 4,176,1888.6400,1892.3634,-3.7234
"OLS wind (u, v, speed)",spatial blocks,unweighted,17,1,30.825,115.175,Outside,block fold 4,100,1890.2900,1890.2323,0.0577
"OLS wind (u, v, speed)",spatial blocks,unweighted,17,2,30.825,115.425,Outside,block fold 4,45,1889.5300,1891.1413,-1.6113
"OLS wind (u, v, speed)",spatial blocks,unweighted,17,3,30.825,115.675,Anhui,block fold 4,35,1890.1300,1892.4326,-2.3026
"OLS wind (u, v, speed)",spatial blocks,unweighted,17,6,30.825,116.425,Anhui,block fold 3,2,1880.1000,1886.8122,-6.7122
"OLS wind (u, v, speed)",spatial blocks,unweighted,17,7,30.825,116.675,Anhui,block fold 3,119,1891.3200,1888.6445,2.6755
"OLS wind (u, v, speed)",spatial blocks,unweighted,17,8,30.825,116.925,Anhui,block fold 1,145,1894.0600,1889.1762,4.8838
"OLS wind (u, v, speed)",spatial blocks,unweighted,17,9,30.825,117.175,Anhui,block fold 1,26,1897.6000,1893.7842,3.8158
"OLS wind (u, v, speed)",spatial blocks,unweighted,17,10,30.825,117.425,Anhui,block fold 1,42,1895.8100,1892.3615,3.4485
"OLS wind (u, v, speed)",spatial blocks,unweighted,17,11,30.825,117.675,Anhui,block fold 1,65,1898.3200,1892.9531,5.3669
"OLS wind (u, v, speed)",spatial blocks,unweighted,17,12,30.825,117.925,Anhui,block fold 1,118,1894.6400,1892.5543,2.0857
"OLS wind (u, v, speed)",spatial blocks,unweighted,17,13,30.825,118.175,Anhui,block fold 1,169,1893.8500,1891.7483,2.1017
"OLS wind (u, v, speed)",spatial blocks,unweighted,17,14,30.825,118.425,Anhui,block fold 1,189,1898.1600,1892.3517,5.8083
"OLS wind (u, v, speed)",spatial blocks,unweighted,17,15,30.825,118.675,Anhui,block fold 1,151,1895.9400,1891.9939,3.9461
"OLS wind (u, v, speed)",spatial blocks,unweighted,17,16,30.825,118.925,Anhui,block fold 4,150,1889.3000,1892.5649,-3.2649
"OLS wind (u, v, speed)",spatial blocks,unweighted,17,17,30.825,119.175,Anhui,block fold 4,135,1889.1000,1894.0031,-4.9031
"OLS wind (u, v, speed)",spatial blocks,unweighted,17,18,30.825,119.425,Anhui,block fold 4,90,1893.1500,1895.7544,-2.6044
"OLS wind (u, v, speed)",spatial blocks,unweighted,17,19,30.825,119.675,Zhejiang,block fold 4,153,1894.0300,1896.3365,-2.3065
"OLS wind (u, v, speed)",spatial blocks,unweighted,17,20,30.825,119.925,Zhejiang,block fold 1,100,1899.0200,1894.5798,4.4402
"OLS wind (u, v, speed)",spatial blocks,unweighted,17,21,30.825,120.175,Zhejiang,block fold 1,92,1899.3200,1897.0109,2.3091
"OLS wind (u, v, speed)",spatial blocks,unweighted,17,22,30.825,120.425,Zhejiang,block fold 1,103,1901.7100,1901.2512,0.4588
"OLS wind (u, v, speed)",spatial blocks,unweighted,17,23,30.825,120.675,Zhejiang,block fold 1,110,1899.1400,1901.0361,-1.8961
"OLS wind (u, v, speed)",spatial blocks,unweighted,17,24,30.825,120.925,Zhejiang,block fold 0,111,1901.2300,1897.4915,3.7385
"OLS wind (u, v, speed)",spatial blocks,unweighted,17,25,30.825,121.175,Shanghai,block fold 0,117,1897.1200,1892.4805,4.6395
"OLS wind (u, v, speed)",spatial blocks,unweighted,17,26,30.825,121.425,Shanghai,block fold 0,34,1899.0700,1893.1509,5.9191
"OLS wind (u, v, speed)",spatial blocks,unweighted,17,27,30.825,121.675,Shanghai,block fold 0,10,1892.5800,1887.6093,4.9707
"OLS wind (u, v, speed)",spatial blocks,unweighted,17,29,30.825,122.175,Outside,block fold 1,4,1859.4200,1851.7277,7.6923
"OLS wind (u, v, speed)",spatial blocks,unweighted,17,30,30.825,122.425,Zhejiang,block fold 1,6,1858.6200,1852.5029,6.1171
"OLS wind (u, v, speed)",spatial blocks,unweighted,18,0,30.575,114.925,Outside,block fold 4,89,1894.9300,1891.5189,3.4111
"OLS wind (u, v, speed)",spatial blocks,unweighted,18,1,30.575,115.175,Outside,block fold 4,196,1889.9700,1891.2704,-1.3004
"OLS wind (u, v, speed)",spatial blocks,unweighted,18,2,30.575,115.425,Outside,block fold 4,147,1888.0000,1891.4401,-3.4401
"OLS wind (u, v, speed)",spatial blocks,unweighted,18,3,30.575,115.675,Anhui,block fold 4,32,1886.4900,1892.0191,-5.5291
"OLS wind (u, v, speed)",spatial blocks,unweighted,18,4,30.575,115.925,Anhui,block fold 3,4,1871.5800,1882.5405,-10.9605
"OLS wind (u, v, speed)",spatial blocks,unweighted,18,5,30.575,116.175,Anhui,block fold 3,8,1865.1200,1890.2764,-25.1564
"OLS wind (u, v, speed)",spatial blocks,unweighted,18,6,30.575,116.425,Anhui,block fold 3,124,1895.4800,1888.2510,7.2290
"OLS wind (u, v, speed)",spatial blocks,unweighted,18,7,30.575,116.675,Anhui,block fold 3,262,1891.9400,1889.7369,2.2031
"OLS wind (u, v, speed)",spatial blocks,unweighted,18,8,30.575,116.925,Anhui,block fold 1,131,1893.8800,1891.3891,2.4909
"OLS wind (u, v, speed)",spatial blocks,unweighted,18,9,30.575,117.175,Anhui,block fold 1,9,1891.4900,1893.5039,-2.0139
"OLS wind (u, v, speed)",spatial blocks,unweighted,18,10,30.575,117.425,Anhui,block fold 1,77,1907.6900,1893.1452,14.5448
"OLS wind (u, v, speed)",spatial blocks,unweighted,18,11,30.575,117.675,Anhui,block fold 1,49,1906.7800,1892.7507,14.0293
"OLS wind (u, v, speed)",spatial blocks,unweighted,18,12,30.575,117.925,Anhui,block fold 1,52,1895.6400,1893.1451,2.4949
"OLS wind (u, v, speed)",spatial blocks,unweighted,18,13,30.575,118.175,Anhui,block fold 1,31,1887.0700,1892.7064,-5.6364
"OLS wind (u, v, speed)",spatial blocks,unweighted,18,14,30.575,118.425,Anhui,block fold 1,38,1892.1800,1893.2088,-1.0288
"OLS wind (u, v, speed)",spatial blocks,unweighted,18,15,30.575,118.675,Anhui,block fold 1,7,1883.9200,1888.0542,-4.1342
"OLS wind (u, v, speed)",spatial blocks,unweighted,18,16,30.575,118.925,Anhui,block fold 4,97,1888.0700,1892.7219,-4.6519
"OLS wind (u, v, speed)",spatial blocks,unweighted,18,17,30.575,119.175,Anhui,block fold 4,61,1883.0000,1893.4419,-10.4419
"OLS wind (u, v, speed)",spatial blocks,unweighted,18,18,30.575,119.425,Zhejiang,block fold 4,39,1885.5600,1894.2630,-8.7030
"OLS wind (u, v, speed)",spatial blocks,unweighted,18,19,30.575,119.675,Zhejiang,block fold 4,57,1885.8500,1896.7680,-10.9180
"OLS wind (u, v, speed)",spatial blocks,unweighted,18,20,30.575,119.925,Zhejiang,block fold 1,57,1895.7600,1894.6700,1.0900
"OLS wind (u, v, speed)",spatial blocks,unweighted,18,21,30.575,120.175,Zhejiang,block fold 1,107,1896.3500,1895.2655,1.0845
"OLS wind (u, v, speed)",spatial blocks,unweighted,18,22,30.575,120.425,Zhejiang,block fold 1,119,1900.6100,1897.2115,3.3985
"OLS wind (u, v, speed)",spatial blocks,unweighted,18,23,30.575,120.675,Zhejiang,block fold 1,102,1906.1400,1900.2745,5.8655
"OLS wind (u, v, speed)",spatial blocks,unweighted,18,24,30.575,120.925,Zhejiang,block fold 0,60,1899.3800,1897.2524,2.1276
"OLS wind (u, v, speed)",spatial blocks,unweighted,18,25,30.575,121.175,Zhejiang,block fold 0,2,1911.7500,1894.0047,17.7453
"OLS wind (u, v, speed)",spatial blocks,unweighted,18,26,30.575,121.425,Shanghai,block fold 0,10,1868.2900,1859.8337,8.4563
"OLS wind (u, v, speed)",spatial blocks,unweighted,18,27,30.575,121.675,Outside,block fold 0,5,1914.1400,1890.3137,23.8263
"OLS wind (u, v, speed)",spatial blocks,unweighted,18,28,30.575,121.925,Outside,block fold 1,3,1886.5900,1893.0078,-6.4178
"OLS wind (u, v, speed)",spatial blocks,unweighted,18,29,30.575,122.175,Zhejiang,block fold 1,1,1944.9100,1910.3501,34.5599
"OLS wind (u, v, speed)",spatial blocks,unweighted,18,30,30.575,122.425,Zhejiang,block fold 1,1,1853.8100,1852.3969,1.4131
"OLS wind (u, v, speed)",spatial blocks,unweighted,19,0,30.325,114.925,Outside,block fold 4,38,1900.5900,1893.9951,6.5949
"OLS wind (u, v, speed)",spatial blocks,unweighted,19,1,30.325,115.175,Outside,block fold 4,77,1892.4000,1892.3021,0.0979
"OLS wind (u, v, speed)",spatial blocks,unweighted,19,2,30.325,115.425,Outside,block fold 4,172,1892.0200,1891.7431,0.2769
"OLS wind (u, v, speed)",spatial blocks,unweighted,19,3,30.325,115.675,Outside,block fold 4,67,1887.4200,1891.2425,-3.8225
"OLS wind (u, v, speed)",spatial blocks,unweighted,19,4,30.325,115.925,Anhui,block fold 3,18,1892.6100,1887.9039,4.7061
"OLS wind (u, v, speed)",spatial blocks,unweighted,19,5,30.325,116.175,Anhui,block fold 3,136,1894.2700,1887.9883,6.2817
"OLS wind (u, v, speed)",spatial blocks,unweighted,19,6,30.325,116.425,Anhui,block fold 3,162,1895.3500,1888.8721,6.4779
"OLS wind (u, v, speed)",spatial blocks,unweighted,19,7,30.325,116.675,Anhui,block fold 3,65,1896.2400,1890.8271,5.4129
"OLS wind (u, v, speed)",spatial blocks,unweighted,19,8,30.325,116.925,Anhui,block fold 1,42,1903.0800,1893.1982,9.8818
"OLS wind (u, v, speed)",spatial blocks,unweighted,19,9,30.325,117.175,Anhui,block fold 1,78,1899.8900,1894.2435,5.6465
"OLS wind (u, v, speed)",spatial blocks,unweighted,19,10,30.325,117.425,Anhui,block fold 1,14,1897.5100,1893.9217,3.5883
"OLS wind (u, v, speed)",spatial blocks,unweighted,19,11,30.325,117.675,Anhui,block fold 1,5,1887.6000,1891.5122,-3.9122
"OLS wind (u, v, speed)",spatial blocks,unweighted,19,12,30.325,117.925,Anhui,block fold 1,2,1864.8100,1888.6738,-23.8638
"OLS wind (u, v, speed)",spatial blocks,unweighted,19,13,30.325,118.175,Anhui,block fold 1,12,1879.3600,1890.8465,-11.4865
"OLS wind (u, v, speed)",spatial blocks,unweighted,19,14,30.325,118.425,Anhui,block fold 1,9,1884.9500,1890.4981,-5.5481
"OLS wind (u, v, speed)",spatial blocks,unweighted,19,15,30.325,118.675,Anhui,block fold 1,9,1875.5200,1889.8567,-14.3367
"OLS wind (u, v, speed)",spatial blocks,unweighted,19,16,30.325,118.925,Anhui,block fold 4,7,1880.3100,1890.8936,-10.5836
"OLS wind (u, v, speed)",spatial blocks,unweighted,19,17,30.325,119.175,Anhui,block fold 4,9,1874.0200,1890.5035,-16.4835
"OLS wind (u, v, speed)",spatial blocks,unweighted,19,18,30.325,119.425,Zhejiang,block fold 4,33,1884.8000,1889.6708,-4.8708
"OLS wind (u, v, speed)",spatial blocks,unweighted,19,19,30.325,119.675,Zhejiang,block fold 4,48,1894.7300,1891.4901,3.2399
"OLS wind (u, v, speed)",spatial blocks,unweighted,19,20,30.325,119.925,Zhejiang,block fold 1,108,1896.9000,1894.6534,2.2466
"OLS wind (u, v, speed)",spatial blocks,unweighted,19,21,30.325,120.175,Zhejiang,block fold 1,60,1910.2100,1894.8705,15.3395
"OLS wind (u, v, speed)",spatial blocks,unweighted,19,22,30.325,120.425,Zhejiang,block fold 1,17,1907.6400,1895.0604,12.5796
"OLS wind (u, v, speed)",spatial blocks,unweighted,19,23,30.325,120.675,Zhejiang,block fold 1,2,1916.0500,1903.3504,12.6996
"OLS wind (u, v, speed)",spatial blocks,unweighted,19,24,30.325,120.925,Zhejiang,block fold 0,2,1881.7500,1887.7175,-5.9675
"OLS wind (u, v, speed)",spatial blocks,unweighted,19,25,30.325,121.175,Zhejiang,block fold 0,15,1896.8600,1896.0758,0.7842
"OLS wind (u, v, speed)",spatial blocks,unweighted,19,26,30.325,121.425,Zhejiang,block fold 0,6,1900.4000,1898.7577,1.6423
"OLS wind (u, v, speed)",spatial blocks,unweighted,19,27,30.325,121.675,Outside,block fold 0,4,1897.8600,1885.2647,12.5953
"OLS wind (u, v, speed)",spatial blocks,unweighted,19,28,30.325,121.925,Outside,block fold 1,3,1864.0900,1875.3764,-11.2864
"OLS wind (u, v, speed)",spatial blocks,unweighted,19,29,30.325,122.175,Zhejiang,block fold 1,3,1895.4500,1899.7641,-4.3141
"OLS wind (u, v, speed)",spatial blocks,unweighted,20,0,30.075,114.925,Outside,block fold 2,74,1897.8300,1889.8247,8.0053
"OLS wind (u, v, speed)",spatial blocks,unweighted,20,1,30.075,115.175,Outside,block fold 2,3,1905.7000,1893.5348,12.1652
"OLS wind (u, v, speed)",spatial blocks,unweighted,20,2,30.075,115.425,Outside,block fold 2,77,1895.1300,1889.5259,5.6041
"OLS wind (u, v, speed)",spatial blocks,unweighted,20,3,30.075,115.675,Outside,block fold 2,67,1893.3700,1887.8222,5.5478
"OLS wind (u, v, speed)",spatial blocks,unweighted,20,4,30.075,115.925,Anhui,block fold 1,80,1899.7100,1887.7080,12.0020
"OLS wind (u, v, speed)",spatial blocks,unweighted,20,5,30.075,116.175,Anhui,block fold 1,63,1894.9600,1888.0774,6.8826
"OLS wind (u, v, speed)",spatial blocks,unweighted,20,6,30.075,116.425,Anhui,block fold 1,5,1924.2300,1892.0349,32.1951
"OLS wind (u, v, speed)",spatial blocks,unweighted,20,7,30.075,116.675,Anhui,block fold 1,29,1905.1200,1893.9255,11.1945
"OLS wind (u, v, speed)",spatial blocks,unweighted,20,8,30.075,116.925,Anhui,block fold 2,40,1895.9200,1896.1384,-0.2184
"OLS wind (u, v, speed)",spatial blocks,unweighted,20,9,30.075,117.175,Anhui,block fold 2,16,1888.5000,1895.2513,-6.7513
"OLS wind (u, v, speed)",spatial blocks,unweighted,20,10,30.075,117.425,Anhui,block fold 2,1,1875.5700,1889.2666,-13.6966
"OLS wind (u, v, speed)",spatial blocks,unweighted,20,11,30.075,117.675,Anhui,block fold 2,3,1876.2300,1887.2336,-11.0036
"OLS wind (u, v, speed)",spatial blocks,unweighted,20,12,30.075,117.925,Anhui,block fold 4,11,1893.4200,1892.3351,1.0849
"OLS wind (u, v, speed)",spatial blocks,unweighted,20,14,30.075,118.425,Anhui,block fold 4,24,1887.5100,1890.3516,-2.8416
"OLS wind (u, v, speed)",spatial blocks,unweighted,20,15,30.075,118.675,Anhui,block fold 4,9,1887.7100,1892.4187,-4.7087
"OLS wind (u, v, speed)",spatial blocks,unweighted,20,17,30.075,119.175,Zhejiang,block fold 2,18,1886.3100,1886.7783,-0.4683
"OLS wind (u, v, speed)",spatial blocks,unweighted,20,18,30.075,119.425,Zhejiang,block fold 2,17,1892.4800,1890.3541,2.1259
"OLS wind (u, v, speed)",spatial blocks,unweighted,20,19,30.075,119.675,Zhejiang,block fold 2,34,1895.0600,1894.0393,1.0207
"OLS wind (u, v, speed)",spatial blocks,unweighted,20,20,30.075,119.925,Zhejiang,block fold 0,26,1908.5100,1892.7397,15.7703
"OLS wind (u, v, speed)",spatial blocks,unweighted,20,21,30.075,120.175,Zhejiang,block fold 0,34,1903.1400,1893.2834,9.8566
"OLS wind (u, v, speed)",spatial blocks,unweighted,20,22,30.075,120.425,Zhejiang,block fold 0,80,1904.3500,1893.5822,10.7678
"OLS wind (u, v, speed)",spatial blocks,unweighted,20,23,30.075,120.675,Zhejiang,block fold 0,76,1907.0200,1896.5740,10.4460
"OLS wind (u, v, speed)",spatial blocks,unweighted,20,24,30.075,120.925,Zhejiang,block fold 0,66,1904.6100,1897.0530,7.5570
"OLS wind (u, v, speed)",spatial blocks,unweighted,20,25,30.075,121.175,Zhejiang,block fold 0,67,1901.1500,1899.1078,2.0422
"OLS wind (u, v, speed)",spatial blocks,unweighted,20,26,30.075,121.425,Zhejiang,block fold 0,49,1900.0900,1899.8807,0.2093
"OLS wind (u, v, speed)",spatial blocks,unweighted,20,27,30.075,121.675,Zhejiang,block fold 0,3,1912.0500,1899.4619,12.5881
"OLS wind (u, v, speed)",spatial blocks,unweighted,20,30,30.075,122.425,Zhejiang,block fold 0,1,1860.3100,1849.8647,10.4453
"OLS wind (u, v, speed)",spatial blocks,unweighted,21,0,29.825,114.925,Outside,block fold 2,20,1891.5600,1893.5532,-1.9932
"OLS wind (u, v, speed)",spatial blocks,unweighted,21,1,29.825,115.175,Outside,block fold 2,60,1893.1800,1892.3885,0.7915
"OLS wind (u, v, speed)",spatial blocks,unweighted,21,2,29.825,115.425,Outside,block fold 2,10,1895.1600,1894.3792,0.7808
"OLS wind (u, v, speed)",spatial blocks,unweighted,21,3,29.825,115.675,Outside,block fold 2,7,1893.4300,1889.0996,4.3304
"OLS wind (u, v, speed)",spatial blocks,unweighted,21,4,29.825,115.925,Outside,block fold 1,37,1898.1500,1890.5584,7.5916
"OLS wind (u, v, speed)",spatial blocks,unweighted,21,6,29.825,116.425,Anhui,block fold 1,51,1892.4600,1896.9828,-4.5228
"OLS wind (u, v, speed)",spatial blocks,unweighted,21,7,29.825,116.675,Anhui,block fold 1,95,1893.9000,1895.9774,-2.0774
"OLS wind (u, v, speed)",spatial blocks,unweighted,21,8,29.825,116.925,Anhui,block fold 2,70,1887.9700,1893.6614,-5.6914
"OLS wind (u, v, speed)",spatial blocks,unweighted,21,9,29.825,117.175,Anhui,block fold 2,94,1889.9200,1890.4170,-0.4970
"OLS wind (u, v, speed)",spatial blocks,unweighted,21,10,29.825,117.425,Anhui,block fold 2,118,1888.8000,1889.7584,-0.9584
"OLS wind (u, v, speed)",spatial blocks,unweighted,21,11,29.825,117.675,Anhui,block fold 2,79,1892.5900,1889.8129,2.7771
"OLS wind (u, v, speed)",spatial blocks,unweighted,21,12,29.825,117.925,Anhui,block fold 4,106,1886.6500,1890.2428,-3.5928
"OLS wind (u, v, speed)",spatial blocks,unweighted,21,13,29.825,118.175,Anhui,block fold 4,97,1891.0100,1888.9804,2.0296
"OLS wind (u, v, speed)",spatial blocks,unweighted,21,14,29.825,118.425,Anhui,block fold 4,121,1890.2100,1890.1141,0.0959
"OLS wind (u, v, speed)",spatial blocks,unweighted,21,15,29.825,118.675,Anhui,block fold 4,12,1888.7400,1892.0795,-3.3395
"OLS wind (u, v, speed)",spatial blocks,unweighted,21,17,29.825,119.175,Zhejiang,block fold 2,2,1898.6400,1894.6939,3.9461
"OLS wind (u, v, speed)",spatial blocks,unweighted,21,19,29.825,119.675,Zhejiang,block fold 2,11,1895.3000,1891.1568,4.1432
"OLS wind (u, v, speed)",spatial blocks,unweighted,21,21,29.825,120.175,Zhejiang,block fold 0,55,1907.2000,1891.5810,15.6190
"OLS wind (u, v, speed)",spatial blocks,unweighted,21,22,29.825,120.425,Zhejiang,block fold 0,71,1907.9300,1893.7261,14.2039
"OLS wind (u, v, speed)",spatial blocks,unweighted,21,23,29.825,120.675,Zhejiang,block fold 0,11,1909.0000,1898.0442,10.9558
"OLS wind (u, v, speed)",spatial blocks,unweighted,21,24,29.825,120.925,Zhejiang,block fold 0,49,1902.3700,1894.6287,7.7413
"OLS wind (u, v, speed)",spatial blocks,unweighted,21,25,29.825,121.175,Zhejiang,block fold 0,2,1943.6800,1898.1917,45.4883
"OLS wind (u, v, speed)",spatial blocks,unweighted,21,26,29.825,121.425,Zhejiang,block fold 0,76,1897.0400,1896.7767,0.2633
"OLS wind (u, v, speed)",spatial blocks,unweighted,21,27,29.825,121.675,Zhejiang,block fold 0,26,1907.9300,1898.7235,9.2065
"OLS wind (u, v, speed)",spatial blocks,unweighted,21,30,29.825,122.425,Zhejiang,block fold 0,1,1879.6600,1852.5202,27.1398
"OLS wind (u, v, speed)",spatial blocks,unweighted,22,0,29.575,114.925,Outside,block fold 2,21,1891.5200,1894.8515,-3.3315
"OLS wind (u, v, speed)",spatial blocks,unweighted,22,1,29.575,115.175,Outside,block fold 2,7,1882.2100,1894.2442,-12.0342
"OLS wind (u, v, speed)",spatial blocks,unweighted,22,2,29.575,115.425,Outside,block fold 2,3,1891.9900,1893.2640,-1.2740
"OLS wind (u, v, speed)",spatial blocks,unweighted,22,3,29.575,115.675,Outside,block fold 2,84,1899.8100,1893.5267,6.2833
"OLS wind (u, v, speed)",spatial blocks,unweighted,22,4,29.575,115.925,Outside,block fold 1,31,1892.6400,1894.0147,-1.3747
"OLS wind (u, v, speed)",spatial blocks,unweighted,22,5,29.575,116.175,Outside,block fold 1,10,1889.3900,1902.3478,-12.9578
"OLS wind (u, v, speed)",spatial blocks,unweighted,22,6,29.575,116.425,Outside,block fold 1,134,1892.8900,1895.8521,-2.9621
"OLS wind (u, v, speed)",spatial blocks,unweighted,22,7,29.575,116.675,Anhui,block fold 1,203,1893.3900,1894.3578,-0.9678
"OLS wind (u, v, speed)",spatial blocks,unweighted,22,8,29.575,116.925,Anhui,block fold 2,121,1892.3800,1894.4277,-2.0477
"OLS wind (u, v, speed)",spatial blocks,unweighted,22,9,29.575,117.175,Outside,block fold 2,108,1885.9000,1891.8041,-5.9041
"OLS wind (u, v, speed)",spatial blocks,unweighted,22,10,29.575,117.425,Anhui,block fold 2,65,1889.4800,1890.5836,-1.1036
"OLS wind (u, v, speed)",spatial blocks,unweighted,22,13,29.575,118.175,Anhui,block fold 4,54,1891.3700,1890.0750,1.2950
"OLS wind (u, v, speed)",spatial blocks,unweighted,22,14,29.575,118.425,Anhui,block fold 4,13,1883.0100,1891.3611,-8.3511
"OLS wind (u, v, speed)",spatial blocks,unweighted,22,15,29.575,118.675,Zhejiang,block fold 4,10,1898.4900,1889.0679,9.4221
"OLS wind (u, v, speed)",spatial blocks,unweighted,22,18,29.575,119.425,Zhejiang,block fold 2,11,1897.9200,1890.3559,7.5641
"OLS wind (u, v, speed)",spatial blocks,unweighted,22,19,29.575,119.675,Zhejiang,block fold 2,3,1903.3500,1891.1578,12.1922
"OLS wind (u, v, speed)",spatial blocks,unweighted,22,20,29.575,119.925,Zhejiang,block fold 0,23,1899.3200,1892.2994,7.0206
"OLS wind (u, v, speed)",spatial blocks,unweighted,22,21,29.575,120.175,Zhejiang,block fold 0,61,1901.5500,1892.0736,9.4764
"OLS wind (u, v, speed)",spatial blocks,unweighted,22,22,29.575,120.425,Zhejiang,block fold 0,26,1902.7100,1893.6240,9.0860
"OLS wind (u, v, speed)",spatial blocks,unweighted,22,23,29.575,120.675,Zhejiang,block fold 0,37,1904.1800,1894.5361,9.6439
"OLS wind (u, v, speed)",spatial blocks,unweighted,22,24,29.575,120.925,Zhejiang,block fold 0,61,1902.9500,1896.4694,6.4806
"OLS wind (u, v, speed)",spatial blocks,unweighted,22,26,29.575,121.425,Zhejiang,block fold 0,12,1901.2200,1892.7229,8.4971
"OLS wind (u, v, speed)",spatial blocks,unweighted,22,27,29.575,121.675,Zhejiang,block fold 0,1,1862.0700,1898.7855,-36.7155
"OLS wind (u, v, speed)",spatial blocks,unweighted,22,29,29.575,122.175,Zhejiang,block fold 0,1,1844.0100,1856.2186,-12.2086
"OLS wind (u, v, speed)",spatial blocks,unweighted,22,30,29.575,122.425,Outside,block fold 0,32,1852.7400,1858.9893,-6.2493
"OLS wind (u, v, speed)",spatial blocks,unweighted,23,0,29.325,114.925,Outside,block fold 2,37,1884.1000,1890.5522,-6.4522
"OLS wind (u, v, speed)",spatial blocks,unweighted,23,1,29.325,115.175,Outside,block fold 2,13,1890.9700,1893.4629,-2.4929
"OLS wind (u, v, speed)",spatial blocks,unweighted,23,2,29.325,115.425,Outside,block fold 2,41,1891.0300,1893.2330,-2.2030
"OLS wind (u, v, speed)",spatial blocks,unweighted,23,3,29.325,115.675,Outside,block fold 2,165,1897.6200,1892.1717,5.4483
"OLS wind (u, v, speed)",spatial blocks,unweighted,23,4,29.325,115.925,Outside,block fold 1,36,1894.8600,1896.4935,-1.6335
"OLS wind (u, v, speed)",spatial blocks,unweighted,23,5,29.325,116.175,Outside,block fold 1,3,1858.8100,1907.9012,-49.0912
"OLS wind (u, v, speed)",spatial blocks,unweighted,23,6,29.325,116.425,Outside,block fold 1,81,1896.9100,1894.2659,2.6441
"OLS wind (u, v, speed)",spatial blocks,unweighted,23,7,29.325,116.675,Outside,block fold 1,68,1893.0400,1895.6890,-2.6490
"OLS wind (u, v, speed)",spatial blocks,unweighted,23,8,29.325,116.925,Outside,block fold 2,171,1890.6700,1893.4227,-2.7527
"OLS wind (u, v, speed)",spatial blocks,unweighted,23,9,29.325,117.175,Outside,block fold 2,179,1891.4300,1892.1733,-0.7433
"OLS wind (u, v, speed)",spatial blocks,unweighted,23,10,29.325,117.425,Outside,block fold 2,109,1886.5300,1889.7604,-3.2304
"OLS wind (u, v, speed)",spatial blocks,unweighted,23,11,29.325,117.675,Outside,block fold 2,165,1886.3800,1886.4352,-0.0552
"OLS wind (u, v, speed)",spatial blocks,unweighted,23,12,29.325,117.925,Zhejiang,block fold 4,107,1885.6100,1888.7407,-3.1307
"OLS wind (u, v, speed)",spatial blocks,unweighted,23,14,29.325,118.425,Zhejiang,block fold 4,1,1883.3600,1886.3853,-3.0253
"OLS wind (u, v, speed)",spatial blocks,unweighted,23,15,29.325,118.675,Zhejiang,block fold 4,18,1884.0900,1888.0087,-3.9187
"OLS wind (u, v, speed)",spatial blocks,unweighted,23,17,29.325,119.175,Zhejiang,block fold 2,20,1889.3000,1891.4454,-2.1454
"OLS wind (u, v, speed)",spatial blocks,unweighted,23,18,29.325,119.425,Zhejiang,block fold 2,79,1886.7300,1890.7384,-4.0084
"OLS wind (u, v, speed)",spatial blocks,unweighted,23,19,29.325,119.675,Zhejiang,block fold 2,19,1888.0100,1892.7378,-4.7278
"OLS wind (u, v, speed)",spatial blocks,unweighted,23,20,29.325,119.925,Zhejiang,block fold 0,59,1897.5500,1891.0105,6.5395
"OLS wind (u, v, speed)",spatial blocks,unweighted,23,21,29.325,120.175,Zhejiang,block fold 0,44,1898.7800,1893.1140,5.6660
"OLS wind (u, v, speed)",spatial blocks,unweighted,23,22,29.325,120.425,Zhejiang,block fold 0,15,1900.3000,1893.8810,6.4190
"OLS wind (u, v, speed)",spatial blocks,unweighted,23,23,29.325,120.675,Zhejiang,block fold 0,6,1907.3400,1899.5579,7.7821
"OLS wind (u, v, speed)",spatial blocks,unweighted,23,24,29.325,120.925,Zhejiang,block fold 0,9,1889.6600,1898.2039,-8.5439
"OLS wind (u, v, speed)",spatial blocks,unweighted,23,26,29.325,121.425,Zhejiang,block fold 0,7,1907.8300,1893.8663,13.9637
"OLS wind (u, v, speed)",spatial blocks,unweighted,23,27,29.325,121.675,Zhejiang,block fold 0,2,1880.6700,1897.8284,-17.1584
"OLS wind (u, v, speed)",spatial blocks,unweighted,23,29,29.325,122.175,Outside,block fold 0,10,1874.4700,1876.2922,-1.8222
"OLS wind (u, v, speed)",spatial blocks,unweighted,23,30,29.325,122.425,Outside,block fold 0,28,1861.9800,1863.0077,-1.0277
"OLS wind (u, v, speed)",spatial blocks,unweighted,24,0,29.075,114.925,Outside,block fold 0,21,1885.9000,1891.4823,-5.5823
"OLS wind (u, v, speed)",spatial blocks,unweighted,24,2,29.075,115.425,Outside,block fold 0,4,1885.2600,1892.0510,-6.7910
"OLS wind (u, v, speed)",spatial blocks,unweighted,24,3,29.075,115.675,Outside,block fold 0,129,1895.3300,1892.1829,3.1471
"OLS wind (u, v, speed)",spatial blocks,unweighted,24,4,29.075,115.925,Outside,block fold 4,61,1903.4300,1893.2511,10.1789
"OLS wind (u, v, speed)",spatial blocks,unweighted,24,5,29.075,116.175,Outside,block fold 4,15,1916.6200,1893.8593,22.7607
"OLS wind (u, v, speed)",spatial blocks,unweighted,24,7,29.075,116.675,Outside,block fold 4,10,1897.8300,1895.7049,2.1251
"OLS wind (u, v, speed)",spatial blocks,unweighted,24,8,29.075,116.925,Outside,block fold 2,181,1892.6300,1892.1544,0.4756
"OLS wind (u, v, speed)",spatial blocks,unweighted,24,9,29.075,117.175,Outside,block fold 2,175,1892.1800,1889.6987,2.4813
"OLS wind (u, v, speed)",spatial blocks,unweighted,24,10,29.075,117.425,Outside,block fold 2,173,1888.8900,1887.8020,1.0880
"OLS wind (u, v, speed)",spatial blocks,unweighted,24,11,29.075,117.675,Outside,block fold 2,106,1886.2400,1887.5501,-1.3101
"OLS wind (u, v, speed)",spatial blocks,unweighted,24,12,29.075,117.925,Zhejiang,block fold 0,79,1884.6500,1889.0892,-4.4392
"OLS wind (u, v, speed)",spatial blocks,unweighted,24,13,29.075,118.175,Zhejiang,block fold 0,7,1890.5000,1888.9163,1.5837
"OLS wind (u, v, speed)",spatial blocks,unweighted,24,14,29.075,118.425,Zhejiang,block fold 0,40,1885.2200,1887.8932,-2.6732
"OLS wind (u, v, speed)",spatial blocks,unweighted,24,15,29.075,118.675,Zhejiang,block fold 0,50,1887.4800,1886.2782,1.2018
"OLS wind (u, v, speed)",spatial blocks,unweighted,24,16,29.075,118.925,Zhejiang,block fold 1,108,1895.3600,1887.9736,7.3864
"OLS wind (u, v, speed)",spatial blocks,unweighted,24,17,29.075,119.175,Zhejiang,block fold 1,178,1889.1200,1891.1392,-2.0192
"OLS wind (u, v, speed)",spatial blocks,unweighted,24,18,29.075,119.425,Zhejiang,block fold 1,138,1887.2400,1891.9939,-4.7539
"OLS wind (u, v, speed)",spatial blocks,unweighted,24,19,29.075,119.675,Zhejiang,block fold 1,75,1893.3600,1893.8904,-0.5304
"OLS wind (u, v, speed)",spatial blocks,unweighted,24,20,29.075,119.925,Zhejiang,block fold 4,30,1898.2400,1894.1830,4.0570
"OLS wind (u, v, speed)",spatial blocks,unweighted,24,21,29.075,120.175,Zhejiang,block fold 4,42,1895.6800,1894.9605,0.7195
"OLS wind (u, v, speed)",spatial blocks,unweighted,24,22,29.075,120.425,Zhejiang,block fold 4,14,1900.0000,1896.2313,3.7687
"OLS wind (u, v, speed)",spatial blocks,unweighted,24,23,29.075,120.675,Zhejiang,block fold 4,3,1916.9700,1902.1981,14.7719
"OLS wind (u, v, speed)",spatial blocks,unweighted,24,24,29.075,120.925,Zhejiang,block fold 4,10,1897.1200,1897.2400,-0.1200
"OLS wind (u, v, speed)",spatial blocks,unweighted,24,26,29.075,121.425,Zhejiang,block fold 4,1,1861.0300,1891.7892,-30.7592
"OLS wind (u, v, speed)",spatial blocks,unweighted,24,27,29.075,121.675,Zhejiang,block fold 4,2,1844.7800,1896.7279,-51.9479
"OLS wind (u, v, speed)",spatial blocks,unweighted,24,29,29.075,122.175,Outside,block fold 3,24,1882.2700,1878.1807,4.0893
"OLS wind (u, v, speed)",spatial blocks,unweighted,24,30,29.075,122.425,Outside,block fold 3,22,1880.9600,1875.1841,5.7759
"OLS wind (u, v, speed)",spatial blocks,unweighted,25,1,28.825,115.175,Outside,block fold 0,20,1892.4500,1888.2147,4.2353
"OLS wind (u, v, speed)",spatial blocks,unweighted,25,2,28.825,115.425,Outside,block fold 0,168,1897.5400,1891.2114,6.3286
"OLS wind (u, v, speed)",spatial blocks,unweighted,25,3,28.825,115.675,Outside,block fold 0,99,1898.5700,1893.6603,4.9097
"OLS wind (u, v, speed)",spatial blocks,unweighted,25,4,28.825,115.925,Outside,block fold 4,65,1907.7400,1894.2183,13.5217
"OLS wind (u, v, speed)",spatial blocks,unweighted,25,5,28.825,116.175,Outside,block fold 4,45,1903.7500,1893.7821,9.9679
"OLS wind (u, v, speed)",spatial blocks,unweighted,25,6,28.825,116.425,Outside,block fold 4,8,1899.5300,1900.4798,-0.9498
"OLS wind (u, v, speed)",spatial blocks,unweighted,25,7,28.825,116.675,Outside,block fold 4,103,1898.2700,1894.4264,3.8436
"OLS wind (u, v, speed)",spatial blocks,unweighted,25,8,28.825,116.925,Outside,block fold 2,189,1895.4900,1891.8145,3.6755
"OLS wind (u, v, speed)",spatial blocks,unweighted,25,9,28.825,117.175,Outside,block fold 2,148,1892.3800,1890.7286,1.6514
"OLS wind (u, v, speed)",spatial blocks,unweighted,25,10,28.825,117.425,Outside,block fold 2,145,1889.1800,1892.0280,-2.8480
"OLS wind (u, v, speed)",spatial blocks,unweighted,25,11,28.825,117.675,Outside,block fold 2,43,1885.4800,1893.1373,-7.6573
"OLS wind (u, v, speed)",spatial blocks,unweighted,25,13,28.825,118.175,Zhejiang,block fold 0,15,1891.4200,1889.3928,2.0272
"OLS wind (u, v, speed)",spatial blocks,unweighted,25,14,28.825,118.425,Zhejiang,block fold 0,140,1888.0500,1890.5572,-2.5072
"OLS wind (u, v, speed)",spatial blocks,unweighted,25,15,28.825,118.675,Zhejiang,block fold 0,92,1890.7000,1891.3303,-0.6303
"OLS wind (u, v, speed)",spatial blocks,unweighted,25,16,28.825,118.925,Zhejiang,block fold 1,63,1899.9200,1891.5255,8.3945
"OLS wind (u, v, speed)",spatial blocks,unweighted,25,17,28.825,119.175,Zhejiang,block fold 1,6,1896.1900,1894.7537,1.4363
"OLS wind (u, v, speed)",spatial blocks,unweighted,25,19,28.825,119.675,Zhejiang,block fold 1,21,1892.0700,1895.3346,-3.2646
"OLS wind (u, v, speed)",spatial blocks,unweighted,25,20,28.825,119.925,Zhejiang,block fold 4,46,1896.7900,1894.9787,1.8113
"OLS wind (u, v, speed)",spatial blocks,unweighted,25,21,28.825,120.175,Zhejiang,block fold 4,39,1889.1800,1897.4506,-8.2706
"OLS wind (u, v, speed)",spatial blocks,unweighted,25,22,28.825,120.425,Zhejiang,block fold 4,1,1878.3500,1882.2231,-3.8731
"OLS wind (u, v, speed)",spatial blocks,unweighted,25,23,28.825,120.675,Zhejiang,block fold 4,3,1899.3900,1891.9149,7.4751
"OLS wind (u, v, speed)",spatial blocks,unweighted,25,24,28.825,120.925,Zhejiang,block fold 4,14,1889.3200,1893.6915,-4.3715
"OLS wind (u, v, speed)",spatial blocks,unweighted,25,25,28.825,121.175,Zhejiang,block fold 4,11,1900.4800,1897.3977,3.0823
"OLS wind (u, v, speed)",spatial blocks,unweighted,25,26,28.825,121.425,Zhejiang,block fold 4,2,1921.2400,1899.8080,21.4320
"OLS wind (u, v, speed)",spatial blocks,unweighted,25,27,28.825,121.675,Zhejiang,block fold 4,1,1886.4500,1896.1106,-9.6606
"OLS wind (u, v, speed)",spatial blocks,unweighted,25,28,28.825,121.925,Outside,block fold 3,6,1885.2200,1891.6549,-6.4349
"OLS wind (u, v, speed)",spatial blocks,unweighted,25,29,28.825,122.175,Outside,block fold 3,15,1875.5500,1885.1582,-9.6082
"OLS wind (u, v, speed)",spatial blocks,unweighted,25,30,28.825,122.425,Outside,block fold 3,29,1865.5900,1864.7742,0.8158
"OLS wind (u, v, speed)",spatial blocks,unweighted,26,0,28.575,114.925,Outside,block fold 0,62,1886.4700,1887.0611,-0.5911
"OLS wind (u, v, speed)",spatial blocks,unweighted,26,1,28.575,115.175,Outside,block fold 0,94,1894.1000,1890.0523,4.0477
"OLS wind (u, v, speed)",spatial blocks,unweighted,26,2,28.575,115.425,Outside,block fold 0,188,1897.6300,1892.8413,4.7887
"OLS wind (u, v, speed)",spatial blocks,unweighted,26,3,28.575,115.675,Outside,block fold 0,108,1898.1400,1892.7382,5.4018
"OLS wind (u, v, speed)",spatial blocks,unweighted,26,4,28.575,115.925,Outside,block fold 4,23,1897.6600,1894.4948,3.1652
"OLS wind (u, v, speed)",spatial blocks,unweighted,26,5,28.575,116.175,Outside,block fold 4,4,1911.9900,1894.7197,17.2703
"OLS wind (u, v, speed)",spatial blocks,unweighted,26,6,28.575,116.425,Outside,block fold 4,9,1907.1800,1899.5726,7.6074
"OLS wind (u, v, speed)",spatial blocks,unweighted,26,7,28.575,116.675,Outside,block fold 4,97,1899.4100,1895.1720,4.2380
"OLS wind (u, v, speed)",spatial blocks,unweighted,26,8,28.575,116.925,Outside,block fold 2,149,1894.1600,1892.0821,2.0779
"OLS wind (u, v, speed)",spatial blocks,unweighted,26,9,28.575,117.175,Outside,block fold 2,81,1891.0400,1889.6391,1.4009
"OLS wind (u, v, speed)",spatial blocks,unweighted,26,10,28.575,117.425,Outside,block fold 2,94,1889.1000,1889.0905,0.0095
"OLS wind (u, v, speed)",spatial blocks,unweighted,26,11,28.575,117.675,Outside,block fold 2,49,1885.8300,1886.9639,-1.1339
"OLS wind (u, v, speed)",spatial blocks,unweighted,26,12,28.575,117.925,Outside,block fold 0,87,1892.4200,1887.8803,4.5397
"OLS wind (u, v, speed)",spatial blocks,unweighted,26,13,28.575,118.175,Outside,block fold 0,182,1892.8900,1891.7831,1.1069
"OLS wind (u, v, speed)",spatial blocks,unweighted,26,14,28.575,118.425,Zhejiang,block fold 0,197,1891.0100,1894.5613,-3.5513
"OLS wind (u, v, speed)",spatial blocks,unweighted,26,15,28.575,118.675,Zhejiang,block fold 0,39,1889.3600,1895.4296,-6.0696
"OLS wind (u, v, speed)",spatial blocks,unweighted,26,18,28.575,119.425,Zhejiang,block fold 1,2,1882.1700,1884.3408,-2.1708
"OLS wind (u, v, speed)",spatial blocks,unweighted,26,19,28.575,119.675,Zhejiang,block fold 1,2,1907.9700,1893.6091,14.3609
"OLS wind (u, v, speed)",spatial blocks,unweighted,26,20,28.575,119.925,Zhejiang,block fold 4,3,1884.3800,1890.3894,-6.0094
"OLS wind (u, v, speed)",spatial blocks,unweighted,26,21,28.575,120.175,Zhejiang,block fold 4,12,1897.5200,1897.3747,0.1453
"OLS wind (u, v, speed)",spatial blocks,unweighted,26,25,28.575,121.175,Zhejiang,block fold 4,18,1914.8700,1898.7229,16.1471
"OLS wind (u, v, speed)",spatial blocks,unweighted,26,26,28.575,121.425,Zhejiang,block fold 4,29,1900.5700,1897.7922,2.7778
"OLS wind (u, v, speed)",spatial blocks,unweighted,26,28,28.575,121.925,Outside,block fold 3,3,1894.1300,1899.4731,-5.3431
"OLS wind (u, v, speed)",spatial blocks,unweighted,26,29,28.575,122.175,Outside,block fold 3,14,1862.5000,1874.5427,-12.0427
"OLS wind (u, v, speed)",spatial blocks,unweighted,26,30,28.575,122.425,Outside,block fold 3,18,1864.3600,1872.9121,-8.5521
"OLS wind (u, v, speed)",spatial blocks,unweighted,27,0,28.325,114.925,Outside,block fold 0,146,1896.2100,1888.1705,8.0395
"OLS wind (u, v, speed)",spatial blocks,unweighted,27,1,28.325,115.175,Outside,block fold 0,172,1897.0900,1891.1483,5.9417
"OLS wind (u, v, speed)",spatial blocks,unweighted,27,2,28.325,115.425,Outside,block fold 0,132,1902.0100,1893.1252,8.8848
"OLS wind (u, v, speed)",spatial blocks,unweighted,27,3,28.325,115.675,Outside,block fold 0,80,1905.4600,1894.8424,10.6176
"OLS wind (u, v, speed)",spatial blocks,unweighted,27,4,28.325,115.925,Outside,block fold 4,112,1902.3000,1894.3719,7.9281
"OLS wind (u, v, speed)",spatial blocks,unweighted,27,5,28.325,116.175,Outside,block fold 4,82,1901.3000,1894.8878,6.4122
"OLS wind (u, v, speed)",spatial blocks,unweighted,27,6,28.325,116.425,Outside,block fold 4,132,1899.0300,1895.8241,3.2059
"OLS wind (u, v, speed)",spatial blocks,unweighted,27,7,28.325,116.675,Outside,block fold 4,154,1895.7500,1892.8544,2.8956
"OLS wind (u, v, speed)",spatial blocks,unweighted,27,8,28.325,116.925,Outside,block fold 2,163,1892.6200,1891.7463,0.8737
"OLS wind (u, v, speed)",spatial blocks,unweighted,27,9,28.325,117.175,Outside,block fold 2,128,1891.0100,1890.2400,0.7700
"OLS wind (u, v, speed)",spatial blocks,unweighted,27,10,28.325,117.425,Outside,block fold 2,126,1890.6500,1887.9754,2.6746
"OLS wind (u, v, speed)",spatial blocks,unweighted,27,11,28.325,117.675,Outside,block fold 2,125,1894.3300,1889.1223,5.2077
"OLS wind (u, v, speed)",spatial blocks,unweighted,27,12,28.325,117.925,Outside,block fold 0,58,1892.5600,1892.1823,0.3777
"OLS wind (u, v, speed)",spatial blocks,unweighted,27,13,28.325,118.175,Outside,block fold 0,126,1894.5500,1894.9795,-0.4295
"OLS wind (u, v, speed)",spatial blocks,unweighted,27,14,28.325,118.425,Zhejiang,block fold 0,13,1899.5600,1897.3424,2.2176
"OLS wind (u, v, speed)",spatial blocks,unweighted,27,18,28.325,119.425,Zhejiang,block fold 1,2,1891.5600,1895.0915,-3.5315
"OLS wind (u, v, speed)",spatial blocks,unweighted,27,19,28.325,119.675,Zhejiang,block fold 1,9,1889.8200,1894.6396,-4.8196
"OLS wind (u, v, speed)",spatial blocks,unweighted,27,20,28.325,119.925,Zhejiang,block fold 4,14,1886.6000,1894.2847,-7.6847
"OLS wind (u, v, speed)",spatial blocks,unweighted,27,26,28.325,121.425,Zhejiang,block fold 4,15,1907.2100,1898.2195,8.9905
"OLS wind (u, v, speed)",spatial blocks,unweighted,27,28,28.325,121.925,Outside,block fold 3,9,1870.2500,1873.6212,-3.3712
"OLS wind (u, v, speed)",spatial blocks,unweighted,27,29,28.325,122.175,Outside,block fold 3,12,1853.9200,1862.7407,-8.8207
"OLS wind (u, v, speed)",spatial blocks,unweighted,27,30,28.325,122.425,Outside,block fold 3,12,1855.4700,1868.1496,-12.6796
"OLS wind (u, v, speed)",spatial blocks,unweighted,28,0,28.075,114.925,Outside,block fold 4,112,1902.0800,1889.7964,12.2836
"OLS wind (u, v, speed)",spatial blocks,unweighted,28,1,28.075,115.175,Outside,block fold 4,197,1900.4200,1892.1286,8.2914
"OLS wind (u, v, speed)",spatial blocks,unweighted,28,2,28.075,115.425,Outside,block fold 4,134,1906.0100,1892.3952,13.6148
"OLS wind (u, v, speed)",spatial blocks,unweighted,28,3,28.075,115.675,Outside,block fold 4,182,1909.8600,1893.0037,16.8563
"OLS wind (u, v, speed)",spatial blocks,unweighted,28,4,28.075,115.925,Outside,block fold 1,167,1903.8300,1894.7622,9.0678
"OLS wind (u, v, speed)",spatial blocks,unweighted,28,5,28.075,116.175,Outside,block fold 1,148,1903.3800,1895.5127,7.8673
"OLS wind (u, v, speed)",spatial blocks,unweighted,28,6,28.075,116.425,Outside,block fold 1,153,1899.1600,1895.4032,3.7568
"OLS wind (u, v, speed)",spatial blocks,unweighted,28,7,28.075,116.675,Outside,block fold 1,168,1894.9400,1893.9468,0.9932
"OLS wind (u, v, speed)",spatial blocks,unweighted,28,8,28.075,116.925,Outside,block fold 1,147,1892.2500,1894.1092,-1.8592
"OLS wind (u, v, speed)",spatial blocks,unweighted,28,9,28.075,117.175,Outside,block fold 1,71,1893.7600,1893.4602,0.2998
"OLS wind (u, v, speed)",spatial blocks,unweighted,28,10,28.075,117.425,Outside,block fold 1,9,1885.6500,1892.6670,-7.0170
"OLS wind (u, v, speed)",spatial blocks,unweighted,28,11,28.075,117.675,Outside,block fold 1,18,1896.9000,1892.0412,4.8588
"OLS wind (u, v, speed)",spatial blocks,unweighted,28,12,28.075,117.925,Outside,block fold 1,10,1892.0900,1893.3189,-1.2289
"OLS wind (u, v, speed)",spatial blocks,unweighted,28,14,28.075,118.425,Outside,block fold 1,13,1888.0600,1900.2806,-12.2206
"OLS wind (u, v, speed)",spatial blocks,unweighted,28,23,28.075,120.675,Zhejiang,block fold 3,1,1920.5300,1902.3961,18.1339
"OLS wind (u, v, speed)",spatial blocks,unweighted,28,26,28.075,121.425,Zhejiang,block fold 3,6,1868.1300,1889.4430,-21.3130
"OLS wind (u, v, speed)",spatial blocks,unweighted,28,27,28.075,121.675,Outside,block fold 3,27,1871.9000,1889.5389,-17.6389
"OLS wind (u, v, speed)",spatial blocks,unweighted,28,28,28.075,121.925,Outside,block fold 2,26,1870.8700,1885.2057,-14.3357
"OLS wind (u, v, speed)",spatial blocks,unweighted,28,29,28.075,122.175,Outside,block fold 2,12,1853.7900,1861.0520,-7.2620
"OLS wind (u, v, speed)",spatial blocks,unweighted,28,30,28.075,122.425,Outside,block fold 2,8,1881.8800,1895.0887,-13.2087
"OLS wind (u, v, speed)",spatial blocks,unweighted,29,0,27.825,114.925,Outside,block fold 4,145,1903.7600,1891.4806,12.2794
"OLS wind (u, v, speed)",spatial blocks,unweighted,29,1,27.825,115.175,Outside,block fold 4,190,1902.3600,1893.0091,9.3509
"OLS wind (u, v, speed)",spatial blocks,unweighted,29,2,27.825,115.425,Outside,block fold 4,107,1910.0400,1895.6358,14.4042
"OLS wind (u, v, speed)",spatial blocks,unweighted,29,3,27.825,115.675,Outside,block fold 4,31,1899.6500,1893.1629,6.4871
"OLS wind (u, v, speed)",spatial blocks,unweighted,29,4,27.825,115.925,Outside,block fold 1,107,1896.5200,1893.7449,2.7751
"OLS wind (u, v, speed)",spatial blocks,unweighted,29,5,27.825,116.175,Outside,block fold 1,156,1900.3700,1894.5806,5.7894
"OLS wind (u, v, speed)",spatial blocks,unweighted,29,6,27.825,116.425,Outside,block fold 1,132,1897.9900,1896.0698,1.9202
"OLS wind (u, v, speed)",spatial blocks,unweighted,29,7,27.825,116.675,Outside,block fold 1,164,1898.7300,1897.0505,1.6795
"OLS wind (u, v, speed)",spatial blocks,unweighted,29,8,27.825,116.925,Outside,block fold 1,41,1894.3500,1898.4218,-4.0718
"OLS wind (u, v, speed)",spatial blocks,unweighted,29,9,27.825,117.175,Outside,block fold 1,1,1845.7700,1897.1892,-51.4192
"OLS wind (u, v, speed)",spatial blocks,unweighted,29,12,27.825,117.925,Outside,block fold 1,2,1926.7100,1892.5375,34.1725
"OLS wind (u, v, speed)",spatial blocks,unweighted,29,14,27.825,118.425,Outside,block fold 1,5,1894.9600,1894.6204,0.3396
"OLS wind (u, v, speed)",spatial blocks,unweighted,29,15,27.825,118.675,Zhejiang,block fold 1,12,1887.2800,1896.5645,-9.2845
"OLS wind (u, v, speed)",spatial blocks,unweighted,29,20,27.825,119.925,Zhejiang,block fold 3,8,1893.5100,1901.5788,-8.0688
"OLS wind (u, v, speed)",spatial blocks,unweighted,29,22,27.825,120.425,Zhejiang,block fold 3,6,1903.9500,1892.0853,11.8647
"OLS wind (u, v, speed)",spatial blocks,unweighted,29,23,27.825,120.675,Zhejiang,block fold 3,4,1906.8600,1898.3770,8.4830
"OLS wind (u, v, speed)",spatial blocks,unweighted,29,25,27.825,121.175,Zhejiang,block fold 3,4,1860.2200,1886.4752,-26.2552
"OLS wind (u, v, speed)",spatial blocks,unweighted,29,26,27.825,121.425,Outside,block fold 3,28,1860.2500,1880.1179,-19.8679
"OLS wind (u, v, speed)",spatial blocks,unweighted,29,27,27.825,121.675,Outside,block fold 3,33,1869.7800,1881.1072,-11.3272
"OLS wind (u, v, speed)",spatial blocks,unweighted,29,28,27.825,121.925,Outside,block fold 2,19,1872.1300,1871.8166,0.3134
"OLS wind (u, v, speed)",spatial blocks,unweighted,29,29,27.825,122.175,Outside,block fold 2,17,1863.1400,1871.6425,-8.5025
"OLS wind (u, v, speed)",spatial blocks,unweighted,29,30,27.825,122.425,Outside,block fold 2,21,1871.1800,1882.0285,-10.8485
"OLS wind (u, v, speed)",spatial blocks,unweighted,30,0,27.575,114.925,Outside,block fold 4,165,1899.9100,1893.7184,6.1916
"OLS wind (u, v, speed)",spatial blocks,unweighted,30,1,27.575,115.175,Outside,block fold 4,129,1901.7900,1895.0381,6.7519
"OLS wind (u, v, speed)",spatial blocks,unweighted,30,2,27.575,115.425,Outside,block fold 4,105,1902.9000,1895.3202,7.5798
"OLS wind (u, v, speed)",spatial blocks,unweighted,30,3,27.575,115.675,Outside,block fold 4,94,1897.2100,1892.9454,4.2646
"OLS wind (u, v, speed)",spatial blocks,unweighted,30,4,27.575,115.925,Outside,block fold 1,54,1895.2500,1894.0269,1.2231
"OLS wind (u, v, speed)",spatial blocks,unweighted,30,5,27.575,116.175,Outside,block fold 1,102,1897.5100,1897.1507,0.3593
"OLS wind (u, v, speed)",spatial blocks,unweighted,30,6,27.575,116.425,Outside,block fold 1,30,1897.8400,1897.3861,0.4539
"OLS wind (u, v, speed)",spatial blocks,unweighted,30,7,27.575,116.675,Outside,block fold 1,87,1897.7400,1900.9073,-3.1673
"OLS wind (u, v, speed)",spatial blocks,unweighted,30,8,27.575,116.925,Outside,block fold 1,15,1888.4600,1899.5159,-11.0559
"OLS wind (u, v, speed)",spatial blocks,unweighted,30,9,27.575,117.175,Outside,block fold 1,18,1891.1200,1895.6573,-4.5373
"OLS wind (u, v, speed)",spatial blocks,unweighted,30,10,27.575,117.425,Outside,block fold 1,10,1889.6100,1897.0504,-7.4404
"OLS wind (u, v, speed)",spatial blocks,unweighted,30,12,27.575,117.925,Outside,block fold 1,40,1894.8100,1889.9544,4.8556
"OLS wind (u, v, speed)",spatial blocks,unweighted,30,13,27.575,118.175,Outside,block fold 1,24,1892.3900,1893.1980,-0.8080
"OLS wind (u, v, speed)",spatial blocks,unweighted,30,15,27.575,118.675,Outside,block fold 1,20,1889.9100,1895.6854,-5.7754
"OLS wind (u, v, speed)",spatial blocks,unweighted,30,22,27.575,120.425,Zhejiang,block fold 3,23,1894.4900,1893.3159,1.1741
"OLS wind (u, v, speed)",spatial blocks,unweighted,30,23,27.575,120.675,Zhejiang,block fold 3,1,1842.7500,1859.3423,-16.5923
"OLS wind (u, v, speed)",spatial blocks,unweighted,30,24,27.575,120.925,Zhejiang,block fold 3,5,1858.9700,1879.2182,-20.2482
"OLS wind (u, v, speed)",spatial blocks,unweighted,30,25,27.575,121.175,Zhejiang,block fold 3,12,1862.3300,1884.2398,-21.9098
"OLS wind (u, v, speed)",spatial blocks,unweighted,30,26,27.575,121.425,Outside,block fold 3,43,1861.0500,1881.2664,-20.2164
"OLS wind (u, v, speed)",spatial blocks,unweighted,30,27,27.575,121.675,Outside,block fold 3,32,1862.5600,1878.2165,-15.6565
"OLS wind (u, v, speed)",spatial blocks,unweighted,30,28,27.575,121.925,Outside,block fold 2,14,1868.3300,1878.6924,-10.3624
"OLS wind (u, v, speed)",spatial blocks,unweighted,30,29,27.575,122.175,Outside,block fold 2,18,1873.3900,1883.9001,-10.5101
"OLS wind (u, v, speed)",spatial blocks,unweighted,30,30,27.575,122.425,Outside,block fold 2,18,1877.8000,1892.9161,-15.1161
"OLS wind (u, v, speed)",spatial blocks,unweighted,31,0,27.325,114.925,Outside,block fold 4,153,1899.7200,1893.9107,5.8093
"OLS wind (u, v, speed)",spatial blocks,unweighted,31,1,27.325,115.175,Outside,block fold 4,71,1904.7700,1896.3924,8.3776
"OLS wind (u, v, speed)",spatial blocks,unweighted,31,2,27.325,115.425,Outside,block fold 4,164,1896.1200,1893.8957,2.2243
"OLS wind (u, v, speed)",spatial blocks,unweighted,31,3,27.325,115.675,Outside,block fold 4,145,1898.8800,1895.6111,3.2689
"OLS wind (u, v, speed)",spatial blocks,unweighted,31,4,27.325,115.925,Outside,block fold 1,49,1894.4600,1895.8956,-1.4356
"OLS wind (u, v, speed)",spatial blocks,unweighted,31,5,27.325,116.175,Outside,block fold 1,10,1891.0200,1894.1697,-3.1497
"OLS wind (u, v, speed)",spatial blocks,unweighted,31,6,27.325,116.425,Outside,block fold 1,29,1898.1500,1899.5613,-1.4113
"OLS wind (u, v, speed)",spatial blocks,unweighted,31,7,27.325,116.675,Outside,block fold 1,118,1901.4500,1901.3853,0.0647
"OLS wind (u, v, speed)",spatial blocks,unweighted,31,8,27.325,116.925,Outside,block fold 1,89,1886.3400,1897.0432,-10.7032
"OLS wind (u, v, speed)",spatial blocks,unweighted,31,9,27.325,117.175,Outside,block fold 1,8,1886.2500,1892.9137,-6.6637
"OLS wind (u, v, speed)",spatial blocks,unweighted,31,10,27.325,117.425,Outside,block fold 1,26,1902.8100,1892.4715,10.3385
"OLS wind (u, v, speed)",spatial blocks,unweighted,31,11,27.325,117.675,Outside,block fold 1,7,1907.0100,1897.5877,9.4223
"OLS wind (u, v, speed)",spatial blocks,unweighted,31,12,27.325,117.925,Outside,block fold 1,67,1900.9300,1891.1030,9.8270
"OLS wind (u, v, speed)",spatial blocks,unweighted,31,13,27.325,118.175,Outside,block fold 1,82,1897.5000,1893.1964,4.3036
"OLS wind (u, v, speed)",spatial blocks,unweighted,31,14,27.325,118.425,Outside,block fold 1,2,1913.8900,1897.3416,16.5484
"OLS wind (u, v, speed)",spatial blocks,unweighted,31,16,27.325,118.925,Outside,block fold 0,3,1850.8900,1885.3912,-34.5012
"OLS wind (u, v, speed)",spatial blocks,unweighted,31,17,27.325,119.175,Zhejiang,block fold 0,26,1890.6800,1893.3722,-2.6922
"OLS wind (u, v, speed)",spatial blocks,unweighted,31,21,27.325,120.175,Zhejiang,block fold 3,1,1876.7900,1890.4482,-13.6582
"OLS wind (u, v, speed)",spatial blocks,unweighted,31,22,27.325,120.425,Zhejiang,block fold 3,2,1880.8000,1887.0921,-6.2921
"OLS wind (u, v, speed)",spatial blocks,unweighted,31,23,27.325,120.675,Zhejiang,block fold 3,8,1858.8900,1865.4399,-6.5499
"OLS wind (u, v, speed)",spatial blocks,unweighted,31,24,27.325,120.925,Outside,block fold 3,27,1853.0300,1876.2607,-23.2307
"OLS wind (u, v, speed)",spatial blocks,unweighted,31,25,27.325,121.175,Zhejiang,block fold 3,37,1861.4300,1886.0765,-24.6465
"OLS wind (u, v, speed)",spatial blocks,unweighted,31,26,27.325,121.425,Outside,block fold 3,38,1858.6000,1884.1632,-25.5632
"OLS wind (u, v, speed)",spatial blocks,unweighted,31,27,27.325,121.675,Outside,block fold 3,21,1864.1900,1879.4958,-15.3058
"OLS wind (u, v, speed)",spatial blocks,unweighted,31,28,27.325,121.925,Outside,block fold 2,25,1867.2200,1884.0161,-16.7961
"OLS wind (u, v, speed)",spatial blocks,unweighted,31,29,27.325,122.175,Outside,block fold 2,15,1876.3400,1890.9069,-14.5669
"OLS wind (u, v, speed)",spatial blocks,unweighted,31,30,27.325,122.425,Outside,block fold 2,4,1878.0200,1891.2349,-13.2149
"OLS wind (u, v, speed)",spatial blocks,unweighted,32,0,27.075,114.925,Outside,block fold 2,131,1905.6700,1896.3282,9.3418
"OLS wind (u, v, speed)",spatial blocks,unweighted,32,1,27.075,115.175,Outside,block fold 2,49,1903.0100,1897.6550,5.3550
"OLS wind (u, v, speed)",spatial blocks,unweighted,32,2,27.075,115.425,Outside,block fold 2,136,1898.7400,1897.8460,0.8940
"OLS wind (u, v, speed)",spatial blocks,unweighted,32,3,27.075,115.675,Outside,block fold 2,59,1897.8900,1898.6247,-0.7347
"OLS wind (u, v, speed)",spatial blocks,unweighted,32,4,27.075,115.925,Outside,block fold 3,2,1890.9300,1895.3538,-4.4238
"OLS wind (u, v, speed)",spatial blocks,unweighted,32,5,27.075,116.175,Outside,block fold 3,10,1901.4200,1894.2730,7.1470
"OLS wind (u, v, speed)",spatial blocks,unweighted,32,6,27.075,116.425,Outside,block fold 3,67,1896.5900,1895.1737,1.4163
"OLS wind (u, v, speed)",spatial blocks,unweighted,32,7,27.075,116.675,Outside,block fold 3,100,1899.0300,1899.5521,-0.5221
"OLS wind (u, v, speed)",spatial blocks,unweighted,32,8,27.075,116.925,Outside,block fold 4,21,1891.1100,1896.9566,-5.8466
"OLS wind (u, v, speed)",spatial blocks,unweighted,32,9,27.075,117.175,Outside,block fold 4,18,1895.2100,1895.2173,-0.0073
"OLS wind (u, v, speed)",spatial blocks,unweighted,32,10,27.075,117.425,Outside,block fold 4,8,1883.5900,1895.0132,-11.4232
"OLS wind (u, v, speed)",spatial blocks,unweighted,32,11,27.075,117.675,Outside,block fold 4,16,1888.8800,1895.4594,-6.5794
"OLS wind (u, v, speed)",spatial blocks,unweighted,32,12,27.075,117.925,Outside,block fold 4,6,1894.9500,1892.4109,2.5391
"OLS wind (u, v, speed)",spatial blocks,unweighted,32,13,27.075,118.175,Outside,block fold 4,25,1886.9000,1895.1773,-8.2773
"OLS wind (u, v, speed)",spatial blocks,unweighted,32,14,27.075,118.425,Outside,block fold 4,24,1906.2400,1894.1159,12.1241
"OLS wind (u, v, speed)",spatial blocks,unweighted,32,15,27.075,118.675,Outside,block fold 4,7,1883.8900,1892.4561,-8.5661
"OLS wind (u, v, speed)",spatial blocks,unweighted,32,16,27.075,118.925,Outside,block fold 4,6,1867.1800,1887.4551,-20.2751
"OLS wind (u, v, speed)",spatial blocks,unweighted,32,17,27.075,119.175,Outside,block fold 4,3,1890.5800,1896.4495,-5.8695
"OLS wind (u, v, speed)",spatial blocks,unweighted,32,22,27.075,120.425,Zhejiang,block fold 1,7,1859.2900,1878.0483,-18.7583
"OLS wind (u, v, speed)",spatial blocks,unweighted,32,23,27.075,120.675,Outside,block fold 1,19,1875.8200,1872.4458,3.3742
"OLS wind (u, v, speed)",spatial blocks,unweighted,32,24,27.075,120.925,Outside,block fold 1,21,1852.1700,1870.5912,-18.4212
"OLS wind (u, v, speed)",spatial blocks,unweighted,32,25,27.075,121.175,Outside,block fold 1,29,1859.0900,1877.3204,-18.2304
"OLS wind (u, v, speed)",spatial blocks,unweighted,32,26,27.075,121.425,Outside,block fold 1,33,1861.6400,1881.3474,-19.7074
"OLS wind (u, v, speed)",spatial blocks,unweighted,32,27,27.075,121.675,Outside,block fold 1,29,1862.2500,1873.6552,-11.4052
"OLS wind (u, v, speed)",spatial blocks,unweighted,32,28,27.075,121.925,Outside,block fold 3,11,1863.7900,1882.0247,-18.2347
"OLS wind (u, v, speed)",spatial blocks,unweighted,32,29,27.075,122.175,Outside,block fold 3,1,1849.4100,1871.5901,-22.1801
"OLS wind (u, v, speed)",spatial blocks,unweighted,32,30,27.075,122.425,Outside,block fold 3,2,1863.2100,1865.6785,-2.4685
