source,line,section,value,category,rule,evidence,context
notes/draft-introduction.md,9,(none),1,self_evident,structural context,,"here (§1), what has been tried and what each attempt establishes (§2), the gap"
notes/draft-introduction.md,9,(none),2,self_evident,structural context,,"here (§1), what has been tried and what each attempt establishes (§2), the gap"
notes/draft-introduction.md,10,(none),3,self_evident,structural context,,"those attempts leave (§3), and what this paper does (§4). §3 carries the weight,"
notes/draft-introduction.md,10,(none),4,self_evident,structural context,,"those attempts leave (§3), and what this paper does (§4). §3 carries the weight,"
notes/draft-introduction.md,10,(none),3,self_evident,structural context,,"those attempts leave (§3), and what this paper does (§4). §3 carries the weight,"
notes/draft-introduction.md,14,"1. Why methane, and why this region",1,self_evident,structural line,,"## 1. Why methane, and why this region"
notes/draft-introduction.md,20,"1. Why methane, and why this region",30,cited,in a draft's own exemption list,"introduction: inventory spread, at least 30 percent","totals differ by at least 30 percent — about fifteen Tg a⁻¹, roughly one rice"
notes/draft-introduction.md,25,"1. Why methane, and why this region",60,cited,in a draft's own exemption list,introduction: 60 percent of emissions in three regions,"including the Yangtze River Delta, carry about 60 percent of China's emissions on"
notes/draft-introduction.md,26,"1. Why methane, and why this region",30,cited,in a draft's own exemption list,"introduction: inventory spread, at least 30 percent",under 30 percent of its land. An assembled national prior puts the sectoral
notes/draft-introduction.md,27,"1. Why methane, and why this region",21.0,cited,in a draft's own exemption list,"introduction: national prior, coal","shape at coal mining 21.0 Tg a⁻¹, rice paddies 13.7, wastewater 9.5, livestock"
notes/draft-introduction.md,27,"1. Why methane, and why this region",13.7,cited,in a draft's own exemption list,"introduction/discussion: rice prior Tg, and the water-regime ratio","shape at coal mining 21.0 Tg a⁻¹, rice paddies 13.7, wastewater 9.5, livestock"
notes/draft-introduction.md,27,"1. Why methane, and why this region",9.5,cited,in a draft's own exemption list,"introduction: national prior, wastewater","shape at coal mining 21.0 Tg a⁻¹, rice paddies 13.7, wastewater 9.5, livestock"
notes/draft-introduction.md,28,"1. Why methane, and why this region",8.2,cited,in a draft's own exemption list,"introduction: national prior, livestock","8.2, landfills 5.2, wetlands 2.0, and lakes with aquaculture 1.3, against an"
notes/draft-introduction.md,28,"1. Why methane, and why this region",5.2,cited,in a draft's own exemption list,"introduction: national prior, landfills","8.2, landfills 5.2, wetlands 2.0, and lakes with aquaculture 1.3, against an"
notes/draft-introduction.md,28,"1. Why methane, and why this region",2.0,cited,in a draft's own exemption list,"introduction: national prior, wetlands","8.2, landfills 5.2, wetlands 2.0, and lakes with aquaculture 1.3, against an"
notes/draft-introduction.md,28,"1. Why methane, and why this region",1.3,cited,in a draft's own exemption list,"introduction: national prior, lakes and aquaculture","8.2, landfills 5.2, wetlands 2.0, and lakes with aquaculture 1.3, against an"
notes/draft-introduction.md,29,"1. Why methane, and why this region",64,self_evident,study box or lattice shape,,anthropogenic total of 64 Tg a⁻¹ — so **coal is the largest single anthropogenic
notes/draft-introduction.md,36,"1. Why methane, and why this region",26,cited,in a draft's own exemption list,introduction/discussion: 26 percent aquaculture share,"interleaved. The four provinces hold 26 percent of China's aquaculture area,"
notes/draft-introduction.md,44,"1. Why methane, and why this region",53,cited,in a draft's own exemption list,"introduction: posterior uncertainty, lower bound",southern China carry posterior emission uncertainties of 53 to 69 percent for
notes/draft-introduction.md,44,"1. Why methane, and why this region",69,cited,in a draft's own exemption list,"introduction: posterior uncertainty, upper bound",southern China carry posterior emission uncertainties of 53 to 69 percent for
notes/draft-introduction.md,45,"1. Why methane, and why this region",2018,self_evident,year as a date,,that reason. The 2018 record over this lattice is an eight-month record beginning
notes/draft-introduction.md,46,"1. Why methane, and why this region",23.0,measured,inline resolver,dofs.days_median,"30 April, with a median of 23.0<!--#dofs.days_median--> observation days per"
notes/draft-introduction.md,46,"1. Why methane, and why this region",30,cited,in a draft's own exemption list,"introduction: inventory spread, at least 30 percent","30 April, with a median of 23.0<!--#dofs.days_median--> observation days per"
notes/draft-introduction.md,49,2. What has been attempted,2,self_evident,structural line,,## 2. What has been attempted
notes/draft-introduction.md,64,2. What has been attempted,2018,self_evident,year as a date,,inversion of this region in 2018 found agricultural soils to be the dominant
notes/draft-introduction.md,73,2. What has been attempted,0.98,cited,in a draft's own exemption list,introduction: downscaling R squared for CO2,products and reanalysis reached R² 0.98 for column carbon dioxide and **R² 0.63
notes/draft-introduction.md,73,2. What has been attempted,0.63,cited,in a draft's own exemption list,introduction/discussion: downscaling R squared for CH4,products and reanalysis reached R² 0.98 for column carbon dioxide and **R² 0.63
notes/draft-introduction.md,74,2. What has been attempted,13.26,cited,in a draft's own exemption list,introduction/discussion: downscaling RMSE ppb,"with an RMSE of 13.26 ppb for column methane** on the same inputs, described by"
notes/draft-introduction.md,75,2. What has been attempted,13.26,cited,in a draft's own exemption list,introduction/discussion: downscaling RMSE ppb,its authors as moderate accuracy. An RMSE of 13.26 ppb is comparable to this
notes/draft-introduction.md,77,2. What has been attempted,14.86,measured,inline resolver,field.sd_operational,14.86<!--#field.sd_operational--> ppb.
notes/draft-introduction.md,84,3. The gap,3,self_evident,structural line,,## 3. The gap
notes/draft-introduction.md,101,3. The gap,2018,self_evident,year as a date,,"**And the expectation itself is not new, which sharpens what is.** A 2018"
notes/draft-introduction.md,116,3. The gap,4,self_evident,structural context,,"asked. Together they say something stronger, which §4 states."
notes/draft-introduction.md,118,3. The gap,2023,self_evident,year as a date,,This paper extends a 2023 master's thesis that asked whether urban expansion and
notes/draft-introduction.md,123,4. What this paper does,4,self_evident,structural line,,## 4. What this paper does
notes/draft-introduction.md,134,4. What this paper does,3.98,measured,inline resolver,dofs.at_5tg," 3.98<!--#dofs.at_5tg--> to 22.21<!--#dofs.at_12tg-->, and **no cell reaches an"
notes/draft-introduction.md,134,4. What this paper does,22.21,measured,inline resolver,dofs.at_12tg," 3.98<!--#dofs.at_5tg--> to 22.21<!--#dofs.at_12tg-->, and **no cell reaches an"
notes/draft-introduction.md,135,4. What this paper does,0.5,cited,in a draft's own exemption list,introduction/discussion: averaging-kernel sensitivity threshold, averaging-kernel sensitivity above 0.5 at any magnitude tested** — the count is
notes/draft-introduction.md,136,4. What this paper does,0,measured,inline resolver,dofs.cells_above_half, 0<!--#dofs.cells_above_half-->;
notes/draft-introduction.md,148,4. What this paper does,2018,self_evident,year as a date,,limitation was asserted for this instrument in 2018 and the contribution is
notes/draft-introduction.md,154,4. What this paper does,9,measured,inline resolver,tccon.coincident_days,9<!--#tccon.coincident_days--> coincident
notes/draft-introduction.md,163,4. What this paper does,126,measured,inline resolver,curve.specifications,126<!--#curve.specifications--> defensible specifications
notes/draft-introduction.md,164,4. What this paper does,0,measured,inline resolver,curve.positive_and_beats,0<!--#curve.positive_and_beats--> are both positive and beat their own spatial
notes/draft-introduction.md,167,4. What this paper does,7,measured,inline resolver,equiv.impervious_within,7<!--#equiv.impervious_within--> of
notes/draft-introduction.md,168,4. What this paper does,12,measured,inline resolver,equiv.impervious_rows,"12<!--#equiv.impervious_rows-->, so this paper claims no meaningful rice effect"
notes/draft-introduction.md,174,4. What this paper does,1.15,measured,inline resolver,atten.factor_max,"1.15<!--#atten.factor_max-->, and reaching the spatial null's performance would"
notes/draft-introduction.md,175,4. What this paper does,74.5,measured,inline resolver,atten.need_share_bu_pct,require 74.5<!--#atten.need_share_bu_pct--> percent of the predictor's variance
notes/draft-introduction.md,176,4. What this paper does,5.6,measured,inline resolver,atten.need_multiple_bu,"to be error, which is 5.6<!--#atten.need_multiple_bu--> times what the two"
notes/draft-methods.md,18,1. Study area and analysis lattice,1,self_evident,structural line,,## 1. Study area and analysis lattice
notes/draft-methods.md,22,1. Study area and analysis lattice,0.25,self_evident,grid resolution,,was carried out on a regular geographic lattice of 0.25° cells spanning 114.8°
notes/draft-methods.md,22,1. Study area and analysis lattice,114.8,self_evident,study box or lattice shape,,was carried out on a regular geographic lattice of 0.25° cells spanning 114.8°
notes/draft-methods.md,23,1. Study area and analysis lattice,122.55,self_evident,study box or lattice shape,,"to 122.55° east and 26.95° to 35.2° north, giving 31 columns by 33 rows and"
notes/draft-methods.md,23,1. Study area and analysis lattice,26.95,self_evident,study box or lattice shape,,"to 122.55° east and 26.95° to 35.2° north, giving 31 columns by 33 rows and"
notes/draft-methods.md,23,1. Study area and analysis lattice,35.2,self_evident,study box or lattice shape,,"to 122.55° east and 26.95° to 35.2° north, giving 31 columns by 33 rows and"
notes/draft-methods.md,23,1. Study area and analysis lattice,31,self_evident,study box or lattice shape,,"to 122.55° east and 26.95° to 35.2° north, giving 31 columns by 33 rows and"
notes/draft-methods.md,23,1. Study area and analysis lattice,33,self_evident,study box or lattice shape,,"to 122.55° east and 26.95° to 35.2° north, giving 31 columns by 33 rows and"
notes/draft-methods.md,24,1. Study area and analysis lattice,"1,023",measured,inline resolver,composite.total_cells,"1,023<!--#composite.total_cells--> cells in total. At 31.1° north, the centre of"
notes/draft-methods.md,24,1. Study area and analysis lattice,31.1,self_evident,label or pair beside a marked number,,"1,023<!--#composite.total_cells--> cells in total. At 31.1° north, the centre of"
notes/draft-methods.md,25,1. Study area and analysis lattice,24,neither,no resolver and no exemption,,"the domain, one cell measures approximately 24 by 28 km."
notes/draft-methods.md,25,1. Study area and analysis lattice,28,neither,no resolver and no exemption,,"the domain, one cell measures approximately 24 by 28 km."
notes/draft-methods.md,29,1. Study area and analysis lattice,7.75,neither,no resolver and no exemption,,for a 7.75° by 8.25° box at 0.25° the rounding is exact only if the declared
notes/draft-methods.md,29,1. Study area and analysis lattice,8.25,neither,no resolver and no exemption,,for a 7.75° by 8.25° box at 0.25° the rounding is exact only if the declared
notes/draft-methods.md,29,1. Study area and analysis lattice,0.25,self_evident,grid resolution,,for a 7.75° by 8.25° box at 0.25° the rounding is exact only if the declared
notes/draft-methods.md,37,1. Study area and analysis lattice,60,cited,in a draft's own exemption list,introduction: 60 percent of emissions in three regions,Global Carbon Project place approximately 60 % of China's national methane
notes/draft-methods.md,39,1. Study area and analysis lattice,30,cited,in a draft's own exemption list,"introduction: inventory spread, at least 30 percent","China — which together occupy under 30 % of the country's land area, with those"
notes/draft-methods.md,40,1. Study area and analysis lattice,2026,self_evident,year as a date,,"emissions dominated by the energy and agricultural sectors (Zhao et al., 2026)."
notes/draft-methods.md,45,2. Satellite observations of atmospheric methane,2,self_evident,structural line,,## 2. Satellite observations of atmospheric methane
notes/draft-methods.md,47,2.1 Product and stream,2.1,self_evident,structural line,,### 2.1 Product and stream
notes/draft-methods.md,50,2.1 Product and stream,2,neither,no resolver and no exemption,,"Sentinel-5P TROPOMI Level 2 methane product (`L2__CH4___`), reprocessed stream"
notes/draft-methods.md,51,2.1 Product and stream,02.04,self_evident,part of a token,,"(RPRO), processor version 02.04.00. The Level 2 record for this product begins on"
notes/draft-methods.md,51,2.1 Product and stream,2,neither,no resolver and no exemption,,"(RPRO), processor version 02.04.00. The Level 2 record for this product begins on"
notes/draft-methods.md,52,2.1 Product and stream,30,cited,in a draft's own exemption list,"introduction: inventory spread, at least 30 percent","30 April 2018, so the 2018 analysis year is an eight-month year: no granules"
notes/draft-methods.md,52,2.1 Product and stream,2018,self_evident,year as a date,,"30 April 2018, so the 2018 analysis year is an eight-month year: no granules"
notes/draft-methods.md,52,2.1 Product and stream,2018,self_evident,year as a date,,"30 April 2018, so the 2018 analysis year is an eight-month year: no granules"
notes/draft-methods.md,57,2.1 Product and stream,2018,self_evident,year as a date,,"2018 the archive listing returns 6,390 keys for 3,437 distinct orbits; only the"
notes/draft-methods.md,57,2.1 Product and stream,"6,390",neither,no resolver and no exemption,,"2018 the archive listing returns 6,390 keys for 3,437 distinct orbits; only the"
notes/draft-methods.md,57,2.1 Product and stream,"3,437",neither,no resolver and no exemption,,"2018 the archive listing returns 6,390 keys for 3,437 distinct orbits; only the"
notes/draft-methods.md,62,2.2 Granule candidacy,2.2,self_evident,structural line,,### 2.2 Granule candidacy
notes/draft-methods.md,66,2.2 Granule candidacy,13,neither,no resolver and no exemption,,than by footprint. Sentinel-5P is sun-synchronous with a 13:30 local-time
notes/draft-methods.md,66,2.2 Granule candidacy,30,self_evident,part of a token,,than by footprint. Sentinel-5P is sun-synchronous with a 13:30 local-time
notes/draft-methods.md,68,2.2 Granule candidacy,05,neither,no resolver and no exemption,,"approximately 05:19 to 05:50 UTC. That window, widened by 55 minutes to allow for"
notes/draft-methods.md,68,2.2 Granule candidacy,19,self_evident,part of a token,,"approximately 05:19 to 05:50 UTC. That window, widened by 55 minutes to allow for"
notes/draft-methods.md,68,2.2 Granule candidacy,05,neither,no resolver and no exemption,,"approximately 05:19 to 05:50 UTC. That window, widened by 55 minutes to allow for"
notes/draft-methods.md,68,2.2 Granule candidacy,50,self_evident,part of a token,,"approximately 05:19 to 05:50 UTC. That window, widened by 55 minutes to allow for"
notes/draft-methods.md,68,2.2 Granule candidacy,55,neither,no resolver and no exemption,,"approximately 05:19 to 05:50 UTC. That window, widened by 55 minutes to allow for"
notes/draft-methods.md,69,2.2 Granule candidacy,578,measured,inline resolver,composite.granules_gridded,"swath width and neighbouring orbits, selected 578<!--#composite.granules_gridded-->"
notes/draft-methods.md,70,2.2 Granule candidacy,"3,437",neither,no resolver and no exemption,,"of the 3,437 deduplicated granules. The filter is a superset and not an exact"
notes/draft-methods.md,72,2.2 Granule candidacy,578,unresolved,"equals a resolver's value, written unmarked",composite.granules_gridded,"granule's own latitude and longitude arrays, after download. Of the 578,"
notes/draft-methods.md,73,2.2 Granule candidacy,223,measured,inline resolver,composite.granules_with_data,223<!--#composite.granules_with_data--> carried at least one in-domain sounding
notes/draft-methods.md,74,2.2 Granule candidacy,355,neither,no resolver and no exemption,,and 355 carried none.
notes/draft-methods.md,76,2.3 Quality filtering,2.3,self_evident,structural line,,### 2.3 Quality filtering
notes/draft-methods.md,78,2.3 Quality filtering,0.75,self_evident,inside a code span,,Soundings were retained at `qa_value ≥ 0.75`. The product documentation
notes/draft-methods.md,79,2.3 Quality filtering,0.5,cited,in a draft's own exemption list,introduction/discussion: averaging-kernel sensitivity threshold,recommends 0.5. Over this domain and this processor version the two thresholds
notes/draft-methods.md,83,2.3 Quality filtering,0.01,unresolved,"equals a resolver's value, written unmarked",deseason.impervious_change,"0.01, so the comparison was made in stored units against 75. Fill values were"
notes/draft-methods.md,83,2.3 Quality filtering,75,neither,no resolver and no exemption,,"0.01, so the comparison was made in stored units against 75. Fill values were"
notes/draft-methods.md,86,2.3 Quality filtering,"110,920",measured,inline resolver,composite.soundings,"The retained soundings number 110,920<!--#composite.soundings--> within the"
notes/draft-methods.md,89,"2.4 Four methane fields, not one",2.4,self_evident,structural line,,"### 2.4 Four methane fields, not one"
notes/draft-methods.md,93,"2.4 Four methane fields, not one",1,self_evident,structural line,,"1. **The raw retrieval**, `methane_mixing_ratio`. Gridded and reported, but not"
notes/draft-methods.md,95,"2.4 Four methane fields, not one",2,self_evident,structural line,,"2. **The operationally bias-corrected retrieval**,"
notes/draft-methods.md,98,"2.4 Four methane fields, not one",11.64,measured,inline resolver,composite.bias_mean, mean of 11.64<!--#composite.bias_mean--> ppb. This is the primary target.
notes/draft-methods.md,99,"2.4 Four methane fields, not one",3,self_evident,structural line,,"3. **The blended TROPOMI+GOSAT product** of Balasus et al. (2023), in which a"
notes/draft-methods.md,99,"2.4 Four methane fields, not one",2023,self_evident,structural line,,"3. **The blended TROPOMI+GOSAT product** of Balasus et al. (2023), in which a"
notes/draft-methods.md,103,"2.4 Four methane fields, not one",1,neither,no resolver and no exemption,, a **quality assurance value of 1**. That restriction costs nothing over this
notes/draft-methods.md,104,"2.4 Four methane fields, not one",2.3,self_evident,structural context,, domain and for a sharper reason than §2.3's: in-box `qa_value` takes only the
notes/draft-methods.md,105,"2.4 Four methane fields, not one",0,neither,no resolver and no exemption,," three values 0, 0.4 and 1, so every threshold above 0.4 selects the same"
notes/draft-methods.md,105,"2.4 Four methane fields, not one",0.4,neither,no resolver and no exemption,," three values 0, 0.4 and 1, so every threshold above 0.4 selects the same"
notes/draft-methods.md,105,"2.4 Four methane fields, not one",1,neither,no resolver and no exemption,," three values 0, 0.4 and 1, so every threshold above 0.4 selects the same"
notes/draft-methods.md,105,"2.4 Four methane fields, not one",0.4,neither,no resolver and no exemption,," three values 0, 0.4 and 1, so every threshold above 0.4 selects the same"
notes/draft-methods.md,107,"2.4 Four methane fields, not one",11.9,cited,in a draft's own exemption list,results: blended single-retrieval precision ppb, single-retrieval precision of 11.9 against 14.5 ppb and a reduction in
notes/draft-methods.md,107,"2.4 Four methane fields, not one",14.5,cited,in a draft's own exemption list,results: operational single-retrieval precision ppb, single-retrieval precision of 11.9 against 14.5 ppb and a reduction in
notes/draft-methods.md,108,"2.4 Four methane fields, not one",14.3,neither,no resolver and no exemption,, spatially variable bias against GOSAT from 14.3 to 10.4 ppb at 0.25 ×
notes/draft-methods.md,108,"2.4 Four methane fields, not one",10.4,neither,no resolver and no exemption,, spatially variable bias against GOSAT from 14.3 to 10.4 ppb at 0.25 ×
notes/draft-methods.md,108,"2.4 Four methane fields, not one",0.25,self_evident,grid resolution,, spatially variable bias against GOSAT from 14.3 to 10.4 ppb at 0.25 ×
notes/draft-methods.md,109,"2.4 Four methane fields, not one",0.3125,self_evident,grid resolution,," 0.3125°, the resolution the authors name as the one a regional inversion"
notes/draft-methods.md,111,"2.4 Four methane fields, not one",0.4,neither,no resolver and no exemption,," shortwave-infrared albedo is below 0.4, which is where TROPOMI biases are"
notes/draft-methods.md,114,"2.4 Four methane fields, not one",4,self_evident,structural line,,"4. **A deseasonalised field**, in which a region-wide seasonal cycle is removed"
notes/draft-methods.md,126,"2.4 Four methane fields, not one",5,self_evident,structural context,,"**The full baseline suite of §5 was run independently against fields 2, 3 and"
notes/draft-methods.md,126,"2.4 Four methane fields, not one",2,neither,no resolver and no exemption,,"**The full baseline suite of §5 was run independently against fields 2, 3 and"
notes/draft-methods.md,126,"2.4 Four methane fields, not one",3,neither,no resolver and no exemption,,"**The full baseline suite of §5 was run independently against fields 2, 3 and"
notes/draft-methods.md,127,"2.4 Four methane fields, not one",4,neither,no resolver and no exemption,,"4**, giving three complete sets of 88 model-scheme-weighting results. Field 2 is"
notes/draft-methods.md,127,"2.4 Four methane fields, not one",88,neither,no resolver and no exemption,,"4**, giving three complete sets of 88 model-scheme-weighting results. Field 2 is"
notes/draft-methods.md,127,"2.4 Four methane fields, not one",2,neither,no resolver and no exemption,,"4**, giving three complete sets of 88 model-scheme-weighting results. Field 2 is"
notes/draft-methods.md,136,"2.4 Four methane fields, not one",2019,self_evident,year as a date,,methane products into one variational inversion over Europe for 2019 produced
notes/draft-methods.md,137,"2.4 Four methane fields, not one",2,neither,no resolver and no exemption,,"emission budgets of +2 %, −1 % and −33 % relative to the same prior, with machine"
notes/draft-methods.md,137,"2.4 Four methane fields, not one",1,neither,no resolver and no exemption,,"emission budgets of +2 %, −1 % and −33 % relative to the same prior, with machine"
notes/draft-methods.md,137,"2.4 Four methane fields, not one",33,self_evident,study box or lattice shape,,"emission budgets of +2 %, −1 % and −33 % relative to the same prior, with machine"
notes/draft-methods.md,139,"2.4 Four methane fields, not one",2026,self_evident,year as a date,,"sensitivity (Sicsik-Paré et al., 2026). A result that holds on one retrieval and"
notes/draft-methods.md,141,"2.4 Four methane fields, not one",20,neither,no resolver and no exemption,,disagreement: aerosols account for 20–29 % of the predicted inter-product
notes/draft-methods.md,141,"2.4 Four methane fields, not one",29,neither,no resolver and no exemption,,disagreement: aerosols account for 20–29 % of the predicted inter-product
notes/draft-methods.md,142,"2.4 Four methane fields, not one",13,neither,no resolver and no exemption,,"difference, striping patterns 13–19 % and extreme albedo values 13–14 %, which"
notes/draft-methods.md,142,"2.4 Four methane fields, not one",19,neither,no resolver and no exemption,,"difference, striping patterns 13–19 % and extreme albedo values 13–14 %, which"
notes/draft-methods.md,142,"2.4 Four methane fields, not one",13,neither,no resolver and no exemption,,"difference, striping patterns 13–19 % and extreme albedo values 13–14 %, which"
notes/draft-methods.md,142,"2.4 Four methane fields, not one",14,neither,no resolver and no exemption,,"difference, striping patterns 13–19 % and extreme albedo values 13–14 %, which"
notes/draft-methods.md,144,"2.4 Four methane fields, not one",2.5,self_evident,structural context,,§2.5 are the right two things to have checked.
notes/draft-methods.md,146,2.5 Preprocessing steps not applied,2.5,self_evident,structural line,,### 2.5 Preprocessing steps not applied
notes/draft-methods.md,153,2.5 Preprocessing steps not applied,7,neither,no resolver and no exemption,, applied to data from 7 September 2024 (processor v02.07) onward and earlier
notes/draft-methods.md,153,2.5 Preprocessing steps not applied,2024,self_evident,year as a date,, applied to data from 7 September 2024 (processor v02.07) onward and earlier
notes/draft-methods.md,160,2.5 Preprocessing steps not applied,10,cited,in a draft's own exemption list,"methods: published precision filter, under 10 ppb"," floor**. Published chains variously require methane precision below 10 ppb, a"
notes/draft-methods.md,164,2.5 Preprocessing steps not applied,5.2,self_evident,structural context,," weighting is applied at all (§5.2), not by any measure of how representative"
notes/draft-methods.md,167,2.5 Preprocessing steps not applied,2.4,self_evident,structural context,,"The blended product in §2.4 addresses albedo dependence, aerosol scattering and"
notes/draft-methods.md,175,2.5 Preprocessing steps not applied,2.3,self_evident,structural context,,rather than adopted: the composite in §2.3 remains the primary field and
notes/draft-methods.md,181,2.5 Preprocessing steps not applied,"110,920",measured,inline resolver,quality.in_box_passed," 110,920<!--#quality.in_box_passed--> soundings that pass quality control,"
notes/draft-methods.md,182,2.5 Preprocessing steps not applied,10,cited,in a draft's own exemption list,"methods: published precision filter, under 10 ppb"," none has a retrieval precision above 10 ppb, so the published threshold would"
notes/draft-methods.md,184,2.5 Preprocessing steps not applied,0.05,cited,in a draft's own exemption list,methods: published albedo floor,* **The albedo floor at 0.05 removes
notes/draft-methods.md,185,2.5 Preprocessing steps not applied,"11,707",measured,inline resolver,sens.albedo_removed," 11,707<!--#sens.albedo_removed--> soundings and empties"
notes/draft-methods.md,186,2.5 Preprocessing steps not applied,174,measured,inline resolver,sens.albedo_cells_lost, 174<!--#sens.albedo_cells_lost--> of the 926 cells.** Compared on the
notes/draft-methods.md,186,2.5 Preprocessing steps not applied,926,self_evident,study box or lattice shape,, 174<!--#sens.albedo_cells_lost--> of the 926 cells.** Compared on the
notes/draft-methods.md,187,2.5 Preprocessing steps not applied,752,measured,inline resolver,sens.albedo_cells," 752<!--#sens.albedo_cells--> cells that survive, no land-cover model"
notes/draft-methods.md,191,2.5 Preprocessing steps not applied,5.09,measured,inline resolver,sens.stripe_sd, standard deviation of 5.09<!--#sens.stripe_sd--> ppb. Applying them raises
notes/draft-methods.md,195,2.5 Preprocessing steps not applied,-0.03,measured,inline resolver,sens.weight_correlation," correlation -0.03<!--#sens.weight_correlation-->, because the spatial term"
notes/draft-methods.md,196,2.5 Preprocessing steps not applied,97.5,measured,inline resolver,sens.spatial_share_pct, carries 97.5<!--#sens.spatial_share_pct--> percent of the per-cell variance
notes/draft-methods.md,200,2.5 Preprocessing steps not applied,0.0244,measured,inline resolver,sens.impervious_committed_weighted, 0.0244<!--#sens.impervious_committed_weighted--> to
notes/draft-methods.md,201,2.5 Preprocessing steps not applied,0.1429,measured,inline resolver,sens.impervious_repweight," 0.1429<!--#sens.impervious_repweight--> under spatial blocks, and the spatial"
notes/draft-methods.md,202,2.5 Preprocessing steps not applied,0.5137,measured,inline resolver,sens.null_committed_weighted," null rises too, from 0.5137<!--#sens.null_committed_weighted--> to"
notes/draft-methods.md,203,2.5 Preprocessing steps not applied,0.5399,measured,inline resolver,sens.null_repweight, 0.5399<!--#sens.null_repweight-->. **The ordering is unchanged and the gap
notes/draft-methods.md,211,3. Compositing,3,self_evident,structural line,,## 3. Compositing
notes/draft-methods.md,220,3. Compositing,926,measured,inline resolver,composite.covered_cells,The resulting composite covers 926<!--#composite.covered_cells--> of the
notes/draft-methods.md,221,3. Compositing,"1,023",measured,inline resolver,composite.total_cells,"1,023<!--#composite.total_cells--> cells, or"
notes/draft-methods.md,222,3. Compositing,90.52,measured,inline resolver,composite.coverage_percent,"90.52<!--#composite.coverage_percent--> %, leaving"
notes/draft-methods.md,223,3. Compositing,97,measured,inline resolver,composite.uncovered_cells,97<!--#composite.uncovered_cells--> cells with no qualifying sounding in 2018.
notes/draft-methods.md,223,3. Compositing,2018,self_evident,year as a date,,97<!--#composite.uncovered_cells--> cells with no qualifying sounding in 2018.
notes/draft-methods.md,224,3. Compositing,1,measured,inline resolver,composite.min_soundings,Per-cell counts run from 1<!--#composite.min_soundings--> to
notes/draft-methods.md,225,3. Compositing,410,measured,inline resolver,composite.max_soundings,410<!--#composite.max_soundings--> with a median of
notes/draft-methods.md,226,3. Compositing,74,measured,inline resolver,composite.median_soundings,74<!--#composite.median_soundings-->.
notes/draft-methods.md,228,3. Compositing,97,self_evident,study box or lattice shape,,"Coverage is not missing at random. Of the 97 uncovered cells,"
notes/draft-methods.md,229,3. Compositing,74,measured,inline resolver,composite.absent_on_land,"74<!--#composite.absent_on_land--> lie wholly on land, and their median elevation"
notes/draft-methods.md,230,3. Compositing,502,measured,inline resolver,composite.absent_median_elevation,is 502<!--#composite.absent_median_elevation--> m against
notes/draft-methods.md,231,3. Compositing,35,measured,inline resolver,composite.covered_median_elevation,35<!--#composite.covered_median_elevation--> m for the covered cells;
notes/draft-methods.md,232,3. Compositing,50,measured,inline resolver,composite.absent_above_500m,50<!--#composite.absent_above_500m--> sit above 500 m against
notes/draft-methods.md,232,3. Compositing,500,self_evident,label or pair beside a marked number,,50<!--#composite.absent_above_500m--> sit above 500 m against
notes/draft-methods.md,233,3. Compositing,24,measured,inline resolver,composite.covered_above_500m,24<!--#composite.covered_above_500m--> of the 926. The largest connected gap is
notes/draft-methods.md,233,3. Compositing,926,self_evident,study box or lattice shape,,24<!--#composite.covered_above_500m--> of the 926. The largest connected gap is
notes/draft-methods.md,234,3. Compositing,47,measured,inline resolver,composite.largest_absent_block,47<!--#composite.largest_absent_block--> cells over the mountains on the southern
notes/draft-methods.md,236,3. Compositing,6,measured,inline resolver,composite.coast_median_soundings,sounding count is 6<!--#composite.coast_median_soundings--> against
notes/draft-methods.md,237,3. Compositing,133,measured,inline resolver,composite.land_median_soundings,133<!--#composite.land_median_soundings--> for cells that are wholly land.
notes/draft-methods.md,245,3. Compositing,2025,self_evident,year as a date,,"al., 2025). Averaging within a cell and an orbit is therefore nearly free;"
notes/draft-methods.md,249,3. Compositing,6,self_evident,structural context,,and neither can be derived from the other. The capability assessment in §6
notes/draft-methods.md,252,4. Land cover and covariates,4,self_evident,structural line,,## 4. Land cover and covariates
notes/draft-methods.md,254,4.1 Urban extent,4.1,self_evident,structural line,,### 4.1 Urban extent
notes/draft-methods.md,259,4.1 Urban extent,2020,self_evident,year as a date,,"* **GAIA**, the Global Artificial Impervious Area dataset (Gong et al., 2020), at"
notes/draft-methods.md,260,4.1 Urban extent,30,cited,in a draft's own exemption list,"introduction: inventory spread, at least 30 percent", 30 m.
notes/draft-methods.md,261,4.1 Urban extent,2021,self_evident,year as a date,,"* **GISA**, the Global Impervious Surface Area dataset (Huang et al., 2021), at"
notes/draft-methods.md,262,4.1 Urban extent,30,cited,in a draft's own exemption list,"introduction: inventory spread, at least 30 percent", 30 m.
notes/draft-methods.md,267,4.1 Urban extent,2023,self_evident,inside a code span,,"`year = 2023 − value`, so an extent through a target year selects values at or"
notes/draft-methods.md,268,4.1 Urban extent,1972,self_evident,year as a date,,"*above* the code for that year. GISA counts upward from 1972, so the same extent"
notes/draft-methods.md,269,4.1 Urban extent,1,neither,no resolver and no exemption,,"is a closed interval from 1 to the code for that year — not a one-sided threshold,"
notes/draft-methods.md,270,4.1 Urban extent,0,neither,no resolver and no exemption,,because 0 denotes absence and an upper-bound-only selector would count every
notes/draft-methods.md,274,4.1 Urban extent,"5,507,866,225",neither,no resolver and no exemption,,"documentation: GISA over 5,507,866,225 pixels and GAIA over 3,105,244,301."
notes/draft-methods.md,274,4.1 Urban extent,"3,105,244,301",neither,no resolver and no exemption,,"documentation: GISA over 5,507,866,225 pixels and GAIA over 3,105,244,301."
notes/draft-methods.md,276,4.1 Urban extent,2018,self_evident,year as a date,,"For GISA in 2018 the correct selector returns 202,830,997 pixels where the"
notes/draft-methods.md,276,4.1 Urban extent,"202,830,997",neither,no resolver and no exemption,,"For GISA in 2018 the correct selector returns 202,830,997 pixels where the"
notes/draft-methods.md,277,4.1 Urban extent,"9,468,801",neither,no resolver and no exemption,,"one-sided form returns 9,468,801, a map of what was built in 2018 and 2019 alone."
notes/draft-methods.md,277,4.1 Urban extent,2018,self_evident,year as a date,,"one-sided form returns 9,468,801, a map of what was built in 2018 and 2019 alone."
notes/draft-methods.md,277,4.1 Urban extent,2019,self_evident,year as a date,,"one-sided form returns 9,468,801, a map of what was built in 2018 and 2019 alone."
notes/draft-methods.md,278,4.1 Urban extent,128,neither,no resolver and no exemption,,Neither product declares a nodata value; GAIA's is −128 and is undocumented.
notes/draft-methods.md,281,4.1 Urban extent,"19,786.9",measured,inline resolver,urban.gisa_2000,"provinces GISA gives 19,786.9<!--#urban.gisa_2000--> km² of impervious surface in"
notes/draft-methods.md,282,4.1 Urban extent,"16,387.1",measured,inline resolver,urban.gaia_2000,"2000 against GAIA's 16,387.1<!--#urban.gaia_2000--> km², and"
notes/draft-methods.md,282,4.1 Urban extent,2000,self_evident,year as a date,,"2000 against GAIA's 16,387.1<!--#urban.gaia_2000--> km², and"
notes/draft-methods.md,283,4.1 Urban extent,"39,532.2",measured,inline resolver,urban.gisa_2018,"39,532.2<!--#urban.gisa_2018--> km² in 2018 against GAIA's"
notes/draft-methods.md,283,4.1 Urban extent,2018,self_evident,year as a date,,"39,532.2<!--#urban.gisa_2018--> km² in 2018 against GAIA's"
notes/draft-methods.md,284,4.1 Urban extent,"49,348.0",measured,inline resolver,urban.gaia_2018,"49,348.0<!--#urban.gaia_2018--> km². **GISA is therefore 20.7 % larger in 2000"
notes/draft-methods.md,284,4.1 Urban extent,20.7,self_evident,label or pair beside a marked number,,"49,348.0<!--#urban.gaia_2018--> km². **GISA is therefore 20.7 % larger in 2000"
notes/draft-methods.md,284,4.1 Urban extent,2000,self_evident,year as a date,,"49,348.0<!--#urban.gaia_2018--> km². **GISA is therefore 20.7 % larger in 2000"
notes/draft-methods.md,285,4.1 Urban extent,19.9,neither,no resolver and no exemption,,"and 19.9 % smaller in 2018**, so the products disagree about the growth factor far"
notes/draft-methods.md,285,4.1 Urban extent,2018,self_evident,year as a date,,"and 19.9 % smaller in 2018**, so the products disagree about the growth factor far"
notes/draft-methods.md,286,4.1 Urban extent,2.0,measured,inline resolver,urban.gisa_factor,more than about the extent: 2.0<!--#urban.gisa_factor--> against
notes/draft-methods.md,287,4.1 Urban extent,3.0,measured,inline resolver,urban.gaia_factor,3.0<!--#urban.gaia_factor--> over 2000 to 2018. Both are year-of-change products
notes/draft-methods.md,287,4.1 Urban extent,2000,self_evident,year as a date,,3.0<!--#urban.gaia_factor--> over 2000 to 2018. Both are year-of-change products
notes/draft-methods.md,287,4.1 Urban extent,2018,self_evident,year as a date,,3.0<!--#urban.gaia_factor--> over 2000 to 2018. Both are year-of-change products
notes/draft-methods.md,293,4.2 Rice extent,4.2,self_evident,structural line,,### 4.2 Rice extent
notes/draft-methods.md,297,4.2 Rice extent,30,cited,in a draft's own exemption list,"introduction: inventory spread, at least 30 percent","* **A 30 m single-season rice product for China** covering 2017 onward,"
notes/draft-methods.md,297,4.2 Rice extent,2017,self_evident,year as a date,,"* **A 30 m single-season rice product for China** covering 2017 onward,"
notes/draft-methods.md,300,4.2 Rice extent,5,neither,no resolver and no exemption,,"* **GloRice (I)**, gridded annual paddy rice distribution at 5 arcmin for 1961 to"
notes/draft-methods.md,300,4.2 Rice extent,1961,self_evident,year as a date,,"* **GloRice (I)**, gridded annual paddy rice distribution at 5 arcmin for 1961 to"
notes/draft-methods.md,301,4.2 Rice extent,2021,self_evident,year as a date,," 2021 (Xie et al., 2025)."
notes/draft-methods.md,301,4.2 Rice extent,2025,self_evident,year as a date,," 2021 (Xie et al., 2025)."
notes/draft-methods.md,311,4.2 Rice extent,2018,self_evident,year as a date,,and a 2018 map of these four provinces is a year-2000 pattern with a provincial
notes/draft-methods.md,315,4.2 Rice extent,30,cited,in a draft's own exemption list,"introduction: inventory spread, at least 30 percent",Two limitations of the 30 m product bear directly on interpretation and are
notes/draft-methods.md,317,4.2 Rice extent,86.11,measured,inline resolver,rice.anhui_coverage_percent,86.11<!--#rice.anhui_coverage_percent--> % of the province that lies south of 33.3462° N
notes/draft-methods.md,317,4.2 Rice extent,33.3462,unresolved,"in an artefact, no resolver","the Anhui raster bound, exempted in the methods note",86.11<!--#rice.anhui_coverage_percent--> % of the province that lies south of 33.3462° N
notes/draft-methods.md,318,4.2 Rice extent,115.2682,neither,no resolver and no exemption,,"and east of 115.2682° E**, so the northern part of the province — which contains"
notes/draft-methods.md,319,4.2 Rice extent,1,self_evident,structural context,,the coalfield named in §1 — is unclassified rather than classified as
notes/draft-methods.md,321,4.2 Rice extent,0.03,unresolved,"equals a resolver's value, written unmarked",collinear.partial_weighted,parts of the record**: Shanghai's single-season count is stable to 0.03 % across
notes/draft-methods.md,322,4.2 Rice extent,2019,self_evident,year as a date,,2019 to 2025 while only 52.69 % of pixels labelled rice in 2019 are still so
notes/draft-methods.md,322,4.2 Rice extent,2025,self_evident,year as a date,,2019 to 2025 while only 52.69 % of pixels labelled rice in 2019 are still so
notes/draft-methods.md,322,4.2 Rice extent,52.69,neither,no resolver and no exemption,,2019 to 2025 while only 52.69 % of pixels labelled rice in 2019 are still so
notes/draft-methods.md,322,4.2 Rice extent,2019,self_evident,year as a date,,2019 to 2025 while only 52.69 % of pixels labelled rice in 2019 are still so
notes/draft-methods.md,323,4.2 Rice extent,2025,self_evident,year as a date,,"labelled in 2025, a Jaccard index of 0.3577; between 2023 and 2024, 5,651,475"
notes/draft-methods.md,323,4.2 Rice extent,0.3577,neither,no resolver and no exemption,,"labelled in 2025, a Jaccard index of 0.3577; between 2023 and 2024, 5,651,475"
notes/draft-methods.md,323,4.2 Rice extent,2023,self_evident,year as a date,,"labelled in 2025, a Jaccard index of 0.3577; between 2023 and 2024, 5,651,475"
notes/draft-methods.md,323,4.2 Rice extent,2024,self_evident,year as a date,,"labelled in 2025, a Jaccard index of 0.3577; between 2023 and 2024, 5,651,475"
notes/draft-methods.md,323,4.2 Rice extent,"5,651,475",neither,no resolver and no exemption,,"labelled in 2025, a Jaccard index of 0.3577; between 2023 and 2024, 5,651,475"
notes/draft-methods.md,324,4.2 Rice extent,"5,651,551",neither,no resolver and no exemption,,"pixels gained the label and 5,651,551 lost it. A stable total over a relocating"
notes/draft-methods.md,327,4.3 Aggregation to fractional cover,4.3,self_evident,structural line,,### 4.3 Aggregation to fractional cover
notes/draft-methods.md,332,4.3 Aggregation to fractional cover,25,neither,no resolver and no exemption,,Albers Equal Area projection with standard parallels at 25° and 47° north and a
notes/draft-methods.md,332,4.3 Aggregation to fractional cover,47,neither,no resolver and no exemption,,Albers Equal Area projection with standard parallels at 25° and 47° north and a
notes/draft-methods.md,333,4.3 Aggregation to fractional cover,105,neither,no resolver and no exemption,,"central meridian at 105° east, rather than by counting pixels, because pixel"
notes/draft-methods.md,338,4.3 Aggregation to fractional cover,926,self_evident,study box or lattice shape,,Across the 926 covered cells the median impervious fraction is
notes/draft-methods.md,339,4.3 Aggregation to fractional cover,0.0595,measured,inline resolver,grid.impervious_median,0.0595<!--#grid.impervious_median--> with
notes/draft-methods.md,340,4.3 Aggregation to fractional cover,136,measured,inline resolver,grid.impervious_zeros,136<!--#grid.impervious_zeros--> cells at zero.
notes/draft-methods.md,341,4.3 Aggregation to fractional cover,531,measured,inline resolver,grid.rice_rows,"531<!--#grid.rice_rows--> cells carry a rice fraction, of which"
notes/draft-methods.md,342,4.3 Aggregation to fractional cover,18,measured,inline resolver,grid.rice_zero_rows,"18<!--#grid.rice_zero_rows--> are recorded zeros, with a median single-season"
notes/draft-methods.md,343,4.3 Aggregation to fractional cover,0.1291,measured,inline resolver,grid.rice_single_median,fraction of 0.1291<!--#grid.rice_single_median--> and a median combined
notes/draft-methods.md,344,4.3 Aggregation to fractional cover,0.1366,measured,inline resolver,grid.rice_combined_median,single-and-double fraction of 0.1366<!--#grid.rice_combined_median-->. Rice
notes/draft-methods.md,345,4.3 Aggregation to fractional cover,0.3412,measured,inline resolver,grid.rice_coverage_median,coverage has a median of 0.3412<!--#grid.rice_coverage_median--> and falls below
notes/draft-methods.md,346,4.3 Aggregation to fractional cover,569,measured,inline resolver,grid.rice_coverage_below_99,"0.99 in 569<!--#grid.rice_coverage_below_99--> cells, which is the quantitative"
notes/draft-methods.md,346,4.3 Aggregation to fractional cover,0.99,self_evident,label or pair beside a marked number,,"0.99 in 569<!--#grid.rice_coverage_below_99--> cells, which is the quantitative"
notes/draft-methods.md,347,4.3 Aggregation to fractional cover,69,measured,inline resolver,grid.straddling_cells,form of the Anhui limitation above. 69<!--#grid.straddling_cells--> cells
notes/draft-methods.md,351,4.4 Covariates,4.4,self_evident,structural line,,### 4.4 Covariates
notes/draft-methods.md,364,4.4 Covariates,10,cited,in a draft's own exemption list,"methods: published precision filter, under 10 ppb","| Eastward wind at 10 m | Advective transport, the alternative explanation for a column gradient |"
notes/draft-methods.md,365,4.4 Covariates,10,cited,in a draft's own exemption list,"methods: published precision filter, under 10 ppb",| Northward wind at 10 m | As above |
notes/draft-methods.md,370,4.4 Covariates,"110,920",unresolved,"equals a resolver's value, written unmarked",composite.soundings,"110,920 soundings and cover all 926 cells."
notes/draft-methods.md,370,4.4 Covariates,926,self_evident,study box or lattice shape,,"110,920 soundings and cover all 926 cells."
notes/draft-methods.md,375,4.4 Covariates,2026,self_evident,year as a date,,"2026), so albedo is a co-retrieved parameter rather than an external"
notes/draft-methods.md,378,4.4 Covariates,166,measured,inline resolver,cov.albedo_negative,coupling and cannot remove the rest. 166<!--#cov.albedo_negative--> cells carry a
notes/draft-methods.md,382,5. Statistical analysis,5,self_evident,structural line,,## 5. Statistical analysis
notes/draft-methods.md,384,5.1 Baseline suite,5.1,self_evident,structural line,,### 5.1 Baseline suite
notes/draft-methods.md,399,5.1 Baseline suite,0.247,measured,inline resolver,spread.impervious,0.247<!--#spread.impervious--> of R² across them. Where one figure is quoted it
notes/draft-methods.md,401,5.1 Baseline suite,5.4,self_evident,structural context,,bracket for the reason §5.4 gives.
notes/draft-methods.md,405,5.1 Baseline suite,0.0847,measured,inline resolver,baseline.impervious_r2,"0.0847<!--#baseline.impervious_r2--> for impervious fraction alone,"
notes/draft-methods.md,406,5.1 Baseline suite,-0.0314,measured,inline resolver,baseline.rice_alone_r2,-0.0314<!--#baseline.rice_alone_r2--> for rice fraction alone and
notes/draft-methods.md,407,5.1 Baseline suite,0.0169,measured,inline resolver,baseline.rice_plus_impervious_r2,"0.0169<!--#baseline.rice_plus_impervious_r2--> for the two together, against"
notes/draft-methods.md,408,5.1 Baseline suite,-0.0084,measured,inline resolver,baseline.constant_r2,"-0.0084<!--#baseline.constant_r2--> for a global-mean constant,"
notes/draft-methods.md,409,5.1 Baseline suite,0.3324,measured,inline resolver,baseline.null_r2,0.3324<!--#baseline.null_r2--> for the spatial null and
notes/draft-methods.md,410,5.1 Baseline suite,0.6527,measured,inline resolver,baseline.wind_r2,0.6527<!--#baseline.wind_r2--> for wind components. The observed field spans
notes/draft-methods.md,411,5.1 Baseline suite,106.1,measured,inline resolver,baseline.observed_span_ppb,106.1<!--#baseline.observed_span_ppb--> ppb between its extreme cells; the
notes/draft-methods.md,413,5.1 Baseline suite,42.7,measured,inline resolver,baseline.impervious_span_ppb,42.7<!--#baseline.impervious_span_ppb--> ppb and its root mean squared error is
notes/draft-methods.md,414,5.1 Baseline suite,14.2,measured,inline resolver,baseline.impervious_rmse,14.2<!--#baseline.impervious_rmse--> ppb.
notes/draft-methods.md,416,5.2 Cross-validation and weighting,5.2,self_evident,structural line,,### 5.2 Cross-validation and weighting
notes/draft-methods.md,421,5.2 Cross-validation and weighting,111.2,measured,inline resolver,range.block_ns_km,111.2<!--#range.block_ns_km--> km north-south by
notes/draft-methods.md,422,5.2 Cross-validation and weighting,95.0,measured,inline resolver,range.block_ew_km,95.0<!--#range.block_ew_km--> km east-west at this latitude. Each model was
notes/draft-methods.md,423,5.2 Cross-validation and weighting,88,neither,no resolver and no exemption,,"fitted both unweighted and weighted by sounding count, giving 88 fitted"
notes/draft-methods.md,429,5.2 Cross-validation and weighting,5.4,self_evident,structural context,,"autocorrelation extends beyond the test unit, and it was not applied. §5.4"
notes/draft-methods.md,432,5.3 Effective degrees of freedom,5.3,self_evident,structural line,,### 5.3 Effective degrees of freedom
notes/draft-methods.md,435,5.3 Effective degrees of freedom,926,self_evident,study box or lattice shape,,"autocorrelated, so the nominal degrees of freedom of a correlation over 926 cells"
notes/draft-methods.md,438,5.3 Effective degrees of freedom,0.7085,measured,inline resolver,residual.observed_moran,0.7085<!--#residual.observed_moran--> under a permutation test with
notes/draft-methods.md,439,5.3 Effective degrees of freedom,999,measured,inline resolver,residual.permutations,999<!--#residual.permutations--> permutations.
notes/draft-methods.md,442,5.3 Effective degrees of freedom,1989,self_evident,year as a date,,"Richardson and Hémon (1989) as extended by Dutilleul et al. (1993), in which the"
notes/draft-methods.md,442,5.3 Effective degrees of freedom,1993,self_evident,year as a date,,"Richardson and Hémon (1989) as extended by Dutilleul et al. (1993), in which the"
notes/draft-methods.md,445,5.3 Effective degrees of freedom,1,neither,no resolver and no exemption,," M = 1 + n² / tr(R_X R_Y), tr(R_X R_Y) = ΣᵢΣⱼ ρ_X(d_ij) ρ_Y(d_ij)"
notes/draft-methods.md,448,5.3 Effective degrees of freedom,30,cited,in a draft's own exemption list,"introduction: inventory spread, at least 30 percent",into 30 bins and taking the empirical correlation within each bin. Distances are
notes/draft-methods.md,451,5.3 Effective degrees of freedom,1,neither,no resolver and no exemption,,"effective sample size is capped at n + 1, since a noisy correlogram can otherwise"
notes/draft-methods.md,455,5.3 Effective degrees of freedom,72,measured,inline resolver,dof.rows,"Applied to the 72<!--#dof.rows--> correlations reported for this domain, the"
notes/draft-methods.md,457,5.3 Effective degrees of freedom,0.0200,measured,inline resolver,dof.shrinkage_min,0.0200<!--#dof.shrinkage_min--> and
notes/draft-methods.md,458,5.3 Effective degrees of freedom,0.2517,measured,inline resolver,dof.shrinkage_max,"0.2517<!--#dof.shrinkage_max--> of nominal — that is, to between"
notes/draft-methods.md,459,5.3 Effective degrees of freedom,11.4,measured,inline resolver,dof.effective_n_min,11.4<!--#dof.effective_n_min--> and
notes/draft-methods.md,460,5.3 Effective degrees of freedom,185.7,measured,inline resolver,dof.effective_n_max,185.7<!--#dof.effective_n_max--> independent observations in place of 926 — and
notes/draft-methods.md,460,5.3 Effective degrees of freedom,926,self_evident,study box or lattice shape,,185.7<!--#dof.effective_n_max--> independent observations in place of 926 — and
notes/draft-methods.md,461,5.3 Effective degrees of freedom,27,measured,inline resolver,dof.verdict_changed,27<!--#dof.verdict_changed--> of the 72 correlations that reach significance at
notes/draft-methods.md,461,5.3 Effective degrees of freedom,72,self_evident,label or pair beside a marked number,,27<!--#dof.verdict_changed--> of the 72 correlations that reach significance at
notes/draft-methods.md,462,5.3 Effective degrees of freedom,5,neither,no resolver and no exemption,,the 5 % level nominally do not reach it after correction. The estimator was
notes/draft-methods.md,464,5.3 Effective degrees of freedom,0.75,cited,in a draft's own exemption list,methods: blended-albedo ceiling,"between 0.75 and 1.0 of nominal, so a shrinkage near 0.87 is read as ""no"
notes/draft-methods.md,464,5.3 Effective degrees of freedom,1.0,neither,no resolver and no exemption,,"between 0.75 and 1.0 of nominal, so a shrinkage near 0.87 is read as ""no"
notes/draft-methods.md,464,5.3 Effective degrees of freedom,0.87,cited,in a draft's own exemption list,"discussion: posterior error correlation, shared surface, upper","between 0.75 and 1.0 of nominal, so a shrinkage near 0.87 is read as ""no"
notes/draft-methods.md,465,5.3 Effective degrees of freedom,150,self_evident,swept buffer radius,,"dependence detected"" rather than as a real loss, and on fields with a 150 km"
notes/draft-methods.md,466,5.3 Effective degrees of freedom,0.2,neither,no resolver and no exemption,,correlation range it returns under 0.2.
notes/draft-methods.md,468,5.4 Residual autocorrelation and the buffered decay curve,5.4,self_evident,structural line,,### 5.4 Residual autocorrelation and the buffered decay curve
notes/draft-methods.md,472,5.4 Residual autocorrelation and the buffered decay curve,1,neither,no resolver and no exemption,,γ(h) = nugget + (sill − nugget)(1 − exp(−h/a)) were fitted to the residuals of
notes/draft-methods.md,478,5.4 Residual autocorrelation and the buffered decay curve,10,measured,inline resolver,range.models,"Of the 10<!--#range.models--> model-field combinations,"
notes/draft-methods.md,479,5.4 Residual autocorrelation and the buffered decay curve,4,measured,inline resolver,range.too_small,4<!--#range.too_small--> have residuals still correlated at the block width. The
notes/draft-methods.md,481,5.4 Residual autocorrelation and the buffered decay curve,96.1,measured,inline resolver,range.operational_impervious_km,96.1<!--#range.operational_impervious_km--> km on the operationally corrected
notes/draft-methods.md,482,5.4 Residual autocorrelation and the buffered decay curve,134.5,measured,inline resolver,range.blended_impervious_km,"field and 134.5<!--#range.blended_impervious_km--> km on the blended field,"
notes/draft-methods.md,483,5.4 Residual autocorrelation and the buffered decay curve,95.0,neither,no resolver and no exemption,,against a block 95.0 km at its narrowest; models that include the albedo
notes/draft-methods.md,485,5.4 Residual autocorrelation and the buffered decay curve,22.5,measured,inline resolver,range.operational_full_km,22.5<!--#range.operational_full_km--> km or less. **So the block scheme is too
notes/draft-methods.md,490,5.4 Residual autocorrelation and the buffered decay curve,0,self_evident,swept buffer radius,,"each cell withheld together with every cell within a radius r of it, for r from 0"
notes/draft-methods.md,491,5.4 Residual autocorrelation and the buffered decay curve,500,self_evident,swept buffer radius,,to 500 km. Because a constant predictor's held-out skill also falls as r grows —
notes/draft-methods.md,495,5.4 Residual autocorrelation and the buffered decay curve,0.687,measured,inline resolver,loo.null_0km,0.687<!--#loo.null_0km--> at r = 0 to
notes/draft-methods.md,495,5.4 Residual autocorrelation and the buffered decay curve,0,self_evident,label or pair beside a marked number,,0.687<!--#loo.null_0km--> at r = 0 to
notes/draft-methods.md,496,5.4 Residual autocorrelation and the buffered decay curve,0.000,measured,inline resolver,loo.null_50km,"0.000<!--#loo.null_50km--> at r = 50 km, which is the expected collapse for a"
notes/draft-methods.md,496,5.4 Residual autocorrelation and the buffered decay curve,50,self_evident,swept buffer radius,,"0.000<!--#loo.null_50km--> at r = 50 km, which is the expected collapse for a"
notes/draft-methods.md,498,5.4 Residual autocorrelation and the buffered decay curve,0.118,measured,inline resolver,loo.impervious_0km,0.118<!--#loo.impervious_0km--> at r = 0 to
notes/draft-methods.md,498,5.4 Residual autocorrelation and the buffered decay curve,0,self_evident,label or pair beside a marked number,,0.118<!--#loo.impervious_0km--> at r = 0 to
notes/draft-methods.md,499,5.4 Residual autocorrelation and the buffered decay curve,0.089,measured,inline resolver,loo.impervious_100km,0.089<!--#loo.impervious_100km--> at 100 km and
notes/draft-methods.md,499,5.4 Residual autocorrelation and the buffered decay curve,100,self_evident,swept buffer radius,,0.089<!--#loo.impervious_100km--> at 100 km and
notes/draft-methods.md,500,5.4 Residual autocorrelation and the buffered decay curve,0.007,measured,inline resolver,loo.impervious_300km,0.007<!--#loo.impervious_300km--> at 300 km.
notes/draft-methods.md,500,5.4 Residual autocorrelation and the buffered decay curve,300,self_evident,swept buffer radius,,0.007<!--#loo.impervious_300km--> at 300 km.
notes/draft-methods.md,503,5.4 Residual autocorrelation and the buffered decay curve,1,neither,no resolver and no exemption,,disagree.** Leave-one-province-out is the more pessimistic scheme and the 1° block
notes/draft-methods.md,508,6. Capability assessment of the observing system,6,self_evident,structural line,,## 6. Capability assessment of the observing system
notes/draft-methods.md,514,6.1 Information content,6.1,self_evident,structural line,,### 6.1 Information content
notes/draft-methods.md,518,6.1 Information content,2025,self_evident,year as a date,,"(Estrada et al., 2025), which gives a per-cell averaging-kernel sensitivity"
notes/draft-methods.md,524,6.1 Information content,0.5,cited,in a draft's own exemption list,introduction/discussion: averaging-kernel sensitivity threshold,error of 0.5 and the observation error of 15 ppb are the `PriorError` and
notes/draft-methods.md,524,6.1 Information content,15,cited,in a draft's own exemption list,"introduction: fifteen Tg, the inventory gap",error of 0.5 and the observation error of 15 ppb are the `PriorError` and
notes/draft-methods.md,526,6.1 Information content,25,self_evident,swept buffer radius,,"of 25 km, α = 0.4 and the wind speed of 5 km h⁻¹ are set in its preview source,"
notes/draft-methods.md,526,6.1 Information content,0.4,neither,no resolver and no exemption,,"of 25 km, α = 0.4 and the wind speed of 5 km h⁻¹ are set in its preview source,"
notes/draft-methods.md,526,6.1 Information content,5,neither,no resolver and no exemption,,"of 25 km, α = 0.4 and the wind speed of 5 km h⁻¹ are set in its preview source,"
notes/draft-methods.md,527,6.1 Information content,0.55,neither,no resolver and no exemption,,while the retrieval error correlation of 0.55 and the transport error of 4.5 ppb
notes/draft-methods.md,527,6.1 Information content,4.5,neither,no resolver and no exemption,,while the retrieval error correlation of 0.55 and the transport error of 4.5 ppb
notes/draft-methods.md,528,6.1 Information content,2023,self_evident,year as a date,,"are stated in the paper, following Chen et al. (2023) and specified there for an"
notes/draft-methods.md,529,6.1 Information content,0.25,self_evident,grid resolution,,inversion at 0.25° × 0.3125° — which is this lattice's own resolution. The
notes/draft-methods.md,529,6.1 Information content,0.3125,self_evident,grid resolution,,inversion at 0.25° × 0.3125° — which is this lattice's own resolution. The
notes/draft-methods.md,534,6.1 Information content,3,self_evident,structural context,,"the composite, for the reason given in §3. Per-cell **observation days**,"
notes/draft-methods.md,537,6.1 Information content,23.0,measured,inline resolver,dofs.days_median,23.0<!--#dofs.days_median--> days per covered cell; the number of retrievals
notes/draft-methods.md,539,6.1 Information content,4.4,measured,inline resolver,dofs.retrievals_median,4.4<!--#dofs.retrievals_median-->.
notes/draft-methods.md,544,6.1 Information content,1.44,measured,inline resolver,dofs.at_3tg,"1.44<!--#dofs.at_3tg--> at a 3 Tg a⁻¹ domain prior,"
notes/draft-methods.md,544,6.1 Information content,3,self_evident,label or pair beside a marked number,,"1.44<!--#dofs.at_3tg--> at a 3 Tg a⁻¹ domain prior,"
notes/draft-methods.md,545,6.1 Information content,3.98,measured,inline resolver,dofs.at_5tg,3.98<!--#dofs.at_5tg--> at 5 Tg a⁻¹ and
notes/draft-methods.md,545,6.1 Information content,5,self_evident,label or pair beside a marked number,,3.98<!--#dofs.at_5tg--> at 5 Tg a⁻¹ and
notes/draft-methods.md,546,6.1 Information content,22.21,measured,inline resolver,dofs.at_12tg,22.21<!--#dofs.at_12tg--> at 12 Tg a⁻¹.
notes/draft-methods.md,546,6.1 Information content,12,cited,in a draft's own exemption list,discussion: transport error standard deviation ppb,22.21<!--#dofs.at_12tg--> at 12 Tg a⁻¹.
notes/draft-methods.md,550,6.1 Information content,0.5,cited,in a draft's own exemption list,introduction/discussion: averaging-kernel sensitivity threshold,"First, **no cell reaches an averaging-kernel sensitivity above 0.5 at any point in"
notes/draft-methods.md,551,6.1 Information content,0,measured,inline resolver,dofs.cells_above_half,the sweep** — the count is 0<!--#dofs.cells_above_half--> in every case. The DOFS
notes/draft-methods.md,552,6.1 Information content,926,self_evident,study box or lattice shape,,total accumulates from 926 weakly constrained cells rather than from a few well
notes/draft-methods.md,556,6.1 Information content,0.5,cited,in a draft's own exemption list,introduction/discussion: averaging-kernel sensitivity threshold,DOFS above 0.5 as a practical minimum for estimating a basin total with a 2σ
notes/draft-methods.md,557,6.1 Information content,30,cited,in a draft's own exemption list,"introduction: inventory spread, at least 30 percent","error of 30 % or less, met by 124 of their 127 weeks, and reported that"
notes/draft-methods.md,557,6.1 Information content,124,neither,no resolver and no exemption,,"error of 30 % or less, met by 124 of their 127 weeks, and reported that"
notes/draft-methods.md,557,6.1 Information content,127,neither,no resolver and no exemption,,"error of 30 % or less, met by 124 of their 127 weeks, and reported that"
notes/draft-methods.md,559,6.1 Information content,2023,self_evident,year as a date,,"(Varon et al., 2023). **That threshold is weaker in provenance than it looks and"
notes/draft-methods.md,560,6.1 Information content,2022,self_evident,year as a date,,"is not relied on alone.** Varon et al. credit it to Shen et al. (2022), whose"
notes/draft-methods.md,562,6.1 Information content,30,cited,in a draft's own exemption list,"introduction: inventory spread, at least 30 percent",be quantified to better than 30 % (2σ) in areas with emission rates above
notes/draft-methods.md,563,6.1 Information content,0.2,neither,no resolver and no exemption,,"0.2–0.5 Tg a⁻¹ and more than 5,000 observations a⁻¹. This domain meets both of"
notes/draft-methods.md,563,6.1 Information content,0.5,cited,in a draft's own exemption list,introduction/discussion: averaging-kernel sensitivity threshold,"0.2–0.5 Tg a⁻¹ and more than 5,000 observations a⁻¹. This domain meets both of"
notes/draft-methods.md,563,6.1 Information content,"5,000",neither,no resolver and no exemption,,"0.2–0.5 Tg a⁻¹ and more than 5,000 observations a⁻¹. This domain meets both of"
notes/draft-methods.md,565,6.1 Information content,"110,920",unresolved,"equals a resolver's value, written unmarked",composite.soundings,"110,920 retained soundings, so the conclusion that the **total** is"
notes/draft-methods.md,576,6.2 Identifiability,6.2,self_evident,structural line,,### 6.2 Identifiability
notes/draft-methods.md,587,6.2 Identifiability,0.35,cited,in a draft's own exemption list,"discussion: posterior error correlation, distinct sector","correlations with other sectors fall below 0.35, and the sector's emissions can be"
notes/draft-methods.md,590,6.2 Identifiability,0.45,cited,in a draft's own exemption list,"discussion: posterior error correlation, shared surface, lower","error correlations among them run from 0.45 to 0.87, and their separation is, in"
notes/draft-methods.md,590,6.2 Identifiability,0.87,cited,in a draft's own exemption list,"discussion: posterior error correlation, shared surface, upper","error correlations among them run from 0.45 to 0.87, and their separation is, in"
notes/draft-methods.md,592,6.2 Identifiability,2026,self_evident,year as a date,,"2026). The same instrument, the same inversion and the same domain separate one"
notes/draft-methods.md,594,6.2 Identifiability,12,cited,in a draft's own exemption list,discussion: transport error standard deviation ppb,sector's prior was spatially distributed. **That contrast is drawn at 12 km
notes/draft-methods.md,595,6.2 Identifiability,0.25,self_evident,grid resolution,,"resolution**, finer than the 0.25° cells here, so it is not a result that a"
notes/draft-methods.md,597,6.2 Identifiability,12,cited,in a draft's own exemption list,discussion: transport error standard deviation ppb,separated at 12 km cannot be separated at 25 km either. The study also states
notes/draft-methods.md,597,6.2 Identifiability,25,self_evident,swept buffer radius,,separated at 12 km cannot be separated at 25 km either. The study also states
notes/draft-methods.md,598,6.2 Identifiability,0.35,cited,in a draft's own exemption list,"discussion: posterior error correlation, distinct sector","what its own threshold means — correlations below 0.35 imply ""less than 35 % of"
notes/draft-methods.md,598,6.2 Identifiability,35,neither,no resolver and no exemption,,"what its own threshold means — correlations below 0.35 imply ""less than 35 % of"
notes/draft-methods.md,608,6.2 Identifiability,4.2,self_evident,structural context,,(§4.2). The methodological literature states the consequence directly: inversion
notes/draft-methods.md,615,6.2 Identifiability,2018,self_evident,year as a date,,"spatial resolution and their lack of sensitivity"" (Desjardins et al., 2018)."
notes/draft-methods.md,629,6.3 Relation to the association analysis,6.3,self_evident,structural line,,### 6.3 Relation to the association analysis
notes/draft-methods.md,631,6.3 Relation to the association analysis,5,self_evident,structural context,,The association analysis of §5 is the empirical counterpart of §6.1 rather than a
notes/draft-methods.md,631,6.3 Relation to the association analysis,6.1,self_evident,structural context,,The association analysis of §5 is the empirical counterpart of §6.1 rather than a
notes/draft-methods.md,633,6.3 Relation to the association analysis,5,self_evident,structural context,,"sensitivity is a record in which per-cell predictors should fail, and §5 reports"
notes/draft-methods.md,639,7. Validation,7,self_evident,structural line,,## 7. Validation
notes/draft-methods.md,644,7. Validation,"2,767",measured,inline resolver,tccon.retrievals,"its 2018 record is sparse: 2,767<!--#tccon.retrievals--> retrievals on"
notes/draft-methods.md,644,7. Validation,2018,self_evident,year as a date,,"its 2018 record is sparse: 2,767<!--#tccon.retrievals--> retrievals on"
notes/draft-methods.md,645,7. Validation,44,measured,inline resolver,tccon.days,44<!--#tccon.days--> days. 9<!--#tccon.coincident_days--> days in 2018 carry
notes/draft-methods.md,645,7. Validation,9,measured,inline resolver,tccon.coincident_days,44<!--#tccon.days--> days. 9<!--#tccon.coincident_days--> days in 2018 carry
notes/draft-methods.md,645,7. Validation,2018,self_evident,year as a date,,44<!--#tccon.days--> days. 9<!--#tccon.coincident_days--> days in 2018 carry
notes/draft-methods.md,661,7. Validation,4.3,self_evident,structural context,,"cover, which is the form both predictors take here (§4.3). That frame compares a"
notes/draft-methods.md,668,7. Validation,0.954,cited,in a draft's own exemption list,discussion: accuracy figure in section 8,caveat that it is not fully verifiable: GISA's impervious F-score of 0.954 is
notes/draft-methods.md,670,7. Validation,90,neither,no resolver and no exemption,,"accuracy above 90 percent likewise. A third product, GISA-new, reports 93.12"
notes/draft-methods.md,670,7. Validation,93.12,neither,no resolver and no exemption,,"accuracy above 90 percent likewise. A third product, GISA-new, reports 93.12"
notes/draft-methods.md,671,7. Validation,10.50,neither,no resolver and no exemption,,percent overall accuracy with omission errors of 10.50 percent and commission
notes/draft-methods.md,672,7. Validation,3.52,neither,no resolver and no exemption,,"errors of 3.52 percent on two independent global test sets of more than 100,000"
notes/draft-methods.md,672,7. Validation,"100,000",neither,no resolver and no exemption,,"errors of 3.52 percent on two independent global test sets of more than 100,000"
notes/draft-methods.md,675,7. Validation,1,neither,no resolver and no exemption,,against each other on a single common sample. A 1 m national land-cover map of China reports 73.61
notes/draft-methods.md,675,7. Validation,73.61,cited,in a draft's own exemption list,discussion: SinoLC-1 overall accuracy,against each other on a single common sample. A 1 m national land-cover map of China reports 73.61
notes/draft-methods.md,676,7. Validation,0.6595,neither,no resolver and no exemption,,"percent overall accuracy with a kappa of 0.6595 on 106,344 counted points from"
notes/draft-methods.md,676,7. Validation,"106,344",neither,no resolver and no exemption,,"percent overall accuracy with a kappa of 0.6595 on 106,344 counted points from"
notes/draft-methods.md,677,7. Validation,"100,000",neither,no resolver and no exemption,,"over 100,000 visually interpreted random samples across eleven classes, and"
notes/draft-methods.md,680,7. Validation,1,neither,no resolver and no exemption,,map rather than a table. A 1 m impervious product for the Yangtze River Economic
notes/draft-methods.md,681,7. Validation,75.53,neither,no resolver and no exemption,,"Belt reports an impervious-class F1 of 75.53 with a recall of 61.76, is"
notes/draft-methods.md,681,7. Validation,61.76,neither,no resolver and no exemption,,"Belt reports an impervious-class F1 of 75.53 with a recall of 61.76, is"
notes/draft-methods.md,682,7. Validation,10,cited,in a draft's own exemption list,"methods: published precision filter, under 10 ppb","super-resolved from 10 m imagery, and is deposited as seven example cities. A"
notes/draft-methods.md,683,7. Validation,42,neither,no resolver and no exemption,,submeter product over 42 cities reports 83.6 percent overall accuracy and covers
notes/draft-methods.md,683,7. Validation,83.6,neither,no resolver and no exemption,,submeter product over 42 cities reports 83.6 percent overall accuracy and covers
notes/draft-methods.md,684,7. Validation,30,cited,in a draft's own exemption list,"introduction: inventory spread, at least 30 percent",urban areas only. A 30 m product for 2020 and 2022 reports an impervious F1
notes/draft-methods.md,684,7. Validation,2020,self_evident,year as a date,,urban areas only. A 30 m product for 2020 and 2022 reports an impervious F1
notes/draft-methods.md,684,7. Validation,2022,self_evident,year as a date,,urban areas only. A 30 m product for 2020 and 2022 reports an impervious F1
notes/draft-methods.md,685,7. Validation,0.93,unresolved,"equals a resolver's value, written unmarked",atten.lambda_equal,"above 0.93 and is the same resolution as the layers it would assess, so it is a"
notes/draft-methods.md,687,7. Validation,2020,self_evident,year as a date,,"what it would validate, and each is 2020 or later against analysis years of"
notes/draft-methods.md,688,7. Validation,2000,self_evident,year as a date,,"2000, 2010 and 2018.** So the absence is a property of the products available"
notes/draft-methods.md,688,7. Validation,2010,self_evident,year as a date,,"2000, 2010 and 2018.** So the absence is a property of the products available"
notes/draft-methods.md,688,7. Validation,2018,self_evident,year as a date,,"2000, 2010 and 2018.** So the absence is a property of the products available"
notes/draft-methods.md,697,7. Validation,42,neither,no resolver and no exemption,,"42 urban cores, and the Yangtze River Economic Belt. What closes the route is"
notes/draft-methods.md,706,7. Validation,868,neither,no resolver and no exemption,,"fractional specialisation of Pontius and Millones's decomposition, at the 868 m"
notes/draft-methods.md,707,7. Validation,0.25,self_evident,grid resolution,,grid on which both are committed and at the 0.25 degree lattice the association
notes/draft-methods.md,714,7. Validation,13.2,measured,inline resolver,atten.var_share_pct,"variance is 13.2<!--#atten.var_share_pct--> % of the predictor's own variance,"
notes/draft-methods.md,715,7. Validation,0.868,measured,inline resolver,atten.lambda_min,so the reliability ratio is at least 0.868<!--#atten.lambda_min--> and the
notes/draft-methods.md,716,7. Validation,1.15,measured,inline resolver,atten.factor_max,de-attenuation factor is at most 1.15<!--#atten.factor_max-->. Results §3.4
notes/draft-methods.md,716,7. Validation,3.4,self_evident,structural context,,de-attenuation factor is at most 1.15<!--#atten.factor_max-->. Results §3.4
notes/draft-methods.md,724,7. Validation,0.118,unresolved,"in an artefact, no resolver","albedo_confounder_2018.csv, partial correlation",the signed difference correlating at −0.118 with methane once the fraction is
notes/draft-methods.md,735,7. Validation,6,self_evident,structural context,,bounded. None of the capability statements of §6 depends on either.
notes/draft-methods.md,737,8. Reproducibility,8,self_evident,structural line,,## 8. Reproducibility
notes/draft-methods.md,741,8. Reproducibility,74,measured,inline resolver,pipeline.recipes,74<!--#pipeline.recipes--> artefacts are registered across four tiers:
notes/draft-methods.md,742,8. Reproducibility,41,measured,inline resolver,pipeline.recipes_committed,41<!--#pipeline.recipes_committed--> regenerate from a fresh clone with no
notes/draft-methods.md,744,8. Reproducibility,22,measured,inline resolver,pipeline.recipes_local,22<!--#pipeline.recipes_local--> require local raw data and are verified where it
notes/draft-methods.md,745,8. Reproducibility,10,measured,inline resolver,pipeline.recipes_network,exists; 10<!--#pipeline.recipes_network--> require a network fetch and are verified
notes/draft-results.md,11,(none),1,self_evident,structural context,,"preliminary material, so §1 reports the observing system, §2 the field it"
notes/draft-results.md,11,(none),2,self_evident,structural context,,"preliminary material, so §1 reports the observing system, §2 the field it"
notes/draft-results.md,12,(none),3,self_evident,structural context,,"produced, §3 the land-cover association, §4 the confounds, §5 the"
notes/draft-results.md,12,(none),4,self_evident,structural context,,"produced, §3 the land-cover association, §4 the confounds, §5 the"
notes/draft-results.md,12,(none),5,self_evident,structural context,,"produced, §3 the land-cover association, §4 the confounds, §5 the"
notes/draft-results.md,13,(none),6,self_evident,structural context,,cross-validation diagnostics and §6 the capability assessment. That is close to
notes/draft-results.md,19,0. The primary field,0,self_evident,structural line,,## 0. The primary field
notes/draft-results.md,21,0. The primary field,2.4,self_evident,structural context,,Four column fields were carried (methods §2.4) and three have complete baseline
notes/draft-results.md,25,0. The primary field,3,self_evident,structural context,,affects how every number in §3 should be read.
notes/draft-results.md,28,0. The primary field,926,measured,inline resolver,composite.covered_cells,Between-cell standard deviations over the 926<!--#composite.covered_cells-->
notes/draft-results.md,29,0. The primary field,14.40,measured,inline resolver,field.sd_raw,"covered cells are 14.40<!--#field.sd_raw--> ppb for the raw retrieval,"
notes/draft-results.md,30,0. The primary field,14.86,measured,inline resolver,field.sd_operational,"14.86<!--#field.sd_operational--> ppb operationally corrected,"
notes/draft-results.md,31,0. The primary field,15.90,measured,inline resolver,field.sd_blended,15.90<!--#field.sd_blended--> ppb blended and
notes/draft-results.md,32,0. The primary field,13.26,measured,inline resolver,field.sd_deseasonalised,13.26<!--#field.sd_deseasonalised--> ppb deseasonalised. The unweighted
notes/draft-results.md,34,0. The primary field,203.9,measured,inline resolver,albedo.slope_raw,"203.9<!--#albedo.slope_raw--> ppb per unit albedo raw,"
notes/draft-results.md,35,0. The primary field,199.7,measured,inline resolver,albedo.slope_corrected,"199.7<!--#albedo.slope_corrected--> ppb operationally corrected,"
notes/draft-results.md,36,0. The primary field,172.5,measured,inline resolver,albedo.slope_deseasonalised,172.5<!--#albedo.slope_deseasonalised--> ppb deseasonalised and
notes/draft-results.md,37,0. The primary field,232.8,measured,inline resolver,albedo.slope_blended,232.8<!--#albedo.slope_blended--> ppb blended; **the operational
notes/draft-results.md,39,0. The primary field,-4.2,measured,inline resolver,albedo.slope_correction,"-4.2<!--#albedo.slope_correction--> ppb per unit albedo**, so it removes"
notes/draft-results.md,41,0. The primary field,16.6,measured,inline resolver,albedo.blended_over_corrected_percent,"the steepest of the four**, 16.6<!--#albedo.blended_over_corrected_percent--> %"
notes/draft-results.md,43,0. The primary field,0.700,measured,inline resolver,albedo.pearson_corrected,0.700<!--#albedo.pearson_corrected--> to
notes/draft-results.md,44,0. The primary field,0.762,measured,inline resolver,albedo.pearson_blended,0.762<!--#albedo.pearson_blended-->. §4.1 reports that comparison and what it
notes/draft-results.md,44,0. The primary field,4.1,self_evident,structural context,,0.762<!--#albedo.pearson_blended-->. §4.1 reports that comparison and what it
notes/draft-results.md,47,0. The primary field,0.085,measured,inline resolver,suite.impervious_operational,"0.085<!--#suite.impervious_operational--> operationally corrected,"
notes/draft-results.md,48,0. The primary field,0.065,measured,inline resolver,suite.impervious_blended,0.065<!--#suite.impervious_blended--> blended and
notes/draft-results.md,49,0. The primary field,0.095,measured,inline resolver,suite.impervious_deseasonalised,"0.095<!--#suite.impervious_deseasonalised--> deseasonalised, against a spatial"
notes/draft-results.md,50,0. The primary field,0.332,measured,inline resolver,suite.null_operational,"null of 0.332<!--#suite.null_operational-->,"
notes/draft-results.md,51,0. The primary field,0.414,measured,inline resolver,suite.null_blended,0.414<!--#suite.null_blended--> and
notes/draft-results.md,52,0. The primary field,0.337,measured,inline resolver,suite.null_deseasonalised,0.337<!--#suite.null_deseasonalised--> respectively.
notes/draft-results.md,57,0. The primary field,0.03,unresolved,"equals a resolver's value, written unmarked",collinear.partial_weighted,"the choice: the three suites bracket the impervious figure within 0.03 of R², and"
notes/draft-results.md,65,0. The primary field,4.1,self_evident,structural context,,"made it quotable. It is now in the artefact, it is reported above and in §4.1,"
notes/draft-results.md,70,0. The primary field,11.9,cited,in a draft's own exemption list,results: blended single-retrieval precision ppb,field by its authors' own measurement — single-retrieval precision of 11.9 ppb
notes/draft-results.md,71,0. The primary field,14.5,cited,in a draft's own exemption list,results: operational single-retrieval precision ppb,"against the operational product's 14.5 ppb, and a reduction in spatially variable"
notes/draft-results.md,72,0. The primary field,14.3,neither,no resolver and no exemption,,bias against GOSAT from 14.3 to 10.4 ppb at 0.25 × 0.3125° — and reporting it
notes/draft-results.md,72,0. The primary field,10.4,neither,no resolver and no exemption,,bias against GOSAT from 14.3 to 10.4 ppb at 0.25 × 0.3125° — and reporting it
notes/draft-results.md,72,0. The primary field,0.25,self_evident,grid resolution,,bias against GOSAT from 14.3 to 10.4 ppb at 0.25 × 0.3125° — and reporting it
notes/draft-results.md,72,0. The primary field,0.3125,self_evident,grid resolution,,bias against GOSAT from 14.3 to 10.4 ppb at 0.25 × 0.3125° — and reporting it
notes/draft-results.md,83,0. The primary field,4.1,self_evident,structural context,,land cover and sampling season — so neither contradicts the other. §4.1 carries
notes/draft-results.md,88,0. The primary field,6,self_evident,structural context,,"observing-system characterisation of §6, and that characterisation is largely"
notes/draft-results.md,93,0. The primary field,3,self_evident,structural context,,"therefore bears on §3, the land-cover result the paper still has to report, and"
notes/draft-results.md,97,1. The observing system,1,self_evident,structural line,,## 1. The observing system
notes/draft-results.md,99,1.1 Coverage,1.1,self_evident,structural line,,### 1.1 Coverage
notes/draft-results.md,101,1.1 Coverage,"110,920",measured,inline resolver,composite.soundings,"The 2018 composite rests on 110,920<!--#composite.soundings--> qualifying"
notes/draft-results.md,101,1.1 Coverage,2018,self_evident,year as a date,,"The 2018 composite rests on 110,920<!--#composite.soundings--> qualifying"
notes/draft-results.md,102,1.1 Coverage,223,measured,inline resolver,composite.granules_with_data,soundings from 223<!--#composite.granules_with_data--> productive granules of
notes/draft-results.md,103,1.1 Coverage,578,measured,inline resolver,composite.granules_gridded,578<!--#composite.granules_gridded--> candidates. They cover
notes/draft-results.md,104,1.1 Coverage,926,measured,inline resolver,composite.covered_cells,"926<!--#composite.covered_cells--> of the 1,023<!--#composite.total_cells-->"
notes/draft-results.md,104,1.1 Coverage,"1,023",measured,inline resolver,composite.total_cells,"926<!--#composite.covered_cells--> of the 1,023<!--#composite.total_cells-->"
notes/draft-results.md,105,1.1 Coverage,90.52,measured,inline resolver,composite.coverage_percent,"lattice cells, 90.52<!--#composite.coverage_percent--> %. Per-cell sounding"
notes/draft-results.md,106,1.1 Coverage,1,measured,inline resolver,composite.min_soundings,counts run from 1<!--#composite.min_soundings--> to
notes/draft-results.md,107,1.1 Coverage,410,measured,inline resolver,composite.max_soundings,410<!--#composite.max_soundings--> with a median of
notes/draft-results.md,108,1.1 Coverage,74,measured,inline resolver,composite.median_soundings,"74<!--#composite.median_soundings-->, a spread of more than two orders of"
notes/draft-results.md,109,1.1 Coverage,15,cited,in a draft's own exemption list,"introduction: fifteen Tg, the inventory gap",magnitude across cells whose areas differ by under 15 %.
notes/draft-results.md,114,1.1 Coverage,97,self_evident,study box or lattice shape,,so the 97 uncovered cells are not uncovered for want of record length.
notes/draft-results.md,118,1.1 Coverage,2017,self_evident,year as a date,,(2017) show that even after substantial averaging significant representation
notes/draft-results.md,126,1.2 Where the gaps are,1.2,self_evident,structural line,,### 1.2 Where the gaps are
notes/draft-results.md,128,1.2 Where the gaps are,97,measured,inline resolver,composite.uncovered_cells,The 97<!--#composite.uncovered_cells--> uncovered cells are not distributed at
notes/draft-results.md,129,1.2 Where the gaps are,74,measured,inline resolver,composite.absent_on_land,"random. 74<!--#composite.absent_on_land--> lie wholly on land, and their median"
notes/draft-results.md,130,1.2 Where the gaps are,502,measured,inline resolver,composite.absent_median_elevation,elevation is 502<!--#composite.absent_median_elevation--> m against
notes/draft-results.md,131,1.2 Where the gaps are,35,measured,inline resolver,composite.covered_median_elevation,35<!--#composite.covered_median_elevation--> m for covered cells;
notes/draft-results.md,132,1.2 Where the gaps are,50,measured,inline resolver,composite.absent_above_500m,"50<!--#composite.absent_above_500m--> sit above 500 m, against"
notes/draft-results.md,132,1.2 Where the gaps are,500,self_evident,label or pair beside a marked number,,"50<!--#composite.absent_above_500m--> sit above 500 m, against"
notes/draft-results.md,133,1.2 Where the gaps are,24,measured,inline resolver,composite.covered_above_500m,24<!--#composite.covered_above_500m--> of the 926. They form
notes/draft-results.md,133,1.2 Where the gaps are,926,self_evident,study box or lattice shape,,24<!--#composite.covered_above_500m--> of the 926. They form
notes/draft-results.md,134,1.2 Where the gaps are,19,measured,inline resolver,composite.absent_components,"19<!--#composite.absent_components--> connected components, the largest of which"
notes/draft-results.md,135,1.2 Where the gaps are,47,measured,inline resolver,composite.largest_absent_block,is 47<!--#composite.largest_absent_block--> cells over the mountains on the
notes/draft-results.md,140,1.2 Where the gaps are,6,measured,inline resolver,composite.coast_median_soundings,6<!--#composite.coast_median_soundings--> against
notes/draft-results.md,141,1.2 Where the gaps are,133,measured,inline resolver,composite.land_median_soundings,133<!--#composite.land_median_soundings--> for cells that are wholly land. The
notes/draft-results.md,147,1.3 Sampling through the year,1.3,self_evident,structural line,,### 1.3 Sampling through the year
notes/draft-results.md,149,1.3 Sampling through the year,2018,self_evident,year as a date,,"The 2018 record is an eight-month record, beginning 30 April. Within those eight"
notes/draft-results.md,149,1.3 Sampling through the year,30,cited,in a draft's own exemption list,"introduction: inventory spread, at least 30 percent","The 2018 record is an eight-month record, beginning 30 April. Within those eight"
notes/draft-results.md,157,2. The methane field,2,self_evident,structural line,,## 2. The methane field
notes/draft-results.md,159,2.1 Distribution,2.1,self_evident,structural line,,### 2.1 Distribution
notes/draft-results.md,162,2.1 Distribution,106.1,measured,inline resolver,baseline.observed_span_ppb,"106.1<!--#baseline.observed_span_ppb--> ppb between their extreme values, with a"
notes/draft-results.md,163,2.1 Distribution,14.86,measured,inline resolver,field.sd_operational,between-cell standard deviation of 14.86<!--#field.sd_operational--> ppb. The
notes/draft-results.md,165,2.1 Distribution,11.64,measured,inline resolver,composite.bias_mean,11.64<!--#composite.bias_mean--> ppb relative to the raw retrieval.
notes/draft-results.md,167,2.2 Spatial structure,2.2,self_evident,structural line,,### 2.2 Spatial structure
notes/draft-results.md,170,2.2 Spatial structure,0.7085,measured,inline resolver,residual.observed_moran,0.7085<!--#residual.observed_moran--> under a permutation test with
notes/draft-results.md,171,2.2 Spatial structure,999,measured,inline resolver,residual.permutations,999<!--#residual.permutations--> permutations. An exponential semivariogram
notes/draft-results.md,173,2.2 Spatial structure,103.2,measured,inline resolver,range.operational_field_km,103.2<!--#range.operational_field_km--> km on the operational field and
notes/draft-results.md,174,2.2 Spatial structure,139.1,measured,inline resolver,range.blended_field_km,139.1<!--#range.blended_field_km--> km on the blended field.
notes/draft-results.md,177,2.2 Spatial structure,95.0,measured,inline resolver,range.block_ew_km,95.0<!--#range.block_ew_km--> km east-west against
notes/draft-results.md,178,2.2 Spatial structure,111.2,measured,inline resolver,range.block_ns_km,111.2<!--#range.block_ns_km--> km north-south. The consequence for the
notes/draft-results.md,179,2.2 Spatial structure,5,self_evident,structural context,,cross-validation is reported in §5.
notes/draft-results.md,181,2.3 Differences between the fields,2.3,self_evident,structural line,,### 2.3 Differences between the fields
notes/draft-results.md,185,2.3 Differences between the fields,15.90,measured,inline resolver,field.sd_blended,of the four at 15.90<!--#field.sd_blended--> ppb and the deseasonalised field the
notes/draft-results.md,186,2.3 Differences between the fields,13.26,measured,inline resolver,field.sd_deseasonalised,"smallest at 13.26<!--#field.sd_deseasonalised--> ppb, which is the expected"
notes/draft-results.md,191,3. The land-cover association,3,self_evident,structural line,,## 3. The land-cover association
notes/draft-results.md,193,3.1 Zero-order correlations and their effective degrees of f,3.1,self_evident,structural line,,### 3.1 Zero-order correlations and their effective degrees of freedom
notes/draft-results.md,196,3.1 Zero-order correlations and their effective degrees of f,0.345,measured,inline resolver,collinear.zero_order,"Pearson *r* = 0.345<!--#collinear.zero_order--> unweighted over all 926 cells,"
notes/draft-results.md,196,3.1 Zero-order correlations and their effective degrees of f,926,self_evident,study box or lattice shape,,"Pearson *r* = 0.345<!--#collinear.zero_order--> unweighted over all 926 cells,"
notes/draft-results.md,197,3.1 Zero-order correlations and their effective degrees of f,0.212,measured,inline resolver,collinear.zero_order_weighted,and at 0.212<!--#collinear.zero_order_weighted--> when cells are weighted by
notes/draft-results.md,199,3.1 Zero-order correlations and their effective degrees of f,0.440,measured,inline resolver,collinear.zero_order_raw,0.440<!--#collinear.zero_order_raw-->.
notes/draft-results.md,201,3.1 Zero-order correlations and their effective degrees of f,926,self_evident,study box or lattice shape,,**Those coefficients rest on far fewer independent observations than 926.**
notes/draft-results.md,204,3.1 Zero-order correlations and their effective degrees of f,72,measured,inline resolver,dof.rows,72<!--#dof.rows--> reported associations to a median of
notes/draft-results.md,205,3.1 Zero-order correlations and their effective degrees of f,53.4,measured,inline resolver,dof.effective_n_median,"53.4<!--#dof.effective_n_median--> cells, with a range from"
notes/draft-results.md,206,3.1 Zero-order correlations and their effective degrees of f,11.4,measured,inline resolver,dof.effective_n_min,"11.4<!--#dof.effective_n_min--> to 185.7<!--#dof.effective_n_max--> — that is, to"
notes/draft-results.md,206,3.1 Zero-order correlations and their effective degrees of f,185.7,measured,inline resolver,dof.effective_n_max,"11.4<!--#dof.effective_n_min--> to 185.7<!--#dof.effective_n_max--> — that is, to"
notes/draft-results.md,207,3.1 Zero-order correlations and their effective degrees of f,2.0,measured,inline resolver,dof.shrinkage_min_percent,between 2.0<!--#dof.shrinkage_min_percent--> and
notes/draft-results.md,208,3.1 Zero-order correlations and their effective degrees of f,25.2,measured,inline resolver,dof.shrinkage_max_percent,25.2<!--#dof.shrinkage_max_percent--> % of nominal.
notes/draft-results.md,210,3.1 Zero-order correlations and their effective degrees of f,27,measured,inline resolver,dof.verdict_changed,**27<!--#dof.verdict_changed--> of the 72 associations that reach significance at
notes/draft-results.md,210,3.1 Zero-order correlations and their effective degrees of f,72,self_evident,label or pair beside a marked number,,**27<!--#dof.verdict_changed--> of the 72 associations that reach significance at
notes/draft-results.md,211,3.1 Zero-order correlations and their effective degrees of f,5,neither,no resolver and no exemption,,the 5 % level on nominal degrees of freedom do not reach it after correction.**
notes/draft-results.md,212,3.1 Zero-order correlations and their effective degrees of f,27,neither,no resolver and no exemption,,Those 27 include every weighted land-cover association and every partial
notes/draft-results.md,217,3.2 Partial correlations controlling for albedo,3.2,self_evident,structural line,,### 3.2 Partial correlations controlling for albedo
notes/draft-results.md,221,3.2 Partial correlations controlling for albedo,0.021,measured,inline resolver,collinear.partial,"0.021<!--#collinear.partial--> on the operational field, against a zero-order"
notes/draft-results.md,222,3.2 Partial correlations controlling for albedo,0.345,measured,inline resolver,collinear.zero_order,"0.345<!--#collinear.zero_order-->, with *p* ="
notes/draft-results.md,223,3.2 Partial correlations controlling for albedo,0.53,measured,inline resolver,collinear.partial_p,0.53<!--#collinear.partial_p--> on corrected degrees of freedom. Weighted by
notes/draft-results.md,224,3.2 Partial correlations controlling for albedo,0.032,measured,inline resolver,collinear.partial_weighted,sounding count the partial is 0.032<!--#collinear.partial_weighted--> at *p* =
notes/draft-results.md,225,3.2 Partial correlations controlling for albedo,0.32,measured,inline resolver,collinear.partial_weighted_p,0.32<!--#collinear.partial_weighted_p-->. On the raw retrieval the partial is
notes/draft-results.md,226,3.2 Partial correlations controlling for albedo,0.151,measured,inline resolver,collinear.partial_raw,"larger, 0.151<!--#collinear.partial_raw-->, and retains nominal significance."
notes/draft-results.md,229,3.2 Partial correlations controlling for albedo,94.0,measured,inline resolver,collinear.partial_attenuation_percent,94.0<!--#collinear.partial_attenuation_percent--> % of the zero-order
notes/draft-results.md,232,3.3 Held-out performance against the baselines,3.3,self_evident,structural line,,### 3.3 Held-out performance against the baselines
notes/draft-results.md,238,3.3 Held-out performance against the baselines,0.085,measured,inline resolver,suite.impervious_operational,| Impervious fraction | 0.085<!--#suite.impervious_operational--> | 0.024<!--#suite.impervious_operational_weighted--> | -0.117<!--#suite.impervious_o
notes/draft-results.md,238,3.3 Held-out performance against the baselines,0.024,measured,inline resolver,suite.impervious_operational_weighted,| Impervious fraction | 0.085<!--#suite.impervious_operational--> | 0.024<!--#suite.impervious_operational_weighted--> | -0.117<!--#suite.impervious_o
notes/draft-results.md,238,3.3 Held-out performance against the baselines,-0.117,measured,inline resolver,suite.impervious_operational_lopo,| Impervious fraction | 0.085<!--#suite.impervious_operational--> | 0.024<!--#suite.impervious_operational_weighted--> | -0.117<!--#suite.impervious_o
notes/draft-results.md,238,3.3 Held-out performance against the baselines,0.162,self_evident,label or pair beside a marked number,,| Impervious fraction | 0.085<!--#suite.impervious_operational--> | 0.024<!--#suite.impervious_operational_weighted--> | -0.117<!--#suite.impervious_o
notes/draft-results.md,239,3.3 Held-out performance against the baselines,-0.031,measured,inline resolver,baseline.rice_alone_r2,| Rice fraction | -0.031<!--#baseline.rice_alone_r2--> | −0.093 | −0.067 | −0.414 |
notes/draft-results.md,239,3.3 Held-out performance against the baselines,0.093,unresolved,"equals a resolver's value, written unmarked",above.impervious_bu,| Rice fraction | -0.031<!--#baseline.rice_alone_r2--> | −0.093 | −0.067 | −0.414 |
notes/draft-results.md,239,3.3 Held-out performance against the baselines,0.067,self_evident,label or pair beside a marked number,,| Rice fraction | -0.031<!--#baseline.rice_alone_r2--> | −0.093 | −0.067 | −0.414 |
notes/draft-results.md,239,3.3 Held-out performance against the baselines,0.414,unresolved,"equals a resolver's value, written unmarked",suite.null_blended,| Rice fraction | -0.031<!--#baseline.rice_alone_r2--> | −0.093 | −0.067 | −0.414 |
notes/draft-results.md,240,3.3 Held-out performance against the baselines,0.017,measured,inline resolver,baseline.rice_plus_impervious_r2,| Both fractions | 0.017<!--#baseline.rice_plus_impervious_r2--> | −0.078 | −0.129 | -0.845<!--#suite.both_operational_lopo_weighted--> |
notes/draft-results.md,240,3.3 Held-out performance against the baselines,-0.845,measured,inline resolver,suite.both_operational_lopo_weighted,| Both fractions | 0.017<!--#baseline.rice_plus_impervious_r2--> | −0.078 | −0.129 | -0.845<!--#suite.both_operational_lopo_weighted--> |
notes/draft-results.md,240,3.3 Held-out performance against the baselines,0.078,unresolved,"in an artefact, no resolver","baseline_results_2018.csv, a table cell left unmarked by design",| Both fractions | 0.017<!--#baseline.rice_plus_impervious_r2--> | −0.078 | −0.129 | -0.845<!--#suite.both_operational_lopo_weighted--> |
notes/draft-results.md,240,3.3 Held-out performance against the baselines,0.129,unresolved,"in an artefact, no resolver","baseline_results_2018.csv, a table cell left unmarked by design",| Both fractions | 0.017<!--#baseline.rice_plus_impervious_r2--> | −0.078 | −0.129 | -0.845<!--#suite.both_operational_lopo_weighted--> |
notes/draft-results.md,241,3.3 Held-out performance against the baselines,0.332,measured,inline resolver,suite.null_operational,| Spatial null | 0.332<!--#suite.null_operational--> | 0.514 | −0.091 | 0.003 |
notes/draft-results.md,241,3.3 Held-out performance against the baselines,0.514,unresolved,"equals a resolver's value, written unmarked",sens.null_committed_weighted,| Spatial null | 0.332<!--#suite.null_operational--> | 0.514 | −0.091 | 0.003 |
notes/draft-results.md,241,3.3 Held-out performance against the baselines,0.091,self_evident,label or pair beside a marked number,,| Spatial null | 0.332<!--#suite.null_operational--> | 0.514 | −0.091 | 0.003 |
notes/draft-results.md,241,3.3 Held-out performance against the baselines,0.003,self_evident,label or pair beside a marked number,,| Spatial null | 0.332<!--#suite.null_operational--> | 0.514 | −0.091 | 0.003 |
notes/draft-results.md,242,3.3 Held-out performance against the baselines,0.476,measured,inline resolver,suite.albedo_operational,| Albedo (SWIR) | 0.476<!--#suite.albedo_operational--> | 0.316 | 0.290 | 0.066 |
notes/draft-results.md,242,3.3 Held-out performance against the baselines,0.316,self_evident,label or pair beside a marked number,,| Albedo (SWIR) | 0.476<!--#suite.albedo_operational--> | 0.316 | 0.290 | 0.066 |
notes/draft-results.md,242,3.3 Held-out performance against the baselines,0.290,self_evident,label or pair beside a marked number,,| Albedo (SWIR) | 0.476<!--#suite.albedo_operational--> | 0.316 | 0.290 | 0.066 |
notes/draft-results.md,242,3.3 Held-out performance against the baselines,0.066,self_evident,label or pair beside a marked number,,| Albedo (SWIR) | 0.476<!--#suite.albedo_operational--> | 0.316 | 0.290 | 0.066 |
notes/draft-results.md,243,3.3 Held-out performance against the baselines,0.653,measured,inline resolver,baseline.wind_r2,"| Wind (u, v, speed) | 0.653<!--#baseline.wind_r2--> | 0.563 | 0.633 | 0.311 |"
notes/draft-results.md,243,3.3 Held-out performance against the baselines,0.563,self_evident,label or pair beside a marked number,,"| Wind (u, v, speed) | 0.653<!--#baseline.wind_r2--> | 0.563 | 0.633 | 0.311 |"
notes/draft-results.md,243,3.3 Held-out performance against the baselines,0.633,self_evident,label or pair beside a marked number,,"| Wind (u, v, speed) | 0.653<!--#baseline.wind_r2--> | 0.563 | 0.633 | 0.311 |"
notes/draft-results.md,243,3.3 Held-out performance against the baselines,0.311,self_evident,label or pair beside a marked number,,"| Wind (u, v, speed) | 0.653<!--#baseline.wind_r2--> | 0.563 | 0.633 | 0.311 |"
notes/draft-results.md,244,3.3 Held-out performance against the baselines,-0.008,measured,inline resolver,baseline.constant_r2,| Global-mean constant | -0.008<!--#baseline.constant_r2--> | −0.003 | −0.172 | −0.085 |
notes/draft-results.md,244,3.3 Held-out performance against the baselines,0.003,self_evident,label or pair beside a marked number,,| Global-mean constant | -0.008<!--#baseline.constant_r2--> | −0.003 | −0.172 | −0.085 |
notes/draft-results.md,244,3.3 Held-out performance against the baselines,0.172,self_evident,label or pair beside a marked number,,| Global-mean constant | -0.008<!--#baseline.constant_r2--> | −0.003 | −0.172 | −0.085 |
notes/draft-results.md,244,3.3 Held-out performance against the baselines,0.085,unresolved,"equals a resolver's value, written unmarked",baseline.impervious_r2,| Global-mean constant | -0.008<!--#baseline.constant_r2--> | −0.003 | −0.172 | −0.085 |
notes/draft-results.md,249,3.3 Held-out performance against the baselines,0.247,measured,inline resolver,spread.impervious,"0.247<!--#spread.impervious--> of R², the smallest of any predictor in the"
notes/draft-results.md,250,3.3 Held-out performance against the baselines,0.342,measured,inline resolver,spread.wind,"suite, against 0.342<!--#spread.wind--> for wind,"
notes/draft-results.md,251,3.3 Held-out performance against the baselines,0.410,measured,inline resolver,spread.albedo,"0.410<!--#spread.albedo--> for albedo,"
notes/draft-results.md,252,3.3 Held-out performance against the baselines,0.605,measured,inline resolver,spread.null,0.605<!--#spread.null--> for the spatial null and
notes/draft-results.md,253,3.3 Held-out performance against the baselines,0.708,measured,inline resolver,spread.sampling,0.708<!--#spread.sampling--> for sampling composition. Where a single figure is
notes/draft-results.md,254,3.3 Held-out performance against the baselines,5.1,self_evident,structural context,,"quoted it is the spatial-blocks unweighted combination, which §5.1 establishes is"
notes/draft-results.md,258,3.3 Held-out performance against the baselines,-0.162,neither,no resolver and no exemption,,-0.162 and +0.085 across four defensible evaluation designs.** Raw held-out R² is
notes/draft-results.md,258,3.3 Held-out performance against the baselines,0.085,unresolved,"equals a resolver's value, written unmarked",baseline.impervious_r2,-0.162 and +0.085 across four defensible evaluation designs.** Raw held-out R² is
notes/draft-results.md,261,3.3 Held-out performance against the baselines,0.093,measured,inline resolver,above.impervious_bu,"+0.093<!--#above.impervious_bu-->, +0.028<!--#above.impervious_bw-->,"
notes/draft-results.md,261,3.3 Held-out performance against the baselines,0.028,measured,inline resolver,above.impervious_bw,"+0.093<!--#above.impervious_bu-->, +0.028<!--#above.impervious_bw-->,"
notes/draft-results.md,262,3.3 Held-out performance against the baselines,0.055,measured,inline resolver,above.impervious_pu,+0.055<!--#above.impervious_pu--> and
notes/draft-results.md,263,3.3 Held-out performance against the baselines,-0.077,measured,inline resolver,above.impervious_pw,"-0.077<!--#above.impervious_pw-->, the difference being that"
notes/draft-results.md,264,3.3 Held-out performance against the baselines,0.172,neither,no resolver and no exemption,,leave-one-province-out penalises the constant itself by −0.172. Adding rice
notes/draft-results.md,267,3.3 Held-out performance against the baselines,14.2,measured,inline resolver,baseline.impervious_rmse,14.2<!--#baseline.impervious_rmse--> ppb against a field spread of
notes/draft-results.md,268,3.3 Held-out performance against the baselines,106.1,measured,inline resolver,baseline.observed_span_ppb,"106.1<!--#baseline.observed_span_ppb--> ppb, and its predictions span"
notes/draft-results.md,269,3.3 Held-out performance against the baselines,42.7,measured,inline resolver,baseline.impervious_span_ppb,42.7<!--#baseline.impervious_span_ppb--> ppb.
notes/draft-results.md,277,3.3 Held-out performance against the baselines,-0.059,measured,inline resolver,suite.rice_combined_pu,-0.059<!--#suite.rice_combined_pu--> against the null's
notes/draft-results.md,278,3.3 Held-out performance against the baselines,-0.091,measured,inline resolver,suite.null_operational_pu,-0.091<!--#suite.null_operational_pu-->.
notes/draft-results.md,280,3.3 Held-out performance against the baselines,0,self_evident,structural context,,The same pattern holds on the other two fields (§0): impervious fraction reaches
notes/draft-results.md,281,3.3 Held-out performance against the baselines,0.065,measured,inline resolver,suite.impervious_blended,0.065<!--#suite.impervious_blended--> on the blended field and
notes/draft-results.md,282,3.3 Held-out performance against the baselines,0.095,measured,inline resolver,suite.impervious_deseasonalised,0.095<!--#suite.impervious_deseasonalised--> on the deseasonalised field under
notes/draft-results.md,285,3.4 The form of the negative result,3.4,self_evident,structural line,,### 3.4 The form of the negative result
notes/draft-results.md,297,3.4 The form of the negative result,0.58,measured,inline resolver,equiv.bound_comparative,"correlation, |r| = 0.58<!--#equiv.bound_comparative--> — because this paper's"
notes/draft-results.md,299,3.4 The form of the negative result,90,neither,no resolver and no exemption,,Two one-sided tests are assessed on a 90 percent interval with effective
notes/draft-results.md,302,3.4 The form of the negative result,36,measured,inline resolver,equiv.rows,"Across 36<!--#equiv.rows--> combinations of field, predictor and weighting,"
notes/draft-results.md,303,3.4 The form of the negative result,0,measured,inline resolver,equiv.outside_comparative,"**0<!--#equiv.outside_comparative--> fall outside the bounds**, so no"
notes/draft-results.md,305,3.4 The form of the negative result,31,measured,inline resolver,equiv.within_comparative,31<!--#equiv.within_comparative--> fall entirely within them and
notes/draft-results.md,306,3.4 The form of the negative result,5,measured,inline resolver,equiv.spanning_comparative,5<!--#equiv.spanning_comparative--> span a bound.
notes/draft-results.md,309,3.4 The form of the negative result,24,measured,inline resolver,equiv.rice_within,"result. **For rice, all 24<!--#equiv.rice_within--> of"
notes/draft-results.md,310,3.4 The form of the negative result,24,measured,inline resolver,equiv.rice_rows,24<!--#equiv.rice_rows--> combinations fall entirely within the bounds**: the
notes/draft-results.md,314,3.4 The form of the negative result,7,measured,inline resolver,equiv.impervious_within,"7<!--#equiv.impervious_within--> of 12<!--#equiv.impervious_rows--> do**, and"
notes/draft-results.md,314,3.4 The form of the negative result,12,measured,inline resolver,equiv.impervious_rows,"7<!--#equiv.impervious_within--> of 12<!--#equiv.impervious_rows--> do**, and"
notes/draft-results.md,315,3.4 The form of the negative result,5,measured,inline resolver,equiv.impervious_spans,"the other 5<!--#equiv.impervious_spans--> span the bound, so for impervious the"
notes/draft-results.md,333,3.4 The form of the negative result,7,self_evident,structural context,,"over this domain is more accurate than the products used (methods §7), so"
notes/draft-results.md,338,3.4 The form of the negative result,0.002066,measured,inline resolver,atten.var_d,"0.002066<!--#atten.var_d-->, which is"
notes/draft-results.md,339,3.4 The form of the negative result,13.2,measured,inline resolver,atten.var_share_pct,13.2<!--#atten.var_share_pct--> % of the predictor's own variance of
notes/draft-results.md,340,3.4 The form of the negative result,0.015631,measured,inline resolver,atten.var_x,0.015631<!--#atten.var_x-->; the two correlate at
notes/draft-results.md,341,3.4 The form of the negative result,0.938,measured,inline resolver,atten.corr,0.938<!--#atten.corr-->. If the two products' errors are independent of each
notes/draft-results.md,344,3.4 The form of the negative result,0.868,measured,inline resolver,atten.lambda_min,0.868<!--#atten.lambda_min--> and **the largest factor by which measurement
notes/draft-results.md,346,3.4 The form of the negative result,1.15,measured,inline resolver,atten.factor_max,1.15<!--#atten.factor_max-->.**
notes/draft-results.md,351,3.4 The form of the negative result,0.085,measured,inline resolver,suite.impervious_operational,+0.085<!--#suite.impervious_operational--> bounds upward to
notes/draft-results.md,352,3.4 The form of the negative result,0.098,measured,inline resolver,atten.r2_bound_bu,"+0.098<!--#atten.r2_bound_bu-->, against the spatial null's"
notes/draft-results.md,353,3.4 The form of the negative result,0.332,measured,inline resolver,suite.null_operational,+0.332<!--#suite.null_operational--> on the same combination. The coefficient
notes/draft-results.md,354,3.4 The form of the negative result,41.0,neither,no resolver and no exemption,,bounds from 41.0 ppb per unit fraction to
notes/draft-results.md,355,3.4 The form of the negative result,47.3,measured,inline resolver,atten.coef_bound,47.3<!--#atten.coef_bound-->. On the blended field the bound is
notes/draft-results.md,356,3.4 The form of the negative result,0.075,measured,inline resolver,atten.r2_bound_blended_bu,+0.075<!--#atten.r2_bound_blended_bu--> against a null of
notes/draft-results.md,357,3.4 The form of the negative result,0.414,measured,inline resolver,suite.null_blended,+0.414<!--#suite.null_blended-->. Under leave-one-province-out the impervious
notes/draft-results.md,362,3.4 The form of the negative result,74.5,neither,no resolver and no exemption,,"to lift the land-cover coefficient to the spatial null's performance, 74.5"
notes/draft-results.md,364,3.4 The form of the negative result,5.6,neither,no resolver and no exemption,,"5.6 times what the two products' disagreement supports, and 7.2 times on the"
notes/draft-results.md,364,3.4 The form of the negative result,7.2,neither,no resolver and no exemption,,"5.6 times what the two products' disagreement supports, and 7.2 times on the"
notes/draft-results.md,368,3.4 The form of the negative result,4.3,self_evident,structural context,,"the reported null, to within the assumptions stated in methods §4.3: that the"
notes/draft-results.md,373,3.4 The form of the negative result,0.118,unresolved,"in an artefact, no resolver","albedo_confounder_2018.csv, partial correlation",with a partial correlation of −0.118 against methane given the fraction. Neither
notes/draft-results.md,374,3.4 The form of the negative result,5.6,neither,no resolver and no exemption,,violation approaches the factor of 5.6 the margin provides.
notes/draft-results.md,379,3.4 The form of the negative result,777,neither,no resolver and no exemption,,"is 777 visually interpreted polygons reaching 62 of the 926 cells, which could"
notes/draft-results.md,379,3.4 The form of the negative result,62,neither,no resolver and no exemption,,"is 777 visually interpreted polygons reaching 62 of the 926 cells, which could"
notes/draft-results.md,379,3.4 The form of the negative result,926,self_evident,study box or lattice shape,,"is 777 visually interpreted polygons reaching 62 of the 926 cells, which could"
notes/draft-results.md,383,"4. Confounds, each with its measurement",4,self_evident,structural line,,"## 4. Confounds, each with its measurement"
notes/draft-results.md,385,4.1 Albedo collinearity,4.1,self_evident,structural line,,### 4.1 Albedo collinearity
notes/draft-results.md,390,4.1 Albedo collinearity,0.700,measured,inline resolver,collinear.methane_albedo,0.700<!--#collinear.methane_albedo--> unweighted and with impervious fraction at
notes/draft-results.md,391,4.1 Albedo collinearity,0.475,unresolved,"in an artefact, no resolver","albedo_confounder_2018.csv, zero-order correlation",0.475; near-infrared albedo correlates with the field at 0.746. The albedo model
notes/draft-results.md,391,4.1 Albedo collinearity,0.746,unresolved,"in an artefact, no resolver","albedo_confounder_2018.csv, zero-order correlation",0.475; near-infrared albedo correlates with the field at 0.746. The albedo model
notes/draft-results.md,392,4.1 Albedo collinearity,0.476,measured,inline resolver,suite.albedo_operational,alone reaches held-out R² 0.476<!--#suite.albedo_operational--> under blocks and
notes/draft-results.md,397,4.1 Albedo collinearity,203.9,measured,inline resolver,albedo.slope_raw,shortwave-infrared albedo is 203.9<!--#albedo.slope_raw--> ppb per unit albedo
notes/draft-results.md,398,4.1 Albedo collinearity,199.7,measured,inline resolver,albedo.slope_corrected,and the corrected field's is 199.7<!--#albedo.slope_corrected-->; the correction
notes/draft-results.md,399,4.1 Albedo collinearity,-4.2,measured,inline resolver,albedo.slope_correction,"itself has a slope of -4.2<!--#albedo.slope_correction--> ppb per unit albedo, so"
notes/draft-results.md,401,4.1 Albedo collinearity,2.1,measured,inline resolver,collinear.reduction_percent,2.1<!--#collinear.reduction_percent--> % unweighted and
notes/draft-results.md,402,4.1 Albedo collinearity,31.3,measured,inline resolver,collinear.reduction_weighted_percent,31.3<!--#collinear.reduction_weighted_percent--> % weighted by sounding
notes/draft-results.md,407,4.1 Albedo collinearity,232.8,measured,inline resolver,albedo.slope_blended,"232.8<!--#albedo.slope_blended--> ppb per unit albedo unweighted, which is"
notes/draft-results.md,408,4.1 Albedo collinearity,16.6,measured,inline resolver,albedo.blended_over_corrected_percent,16.6<!--#albedo.blended_over_corrected_percent--> % above the operationally
notes/draft-results.md,410,4.1 Albedo collinearity,0.700,measured,inline resolver,albedo.pearson_corrected,0.700<!--#albedo.pearson_corrected--> to
notes/draft-results.md,411,4.1 Albedo collinearity,0.762,measured,inline resolver,albedo.pearson_blended,0.762<!--#albedo.pearson_blended-->; the near-infrared band behaves the same way
notes/draft-results.md,413,4.1 Albedo collinearity,18.5,neither,no resolver and no exemption,,"spatial dependence, at an effective sample size of 18.5 cells of 926."
notes/draft-results.md,413,4.1 Albedo collinearity,926,self_evident,study box or lattice shape,,"spatial dependence, at an effective sample size of 18.5 cells of 926."
notes/draft-results.md,425,4.1 Albedo collinearity,166,measured,inline resolver,cov.albedo_negative,"166<!--#cov.albedo_negative--> cells, 17.9<!--#collinear.negative_percent--> % of"
notes/draft-results.md,425,4.1 Albedo collinearity,17.9,measured,inline resolver,collinear.negative_percent,"166<!--#cov.albedo_negative--> cells, 17.9<!--#collinear.negative_percent--> % of"
notes/draft-results.md,429,4.1 Albedo collinearity,3,self_evident,structural context,,"Every result in §3 is therefore a result from a field with a known, unremoved"
notes/draft-results.md,430,4.1 Albedo collinearity,3.2,self_evident,structural context,,"albedo dependence, and the partial correlations of §3.2 are the measurement of"
notes/draft-results.md,431,4.1 Albedo collinearity,2.5,self_evident,structural context,,how much of the association that dependence accounts for. Methods §2.5 records
notes/draft-results.md,436,4.2 Sampling composition,4.2,self_evident,structural line,,### 4.2 Sampling composition
notes/draft-results.md,440,4.2 Sampling composition,0.699,measured,inline resolver,deseason.doy_raw,0.699<!--#deseason.doy_raw--> unweighted — a stronger association than either
notes/draft-results.md,442,4.2 Sampling composition,0.695,unresolved,"in an artefact, no resolver","albedo_confounder_2018.csv, solar-zenith correlation","the same thing, correlates at 0.695."
notes/draft-results.md,444,4.3 Whether the calendar explains the association,4.3,self_evident,structural line,,### 4.3 Whether the calendar explains the association
notes/draft-results.md,449,4.3 Whether the calendar explains the association,0.699,measured,inline resolver,deseason.doy_raw,"0.699<!--#deseason.doy_raw--> to 0.629<!--#deseason.doy_mu-->, so the procedure"
notes/draft-results.md,449,4.3 Whether the calendar explains the association,0.629,measured,inline resolver,deseason.doy_mu,"0.699<!--#deseason.doy_raw--> to 0.629<!--#deseason.doy_mu-->, so the procedure"
notes/draft-results.md,453,4.3 Whether the calendar explains the association,0.345,measured,inline resolver,deseason.impervious_raw,correlation with the field moves from 0.345<!--#deseason.impervious_raw--> to
notes/draft-results.md,454,4.3 Whether the calendar explains the association,0.354,measured,inline resolver,deseason.impervious_mu,"0.354<!--#deseason.impervious_mu-->, a change of"
notes/draft-results.md,455,4.3 Whether the calendar explains the association,0.009,measured,inline resolver,deseason.impervious_change,+0.009<!--#deseason.impervious_change-->. Rice fraction's moves from
notes/draft-results.md,456,4.3 Whether the calendar explains the association,0.096,measured,inline resolver,deseason.rice_raw,0.096<!--#deseason.rice_raw--> by
notes/draft-results.md,457,4.3 Whether the calendar explains the association,-0.0052,measured,inline resolver,deseason.rice_change,-0.0052<!--#deseason.rice_change-->. The land-cover association is neither
notes/draft-results.md,458,4.3 Whether the calendar explains the association,3.3,self_evident,structural context,,"created nor removed by the sampling calendar, and the held-out figures in §3.3"
notes/draft-results.md,461,5. Cross-validation diagnostics,5,self_evident,structural line,,## 5. Cross-validation diagnostics
notes/draft-results.md,463,5.1 Residual autocorrelation against block size,5.1,self_evident,structural line,,### 5.1 Residual autocorrelation against block size
notes/draft-results.md,467,5.1 Residual autocorrelation against block size,111.2,measured,inline resolver,range.block_ns_km,111.2<!--#range.block_ns_km--> by 95.0<!--#range.block_ew_km--> km. Of the
notes/draft-results.md,467,5.1 Residual autocorrelation against block size,95.0,measured,inline resolver,range.block_ew_km,111.2<!--#range.block_ns_km--> by 95.0<!--#range.block_ew_km--> km. Of the
notes/draft-results.md,468,5.1 Residual autocorrelation against block size,10,measured,inline resolver,range.models,"10<!--#range.models--> model-field combinations,"
notes/draft-results.md,469,5.1 Residual autocorrelation against block size,4,measured,inline resolver,range.too_small,4<!--#range.too_small--> leave residuals still correlated at a block width.
notes/draft-results.md,472,5.1 Residual autocorrelation against block size,96.1,measured,inline resolver,range.operational_impervious_km,96.1<!--#range.operational_impervious_km--> km on the operational field and
notes/draft-results.md,473,5.1 Residual autocorrelation against block size,134.5,measured,inline resolver,range.blended_impervious_km,134.5<!--#range.blended_impervious_km--> km on the blended field. Models that
notes/draft-results.md,475,5.1 Residual autocorrelation against block size,22.5,measured,inline resolver,range.operational_full_km,22.5<!--#range.operational_full_km--> km or less on the operational field.
notes/draft-results.md,479,5.2 The buffered decay curve,5.2,self_evident,structural line,,### 5.2 The buffered decay curve
notes/draft-results.md,482,5.2 The buffered decay curve,0,self_evident,swept buffer radius,,"within a radius of it, from 0 to 500 km, and reported as skill above a constant"
notes/draft-results.md,482,5.2 The buffered decay curve,500,self_evident,swept buffer radius,,"within a radius of it, from 0 to 500 km, and reported as skill above a constant"
notes/draft-results.md,486,5.2 The buffered decay curve,0.687,measured,inline resolver,loo.null_0km,constant falls from +0.687<!--#loo.null_0km--> at no buffer to
notes/draft-results.md,487,5.2 The buffered decay curve,0.000,measured,inline resolver,loo.null_50km,"0.000<!--#loo.null_50km--> at 50 km, once the buffer exceeds one cell and its"
notes/draft-results.md,487,5.2 The buffered decay curve,50,self_evident,swept buffer radius,,"0.000<!--#loo.null_50km--> at 50 km, once the buffer exceeds one cell and its"
notes/draft-results.md,493,5.2 The buffered decay curve,0.118,measured,inline resolver,loo.impervious_0km,"+0.118<!--#loo.impervious_0km--> at no buffer,"
notes/draft-results.md,494,5.2 The buffered decay curve,0.089,measured,inline resolver,loo.impervious_100km,"+0.089<!--#loo.impervious_100km--> at 100 km,"
notes/draft-results.md,494,5.2 The buffered decay curve,100,self_evident,swept buffer radius,,"+0.089<!--#loo.impervious_100km--> at 100 km,"
notes/draft-results.md,495,5.2 The buffered decay curve,0.007,measured,inline resolver,loo.impervious_300km,"+0.007<!--#loo.impervious_300km--> at 300 km, and negative beyond. On the blended"
notes/draft-results.md,495,5.2 The buffered decay curve,300,self_evident,swept buffer radius,,"+0.007<!--#loo.impervious_300km--> at 300 km, and negative beyond. On the blended"
notes/draft-results.md,496,5.2 The buffered decay curve,200,self_evident,swept buffer radius,,field it reaches zero by 200 km. **The impervious coefficient is therefore not
notes/draft-results.md,498,5.2 The buffered decay curve,300,self_evident,swept buffer radius,,the training data are more than about 300 km away.
notes/draft-results.md,500,5.3 The two schemes bracket,5.3,self_evident,structural line,,### 5.3 The two schemes bracket
notes/draft-results.md,502,5.3 The two schemes bracket,1,neither,no resolver and no exemption,,Leave-one-province-out and 1° spatial blocks give systematically different
notes/draft-results.md,509,5.3 The two schemes bracket,5.1,self_evident,structural context,,**Which end of the bracket is which is decidable from §5.1.** The impervious
notes/draft-results.md,511,5.3 The two schemes bracket,96.1,measured,inline resolver,range.operational_impervious_km,96.1<!--#range.operational_impervious_km--> km against a block
notes/draft-results.md,512,5.3 The two schemes bracket,95.0,measured,inline resolver,range.block_ew_km,"95.0<!--#range.block_ew_km--> km at its narrowest, so residual structure"
notes/draft-results.md,518,5.3 The two schemes bracket,410,measured,inline resolver,composite.max_soundings,410<!--#composite.max_soundings-->.
notes/draft-results.md,520,6. Capability of the observing system,6,self_evident,structural line,,## 6. Capability of the observing system
notes/draft-results.md,522,6.1 Expected degrees of freedom for signal,6.1,self_evident,structural line,,### 6.1 Expected degrees of freedom for signal
notes/draft-results.md,527,6.1 Expected degrees of freedom for signal,23.0,measured,inline resolver,dofs.days_median,record: a median of 23.0<!--#dofs.days_median--> observation days per covered
notes/draft-results.md,528,6.1 Expected degrees of freedom for signal,4.4,measured,inline resolver,dofs.retrievals_median,cell and 4.4<!--#dofs.retrievals_median--> retrievals per super-observation.
notes/draft-results.md,532,6.1 Expected degrees of freedom for signal,1.44,measured,inline resolver,dofs.at_3tg,"Expected DOFS over the domain is 1.44<!--#dofs.at_3tg--> at a 3 Tg a⁻¹ prior,"
notes/draft-results.md,532,6.1 Expected degrees of freedom for signal,3,self_evident,label or pair beside a marked number,,"Expected DOFS over the domain is 1.44<!--#dofs.at_3tg--> at a 3 Tg a⁻¹ prior,"
notes/draft-results.md,533,6.1 Expected degrees of freedom for signal,3.98,measured,inline resolver,dofs.at_5tg,3.98<!--#dofs.at_5tg--> at 5 Tg a⁻¹ and
notes/draft-results.md,533,6.1 Expected degrees of freedom for signal,5,self_evident,label or pair beside a marked number,,3.98<!--#dofs.at_5tg--> at 5 Tg a⁻¹ and
notes/draft-results.md,534,6.1 Expected degrees of freedom for signal,22.21,measured,inline resolver,dofs.at_12tg,22.21<!--#dofs.at_12tg--> at 12 Tg a⁻¹.
notes/draft-results.md,534,6.1 Expected degrees of freedom for signal,12,cited,in a draft's own exemption list,discussion: transport error standard deviation ppb,22.21<!--#dofs.at_12tg--> at 12 Tg a⁻¹.
notes/draft-results.md,536,6.1 Expected degrees of freedom for signal,0.5,cited,in a draft's own exemption list,introduction/discussion: averaging-kernel sensitivity threshold,"The sweep crosses the threshold one weekly basin study adopted, 0.5, at"
notes/draft-results.md,537,6.1 Expected degrees of freedom for signal,1.77,measured,inline resolver,dofs.cross_half,"1.77<!--#dofs.cross_half--> Tg a⁻¹, IMI's stated minimum viability of 1 at"
notes/draft-results.md,537,6.1 Expected degrees of freedom for signal,1,neither,no resolver and no exemption,,"1.77<!--#dofs.cross_half--> Tg a⁻¹, IMI's stated minimum viability of 1 at"
notes/draft-results.md,538,6.1 Expected degrees of freedom for signal,2.50,measured,inline resolver,dofs.cross_one,2.50<!--#dofs.cross_one--> and its marginal ceiling of 2 at
notes/draft-results.md,538,6.1 Expected degrees of freedom for signal,2,self_evident,label or pair beside a marked number,,2.50<!--#dofs.cross_one--> and its marginal ceiling of 2 at
notes/draft-results.md,539,6.1 Expected degrees of freedom for signal,3.54,measured,inline resolver,dofs.cross_two,3.54<!--#dofs.cross_two-->. Those crossings are bisected on the sensitivity
notes/draft-results.md,548,6.1 Expected degrees of freedom for signal,0,measured,inline resolver,dofs.cells_above_half,above 0.5** — the count is 0<!--#dofs.cells_above_half--> at every prior
notes/draft-results.md,548,6.1 Expected degrees of freedom for signal,0.5,cited,in a draft's own exemption list,introduction/discussion: averaging-kernel sensitivity threshold,above 0.5** — the count is 0<!--#dofs.cells_above_half--> at every prior
notes/draft-results.md,549,6.1 Expected degrees of freedom for signal,926,self_evident,study box or lattice shape,,magnitude tested. The DOFS total accumulates from 926 weakly constrained cells
notes/draft-results.md,551,6.1 Expected degrees of freedom for signal,5,neither,no resolver and no exemption,,5 Tg a⁻¹ the median cell's sensitivity is
notes/draft-results.md,552,6.1 Expected degrees of freedom for signal,0.0039,measured,inline resolver,dofs.cell_median_5tg,0.0039<!--#dofs.cell_median_5tg--> and the best-observed cell reaches
notes/draft-results.md,553,6.1 Expected degrees of freedom for signal,0.0119,measured,inline resolver,dofs.cell_max_5tg,"0.0119<!--#dofs.cell_max_5tg-->; at 12 Tg a⁻¹, the top of the band, the median"
notes/draft-results.md,553,6.1 Expected degrees of freedom for signal,12,cited,in a draft's own exemption list,discussion: transport error standard deviation ppb,"0.0119<!--#dofs.cell_max_5tg-->; at 12 Tg a⁻¹, the top of the band, the median"
notes/draft-results.md,554,6.1 Expected degrees of freedom for signal,0.0221,measured,inline resolver,dofs.cell_median_12tg,is 0.0221<!--#dofs.cell_median_12tg--> and the best cell
notes/draft-results.md,555,6.1 Expected degrees of freedom for signal,0.0649,measured,inline resolver,dofs.cell_max_12tg,0.0649<!--#dofs.cell_max_12tg-->. **The most favourable cell under the most
notes/draft-results.md,558,6.1 Expected degrees of freedom for signal,22,neither,no resolver and no exemption,,of 22 reads as capability until the per-cell figures are beside it.
notes/draft-results.md,560,6.2 The prior-free threshold,6.2,self_evident,structural line,,### 6.2 The prior-free threshold
notes/draft-results.md,564,6.2 The prior-free threshold,0.0862,measured,inline resolver,dofs.prior_free_median,this composite would need 0.0862<!--#dofs.prior_free_median--> Tg a⁻¹ — about
notes/draft-results.md,565,6.2 The prior-free threshold,86,measured,inline resolver,dofs.prior_free_median_gg,86<!--#dofs.prior_free_median_gg--> Gg a⁻¹ from a single 625 km² cell — for the observations to constrain it half
notes/draft-results.md,565,6.2 The prior-free threshold,625,self_evident,label or pair beside a marked number,,86<!--#dofs.prior_free_median_gg--> Gg a⁻¹ from a single 625 km² cell — for the observations to constrain it half
notes/draft-results.md,566,6.2 The prior-free threshold,65,neither,no resolver and no exemption,,"independently of the prior.** The best-observed cell, with 65 observation days,"
notes/draft-results.md,567,6.2 The prior-free threshold,0.0492,measured,inline resolver,dofs.prior_free_best,"would need 0.0492<!--#dofs.prior_free_best--> Tg a⁻¹, or"
notes/draft-results.md,568,6.2 The prior-free threshold,49,measured,inline resolver,dofs.prior_free_best_gg,49<!--#dofs.prior_free_best_gg--> Gg a⁻¹.
notes/draft-results.md,570,6.2 The prior-free threshold,10,cited,in a draft's own exemption list,"methods: published precision filter, under 10 ppb","For scale, a large municipal landfill emits on the order of 10 to 50 Gg a⁻¹."
notes/draft-results.md,570,6.2 The prior-free threshold,50,neither,no resolver and no exemption,,"For scale, a large municipal landfill emits on the order of 10 to 50 Gg a⁻¹."
notes/draft-results.md,575,6.2 The prior-free threshold,926,self_evident,study box or lattice shape,,top of the range would just reach half-constraint — in the one cell of 926 with
notes/draft-results.md,577,6.2 The prior-free threshold,0.5,cited,in a draft's own exemption list,introduction/discussion: averaging-kernel sensitivity threshold,this domain sit below a sensitivity of 0.5 and above zero**: visible to an
notes/draft-results.md,584,6.3 Identifiability,6.3,self_evident,structural line,,### 6.3 Identifiability
notes/draft-results.md,593,6.3 Identifiability,0.35,cited,in a draft's own exemption list,"discussion: posterior error correlation, distinct sector",fall below 0.35 and the sector can be quantified. Where sectors' priors share a
notes/draft-results.md,595,6.3 Identifiability,0.45,cited,in a draft's own exemption list,"discussion: posterior error correlation, shared surface, lower",stationary combustion — posterior error correlations among them run 0.45 to 0.87
notes/draft-results.md,595,6.3 Identifiability,0.87,cited,in a draft's own exemption list,"discussion: posterior error correlation, shared surface, upper",stationary combustion — posterior error correlations among them run 0.45 to 0.87
notes/draft-results.md,606,6.3 Identifiability,86.11,measured,inline resolver,rice.anhui_coverage_percent,86.11<!--#rice.anhui_coverage_percent--> % of that province.
notes/draft-results.md,612,6.4 Relation to §3,6.4,self_evident,structural line,,### 6.4 Relation to §3
notes/draft-results.md,612,6.4 Relation to §3,3,self_evident,structural line,,### 6.4 Relation to §3
notes/draft-results.md,614,6.4 Relation to §3,3,self_evident,structural context,,The land-cover result of §3 is the empirical counterpart of §6.1. A record whose
notes/draft-results.md,614,6.4 Relation to §3,6.1,self_evident,structural context,,The land-cover result of §3 is the empirical counterpart of §6.1. A record whose
notes/draft-results.md,616,6.4 Relation to §3,3,self_evident,structural context,,"record in which per-cell predictors should fail, and §3 reports that they do"
notes/draft-results.md,621,7. Reproducibility of the reported figures,7,self_evident,structural line,,## 7. Reproducibility of the reported figures
notes/draft-results.md,623,7. Reproducibility of the reported figures,74,measured,inline resolver,pipeline.recipes,74<!--#pipeline.recipes--> derived artefacts are registered with the command that
notes/draft-results.md,625,7. Reproducibility of the reported figures,41,measured,inline resolver,pipeline.recipes_committed,41<!--#pipeline.recipes_committed--> regenerate from a fresh clone with no network
notes/draft-results.md,627,7. Reproducibility of the reported figures,22,measured,inline resolver,pipeline.recipes_local,run; 22<!--#pipeline.recipes_local--> require local raw data;
notes/draft-results.md,628,7. Reproducibility of the reported figures,10,measured,inline resolver,pipeline.recipes_network,10<!--#pipeline.recipes_network--> require a network fetch. Every numeric claim in
notes/draft-discussion.md,10,(none),1,self_evident,structural context,,"what the result is and is not (§1), explain why it came out that way (§2 and §3),"
notes/draft-discussion.md,10,(none),2,self_evident,structural context,,"what the result is and is not (§1), explain why it came out that way (§2 and §3),"
notes/draft-discussion.md,10,(none),3,self_evident,structural context,,"what the result is and is not (§1), explain why it came out that way (§2 and §3),"
notes/draft-discussion.md,11,(none),4,self_evident,structural context,,"show that the explanation is not an artefact (§4), and then generalise it — which"
notes/draft-discussion.md,12,(none),5,self_evident,structural context,,is where the contribution sits (§5). Only then does it locate the work against
notes/draft-discussion.md,13,(none),6,self_evident,structural context,,"prior results (§6) and say what would answer the original question (§7), closing"
notes/draft-discussion.md,13,(none),7,self_evident,structural context,,"prior results (§6) and say what would answer the original question (§7), closing"
notes/draft-discussion.md,14,(none),8,self_evident,structural context,,with limitations (§8). Mechanism precedes capability deliberately: the mechanism
notes/draft-discussion.md,19,"1. What the reproduction establishes, and what it does not",1,self_evident,structural line,,"## 1. What the reproduction establishes, and what it does not"
notes/draft-discussion.md,21,"1. What the reproduction establishes, and what it does not",2018,self_evident,year as a date,,No association between land cover and the 2018 methane column field was detected
notes/draft-discussion.md,28,"1. What the reproduction establishes, and what it does not",0.58,measured,inline resolver,equiv.bound_comparative,"|r| = 0.58<!--#equiv.bound_comparative-->, tested on a 90 percent interval with"
notes/draft-discussion.md,28,"1. What the reproduction establishes, and what it does not",90,self_evident,label or pair beside a marked number,,"|r| = 0.58<!--#equiv.bound_comparative-->, tested on a 90 percent interval with"
notes/draft-discussion.md,32,"1. What the reproduction establishes, and what it does not",24,measured,inline resolver,equiv.rice_rows,"24<!--#equiv.rice_rows--> combinations, which is evidence of no meaningful"
notes/draft-discussion.md,34,"1. What the reproduction establishes, and what it does not",7,measured,inline resolver,equiv.impervious_within,"7<!--#equiv.impervious_within--> of 12<!--#equiv.impervious_rows-->, and spans"
notes/draft-discussion.md,34,"1. What the reproduction establishes, and what it does not",12,measured,inline resolver,equiv.impervious_rows,"7<!--#equiv.impervious_within--> of 12<!--#equiv.impervious_rows-->, and spans"
notes/draft-discussion.md,41,"1. What the reproduction establishes, and what it does not",4,self_evident,structural context,,predictor does not account for the result** — §4 gives the bound.
notes/draft-discussion.md,48,"1. What the reproduction establishes, and what it does not",0.25,self_evident,grid resolution,,"regressed against an annual column composite at 0.25 degrees, cannot recover"
notes/draft-discussion.md,52,"2. Extent is a proxy for presence, not for management",2,self_evident,structural line,,"## 2. Extent is a proxy for presence, not for management"
notes/draft-discussion.md,59,"2. Extent is a proxy for presence, not for management",13.7,cited,in a draft's own exemption list,"introduction/discussion: rice prior Tg, and the water-regime ratio", one soil under one crop span a factor of 13.7 in net global warming potential.
notes/draft-discussion.md,62,"2. Extent is a proxy for presence, not for management",38,cited,in a draft's own exemption list,discussion: collection efficiency," efficiency averages 38 percent against a reported 70, while the Los Angeles"
notes/draft-discussion.md,62,"2. Extent is a proxy for presence, not for management",70,cited,in a draft's own exemption list,discussion: collection efficiency," efficiency averages 38 percent against a reported 70, while the Los Angeles"
notes/draft-discussion.md,63,"2. Extent is a proxy for presence, not for management",85,cited,in a draft's own exemption list,discussion: collection efficiency, sites in the same analysis average 85 — a factor of two in emission at
notes/draft-discussion.md,69,"2. Extent is a proxy for presence, not for management",8,neither,no resolver and no exemption,, content across the Huainan–Huaibei coalfield runs 8 to 16 m³ per tonne in
notes/draft-discussion.md,69,"2. Extent is a proxy for presence, not for management",16,neither,no resolver and no exemption,, content across the Huainan–Huaibei coalfield runs 8 to 16 m³ per tonne in
notes/draft-discussion.md,70,"2. Extent is a proxy for presence, not for management",10,cited,in a draft's own exemption list,"methods: published precision filter, under 10 ppb", Huaibei and 10 to 30 in Huainan.
notes/draft-discussion.md,70,"2. Extent is a proxy for presence, not for management",30,cited,in a draft's own exemption list,"introduction: inventory spread, at least 30 percent", Huaibei and 10 to 30 in Huainan.
notes/draft-discussion.md,76,"2. Extent is a proxy for presence, not for management",197,cited,in a draft's own exemption list,discussion: within-class aquaculture ratio, intensity per unit of fish production runs **197 times higher** in traditional
notes/draft-discussion.md,90,"2. Extent is a proxy for presence, not for management",197,cited,in a draft's own exemption list,discussion: within-class aquaculture ratio,practice. A factor of 197 between two ways of farming the same water is not an
notes/draft-discussion.md,93,"2. Extent is a proxy for presence, not for management",7,self_evident,structural context,,"quality** — and it is why §7's routes are about priors, targeted observation and"
notes/draft-discussion.md,96,3. What the predictors never contained,3,self_evident,structural line,,## 3. What the predictors never contained
notes/draft-discussion.md,99,3. What the predictors never contained,2,self_evident,structural context,,§2 says a perfectly measured extent predictor would still fail. This section
notes/draft-discussion.md,107,3. What the predictors never contained,33.3462,unresolved,"in an artefact, no resolver","the Anhui raster bound, exempted in the methods note","hole**, because the committed rice raster stops classifying north of 33.3462° N,"
notes/draft-discussion.md,112,3. What the predictors never contained,26,cited,in a draft's own exemption list,introduction/discussion: 26 percent aquaculture share,"**Aquaculture.** The region holds 26 percent of China's aquaculture area, ponds"
notes/draft-discussion.md,115,3. What the predictors never contained,197,cited,in a draft's own exemption list,discussion: within-class aquaculture ratio,"of 197 between pond types, a source of this size being both unmapped and"
notes/draft-discussion.md,126,4. Why the result is not an artefact,4,self_evident,structural line,,## 4. Why the result is not an artefact
notes/draft-discussion.md,134,4. Why the result is not an artefact,0.761,measured,inline resolver,collinear.collinearity,"+0.761<!--#collinear.collinearity--> over 926<!--#grid.rows--> cells, and albedo"
notes/draft-discussion.md,134,4. Why the result is not an artefact,926,measured,inline resolver,grid.rows,"+0.761<!--#collinear.collinearity--> over 926<!--#grid.rows--> cells, and albedo"
notes/draft-discussion.md,137,4. Why the result is not an artefact,0.021,measured,inline resolver,collinear.partial,variables reduces the association to +0.021<!--#collinear.partial-->. The
notes/draft-discussion.md,139,4. Why the result is not an artefact,2.1,measured,inline resolver,collinear.reduction_percent,"2.1<!--#collinear.reduction_percent--> percent of the fitted albedo slope, so the"
notes/draft-discussion.md,146,4. Why the result is not an artefact,0.699,measured,inline resolver,deseason.doy_raw,0.699<!--#deseason.doy_raw--> — a stronger association than either land-cover
notes/draft-discussion.md,149,4. Why the result is not an artefact,0.009,measured,inline resolver,deseason.impervious_change,0.009<!--#deseason.impervious_change--> in Pearson correlation. **The calendar
notes/draft-discussion.md,152,4. Why the result is not an artefact,12,cited,in a draft's own exemption list,discussion: transport error standard deviation ppb,**Transport error.** A model transport error standard deviation of 12 ppb for
notes/draft-discussion.md,154,4. Why the result is not an artefact,14.86,measured,inline resolver,field.sd_operational,standard deviation of 14.86<!--#field.sd_operational--> ppb. That is a reason a
notes/draft-discussion.md,158,4. Why the result is not an artefact,926,measured,inline resolver,grid.rows,**Effective sample size.** The 926<!--#grid.rows--> lattice cells are not 926
notes/draft-discussion.md,158,4. Why the result is not an artefact,926,self_evident,study box or lattice shape,,**Effective sample size.** The 926<!--#grid.rows--> lattice cells are not 926
notes/draft-discussion.md,160,4. Why the result is not an artefact,53.4,measured,inline resolver,dof.effective_n_median,"sample size at 53.4<!--#dof.effective_n_median-->, so every nominal *p*-value in"
notes/draft-discussion.md,169,4. Why the result is not an artefact,13.2,measured,inline resolver,atten.var_share_pct,"13.2<!--#atten.var_share_pct--> percent of the predictor's own, so under"
notes/draft-discussion.md,171,4. Why the result is not an artefact,0.868,measured,inline resolver,atten.lambda_min,0.868<!--#atten.lambda_min--> and **the largest factor by which measurement error
notes/draft-discussion.md,173,4. Why the result is not an artefact,1.15,measured,inline resolver,atten.factor_max,1.15<!--#atten.factor_max-->.** That lifts the best impervious held-out R² from
notes/draft-discussion.md,174,4. Why the result is not an artefact,0.085,measured,inline resolver,suite.impervious_operational,+0.085<!--#suite.impervious_operational--> to
notes/draft-discussion.md,175,4. Why the result is not an artefact,0.098,measured,inline resolver,atten.r2_bound_bu,+0.098<!--#atten.r2_bound_bu--> against a spatial null of
notes/draft-discussion.md,176,4. Why the result is not an artefact,0.332,measured,inline resolver,suite.null_operational,+0.332<!--#suite.null_operational--> on the same cross-validation scheme and
notes/draft-discussion.md,187,4. Why the result is not an artefact,10,cited,in a draft's own exemption list,"methods: published precision filter, under 10 ppb","and aquaculture ponds are spectrally similar flooded land, and a 10 m national"
notes/draft-discussion.md,188,4. Why the result is not an artefact,2026,self_evident,year as a date,,pond product reachable since September 2026 puts pond area inside this lattice
notes/draft-discussion.md,189,4. Why the result is not an artefact,15,cited,in a draft's own exemption list,"introduction: fifteen Tg, the inventory gap",at most about 15 percent of the mapped rice area — but that is a ceiling on one
notes/draft-discussion.md,195,4. Why the result is not an artefact,74.5,measured,inline resolver,atten.need_share_bu_pct,74.5<!--#atten.need_share_bu_pct--> percent of the variance in the impervious
notes/draft-discussion.md,196,4. Why the result is not an artefact,5.6,measured,inline resolver,atten.need_multiple_bu,fraction would have to be error — 5.6<!--#atten.need_multiple_bu--> times what
notes/draft-discussion.md,198,4. Why the result is not an artefact,7.2,measured,inline resolver,atten.need_multiple_bw,7.2<!--#atten.need_multiple_bw--> times on the sounding-weighted combination.
notes/draft-discussion.md,211,5. What the observing system can and cannot constrain,5,self_evident,structural line,,## 5. What the observing system can and cannot constrain
notes/draft-discussion.md,218,5. What the observing system can and cannot constrain,3.98,measured,inline resolver,dofs.at_5tg,"counts, run from 3.98<!--#dofs.at_5tg--> to"
notes/draft-discussion.md,219,5. What the observing system can and cannot constrain,22.21,measured,inline resolver,dofs.at_12tg,22.21<!--#dofs.at_12tg--> across the range the literature supports for the
notes/draft-discussion.md,222,5. What the observing system can and cannot constrain,0.5,cited,in a draft's own exemption list,introduction/discussion: averaging-kernel sensitivity threshold,sensitivity above 0.5 — the count is
notes/draft-discussion.md,223,5. What the observing system can and cannot constrain,0,measured,inline resolver,dofs.cells_above_half,0<!--#dofs.cells_above_half--> at every magnitude tested — and at the top of the
notes/draft-discussion.md,224,5. What the observing system can and cannot constrain,926,self_evident,study box or lattice shape,,range the best-observed cell of 926 reaches
notes/draft-discussion.md,225,5. What the observing system can and cannot constrain,0.065,measured,inline resolver,dofs.cell_max_12tg,"0.065<!--#dofs.cell_max_12tg-->, an order of magnitude below the threshold at"
notes/draft-discussion.md,230,5. What the observing system can and cannot constrain,86,measured,inline resolver,dofs.prior_free_median_gg,86<!--#dofs.prior_free_median_gg--> Gg a⁻¹ for the observations to constrain it
notes/draft-discussion.md,244,5. What the observing system can and cannot constrain,0.35,cited,in a draft's own exemption list,"discussion: posterior error correlation, distinct sector",error correlations with other sectors fall below 0.35 and the sector can be
notes/draft-discussion.md,246,5. What the observing system can and cannot constrain,0.45,cited,in a draft's own exemption list,"discussion: posterior error correlation, shared surface, lower",correlations run 0.45 to 0.87 and separation is limited and prior-weighted. The
notes/draft-discussion.md,246,5. What the observing system can and cannot constrain,0.87,cited,in a draft's own exemption list,"discussion: posterior error correlation, shared surface, upper",correlations run 0.45 to 0.87 and separation is limited and prior-weighted. The
notes/draft-discussion.md,264,6. Relation to prior results,6,self_evident,structural line,,## 6. Relation to prior results
notes/draft-discussion.md,269,6. Relation to prior results,2021,self_evident,year as a date,,"contributions across four regions, Zeng et al. (2021) found transported fluxes"
notes/draft-discussion.md,288,6. Relation to prior results,0.63,cited,in a draft's own exemption list,introduction/discussion: downscaling R squared for CH4,"tracker, satellite land products and reanalysis as inputs, reached R² 0.63 with"
notes/draft-discussion.md,289,6. Relation to prior results,13.26,cited,in a draft's own exemption list,introduction/discussion: downscaling RMSE ppb,"an RMSE of 13.26 ppb, described by its authors as moderate accuracy — against"
notes/draft-discussion.md,290,6. Relation to prior results,0.98,cited,in a draft's own exemption list,introduction: downscaling R squared for CO2,R² 0.98 for column carbon dioxide with the same method and inputs. **Methane is
notes/draft-discussion.md,291,6. Relation to prior results,13.26,cited,in a draft's own exemption list,introduction/discussion: downscaling RMSE ppb,"the hard one even with the right predictors**, and an RMSE of 13.26 ppb is"
notes/draft-discussion.md,293,6. Relation to prior results,14.86,measured,inline resolver,field.sd_operational,14.86<!--#field.sd_operational--> ppb. That is a comparator from another region
notes/draft-discussion.md,296,6. Relation to prior results,2023,self_evident,year as a date,,One sentence on the prior work this extends: the 2023 thesis asked whether urban
notes/draft-discussion.md,301,7. What would be required to answer the original question,7,self_evident,structural line,,## 7. What would be required to answer the original question
notes/draft-discussion.md,313,7. What would be required to answer the original question,245.8,unresolved,"equals a resolver's value, written unmarked",cycle.peak_day,"245.8, which is 2 September, so a uniform June peak is roughly ten weeks early"
notes/draft-discussion.md,313,7. What would be required to answer the original question,2,neither,no resolver and no exemption,,"245.8, which is 2 September, so a uniform June peak is roughly ten weeks early"
notes/draft-discussion.md,315,7. What would be required to answer the original question,0.43,cited,in a draft's own exemption list,"discussion: Heilongjiang Tg pair, lower",sectoral estimate from 0.43 to 0.85 Tg and **reduced model-observation mean
notes/draft-discussion.md,315,7. What would be required to answer the original question,0.85,cited,in a draft's own exemption list,"discussion: Heilongjiang Tg pair, upper",sectoral estimate from 0.43 to 0.85 Tg and **reduced model-observation mean
notes/draft-discussion.md,316,7. What would be required to answer the original question,40,cited,in a draft's own exemption list,discussion: bias reduction percent,biases by 40 percent**; a separate regional inversion attributed increases in
notes/draft-discussion.md,324,7. What would be required to answer the original question,3,neither,no resolver and no exemption,,emitting 3 to 29 t h⁻¹ and city emissions 1.4 to 2.6 times inventory. **This
notes/draft-discussion.md,324,7. What would be required to answer the original question,29,neither,no resolver and no exemption,,emitting 3 to 29 t h⁻¹ and city emissions 1.4 to 2.6 times inventory. **This
notes/draft-discussion.md,324,7. What would be required to answer the original question,1.4,self_evident,study box or lattice shape,,emitting 3 to 29 t h⁻¹ and city emissions 1.4 to 2.6 times inventory. **This
notes/draft-discussion.md,324,7. What would be required to answer the original question,2.6,neither,no resolver and no exemption,,emitting 3 to 29 t h⁻¹ and city emissions 1.4 to 2.6 times inventory. **This
notes/draft-discussion.md,325,7. What would be required to answer the original question,5,self_evident,structural context,,"project has the tip and not the cue**, and §5's prior-free threshold is the"
notes/draft-discussion.md,333,7. What would be required to answer the original question,61,cited,in a draft's own exemption list,discussion: rice isotopic signature,literature puts rice fields at about −61 ± 4‰ in δ¹³C and atmospherically
notes/draft-discussion.md,333,7. What would be required to answer the original question,4,neither,no resolver and no exemption,,literature puts rice fields at about −61 ± 4‰ in δ¹³C and atmospherically
notes/draft-discussion.md,334,7. What would be required to answer the original question,56.1,cited,in a draft's own exemption list,discussion: waste isotopic signature,"measured waste sources at −56.1 ± 2.4‰, which overlap within one standard"
notes/draft-discussion.md,334,7. What would be required to answer the original question,2.4,neither,no resolver and no exemption,,"measured waste sources at −56.1 ± 2.4‰, which overlap within one standard"
notes/draft-discussion.md,336,7. What would be required to answer the original question,2026,self_evident,year as a date,,landfill. **But regional endmembers are not global means.** A 2026 South Asian
notes/draft-discussion.md,338,7. What would be required to answer the original question,53.8,cited,in a draft's own exemption list,discussion: South Asian campaign isotopic signature,"with Miller–Tans values of −53.8 ± 0.8‰ in δ¹³C and −311 ± 6‰ in δ²H, and"
notes/draft-discussion.md,338,7. What would be required to answer the original question,0.8,neither,no resolver and no exemption,,"with Miller–Tans values of −53.8 ± 0.8‰ in δ¹³C and −311 ± 6‰ in δ²H, and"
notes/draft-discussion.md,338,7. What would be required to answer the original question,311,cited,in a draft's own exemption list,discussion: South Asian campaign deuterium signature,"with Miller–Tans values of −53.8 ± 0.8‰ in δ¹³C and −311 ± 6‰ in δ²H, and"
notes/draft-discussion.md,338,7. What would be required to answer the original question,6,neither,no resolver and no exemption,,"with Miller–Tans values of −53.8 ± 0.8‰ in δ¹³C and −311 ± 6‰ in δ²H, and"
notes/draft-discussion.md,340,7. What would be required to answer the original question,53.8,cited,in a draft's own exemption list,discussion: South Asian campaign isotopic signature,source apportionment. A rice signature at −53.8 is enriched *past* the waste
notes/draft-discussion.md,341,7. What would be required to answer the original question,56.1,cited,in a draft's own exemption list,discussion: waste isotopic signature,"average of −56.1, so a regional dual-isotope campaign can separate what global"
notes/draft-discussion.md,348,8. Limitations,8,self_evident,structural line,,## 8. Limitations
notes/draft-discussion.md,350,8. Limitations,2018,self_evident,year as a date,,**One year of one instrument.** 2018 is the first full year of the TROPOMI
notes/draft-discussion.md,351,8. Limitations,2023,self_evident,year as a date,,"record and the 2023 thesis's own analysis year, and the record here is an"
notes/draft-discussion.md,352,8. Limitations,30,cited,in a draft's own exemption list,"introduction: inventory spread, at least 30 percent",eight-month year beginning 30 April. Nothing in this work establishes that 2018
notes/draft-discussion.md,352,8. Limitations,2018,self_evident,year as a date,,eight-month year beginning 30 April. Nothing in this work establishes that 2018
notes/draft-discussion.md,356,8. Limitations,2018,self_evident,year as a date,,conclusion is a property of the instrument over this domain or of 2018's
notes/draft-discussion.md,361,8. Limitations,9,measured,inline resolver,tccon.coincident_days,9<!--#tccon.coincident_days--> days in
notes/draft-discussion.md,362,8. Limitations,2018,self_evident,year as a date,,2018 carry both a TROPOMI overpass of its cell and station data. Nine coincident
notes/draft-discussion.md,370,8. Limitations,30,cited,in a draft's own exemption list,"introduction: inventory spread, at least 30 percent","less accurate than the 30 m products it would assess, the closest being a 1 m"
notes/draft-discussion.md,370,8. Limitations,1,neither,no resolver and no exemption,,"less accurate than the 30 m products it would assess, the closest being a 1 m"
notes/draft-discussion.md,371,8. Limitations,73.61,cited,in a draft's own exemption list,discussion: SinoLC-1 overall accuracy,national land-cover map at 73.61 percent overall accuracy against an impervious
notes/draft-discussion.md,372,8. Limitations,0.954,cited,in a draft's own exemption list,discussion: accuracy figure in section 8,F-score of 0.954 for the layer in use. So the absence is not an omission that
notes/draft-discussion.md,380,8. Limitations,2024,self_evident,year as a date,,September 2024 to orbits this analysis year will never include. Each is recorded
notes/draft-discussion.md,384,8. Limitations,4,self_evident,structural context,,"rice product whose errors are independent of the layer in use, as §4 states."
figures/README_fragments.md,8,(none),300,self_evident,inside a code span,,"`src/figures/output.py`, which refuses to write anything below 300 dpi or"
figures/README_fragments.md,9,(none),8,self_evident,describes the drawing,,narrower than 8 cm. Regenerate with the script named under each caption.
figures/README_fragments.md,13,"Coverage saturation and monthly yield, 2018",2018,self_evident,structural line,,"### Coverage saturation and monthly yield, 2018"
figures/README_fragments.md,15,"Coverage saturation and monthly yield, 2018",2018,self_evident,year as a date,,![Coverage saturation and monthly yield for the 2018 methane composite](coverage_saturation_2018.png)
figures/README_fragments.md,19,"Coverage saturation and monthly yield, 2018",71.5,neither,no resolver and no exemption,,rather than the year's coverage.** Thirty-six productive granules reach 71.5
figures/README_fragments.md,20,"Coverage saturation and monthly yield, 2018","1,023",self_evident,study box or lattice shape,,"percent of the 1,023 cells and the remaining 187 add only 19.1 points to finish"
figures/README_fragments.md,20,"Coverage saturation and monthly yield, 2018",187,neither,no resolver and no exemption,,"percent of the 1,023 cells and the remaining 187 add only 19.1 points to finish"
figures/README_fragments.md,20,"Coverage saturation and monthly yield, 2018",19.1,neither,no resolver and no exemption,,"percent of the 1,023 cells and the remaining 187 add only 19.1 points to finish"
figures/README_fragments.md,21,"Coverage saturation and monthly yield, 2018",90.52,measured,inline resolver,composite.coverage_percent,"at 90.52<!--#composite.coverage_percent--> percent. Soundings also arrive unevenly through the year, and the"
figures/README_fragments.md,22,"Coverage saturation and monthly yield, 2018",30.82,neither,no resolver and no exemption,,unevenness runs opposite to the growing season: October alone carries 30.82
figures/README_fragments.md,23,"Coverage saturation and monthly yield, 2018","110,920",measured,inline resolver,composite.soundings,"percent of the year's 110,920<!--#composite.soundings--> in-box soundings, while June, July and August"
figures/README_fragments.md,24,"Coverage saturation and monthly yield, 2018",14.51,neither,no resolver and no exemption,,together carry 14.51 percent from three times as many granules.
figures/README_fragments.md,28,"Coverage saturation and monthly yield, 2018",578,measured,inline resolver,composite.granules_gridded,"loop handled them. Of 578<!--#composite.granules_gridded--> granules acquired over the box, 223<!--#composite.granules_with_data--> returned a"
figures/README_fragments.md,28,"Coverage saturation and monthly yield, 2018",223,measured,inline resolver,composite.granules_with_data,"loop handled them. Of 578<!--#composite.granules_gridded--> granules acquired over the box, 223<!--#composite.granules_with_data--> returned a"
figures/README_fragments.md,29,"Coverage saturation and monthly yield, 2018",355,neither,no resolver and no exemption,,qualifying sounding and 355 returned none; a granule that returned none cannot
figures/README_fragments.md,31,"Coverage saturation and monthly yield, 2018",223,unresolved,"equals a resolver's value, written unmarked",composite.granules_with_data,"ordering of those 223 rather than an expected saturation curve, since a"
figures/README_fragments.md,33,"Coverage saturation and monthly yield, 2018",2018,self_evident,year as a date,,"sample size is the granule count of the 2018 reconnaissance, which reported"
figures/README_fragments.md,34,"Coverage saturation and monthly yield, 2018",56.11,neither,no resolver and no exemption,,"56.11 percent coverage; that figure is not a point on this curve, because those"
figures/README_fragments.md,36,"Coverage saturation and monthly yield, 2018",2018,self_evident,year as a date,,only six of them fall in 2018. Panels (b) and (c) share a month axis and are
figures/README_fragments.md,39,"Coverage saturation and monthly yield, 2018",2018,self_evident,year as a date,,because the reprocessed 2018 stream begins on 30 April; no granule was acquired
figures/README_fragments.md,39,"Coverage saturation and monthly yield, 2018",30,cited,in a draft's own exemption list,"introduction: inventory spread, at least 30 percent",because the reprocessed 2018 stream begins on 30 April; no granule was acquired
figures/README_fragments.md,41,"Coverage saturation and monthly yield, 2018",273,neither,no resolver and no exemption,,"sampled and yielded nothing. April is a single granule and 273 soundings,"
figures/README_fragments.md,43,"Coverage saturation and monthly yield, 2018",148,neither,no resolver and no exemption,,shaded absence beside it. Per-granule yield runs from 148 soundings in July to
figures/README_fragments.md,44,"Coverage saturation and monthly yield, 2018","1,103",neither,no resolver and no exemption,,"1,103 in October, a factor of 7.4, and the July minimum coincides with both the"
figures/README_fragments.md,44,"Coverage saturation and monthly yield, 2018",7.4,neither,no resolver and no exemption,,"1,103 in October, a factor of 7.4, and the July minimum coincides with both the"
figures/README_fragments.md,46,"Coverage saturation and monthly yield, 2018",0.25,self_evident,grid resolution,,study is about. Coverage is computed on the 0.25 degree grid of 33 by 31 cells;
figures/README_fragments.md,46,"Coverage saturation and monthly yield, 2018",33,self_evident,study box or lattice shape,,study is about. Coverage is computed on the 0.25 degree grid of 33 by 31 cells;
figures/README_fragments.md,46,"Coverage saturation and monthly yield, 2018",31,self_evident,study box or lattice shape,,study is about. Coverage is computed on the 0.25 degree grid of 33 by 31 cells;
figures/README_fragments.md,47,"Coverage saturation and monthly yield, 2018",0.75,self_evident,inside a code span,,qualifying soundings are those with `qa_value` at or above 0.75.
figures/README_fragments.md,55,Study area and analysis grid,0.25,self_evident,grid resolution,,"![The four Yangtze River Delta provinces on shaded relief, with a locator, a detail box showing the 0.25 degree analysis cells, and the neighbouring p"
figures/README_fragments.md,58,Study area and analysis grid,33,self_evident,study box or lattice shape,,explains where the methane composite has no data.** The analysis grid is 33
figures/README_fragments.md,59,Study area and analysis grid,"1,023",measured,inline resolver,composite.total_cells,"rows by 31 columns, 1,023<!--#composite.total_cells--> cells at 0.25 degrees,"
figures/README_fragments.md,59,Study area and analysis grid,31,self_evident,study box or lattice shape,,"rows by 31 columns, 1,023<!--#composite.total_cells--> cells at 0.25 degrees,"
figures/README_fragments.md,59,Study area and analysis grid,0.25,self_evident,grid resolution,,"rows by 31 columns, 1,023<!--#composite.total_cells--> cells at 0.25 degrees,"
figures/README_fragments.md,60,Study area and analysis grid,114.8,self_evident,study box or lattice shape,,spanning 114.8 to 122.55 east and 26.95 to 35.2 north. Those are the bounds the
figures/README_fragments.md,60,Study area and analysis grid,122.55,self_evident,study box or lattice shape,,spanning 114.8 to 122.55 east and 26.95 to 35.2 north. Those are the bounds the
figures/README_fragments.md,60,Study area and analysis grid,26.95,self_evident,study box or lattice shape,,spanning 114.8 to 122.55 east and 26.95 to 35.2 north. Those are the bounds the
figures/README_fragments.md,60,Study area and analysis grid,35.2,self_evident,study box or lattice shape,,spanning 114.8 to 122.55 east and 26.95 to 35.2 north. Those are the bounds the
figures/README_fragments.md,61,Study area and analysis grid,114.8,self_evident,study box or lattice shape,,"cells actually occupy, not the declared box of 114.8 to 122.6 and 27.0 to 35.2:"
figures/README_fragments.md,61,Study area and analysis grid,122.6,self_evident,study box or lattice shape,,"cells actually occupy, not the declared box of 114.8 to 122.6 and 27.0 to 35.2:"
figures/README_fragments.md,61,Study area and analysis grid,27.0,self_evident,study box or lattice shape,,"cells actually occupy, not the declared box of 114.8 to 122.6 and 27.0 to 35.2:"
figures/README_fragments.md,61,Study area and analysis grid,35.2,self_evident,study box or lattice shape,,"cells actually occupy, not the declared box of 114.8 to 122.6 and 27.0 to 35.2:"
figures/README_fragments.md,63,Study area and analysis grid,0.05,cited,in a draft's own exemption list,methods: published albedo floor,0.05 degrees short of the declared east edge and runs 0.05 degrees past the
figures/README_fragments.md,63,Study area and analysis grid,0.05,cited,in a draft's own exemption list,methods: published albedo floor,0.05 degrees short of the declared east edge and runs 0.05 degrees past the
figures/README_fragments.md,66,Study area and analysis grid,90,neither,no resolver and no exemption,,"The main panel is shaded relief from Copernicus DEM GLO-90 at 90 m, drawn over"
figures/README_fragments.md,73,Study area and analysis grid,4,neither,no resolver and no exemption,,"provinces at scale rank 4 or better, which is the narrowest rule that returns"
figures/README_fragments.md,74,Study area and analysis grid,0,neither,no resolver and no exemption,,"all four: Shanghai is rank 0, Nanjing and Hangzhou rank 2 and Hefei rank 4, and"
figures/README_fragments.md,74,Study area and analysis grid,2,neither,no resolver and no exemption,,"all four: Shanghai is rank 0, Nanjing and Hangzhou rank 2 and Hefei rank 4, and"
figures/README_fragments.md,74,Study area and analysis grid,4,neither,no resolver and no exemption,,"all four: Shanghai is rank 0, Nanjing and Hangzhou rank 2 and Hefei rank 4, and"
figures/README_fragments.md,76,Study area and analysis grid,8,self_evident,typography,,Shanghai's name serves both the municipality and the city: at 8 pt the word
figures/README_fragments.md,77,Study area and analysis grid,0.99,neither,no resolver and no exemption,,occupies 0.99 by 0.21 degrees here and no position inside the municipality's
figures/README_fragments.md,77,Study area and analysis grid,0.21,unresolved,"equals a resolver's value, written unmarked",collinear.zero_order_weighted,occupies 0.99 by 0.21 degrees here and no position inside the municipality's
figures/README_fragments.md,79,Study area and analysis grid,66,neither,no resolver and no exemption,,"across the main panel, where 66 lines would be texture rather than reference and"
figures/README_fragments.md,81,Study area and analysis grid,4.6,neither,no resolver and no exemption,,the data; the detail box instead shows six cells over the Yangtze mouth at 4.6
figures/README_fragments.md,83,Study area and analysis grid,24,neither,no resolver and no exemption,,drawn size. One cell is 24 by 28 km at 31.7 north. The locator sits outside the
figures/README_fragments.md,83,Study area and analysis grid,28,neither,no resolver and no exemption,,drawn size. One cell is 24 by 28 km at 31.7 north. The locator sits outside the
figures/README_fragments.md,83,Study area and analysis grid,31.7,neither,no resolver and no exemption,,drawn size. One cell is 24 by 28 km at 31.7 north. The locator sits outside the
figures/README_fragments.md,86,Study area and analysis grid,59,neither,no resolver and no exemption,,"of the 59 lines in its extent are classed ""Disputed (please verify)"" by Natural"
figures/README_fragments.md,87,Study area and analysis grid,33,self_evident,study box or lattice shape,,"Earth itself, which also ships 33 per-country viewpoint fields, and this"
figures/README_fragments.md,99,Study area and analysis grid,97,measured,inline resolver,composite.uncovered_cells,"The terrain is the finding, thin as a reference map's finding must be. The 97<!--#composite.uncovered_cells-->"
figures/README_fragments.md,100,Study area and analysis grid,2018,self_evident,year as a date,,cells of the lattice that received no qualifying sounding in 2018 are not
figures/README_fragments.md,101,Study area and analysis grid,74,measured,inline resolver,composite.absent_on_land,scattered evenly over it: 74<!--#composite.absent_on_land--> of them lie wholly
figures/README_fragments.md,102,Study area and analysis grid,502,measured,inline resolver,composite.absent_median_elevation,"on land, and their median elevation is 502<!--#composite.absent_median_elevation-->"
figures/README_fragments.md,103,Study area and analysis grid,35,measured,inline resolver,composite.covered_median_elevation,m against 35<!--#composite.covered_median_elevation--> m for the 926<!--#composite.covered_cells-->
figures/README_fragments.md,103,Study area and analysis grid,926,measured,inline resolver,composite.covered_cells,m against 35<!--#composite.covered_median_elevation--> m for the 926<!--#composite.covered_cells-->
figures/README_fragments.md,104,Study area and analysis grid,50,measured,inline resolver,composite.absent_above_500m,cells that were observed. 50<!--#composite.absent_above_500m--> of the 97 sit
figures/README_fragments.md,104,Study area and analysis grid,97,self_evident,study box or lattice shape,,cells that were observed. 50<!--#composite.absent_above_500m--> of the 97 sit
figures/README_fragments.md,105,Study area and analysis grid,24,measured,inline resolver,composite.covered_above_500m,"above 500 m, against 24<!--#composite.covered_above_500m--> of the 926. The"
figures/README_fragments.md,105,Study area and analysis grid,500,self_evident,label or pair beside a marked number,,"above 500 m, against 24<!--#composite.covered_above_500m--> of the 926. The"
figures/README_fragments.md,105,Study area and analysis grid,926,self_evident,study box or lattice shape,,"above 500 m, against 24<!--#composite.covered_above_500m--> of the 926. The"
figures/README_fragments.md,106,Study area and analysis grid,47,measured,inline resolver,composite.largest_absent_block,"largest connected group, 47<!--#composite.largest_absent_block--> cells of the"
figures/README_fragments.md,107,Study area and analysis grid,19,measured,inline resolver,composite.absent_components,"19<!--#composite.absent_components--> the absent cells form, covers the"
figures/README_fragments.md,108,Study area and analysis grid,35,neither,no resolver and no exemption,,"mountains along the southern edge of the box, 35 of its 47 cells falling mostly"
figures/README_fragments.md,108,Study area and analysis grid,47,neither,no resolver and no exemption,,"mountains along the southern edge of the box, 35 of its 47 cells falling mostly"
figures/README_fragments.md,109,Study area and analysis grid,11,neither,no resolver and no exemption,,"in Zhejiang and 11 in Fujian, at a median 552 m and reaching 1,119 m. That block"
figures/README_fragments.md,109,Study area and analysis grid,552,neither,no resolver and no exemption,,"in Zhejiang and 11 in Fujian, at a median 552 m and reaching 1,119 m. That block"
figures/README_fragments.md,109,Study area and analysis grid,"1,119",neither,no resolver and no exemption,,"in Zhejiang and 11 in Fujian, at a median 552 m and reaching 1,119 m. That block"
figures/README_fragments.md,115,Study area and analysis grid,10,cited,in a draft's own exemption list,"methods: published precision filter, under 10 ppb",and are public domain; the province and land layers are 10 m and the inset
figures/README_fragments.md,116,Study area and analysis grid,50,neither,no resolver and no exemption,,boundaries 50 m. Shanghai's outline is the one caveat worth naming at this size:
figures/README_fragments.md,117,Study area and analysis grid,213,neither,no resolver and no exemption,,Natural Earth resolves the municipality with 213 vertices across four parts
figures/README_fragments.md,118,Study area and analysis grid,4.1,self_evident,describes the drawing,,"where GADM 4.1 uses 1,925 across 112, and at 1.5 cm of drawn width the"
figures/README_fragments.md,118,Study area and analysis grid,"1,925",self_evident,describes the drawing,,"where GADM 4.1 uses 1,925 across 112, and at 1.5 cm of drawn width the"
figures/README_fragments.md,118,Study area and analysis grid,112,self_evident,describes the drawing,,"where GADM 4.1 uses 1,925 across 112, and at 1.5 cm of drawn width the"
figures/README_fragments.md,118,Study area and analysis grid,1.5,self_evident,describes the drawing,,"where GADM 4.1 uses 1,925 across 112, and at 1.5 cm of drawn width the"
figures/README_fragments.md,122,Study area and analysis grid,-90,neither,no resolver and no exemption,,WorldDEM™-90 © DLR e.V. 2010–2014 and © Airbus Defence and Space GmbH 2014–2018
figures/README_fragments.md,122,Study area and analysis grid,2010,self_evident,year as a date,,WorldDEM™-90 © DLR e.V. 2010–2014 and © Airbus Defence and Space GmbH 2014–2018
figures/README_fragments.md,122,Study area and analysis grid,2014,self_evident,year as a date,,WorldDEM™-90 © DLR e.V. 2010–2014 and © Airbus Defence and Space GmbH 2014–2018
figures/README_fragments.md,122,Study area and analysis grid,2014,self_evident,year as a date,,WorldDEM™-90 © DLR e.V. 2010–2014 and © Airbus Defence and Space GmbH 2014–2018
figures/README_fragments.md,122,Study area and analysis grid,2018,self_evident,year as a date,,WorldDEM™-90 © DLR e.V. 2010–2014 and © Airbus Defence and Space GmbH 2014–2018
figures/README_fragments.md,125,Study area and analysis grid,-90,neither,no resolver and no exemption,,do not incur any liability for any use of the Copernicus WorldDEM™-90. The main
figures/README_fragments.md,126,Study area and analysis grid,31.075,neither,no resolver and no exemption,,"map is equirectangular with its standard parallel at 31.075 north, the centre of"
figures/README_fragments.md,127,Study area and analysis grid,0.857,neither,no resolver and no exemption,,"the study area, so a degree of longitude is drawn 0.857 times as long as a"
figures/README_fragments.md,129,Study area and analysis grid,3.9,neither,no resolver and no exemption,,"at that parallel, running 3.9 percent small at the southern edge and 4.8 percent"
figures/README_fragments.md,129,Study area and analysis grid,4.8,neither,no resolver and no exemption,,"at that parallel, running 3.9 percent small at the southern edge and 4.8 percent"
figures/README_fragments.md,142,The 2018 methane composite,2018,self_evident,structural line,,### The 2018 methane composite
figures/README_fragments.md,146,The 2018 methane composite,9.5,measured,inline resolver,composite.uncovered_percent,"**The methane field is smooth at the scale of the analysis lattice, and 9.5<!--#composite.uncovered_percent-->"
figures/README_fragments.md,147,The 2018 methane composite,"1,840",unresolved,"equals a resolver's value, written unmarked",residual.scale_low_ppb,"percent of the lattice is not observed at all.** Cell means run from 1,840 to"
figures/README_fragments.md,148,The 2018 methane composite,"1,947",unresolved,"equals a resolver's value, written unmarked",residual.scale_high_ppb,"1,947 ppb, but the middle 96 percent of them span only 59 ppb, and neighbouring"
figures/README_fragments.md,148,The 2018 methane composite,96,neither,no resolver and no exemption,,"1,947 ppb, but the middle 96 percent of them span only 59 ppb, and neighbouring"
figures/README_fragments.md,148,The 2018 methane composite,59,neither,no resolver and no exemption,,"1,947 ppb, but the middle 96 percent of them span only 59 ppb, and neighbouring"
figures/README_fragments.md,150,The 2018 methane composite,97,measured,inline resolver,composite.uncovered_cells,"noise: 97<!--#composite.uncovered_cells--> of the 1,023<!--#composite.total_cells--> cells"
figures/README_fragments.md,150,The 2018 methane composite,"1,023",measured,inline resolver,composite.total_cells,"noise: 97<!--#composite.uncovered_cells--> of the 1,023<!--#composite.total_cells--> cells"
figures/README_fragments.md,151,The 2018 methane composite,19,measured,inline resolver,composite.absent_components,"carry no qualifying sounding, and they fall into 19<!--#composite.absent_components-->"
figures/README_fragments.md,152,The 2018 methane composite,47,measured,inline resolver,composite.largest_absent_block,connected groups of which the largest holds 47<!--#composite.largest_absent_block-->
figures/README_fragments.md,154,The 2018 methane composite,1,measured,inline resolver,composite.min_soundings,"on very unequal evidence, from 1<!--#composite.min_soundings--> sounding to"
figures/README_fragments.md,155,The 2018 methane composite,410,measured,inline resolver,composite.max_soundings,410<!--#composite.max_soundings--> with a median of 74<!--#composite.median_soundings-->.
figures/README_fragments.md,155,The 2018 methane composite,74,measured,inline resolver,composite.median_soundings,410<!--#composite.max_soundings--> with a median of 74<!--#composite.median_soundings-->.
figures/README_fragments.md,160,The 2018 methane composite,11.64,measured,inline resolver,composite.bias_mean,correction averages +11.64<!--#composite.bias_mean--> ppb and varies across
figures/README_fragments.md,162,The 2018 methane composite,199.7,measured,inline resolver,albedo.slope_corrected,"remove the field's dependence on surface albedo, which is 199.7<!--#albedo.slope_corrected-->"
figures/README_fragments.md,163,The 2018 methane composite,203.9,measured,inline resolver,albedo.slope_raw,ppb per unit albedo after correction against 203.9<!--#albedo.slope_raw--> before.
figures/README_fragments.md,164,The 2018 methane composite,96,self_evident,describes the drawing,,"The scale is clipped to the middle 96 percent of cell means, with the arrow caps"
figures/README_fragments.md,166,The 2018 methane composite,2,neither,no resolver and no exemption,,whose median count is 2 soundings at the high end and 12 at the low against
figures/README_fragments.md,166,The 2018 methane composite,12,cited,in a draft's own exemption list,discussion: transport error standard deviation ppb,whose median count is 2 soundings at the high end and 12 at the low against
figures/README_fragments.md,167,The 2018 methane composite,74,neither,no resolver and no exemption,,"74 overall, so they are thin sampling rather than methane. Panel (b) is the"
figures/README_fragments.md,171,The 2018 methane composite,33,self_evident,study box or lattice shape,,is. Both panels share one frame and one lattice of 33 by 31 cells at 0.25
figures/README_fragments.md,171,The 2018 methane composite,31,self_evident,study box or lattice shape,,is. Both panels share one frame and one lattice of 33 by 31 cells at 0.25
figures/README_fragments.md,171,The 2018 methane composite,0.25,self_evident,grid resolution,,is. Both panels share one frame and one lattice of 33 by 31 cells at 0.25
figures/README_fragments.md,173,The 2018 methane composite,90.52,measured,inline resolver,composite.coverage_percent,90.52<!--#composite.coverage_percent--> percent of the lattice over
figures/README_fragments.md,174,The 2018 methane composite,"110,920",measured,inline resolver,composite.soundings,"110,920<!--#composite.soundings--> in-box soundings; qualifying means a"
figures/README_fragments.md,175,The 2018 methane composite,0.75,self_evident,inside a code span,,`qa_value` at or above 0.75. Boundaries and coastline are Natural Earth.
figures/README_fragments.md,182,Land cover at the resolution it was measured,30,cited,in a draft's own exemption list,"introduction: inventory spread, at least 30 percent","![Impervious surface at 30 m from GISA and GAIA, rice at 10 m from NESDC, and the six 0.25 degree cell fractions those become](landcover_native.png)"
figures/README_fragments.md,182,Land cover at the resolution it was measured,10,cited,in a draft's own exemption list,"methods: published precision filter, under 10 ppb","![Impervious surface at 30 m from GISA and GAIA, rice at 10 m from NESDC, and the six 0.25 degree cell fractions those become](landcover_native.png)"
figures/README_fragments.md,182,Land cover at the resolution it was measured,0.25,self_evident,grid resolution,,"![Impervious surface at 30 m from GISA and GAIA, rice at 10 m from NESDC, and the six 0.25 degree cell fractions those become](landcover_native.png)"
figures/README_fragments.md,185,Land cover at the resolution it was measured,0.25,self_evident,grid resolution,,0.25 degree cell; this is what the fractions are made of.** The window is 5.7
figures/README_fragments.md,185,Land cover at the resolution it was measured,5.7,neither,no resolver and no exemption,,0.25 degree cell; this is what the fractions are made of.** The window is 5.7
figures/README_fragments.md,186,Land cover at the resolution it was measured,3.7,neither,no resolver and no exemption,,"by 3.7 km on the eastern edge of Wuhu, in Anhui, at 118.44 to 118.49 east and"
figures/README_fragments.md,186,Land cover at the resolution it was measured,118.44,neither,no resolver and no exemption,,"by 3.7 km on the eastern edge of Wuhu, in Anhui, at 118.44 to 118.49 east and"
figures/README_fragments.md,186,Land cover at the resolution it was measured,118.49,neither,no resolver and no exemption,,"by 3.7 km on the eastern edge of Wuhu, in Anhui, at 118.44 to 118.49 east and"
figures/README_fragments.md,187,Land cover at the resolution it was measured,31.3248,self_evident,study box or lattice shape,,"31.3248 to 31.3582 north. Panels (a) and (b) draw impervious surface at 30 m,"
figures/README_fragments.md,187,Land cover at the resolution it was measured,31.3582,self_evident,study box or lattice shape,,"31.3248 to 31.3582 north. Panels (a) and (b) draw impervious surface at 30 m,"
figures/README_fragments.md,187,Land cover at the resolution it was measured,30,cited,in a draft's own exemption list,"introduction: inventory spread, at least 30 percent","31.3248 to 31.3582 north. Panels (a) and (b) draw impervious surface at 30 m,"
figures/README_fragments.md,188,Land cover at the resolution it was measured,186,measured,inline resolver,window.impervious_columns,"186<!--#window.impervious_columns--> pixels across, from GISA and from GAIA;"
figures/README_fragments.md,189,Land cover at the resolution it was measured,10,cited,in a draft's own exemption list,"methods: published precision filter, under 10 ppb","panel (c) draws the NESDC rice classification at 10 m,"
figures/README_fragments.md,190,Land cover at the resolution it was measured,557,measured,inline resolver,window.rice_columns,557<!--#window.rice_columns--> pixels across. Each panel gives at least one
figures/README_fragments.md,191,Land cover at the resolution it was measured,4.4,neither,no resolver and no exemption,,"drawn pixel to every source pixel, 4.4 for the 30 m products and 1.5 for the"
figures/README_fragments.md,191,Land cover at the resolution it was measured,30,cited,in a draft's own exemption list,"introduction: inventory spread, at least 30 percent","drawn pixel to every source pixel, 4.4 for the 30 m products and 1.5 for the"
figures/README_fragments.md,191,Land cover at the resolution it was measured,1.5,neither,no resolver and no exemption,,"drawn pixel to every source pixel, 4.4 for the 30 m products and 1.5 for the"
figures/README_fragments.md,192,Land cover at the resolution it was measured,10,cited,in a draft's own exemption list,"methods: published precision filter, under 10 ppb","10 m one, so nothing here has been resampled into a smoother picture of itself."
figures/README_fragments.md,195,Land cover at the resolution it was measured,0.25,self_evident,grid resolution,,"0.25 degrees, about 24 by 28 km each, with the impervious fraction from both"
figures/README_fragments.md,195,Land cover at the resolution it was measured,24,neither,no resolver and no exemption,,"0.25 degrees, about 24 by 28 km each, with the impervious fraction from both"
figures/README_fragments.md,195,Land cover at the resolution it was measured,28,neither,no resolver and no exemption,,"0.25 degrees, about 24 by 28 km each, with the impervious fraction from both"
figures/README_fragments.md,202,Land cover at the resolution it was measured,19.5,measured,inline resolver,window.cell_rice_combined_percent,34.2 percent rice against 19.5<!--#window.cell_rice_combined_percent--> percent for the
figures/README_fragments.md,202,Land cover at the resolution it was measured,34.2,self_evident,label or pair beside a marked number,,34.2 percent rice against 19.5<!--#window.cell_rice_combined_percent--> percent for the
figures/README_fragments.md,203,Land cover at the resolution it was measured,23.9,measured,inline resolver,window.impervious_gisa_percent,"cell that contains it, and 23.9<!--#window.impervious_gisa_percent--> percent"
figures/README_fragments.md,204,Land cover at the resolution it was measured,26.3,measured,inline resolver,window.cell_impervious_gisa_percent,impervious against 26.3<!--#window.cell_impervious_gisa_percent-->. It is a place to
figures/README_fragments.md,210,Land cover at the resolution it was measured,29.4,measured,inline resolver,window.rice_single_percent,"24 by 28 km cell. Of the window, 29.4<!--#window.rice_single_percent--> percent"
figures/README_fragments.md,210,Land cover at the resolution it was measured,24,self_evident,label or pair beside a marked number,,"24 by 28 km cell. Of the window, 29.4<!--#window.rice_single_percent--> percent"
figures/README_fragments.md,210,Land cover at the resolution it was measured,28,self_evident,label or pair beside a marked number,,"24 by 28 km cell. Of the window, 29.4<!--#window.rice_single_percent--> percent"
figures/README_fragments.md,211,Land cover at the resolution it was measured,4.9,measured,inline resolver,window.rice_double_percent,is single-season rice and 4.9<!--#window.rice_double_percent--> percent is
figures/README_fragments.md,215,Land cover at the resolution it was measured,0,neither,no resolver and no exemption,,"Because the window lies wholly inside Anhui, every 0 in the rice raster here is"
figures/README_fragments.md,216,Land cover at the resolution it was measured,0,neither,no resolver and no exemption,,real non-rice land; the product declares no nodata and 0 elsewhere also means
figures/README_fragments.md,221,Land cover at the resolution it was measured,23.9,measured,inline resolver,window.impervious_gisa_percent,GISA calls 23.9<!--#window.impervious_gisa_percent--> percent of this window
figures/README_fragments.md,222,Land cover at the resolution it was measured,29.7,measured,inline resolver,window.impervious_gaia_percent,"impervious and GAIA calls 29.7<!--#window.impervious_gaia_percent--> percent,"
figures/README_fragments.md,223,Land cover at the resolution it was measured,0.81,neither,no resolver and no exemption,,"a ratio of 0.81, which is close to the ratio of 0.80 they reach over the four"
figures/README_fragments.md,223,Land cover at the resolution it was measured,0.80,unresolved,"equals a resolver's value, written unmarked",urban.gisa_over_gaia_2018,"a ratio of 0.81, which is close to the ratio of 0.80 they reach over the four"
figures/README_fragments.md,228,Land cover at the resolution it was measured,30,cited,in a draft's own exemption list,"introduction: inventory spread, at least 30 percent",buys nothing here. GISA and GAIA are 30 m products derived from Landsat; the
figures/README_fragments.md,229,Land cover at the resolution it was measured,10,cited,in a draft's own exemption list,"methods: published precision filter, under 10 ppb","NESDC classification is 10 m, derived from Sentinel-1 and Sentinel-2 by a"
figures/README_fragments.md,231,Land cover at the resolution it was measured,0.25,self_evident,grid resolution,,"with different error structures, and both are averaged into the same 0.25"
figures/README_fragments.md,233,Land cover at the resolution it was measured,1,self_evident,inside a code span,,"`src.landcover.selectors`, `1 <= value <= 36` for GISA and `value >= 5` for"
figures/README_fragments.md,233,Land cover at the resolution it was measured,36,self_evident,inside a code span,,"`src.landcover.selectors`, `1 <= value <= 36` for GISA and `value >= 5` for"
figures/README_fragments.md,233,Land cover at the resolution it was measured,5,self_evident,inside a code span,,"`src.landcover.selectors`, `1 <= value <= 36` for GISA and `value >= 5` for"
figures/README_fragments.md,241,"Urban expansion, 2000 to 2019, from two products",2000,self_evident,structural line,,"### Urban expansion, 2000 to 2019, from two products"
figures/README_fragments.md,241,"Urban expansion, 2000 to 2019, from two products",2019,self_evident,structural line,,"### Urban expansion, 2000 to 2019, from two products"
figures/README_fragments.md,243,"Urban expansion, 2000 to 2019, from two products",2019,self_evident,year as a date,,"![Cumulative urban extent by year of first imperviousness for GAIA and GISA to 2019, and four-province totals for the thesis's GAIA figures against bo"
figures/README_fragments.md,245,"Urban expansion, 2000 to 2019, from two products",2000,self_evident,year as a date,,"**Urban extent in these four provinces grew several-fold between 2000 and 2018,"
figures/README_fragments.md,245,"Urban expansion, 2000 to 2019, from two products",2018,self_evident,year as a date,,"**Urban extent in these four provinces grew several-fold between 2000 and 2018,"
figures/README_fragments.md,251,"Urban expansion, 2000 to 2019, from two products",2023,self_evident,year as a date,,two sources and not three. GAIA and GISA are datasets; the 2023 thesis is a
figures/README_fragments.md,253,"Urban expansion, 2000 to 2019, from two products",2023,self_evident,year as a date,,product and the dash names the computation. GAIA as reported in 2023 gives
figures/README_fragments.md,254,"Urban expansion, 2000 to 2019, from two products","8,297",measured,inline resolver,urban.thesis_2000,"8,297<!--#urban.thesis_2000--> km2 in 2000 and"
figures/README_fragments.md,254,"Urban expansion, 2000 to 2019, from two products",2000,self_evident,year as a date,,"8,297<!--#urban.thesis_2000--> km2 in 2000 and"
figures/README_fragments.md,255,"Urban expansion, 2000 to 2019, from two products","49,725",measured,inline resolver,urban.thesis_2018,"49,725<!--#urban.thesis_2018--> km2 in 2018, a factor of"
figures/README_fragments.md,255,"Urban expansion, 2000 to 2019, from two products",2018,self_evident,year as a date,,"49,725<!--#urban.thesis_2018--> km2 in 2018, a factor of"
figures/README_fragments.md,256,"Urban expansion, 2000 to 2019, from two products",6.0,measured,inline resolver,urban.thesis_factor,6.0<!--#urban.thesis_factor-->. GAIA recomputed here in 2026 gives
figures/README_fragments.md,256,"Urban expansion, 2000 to 2019, from two products",2026,self_evident,year as a date,,6.0<!--#urban.thesis_factor-->. GAIA recomputed here in 2026 gives
figures/README_fragments.md,257,"Urban expansion, 2000 to 2019, from two products","16,387",measured,inline resolver,urban.gaia_2000,"16,387<!--#urban.gaia_2000--> and 49,348<!--#urban.gaia_2018-->, a factor of"
figures/README_fragments.md,257,"Urban expansion, 2000 to 2019, from two products","49,348",measured,inline resolver,urban.gaia_2018,"16,387<!--#urban.gaia_2000--> and 49,348<!--#urban.gaia_2018-->, a factor of"
figures/README_fragments.md,258,"Urban expansion, 2000 to 2019, from two products",3.0,measured,inline resolver,urban.gaia_factor,3.0<!--#urban.gaia_factor-->. GISA recomputed gives
figures/README_fragments.md,259,"Urban expansion, 2000 to 2019, from two products","19,787",measured,inline resolver,urban.gisa_2000,"19,787<!--#urban.gisa_2000--> and 39,532<!--#urban.gisa_2018-->, a factor of"
figures/README_fragments.md,259,"Urban expansion, 2000 to 2019, from two products","39,532",measured,inline resolver,urban.gisa_2018,"19,787<!--#urban.gisa_2000--> and 39,532<!--#urban.gisa_2018-->, a factor of"
figures/README_fragments.md,260,"Urban expansion, 2000 to 2019, from two products",2.0,measured,inline resolver,urban.gisa_factor,2.0<!--#urban.gisa_factor-->.
figures/README_fragments.md,263,"Urban expansion, 2000 to 2019, from two products",2018,self_evident,year as a date,,holds 2018 to within 0.8 percent and moves 2000 by a factor of two.** A
figures/README_fragments.md,263,"Urban expansion, 2000 to 2019, from two products",0.8,neither,no resolver and no exemption,,holds 2018 to within 0.8 percent and moves 2000 by a factor of two.** A
figures/README_fragments.md,263,"Urban expansion, 2000 to 2019, from two products",2000,self_evident,year as a date,,holds 2018 to within 0.8 percent and moves 2000 by a factor of two.** A
figures/README_fragments.md,270,"Urban expansion, 2000 to 2019, from two products",2018,self_evident,year as a date,,The two products also cross over. GISA's 2018 total is
figures/README_fragments.md,271,"Urban expansion, 2000 to 2019, from two products",0.80,measured,inline resolver,urban.gisa_over_gaia_2018,"0.80<!--#urban.gisa_over_gaia_2018--> of GAIA's, a difference of about a fifth"
figures/README_fragments.md,274,"Urban expansion, 2000 to 2019, from two products",2000,self_evident,year as a date,,"the two in 2000, so the products disagree about the history rather than about"
figures/README_fragments.md,278,"Urban expansion, 2000 to 2019, from two products",2019,self_evident,year as a date,,a pixel first became impervious. They run to 2019 and not to 2018 because 2019
figures/README_fragments.md,278,"Urban expansion, 2000 to 2019, from two products",2018,self_evident,year as a date,,a pixel first became impervious. They run to 2019 and not to 2018 because 2019
figures/README_fragments.md,278,"Urban expansion, 2000 to 2019, from two products",2019,self_evident,year as a date,,a pixel first became impervious. They run to 2019 and not to 2018 because 2019
figures/README_fragments.md,279,"Urban expansion, 2000 to 2019, from two products",37,neither,no resolver and no exemption,,"is the last year both products cover: GISA's pixel values stop at 37, which"
figures/README_fragments.md,280,"Urban expansion, 2000 to 2019, from two products",2019,self_evident,year as a date,,"decodes to 2019, so a map going further would drop GISA and lose the"
figures/README_fragments.md,281,"Urban expansion, 2000 to 2019, from two products","50,348",measured,inline resolver,urban.gaia_2019,"disagreement. GAIA reaches 50,348<!--#urban.gaia_2019--> km2 in 2019 and GISA"
figures/README_fragments.md,281,"Urban expansion, 2000 to 2019, from two products",2019,self_evident,year as a date,,"disagreement. GAIA reaches 50,348<!--#urban.gaia_2019--> km2 in 2019 and GISA"
figures/README_fragments.md,282,"Urban expansion, 2000 to 2019, from two products","40,452",measured,inline resolver,urban.gisa_2019,"40,452<!--#urban.gisa_2019-->. **2019 carries a caveat**: it is the first year"
figures/README_fragments.md,282,"Urban expansion, 2000 to 2019, from two products",2019,self_evident,year as a date,,"40,452<!--#urban.gisa_2019-->. **2019 carries a caveat**: it is the first year"
figures/README_fragments.md,283,"Urban expansion, 2000 to 2019, from two products",1985,self_evident,year as a date,,"past GAIA's original 1985 to 2018 release, and it sits inside a stretch whose"
figures/README_fragments.md,283,"Urban expansion, 2000 to 2019, from two products",2018,self_evident,year as a date,,"past GAIA's original 1985 to 2018 release, and it sits inside a stretch whose"
figures/README_fragments.md,284,"Urban expansion, 2000 to 2019, from two products",7.1,neither,no resolver and no exemption,,year-on-year growth of the four-province total drops from 7.1 to 10.5 percent
figures/README_fragments.md,284,"Urban expansion, 2000 to 2019, from two products",10.5,neither,no resolver and no exemption,,year-on-year growth of the four-province total drops from 7.1 to 10.5 percent
figures/README_fragments.md,285,"Urban expansion, 2000 to 2019, from two products",2011,self_evident,year as a date,,across 2011 to 2016 to between 1.9 and 2.6 percent from 2017 onward. Panel (c)
figures/README_fragments.md,285,"Urban expansion, 2000 to 2019, from two products",2016,self_evident,year as a date,,across 2011 to 2016 to between 1.9 and 2.6 percent from 2017 onward. Panel (c)
figures/README_fragments.md,285,"Urban expansion, 2000 to 2019, from two products",1.9,neither,no resolver and no exemption,,across 2011 to 2016 to between 1.9 and 2.6 percent from 2017 onward. Panel (c)
figures/README_fragments.md,285,"Urban expansion, 2000 to 2019, from two products",2.6,neither,no resolver and no exemption,,across 2011 to 2016 to between 1.9 and 2.6 percent from 2017 onward. Panel (c)
figures/README_fragments.md,285,"Urban expansion, 2000 to 2019, from two products",2017,self_evident,year as a date,,across 2011 to 2016 to between 1.9 and 2.6 percent from 2017 onward. Panel (c)
figures/README_fragments.md,286,"Urban expansion, 2000 to 2019, from two products",2018,self_evident,year as a date,,"keeps 2018, which is the year the thesis reported and the only year a"
figures/README_fragments.md,290,"Urban expansion, 2000 to 2019, from two products",1,neither,no resolver and no exemption,,"quarter of it had become impervious by that date, drawn at 1/64 degree, about"
figures/README_fragments.md,290,"Urban expansion, 2000 to 2019, from two products",64,self_evident,study box or lattice shape,,"quarter of it had become impervious by that date, drawn at 1/64 degree, about"
figures/README_fragments.md,291,"Urban expansion, 2000 to 2019, from two products",1.4,self_evident,study box or lattice shape,,"1.4 km, from an aggregate at 1/128. That threshold does not preserve area and"
figures/README_fragments.md,291,"Urban expansion, 2000 to 2019, from two products",1,neither,no resolver and no exemption,,"1.4 km, from an aggregate at 1/128. That threshold does not preserve area and"
figures/README_fragments.md,291,"Urban expansion, 2000 to 2019, from two products",128,neither,no resolver and no exemption,,"1.4 km, from an aggregate at 1/128. That threshold does not preserve area and"
figures/README_fragments.md,292,"Urban expansion, 2000 to 2019, from two products",2000,self_evident,year as a date,,"does not fail evenly: urban land in 2000 is more dispersed than in 2019, so the"
figures/README_fragments.md,292,"Urban expansion, 2000 to 2019, from two products",2019,self_evident,year as a date,,"does not fail evenly: urban land in 2000 is more dispersed than in 2019, so the"
figures/README_fragments.md,293,"Urban expansion, 2000 to 2019, from two products",2000,self_evident,year as a date,,"drawn 2000 class is 0.73 of its true area while the drawn 2019 class is 1.30,"
figures/README_fragments.md,293,"Urban expansion, 2000 to 2019, from two products",0.73,neither,no resolver and no exemption,,"drawn 2000 class is 0.73 of its true area while the drawn 2019 class is 1.30,"
figures/README_fragments.md,293,"Urban expansion, 2000 to 2019, from two products",2019,self_evident,year as a date,,"drawn 2000 class is 0.73 of its true area while the drawn 2019 class is 1.30,"
figures/README_fragments.md,293,"Urban expansion, 2000 to 2019, from two products",1.30,neither,no resolver and no exemption,,"drawn 2000 class is 0.73 of its true area while the drawn 2019 class is 1.30,"
figures/README_fragments.md,299,"Urban expansion, 2000 to 2019, from two products",1.3e-05,neither,no resolver and no exemption,,reproduce the two older provincial tables to 1.3e-05; that agreement is the
figures/README_fragments.md,301,"Urban expansion, 2000 to 2019, from two products",2023,self_evident,year as a date,,"right way round. GAIA counts down from 2023, so 2019 is `value >= 4`; GISA"
figures/README_fragments.md,301,"Urban expansion, 2000 to 2019, from two products",2019,self_evident,year as a date,,"right way round. GAIA counts down from 2023, so 2019 is `value >= 4`; GISA"
figures/README_fragments.md,301,"Urban expansion, 2000 to 2019, from two products",4,self_evident,inside a code span,,"right way round. GAIA counts down from 2023, so 2019 is `value >= 4`; GISA"
figures/README_fragments.md,302,"Urban expansion, 2000 to 2019, from two products",1972,self_evident,year as a date,,"counts up from 1972, so 2019 is `1 <= value <= 37`. Inverting GISA's would"
figures/README_fragments.md,302,"Urban expansion, 2000 to 2019, from two products",2019,self_evident,year as a date,,"counts up from 1972, so 2019 is `1 <= value <= 37`. Inverting GISA's would"
figures/README_fragments.md,302,"Urban expansion, 2000 to 2019, from two products",1,self_evident,inside a code span,,"counts up from 1972, so 2019 is `1 <= value <= 37`. Inverting GISA's would"
figures/README_fragments.md,302,"Urban expansion, 2000 to 2019, from two products",37,self_evident,inside a code span,,"counts up from 1972, so 2019 is `1 <= value <= 37`. Inverting GISA's would"
figures/README_fragments.md,303,"Urban expansion, 2000 to 2019, from two products","9,468,801",neither,no resolver and no exemption,,"select only what was built in the last two years, 9,468,801 pixels against"
figures/README_fragments.md,304,"Urban expansion, 2000 to 2019, from two products","202,830,997",neither,no resolver and no exemption,,"202,830,997, and would still draw a plausible map."
figures/README_fragments.md,307,"Urban expansion, 2000 to 2019, from two products",7,neither,no resolver and no exemption,,"where a reader will most expect one: TROPOMI's footprint is 7 by 7 km at nadir,"
figures/README_fragments.md,307,"Urban expansion, 2000 to 2019, from two products",7,neither,no resolver and no exemption,,"where a reader will most expect one: TROPOMI's footprint is 7 by 7 km at nadir,"
figures/README_fragments.md,308,"Urban expansion, 2000 to 2019, from two products",0.25,self_evident,grid resolution,,"the analysis grid is 0.25 degrees because coverage forced it there, and the 2018"
figures/README_fragments.md,308,"Urban expansion, 2000 to 2019, from two products",2018,self_evident,year as a date,,"the analysis grid is 0.25 degrees because coverage forced it there, and the 2018"
figures/README_fragments.md,309,"Urban expansion, 2000 to 2019, from two products",97,measured,inline resolver,composite.uncovered_cells,composite leaves 97<!--#composite.uncovered_cells--> of its
figures/README_fragments.md,310,"Urban expansion, 2000 to 2019, from two products","1,023",measured,inline resolver,composite.total_cells,"1,023<!--#composite.total_cells--> cells with no qualifying sounding at all,"
figures/README_fragments.md,311,"Urban expansion, 2000 to 2019, from two products",1,measured,inline resolver,composite.min_soundings,with per-cell counts running from 1<!--#composite.min_soundings--> to
figures/README_fragments.md,312,"Urban expansion, 2000 to 2019, from two products",410,measured,inline resolver,composite.max_soundings,"410<!--#composite.max_soundings-->. There is one year of usable methane, not"
figures/README_fragments.md,321,"Paddy rice across the four provinces, 2018",2018,self_evident,structural line,,"### Paddy rice across the four provinces, 2018"
figures/README_fragments.md,323,"Paddy rice across the four provinces, 2018",1.4,self_evident,study box or lattice shape,,"![Single and double season rice per 1.4 km cell across the four Yangtze River Delta provinces, with the unclassified part of Anhui marked, and rice an"
figures/README_fragments.md,326,"Paddy rice across the four provinces, 2018",1,neither,no resolver and no exemption,,composite covers.** Panel (a) draws the NESDC classification on a 1/64 degree
figures/README_fragments.md,326,"Paddy rice across the four provinces, 2018",64,self_evident,study box or lattice shape,,composite covers.** Panel (a) draws the NESDC classification on a 1/64 degree
figures/README_fragments.md,327,"Paddy rice across the four provinces, 2018",1.4,self_evident,study box or lattice shape,,"cell, about 1.4 km. Panel (b) puts rice beside the impervious surface it"
figures/README_fragments.md,331,"Paddy rice across the four provinces, 2018",35,neither,no resolver and no exemption,,"where at least 35 percent of it is rice, which is the value at which the drawn"
figures/README_fragments.md,332,"Paddy rice across the four provinces, 2018",1.06,unresolved,"equals a resolver's value, written unmarked",rice.drawn_over_true,"area equals the true area. Measured, the inked total is 1.06 of the"
figures/README_fragments.md,333,"Paddy rice across the four provinces, 2018","50,042",measured,inline resolver,rice.total_km2,"50,042<!--#rice.total_km2--> km2 the provincial totals record, against 0.73 to"
figures/README_fragments.md,333,"Paddy rice across the four provinces, 2018",0.73,neither,no resolver and no exemption,,"50,042<!--#rice.total_km2--> km2 the provincial totals record, against 0.73 to"
figures/README_fragments.md,334,"Paddy rice across the four provinces, 2018",1.31,neither,no resolver and no exemption,,1.31 for the urban figure at its own threshold. Rice can be drawn area-honestly
figures/README_fragments.md,339,"Paddy rice across the four provinces, 2018",0.35,cited,in a draft's own exemption list,"discussion: posterior error correlation, distinct sector",The two cannot share a threshold: single-season rice area-matches at 0.35 and
figures/README_fragments.md,340,"Paddy rice across the four provinces, 2018",0.17,neither,no resolver and no exemption,,"double-season at 0.17, because double-season paddy is 5.3 percent of the rice"
figures/README_fragments.md,340,"Paddy rice across the four provinces, 2018",5.3,neither,no resolver and no exemption,,"double-season at 0.17, because double-season paddy is 5.3 percent of the rice"
figures/README_fragments.md,343,"Paddy rice across the four provinces, 2018","1,191",self_evident,describes the drawing,,"that the double-season colour covers 1,191 km2 of a true"
figures/README_fragments.md,344,"Paddy rice across the four provinces, 2018","2,677",measured,inline resolver,rice.double_km2,"2,677<!--#rice.double_km2-->. Panel (b) carries the areas."
figures/README_fragments.md,348,"Paddy rice across the four provinces, 2018","1,890",measured,inline resolver,rice.double_anhui_km2,"1,890<!--#rice.double_anhui_km2--> km2 in Anhui and"
figures/README_fragments.md,349,"Paddy rice across the four provinces, 2018",788,measured,inline resolver,rice.double_zhejiang_km2,"788<!--#rice.double_zhejiang_km2--> km2 in Zhejiang, against none in Jiangsu"
figures/README_fragments.md,353,"Paddy rice across the four provinces, 2018",0,neither,no resolver and no exemption,,rasters declare no nodata and their 0 means both real non-rice land and ground
figures/README_fragments.md,356,"Paddy rice across the four provinces, 2018",33.3462,unresolved,"in an artefact, no resolver","the Anhui raster bound, exempted in the methods note","does not cover at all, and the part of Anhui north of 33.3462 north and west of"
figures/README_fragments.md,357,"Paddy rice across the four provinces, 2018",115.2682,neither,no resolver and no exemption,,115.2682 east. That northern boundary is a processing artefact and not an
figures/README_fragments.md,359,"Paddy rice across the four provinces, 2018",22,neither,no resolver and no exemption,,"terminate classification within 22 m of the same latitude, and GloRice puts"
figures/README_fragments.md,360,"Paddy rice across the four provinces, 2018",320,neither,no resolver and no exemption,,about 320 km2 of rice in the region — so drawing it as ordinary non-rice land
figures/README_fragments.md,364,"Paddy rice across the four provinces, 2018",0.861,measured,inline resolver,rice.anhui_coverage,committed totals record the assessed area at 0.861<!--#rice.anhui_coverage-->
figures/README_fragments.md,365,"Paddy rice across the four provinces, 2018",0.2,neither,no resolver and no exemption,,of the Anhui polygon and within 0.2 percent of the polygon for the other three.
figures/README_fragments.md,370,"Paddy rice across the four provinces, 2018",86,neither,no resolver and no exemption,,86 percent of it the product classified. The comparison the panel is for is
figures/README_fragments.md,371,"Paddy rice across the four provinces, 2018",50.9,measured,inline resolver,urban.share_shanghai_percent,this: Shanghai is 50.9<!--#urban.share_shanghai_percent--> percent impervious
figures/README_fragments.md,372,"Paddy rice across the four provinces, 2018",11.0,measured,inline resolver,rice.share_shanghai_percent,"and 11.0<!--#rice.share_shanghai_percent--> percent rice, while Jiangsu is"
figures/README_fragments.md,373,"Paddy rice across the four provinces, 2018",22.8,measured,inline resolver,urban.share_jiangsu_percent,22.8<!--#urban.share_jiangsu_percent--> percent impervious and
figures/README_fragments.md,374,"Paddy rice across the four provinces, 2018",21.8,measured,inline resolver,rice.share_jiangsu_percent,21.8<!--#rice.share_jiangsu_percent--> percent rice. Impervious areas are
figures/README_fragments.md,376,"Paddy rice across the four provinces, 2018",2018,self_evident,year as a date,,fifth less in 2018 and the urban change figure draws that disagreement out.
figures/README_fragments.md,391,Observed methane against the fields four models produce,7.1,self_evident,cross-reference address,,figure is about the distance between them; `ERRATA.md` 7.1 records that land
figures/README_fragments.md,399,Observed methane against the fields four models produce,-0.008,measured,inline resolver,baseline.constant_r2,reaches held-out R squared -0.008<!--#baseline.constant_r2-->. Panel (b) is
figures/README_fragments.md,401,Observed methane against the fields four models produce,0.085,measured,inline resolver,baseline.impervious_r2,0.085<!--#baseline.impervious_r2--> and an RMSE of
figures/README_fragments.md,402,Observed methane against the fields four models produce,14.21,measured,inline resolver,baseline.impervious_rmse,14.21<!--#baseline.impervious_rmse--> ppb; its cloud is a thickened version
figures/README_fragments.md,405,Observed methane against the fields four models produce,0.332,measured,inline resolver,baseline.null_r2,"nothing about the surface, at 0.332<!--#baseline.null_r2-->. Panel (d) is wind,"
figures/README_fragments.md,406,Observed methane against the fields four models produce,0.653,measured,inline resolver,baseline.wind_r2,"at 0.653<!--#baseline.wind_r2-->, and it is a reference and not an"
figures/README_fragments.md,407,Observed methane against the fields four models produce,7.4,self_evident,cross-reference address,,explanation: `ERRATA.md` 7.4 records that the wind association is not
figures/README_fragments.md,409,Observed methane against the fields four models produce,228,neither,no resolver and no exemption,,was observed on and those differ across cells by up to 228 days.
figures/README_fragments.md,412,Observed methane against the fields four models produce,106,measured,inline resolver,baseline.observed_span_ppb,106<!--#baseline.observed_span_ppb--> ppb across the 926 cells. The field
figures/README_fragments.md,412,Observed methane against the fields four models produce,926,self_evident,study box or lattice shape,,106<!--#baseline.observed_span_ppb--> ppb across the 926 cells. The field
figures/README_fragments.md,413,Observed methane against the fields four models produce,43,measured,inline resolver,baseline.impervious_span_ppb,"impervious fraction produces spans 43<!--#baseline.impervious_span_ppb-->, the"
figures/README_fragments.md,414,Observed methane against the fields four models produce,67,measured,inline resolver,baseline.null_span_ppb,"spatial null's spans 67<!--#baseline.null_span_ppb-->, and the constant's spans"
figures/README_fragments.md,415,Observed methane against the fields four models produce,1.4,measured,inline resolver,baseline.constant_span_ppb,"1.4<!--#baseline.constant_span_ppb-->, which is five folds each predicting"
figures/README_fragments.md,421,Observed methane against the fields four models produce,0.685,measured,inline resolver,baseline.null_in_sample_r2,spatial null's in-sample R squared is 0.685<!--#baseline.null_in_sample_r2-->
figures/README_fragments.md,422,Observed methane against the fields four models produce,0.332,measured,inline resolver,baseline.null_r2,"against its held-out 0.332<!--#baseline.null_r2-->, so a figure drawing fitted"
figures/README_fragments.md,427,Observed methane against the fields four models produce,1,measured,inline resolver,composite.min_soundings,1<!--#composite.min_soundings--> and 410<!--#composite.max_soundings-->
figures/README_fragments.md,427,Observed methane against the fields four models produce,410,measured,inline resolver,composite.max_soundings,1<!--#composite.min_soundings--> and 410<!--#composite.max_soundings-->
figures/README_fragments.md,436,Observed methane against the fields four models produce,-0.091,unresolved,"equals a resolver's value, written unmarked",suite.null_operational_pu,"neighbour, so the null falls to -0.091, which still beats the constant's -0.172"
figures/README_fragments.md,436,Observed methane against the fields four models produce,-0.172,neither,no resolver and no exemption,,"neighbour, so the null falls to -0.091, which still beats the constant's -0.172"
figures/README_fragments.md,439,Observed methane against the fields four models produce,926,measured,inline resolver,composite.covered_cells,All four models run on the 926<!--#composite.covered_cells--> cells that carry
figures/README_fragments.md,440,Observed methane against the fields four models produce,531,unresolved,"equals a resolver's value, written unmarked",grid.rice_rows,a methane value. The rice models are absent because they run on 531 cells and
figures/README_fragments.md,445,Observed methane against the fields four models produce,-0.031,measured,inline resolver,baseline.rice_alone_r2,"-0.031<!--#baseline.rice_alone_r2-->, impervious on that same sample reaches"
figures/README_fragments.md,446,Observed methane against the fields four models produce,0.018,measured,inline resolver,baseline.impervious_rice_sample_r2,"0.018<!--#baseline.impervious_rice_sample_r2-->, and adding rice to impervious"
figures/README_fragments.md,447,Observed methane against the fields four models produce,0.017,measured,inline resolver,baseline.rice_plus_impervious_r2,"moves it to 0.017<!--#baseline.rice_plus_impervious_r2-->, which is down rather"
figures/README_fragments.md,460,"The field a land-cover model produces, and what is left over",2018,self_evident,describes the drawing,,"![The observed 2018 methane field, the held-out field an OLS fit on impervious fraction produces on one shared colour scale, and the difference betwee"
figures/README_fragments.md,466,"The field a land-cover model produces, and what is left over",7.1,self_evident,cross-reference address,,distance between them can be read cell by cell; `ERRATA.md` 7.1 records that
figures/README_fragments.md,468,"The field a land-cover model produces, and what is left over",1.1,self_evident,cross-reference address,,"demonstration of that. `ERRATA.md` 1.1 records that the thesis's Figure 4.7,"
figures/README_fragments.md,468,"The field a land-cover model produces, and what is left over",4.7,self_evident,inside a code span,,"demonstration of that. `ERRATA.md` 1.1 records that the thesis's Figure 4.7,"
figures/README_fragments.md,469,"The field a land-cover model produces, and what is left over",4.5,self_evident,structural context,,"captioned as this comparison, was the same embedded image as Figure 4.5(a), so"
figures/README_fragments.md,473,"The field a land-cover model produces, and what is left over",1840,measured,inline resolver,residual.scale_low_ppb,"1840<!--#residual.scale_low_ppb--> to 1947<!--#residual.scale_high_ppb--> ppb,"
figures/README_fragments.md,473,"The field a land-cover model produces, and what is left over",1947,measured,inline resolver,residual.scale_high_ppb,"1840<!--#residual.scale_low_ppb--> to 1947<!--#residual.scale_high_ppb--> ppb,"
figures/README_fragments.md,475,"The field a land-cover model produces, and what is left over",106,measured,inline resolver,baseline.observed_span_ppb,observed field spans 106<!--#baseline.observed_span_ppb--> ppb and the field
figures/README_fragments.md,476,"The field a land-cover model produces, and what is left over",43,measured,inline resolver,baseline.impervious_span_ppb,"the model produces spans 43<!--#baseline.impervious_span_ppb-->, four tenths as"
figures/README_fragments.md,484,"The field a land-cover model produces, and what is left over",45,measured,inline resolver,residual.scale_limit_ppb,45<!--#residual.scale_limit_ppb--> ppb with arrow caps;
figures/README_fragments.md,485,"The field a land-cover model produces, and what is left over",4,measured,inline resolver,residual.clipped_cells,4<!--#residual.clipped_cells--> of the 926<!--#residual.observed_cells--> cells
figures/README_fragments.md,485,"The field a land-cover model produces, and what is left over",926,measured,inline resolver,residual.observed_cells,4<!--#residual.clipped_cells--> of the 926<!--#residual.observed_cells--> cells
figures/README_fragments.md,487,"The field a land-cover model produces, and what is left over",-48,measured,inline resolver,residual.residual_low_ppb,-48<!--#residual.residual_low_ppb--> to
figures/README_fragments.md,488,"The field a land-cover model produces, and what is left over",60,measured,inline resolver,residual.residual_high_ppb,60<!--#residual.residual_high_ppb--> ppb with a standard deviation of
figures/README_fragments.md,489,"The field a land-cover model produces, and what is left over",14.2,measured,inline resolver,residual.residual_sd_ppb,14.2<!--#residual.residual_sd_ppb-->. The structure in it is the point:
figures/README_fragments.md,491,"The field a land-cover model produces, and what is left over",0.646,measured,inline resolver,residual.residual_moran,"0.646<!--#residual.residual_moran-->, against"
figures/README_fragments.md,492,"The field a land-cover model produces, and what is left over",0.709,measured,inline resolver,residual.observed_moran,"0.709<!--#residual.observed_moran--> for the observed field, so the fit removes"
figures/README_fragments.md,493,"The field a land-cover model produces, and what is left over",8.8,measured,inline resolver,residual.moran_removed_percent,8.8<!--#residual.moran_removed_percent--> percent of the observed field's
figures/README_fragments.md,495,"The field a land-cover model produces, and what is left over",0.25,self_evident,grid resolution,,"among observed cells on the 0.25 degree analysis lattice, row standardised,"
figures/README_fragments.md,496,"The field a land-cover model produces, and what is left over",6.2,self_evident,cross-reference address,,"self excluded, with no distance decay**, stated because `ERRATA.md` 6.2 records"
figures/README_fragments.md,499,"The field a land-cover model produces, and what is left over",1,measured,inline resolver,residual.isolated_cells,1<!--#residual.isolated_cells--> cell has no observed queen neighbour and is
figures/README_fragments.md,501,"The field a land-cover model produces, and what is left over",999,measured,inline resolver,residual.permutations,at its floor of 0.001 over 999<!--#residual.permutations--> permutations of the
figures/README_fragments.md,501,"The field a land-cover model produces, and what is left over",0.001,self_evident,label or pair beside a marked number,,at its floor of 0.001 over 999<!--#residual.permutations--> permutations of the
figures/README_fragments.md,508,"The field a land-cover model produces, and what is left over",531,unresolved,"equals a resolver's value, written unmarked",grid.rice_rows,alone rather than impervious with rice: rice exists for only 531 of the
figures/README_fragments.md,509,"The field a land-cover model produces, and what is left over",926,measured,inline resolver,residual.observed_cells,"926<!--#residual.observed_cells--> cells, so a two-covariate field would be"
figures/README_fragments.md,510,"The field a land-cover model produces, and what is left over",395,unresolved,"equals a resolver's value, written unmarked",grid.rows_without_rice,blank over 395 more of them and this figure would carry two kinds of absence in
figures/README_fragments.md,513,"The field a land-cover model produces, and what is left over",97,measured,inline resolver,residual.absent_cells,97<!--#residual.absent_cells--> cells received no qualifying sounding and are
figures/README_fragments.md,519,"The field a land-cover model produces, and what is left over",97,self_evident,study box or lattice shape,,would draw the model's 97 best cells exactly where it has no cells at all. The
figures/README_fragments.md,520,"The field a land-cover model produces, and what is left over",0.17,self_evident,describes the drawing,,scale's centre is held 0.17 clear of the absence tone in luminance for the same
figures/README_fragments.md,531,"The field a land-cover model produces, and what is left over",15,cited,in a draft's own exemption list,"introduction: fifteen Tg, the inventory gap",least 15 CIE76 units apart everywhere beyond a tenth of the scale.
figures/README_fragments.md,541,"What the repository does, from source to result",5807,self_evident,cross-reference address,,"![An ISO 5807 flowchart of the reproduction pipeline: five obtained sources and one committed reference layer through a manifest check, two aggregatio"
figures/README_fragments.md,544,"What the repository does, from source to result",25,measured,inline resolver,pipeline.nodes,different system.** Four of the 25<!--#pipeline.nodes--> boxes here are
figures/README_fragments.md,549,"What the repository does, from source to result",0.80,unresolved,"equals a resolver's value, written unmarked",urban.gisa_over_gaia_2018,script will not write when a province's assessed area falls outside 0.80 to
figures/README_fragments.md,550,"What the repository does, from source to result",1.02,self_evident,describes the drawing,,1.02 of its polygon. The exporter will not write a figure below 300 dpi or 8 cm
figures/README_fragments.md,550,"What the repository does, from source to result",300,self_evident,describes the drawing,,1.02 of its polygon. The exporter will not write a figure below 300 dpi or 8 cm
figures/README_fragments.md,550,"What the repository does, from source to result",8,self_evident,describes the drawing,,1.02 of its polygon. The exporter will not write a figure below 300 dpi or 8 cm
figures/README_fragments.md,555,"What the repository does, from source to result",5,measured,inline resolver,pipeline.fetch_routes,"downloads over four platforms — 5<!--#pipeline.fetch_routes--> parallelograms,"
figures/README_fragments.md,559,"What the repository does, from source to result",74,measured,inline resolver,pipeline.recipes,"74<!--#pipeline.recipes--> registered regeneration recipes,"
figures/README_fragments.md,560,"What the repository does, from source to result",41,measured,inline resolver,pipeline.recipes_committed,41<!--#pipeline.recipes_committed--> rebuild their artefact from what a fresh
figures/README_fragments.md,561,"What the repository does, from source to result",22,measured,inline resolver,pipeline.recipes_local,"clone holds, 22<!--#pipeline.recipes_local--> need a fetched input and"
figures/README_fragments.md,562,"What the repository does, from source to result",10,measured,inline resolver,pipeline.recipes_network,10<!--#pipeline.recipes_network--> need a network run.
figures/README_fragments.md,566,"What the repository does, from source to result",23.4,self_evident,describes the drawing,,"frame the chart is eleven rows and 23.4 cm tall at this width, which is the"
figures/README_fragments.md,569,"What the repository does, from source to result",5807,self_evident,cross-reference address,,"Symbols are ISO 5807:1985's, drawn from the"
figures/README_fragments.md,569,"What the repository does, from source to result",1985,self_evident,describes the drawing,,"Symbols are ISO 5807:1985's, drawn from the"
figures/README_fragments.md,570,"What the repository does, from source to result",12,measured,inline resolver,pipeline.shapes_declared,"12<!--#pipeline.shapes_declared--> declared in `src/figures/diagram.py`, of"
figures/README_fragments.md,571,"What the repository does, from source to result",7,measured,inline resolver,pipeline.shapes_drawn,which this figure uses 7<!--#pipeline.shapes_drawn-->. That module is to shapes
figures/README_fragments.md,577,"What the repository does, from source to result",2020,self_evident,year as a date,,"Chaudhuri's (2020), and `notes/references.md` records the provenance chain and"
figures/README_fragments.md,583,"What the repository does, from source to result",30,measured,inline resolver,pipeline.paths_named,the repository paths it stands for — 30<!--#pipeline.paths_named--> of them —
figures/README_fragments.md,589,"What the repository does, from source to result",2023,self_evident,year as a date,,**This is not a redrawing of the 2023 thesis's Figure 3.1.** That figure is a
figures/README_fragments.md,589,"What the repository does, from source to result",3.1,self_evident,structural context,,**This is not a redrawing of the 2023 thesis's Figure 3.1.** That figure is a
figures/README_fragments.md,590,"What the repository does, from source to result",4.1,self_evident,cross-reference address,,"DeepLabv3+ architecture, and `ERRATA.md` 4.1 records that Section 3.3 describes"
figures/README_fragments.md,590,"What the repository does, from source to result",3.3,self_evident,inside a code span,,"DeepLabv3+ architecture, and `ERRATA.md` 4.1 records that Section 3.3 describes"
figures/README_fragments.md,592,"What the repository does, from source to result",3.3,neither,no resolver and no exemption,,3.3 records that the backbone was randomly initialised and then frozen. It
figures/README_fragments.md,611,What the reproduction found about each part of the study,15,measured,inline resolver,reproduction.errata_cited,15<!--#reproduction.errata_cited--> of those
figures/README_fragments.md,612,What the reproduction found about each part of the study,28,measured,inline resolver,reproduction.errata_sections,"28<!--#reproduction.errata_sections--> sections, drawn from all"
figures/README_fragments.md,613,What the reproduction found about each part of the study,7,measured,inline resolver,reproduction.errata_chapters,"7<!--#reproduction.errata_chapters--> of them, in one frame."
figures/README_fragments.md,616,What the reproduction found about each part of the study,11,measured,inline resolver,reproduction.stages,11<!--#reproduction.stages--> stages of the scientific process and columns are
figures/README_fragments.md,618,What the reproduction found about each part of the study,2019,self_evident,year as a date,,"reproducibility and replicability (2019, `10.1038/s41562-019-0629-z`). Because"
figures/README_fragments.md,618,What the reproduction found about each part of the study,10.1038,self_evident,inside a code span,,"reproducibility and replicability (2019, `10.1038/s41562-019-0629-z`). Because"
figures/README_fragments.md,625,What the reproduction found about each part of the study,4,measured,inline resolver,reproduction.source_states,*A fifth state.* The source declares 4<!--#reproduction.source_states-->:
figures/README_fragments.md,626,What the reproduction found about each part of the study,3.5,self_evident,cross-reference address,,"observed, different, unobserved and incorrect. `ERRATA.md` 3.5 is none of them."
figures/README_fragments.md,627,What the reproduction found about each part of the study,22,neither,no resolver and no exemption,,Every execution count in the committed notebook is null while 22 cells retain
figures/README_fragments.md,638,What the reproduction found about each part of the study,2,measured,inline resolver,reproduction.columns,"this figure has 2<!--#reproduction.columns-->, because there is one study and"
figures/README_fragments.md,646,What the reproduction found about each part of the study,4,measured,inline resolver,reproduction.intact,it is signal. 4<!--#reproduction.intact--> of the 11 stages are unchanged in
figures/README_fragments.md,646,What the reproduction found about each part of the study,11,self_evident,label or pair beside a marked number,,it is signal. 4<!--#reproduction.intact--> of the 11 stages are unchanged in
figures/README_fragments.md,647,What the reproduction found about each part of the study,5,measured,inline resolver,reproduction.original_observed,both columns and 5<!--#reproduction.original_observed--> of the eleven cells in
figures/README_fragments.md,648,What the reproduction found about each part of the study,2023,self_evident,year as a date,,the 2023 column are unchanged; drawing them faintly would produce the page of
figures/README_fragments.md,653,What the reproduction found about each part of the study,0.15,self_evident,describes the drawing,,"either. Five states would need five tones separating by 0.15 in luminance, and"
figures/README_fragments.md,658,What the reproduction found about each part of the study,255,neither,no resolver and no exemption,,"therefore return the same image to within one level of 255, which is the"
figures/README_fragments.md,664,What the reproduction found about each part of the study,2025,self_evident,year as a date,,"Desai, Abdelhamid and Padalkar (2025, `10.1002/aaai.70004`): dependent"
figures/README_fragments.md,664,What the reproduction found about each part of the study,10.1002,self_evident,inside a code span,,"Desai, Abdelhamid and Padalkar (2025, `10.1002/aaai.70004`): dependent"
figures/README_fragments.md,668,What the reproduction found about each part of the study,1,self_evident,structural context,,"neither was built with the other in mind — sections 1 to 6 read the thesis PDF,"
figures/README_fragments.md,668,What the reproduction found about each part of the study,6,self_evident,structural context,,"neither was built with the other in mind — sections 1 to 6 read the thesis PDF,"
figures/README_fragments.md,669,What the reproduction found about each part of the study,7,self_evident,structural context,,"the committed notebook and the repository's history, and section 7 rebuilds the"
figures/README_fragments.md,670,What the reproduction found about each part of the study,2,neither,no resolver and no exemption,,composite from Level 2 granules and runs the baselines.
figures/README_fragments.md,671,What the reproduction found about each part of the study,4,measured,inline resolver,reproduction.dependent_rows,4<!--#reproduction.dependent_rows--> rows are dependent alone and
figures/README_fragments.md,672,What the reproduction found about each part of the study,2,measured,inline resolver,reproduction.both_rows,2<!--#reproduction.both_rows--> are both. One case sits on the boundary and is
figures/README_fragments.md,673,What the reproduction found about each part of the study,7.5,neither,no resolver and no exemption,,"marked as such: 7.5 recomputes the provincial urban areas from the same product,"
figures/README_fragments.md,678,What the reproduction found about each part of the study,2018,self_evident,year as a date,,read as one.** The 2018 urban extent reproduces from the same product to within
figures/README_fragments.md,679,What the reproduction found about each part of the study,0.8,neither,no resolver and no exemption,,"0.8 percent; the 2000 extent does not, because GAIA stores the year each pixel"
figures/README_fragments.md,679,What the reproduction found about each part of the study,2000,self_evident,year as a date,,"0.8 percent; the 2000 extent does not, because GAIA stores the year each pixel"
figures/README_fragments.md,680,What the reproduction found about each part of the study,2023,self_evident,year as a date,,first became impervious and a reprocessing re-dates it. So the 2023 numbers were
figures/README_fragments.md,687,What the reproduction found about each part of the study,2023,self_evident,year as a date,,Nothing here depicts the 2023 thesis's Figure 3.1. Where a word like *backbone*
figures/README_fragments.md,687,What the reproduction found about each part of the study,3.1,self_evident,structural context,,Nothing here depicts the 2023 thesis's Figure 3.1. Where a word like *backbone*
figures/README_fragments.md,688,What the reproduction found about each part of the study,3.3,self_evident,cross-reference address,,"appears it is a finding about the original, citing `ERRATA.md` 3.3, and never a"
figures/README_fragments.md,709,Why the urban association cannot be attributed,0.761,measured,inline resolver,collinear.collinearity,"+0.761<!--#collinear.collinearity--> over 926<!--#collinear.cells--> cells,"
figures/README_fragments.md,709,Why the urban association cannot be attributed,926,measured,inline resolver,collinear.cells,"+0.761<!--#collinear.collinearity--> over 926<!--#collinear.cells--> cells,"
figures/README_fragments.md,712,Why the urban association cannot be attributed,0.700,measured,inline resolver,collinear.methane_albedo,at Pearson +0.700<!--#collinear.methane_albedo--> on the bias-corrected field
figures/README_fragments.md,713,Why the urban association cannot be attributed,0.737,measured,inline resolver,collinear.methane_albedo_raw,and +0.737<!--#collinear.methane_albedo_raw--> on the raw one. That is a
figures/README_fragments.md,716,Why the urban association cannot be attributed,2.1,measured,inline resolver,collinear.reduction_percent,"2.1<!--#collinear.reduction_percent--> percent of the fitted slope unweighted,"
figures/README_fragments.md,717,Why the urban association cannot be attributed,203.9,measured,inline resolver,albedo.slope_raw,from 203.9<!--#albedo.slope_raw--> to 199.7<!--#albedo.slope_corrected--> ppb
figures/README_fragments.md,717,Why the urban association cannot be attributed,199.7,measured,inline resolver,albedo.slope_corrected,from 203.9<!--#albedo.slope_raw--> to 199.7<!--#albedo.slope_corrected--> ppb
figures/README_fragments.md,719,Why the urban association cannot be attributed,0.345,measured,inline resolver,collinear.zero_order,"+0.345<!--#collinear.zero_order-->, and the same association with albedo"
figures/README_fragments.md,720,Why the urban association cannot be attributed,0.021,measured,inline resolver,collinear.partial,"removed from both variables, +0.021<!--#collinear.partial--> at p"
figures/README_fragments.md,721,Why the urban association cannot be attributed,0.53,measured,inline resolver,collinear.partial_p,"0.53<!--#collinear.partial_p-->. That p-value, like every other in this"
figures/README_fragments.md,722,Why the urban association cannot be attributed,926,self_evident,study box or lattice shape,,"caption, is nominal: it treats 926 lattice cells as 926 independent"
figures/README_fragments.md,722,Why the urban association cannot be attributed,926,self_evident,study box or lattice shape,,"caption, is nominal: it treats 926 lattice cells as 926 independent"
figures/README_fragments.md,724,Why the urban association cannot be attributed,0.53,unresolved,"equals a resolver's value, written unmarked",collinear.partial_p,"test beside it, and for this partial the correction moves p from 0.53 to 0.87 —"
figures/README_fragments.md,724,Why the urban association cannot be attributed,0.87,cited,in a draft's own exemption list,"discussion: posterior error correlation, shared surface, upper","test beside it, and for this partial the correction moves p from 0.53 to 0.87 —"
figures/README_fragments.md,732,Why the urban association cannot be attributed,0.76,unresolved,"equals a resolver's value, written unmarked",collinear.collinearity,so on its own face. At Spearman +0.76 there is not enough independent variation
figures/README_fragments.md,735,Why the urban association cannot be attributed,7.4,self_evident,cross-reference address,,for albedo over-controls by an unknown amount. `ERRATA.md` 7.4 states this
figures/README_fragments.md,741,Why the urban association cannot be attributed,0.440,measured,inline resolver,collinear.zero_order_raw,+0.440<!--#collinear.zero_order_raw--> to
figures/README_fragments.md,742,Why the urban association cannot be attributed,0.151,measured,inline resolver,collinear.partial_raw,"+0.151<!--#collinear.partial_raw-->, and the raw retrieval is the field"
figures/README_fragments.md,744,Why the urban association cannot be attributed,4.0e-06,neither,no resolver and no exemption,,the nominal p-value of 4.0e-06 suggested**: corrected for spatial dependence it
figures/README_fragments.md,745,Why the urban association cannot be attributed,0.040,neither,no resolver and no exemption,,"is p 0.040, still below 0.05 and no longer by a margin, and its weighted"
figures/README_fragments.md,745,Why the urban association cannot be attributed,0.05,cited,in a draft's own exemption list,methods: published albedo floor,"is p 0.040, still below 0.05 and no longer by a margin, and its weighted"
figures/README_fragments.md,746,Why the urban association cannot be attributed,0.125,unresolved,"equals a resolver's value, written unmarked",collinear.partial_raw_weighted,counterpart at +0.125 falls from p 1.3e-04 to p 0.094 and does not survive at
figures/README_fragments.md,746,Why the urban association cannot be attributed,1.3e-04,neither,no resolver and no exemption,,counterpart at +0.125 falls from p 1.3e-04 to p 0.094 and does not survive at
figures/README_fragments.md,746,Why the urban association cannot be attributed,0.094,neither,no resolver and no exemption,,counterpart at +0.125 falls from p 1.3e-04 to p 0.094 and does not survive at
figures/README_fragments.md,753,Why the urban association cannot be attributed,1,measured,inline resolver,composite.min_soundings,over 1<!--#composite.min_soundings--> to 410<!--#composite.max_soundings-->
figures/README_fragments.md,753,Why the urban association cannot be attributed,410,measured,inline resolver,composite.max_soundings,over 1<!--#composite.min_soundings--> to 410<!--#composite.max_soundings-->
figures/README_fragments.md,757,Why the urban association cannot be attributed,0.607,measured,inline resolver,collinear.collinearity_weighted,"to +0.607<!--#collinear.collinearity_weighted-->, the zero-order association to"
figures/README_fragments.md,758,Why the urban association cannot be attributed,0.212,measured,inline resolver,collinear.zero_order_weighted,"+0.212<!--#collinear.zero_order_weighted-->, and the partial to"
figures/README_fragments.md,759,Why the urban association cannot be attributed,0.032,measured,inline resolver,collinear.partial_weighted,+0.032<!--#collinear.partial_weighted--> at p
figures/README_fragments.md,760,Why the urban association cannot be attributed,0.32,measured,inline resolver,collinear.partial_weighted_p,0.32<!--#collinear.partial_weighted_p--> on the corrected field and
figures/README_fragments.md,761,Why the urban association cannot be attributed,0.125,measured,inline resolver,collinear.partial_raw_weighted,+0.125<!--#collinear.partial_raw_weighted--> on the raw. The weighted
figures/README_fragments.md,763,Why the urban association cannot be attributed,31.3,measured,inline resolver,collinear.reduction_weighted_percent,31.3<!--#collinear.reduction_weighted_percent--> percent against 2.1.
figures/README_fragments.md,763,Why the urban association cannot be attributed,2.1,neither,no resolver and no exemption,,31.3<!--#collinear.reduction_weighted_percent--> percent against 2.1.
figures/README_fragments.md,770,Why the urban association cannot be attributed,166,measured,inline resolver,collinear.negative_cells,166<!--#collinear.negative_cells--> of the cells carry a negative annual mean
figures/README_fragments.md,771,Why the urban association cannot be attributed,18,measured,inline resolver,collinear.negative_percent,"SWIR albedo, 18<!--#collinear.negative_percent--> percent of the grid, and a"
figures/README_fragments.md,794,Why the urban association cannot be attributed,500,self_evident,swept buffer radius,,predicts the withheld cell. At zero radius it is ordinary leave-one-out; at 500
figures/README_fragments.md,801,Why the urban association cannot be attributed,-0.002,measured,inline resolver,loo.constant_0km_raw,falls from -0.002<!--#loo.constant_0km_raw--> at no buffer to
figures/README_fragments.md,802,Why the urban association cannot be attributed,-0.407,measured,inline resolver,loo.constant_500km_raw,-0.407<!--#loo.constant_500km_raw--> at 500 km: the training mean drifts away
figures/README_fragments.md,802,Why the urban association cannot be attributed,500,self_evident,swept buffer radius,,-0.407<!--#loo.constant_500km_raw--> at 500 km: the training mean drifts away
figures/README_fragments.md,808,Why the urban association cannot be attributed,0.685,measured,inline resolver,loo.null_0km_raw,"0.685<!--#loo.null_0km_raw--> at no buffer,"
figures/README_fragments.md,809,Why the urban association cannot be attributed,0.664,measured,inline resolver,loo.null_25km_raw,"0.664<!--#loo.null_25km_raw--> at 25 km, and"
figures/README_fragments.md,809,Why the urban association cannot be attributed,25,self_evident,swept buffer radius,,"0.664<!--#loo.null_25km_raw--> at 25 km, and"
figures/README_fragments.md,810,Why the urban association cannot be attributed,-0.015,measured,inline resolver,loo.null_50km_raw,"-0.015<!--#loo.null_50km_raw--> at 50 km, which is the point where the"
figures/README_fragments.md,810,Why the urban association cannot be attributed,50,self_evident,swept buffer radius,,"-0.015<!--#loo.null_50km_raw--> at 50 km, which is the point where the"
figures/README_fragments.md,816,Why the urban association cannot be attributed,-0.091,measured,inline resolver,suite.null_operational_pu,-0.091<!--#suite.null_operational_pu-->. It is drawn on this panel and not the
figures/README_fragments.md,820,Why the urban association cannot be attributed,-0.084,measured,inline resolver,loo.null_150km_raw,-0.084<!--#loo.null_150km_raw--> at 150 km and
figures/README_fragments.md,820,Why the urban association cannot be attributed,150,self_evident,swept buffer radius,,-0.084<!--#loo.null_150km_raw--> at 150 km and
figures/README_fragments.md,821,Why the urban association cannot be attributed,-0.112,measured,inline resolver,loo.null_200km_raw,"-0.112<!--#loo.null_200km_raw--> at 200 km, so **the province-out value falls"
figures/README_fragments.md,821,Why the urban association cannot be attributed,200,self_evident,swept buffer radius,,"-0.112<!--#loo.null_200km_raw--> at 200 km, so **the province-out value falls"
figures/README_fragments.md,831,Why the urban association cannot be attributed,56,neither,no resolver and no exemption,,against the committed fold assignment puts the median cell about 56 km from its
figures/README_fragments.md,832,Why the urban association cannot be attributed,4,neither,no resolver and no exemption,,"nearest training cell, with roughly 4 percent of cells in the 150-to-200 km"
figures/README_fragments.md,832,Why the urban association cannot be attributed,150,self_evident,swept buffer radius,,"nearest training cell, with roughly 4 percent of cells in the 150-to-200 km"
figures/README_fragments.md,847,Why the urban association cannot be attributed,0.118,measured,inline resolver,loo.impervious_0km,"steadily, +0.118<!--#loo.impervious_0km--> at no buffer,"
figures/README_fragments.md,848,Why the urban association cannot be attributed,0.089,measured,inline resolver,loo.impervious_100km,"+0.089<!--#loo.impervious_100km--> at 100 km,"
figures/README_fragments.md,848,Why the urban association cannot be attributed,100,self_evident,swept buffer radius,,"+0.089<!--#loo.impervious_100km--> at 100 km,"
figures/README_fragments.md,849,Why the urban association cannot be attributed,0.063,measured,inline resolver,loo.impervious_150km,"+0.063<!--#loo.impervious_150km--> at 150 km,"
figures/README_fragments.md,849,Why the urban association cannot be attributed,150,self_evident,swept buffer radius,,"+0.063<!--#loo.impervious_150km--> at 150 km,"
figures/README_fragments.md,850,Why the urban association cannot be attributed,0.041,measured,inline resolver,loo.impervious_200km,+0.041<!--#loo.impervious_200km--> at 200 km and
figures/README_fragments.md,850,Why the urban association cannot be attributed,200,self_evident,swept buffer radius,,+0.041<!--#loo.impervious_200km--> at 200 km and
figures/README_fragments.md,851,Why the urban association cannot be attributed,0.007,measured,inline resolver,loo.impervious_300km,"+0.007<!--#loo.impervious_300km--> at 300 km, crossing zero before 400. **The"
figures/README_fragments.md,851,Why the urban association cannot be attributed,300,self_evident,swept buffer radius,,"+0.007<!--#loo.impervious_300km--> at 300 km, crossing zero before 400. **The"
figures/README_fragments.md,851,Why the urban association cannot be attributed,400,self_evident,swept buffer radius,,"+0.007<!--#loo.impervious_300km--> at 300 km, crossing zero before 400. **The"
figures/README_fragments.md,855,Why the urban association cannot be attributed,50,self_evident,swept buffer radius,,"is flat at exactly zero past 50 km for the reason panel (a) gives, so its line"
figures/README_fragments.md,859,Why the urban association cannot be attributed,95.6,neither,no resolver and no exemption,,"**The vertical line is at 95.6 km, and it stands for two numbers 1.1 km"
figures/README_fragments.md,859,Why the urban association cannot be attributed,1.1,neither,no resolver and no exemption,,"**The vertical line is at 95.6 km, and it stands for two numbers 1.1 km"
figures/README_fragments.md,861,Why the urban association cannot be attributed,95.0,measured,inline resolver,range.block_ew_km,"95.0<!--#range.block_ew_km--> km, and the half-sill range of the residual from"
figures/README_fragments.md,862,Why the urban association cannot be attributed,96.1,measured,inline resolver,range.operational_impervious_km,"an impervious-fraction fit, 96.1<!--#range.operational_impervious_km--> km."
figures/README_fragments.md,866,Why the urban association cannot be attributed,1.1,neither,no resolver and no exemption,,"1.1 km on a 500 km axis is two pixels, and a band a reader cannot see as a band"
figures/README_fragments.md,866,Why the urban association cannot be attributed,500,self_evident,swept buffer radius,,"1.1 km on a 500 km axis is two pixels, and a band a reader cannot see as a band"
figures/README_fragments.md,891,Why the urban association cannot be attributed,0.5,cited,in a draft's own exemption list,introduction/discussion: averaging-kernel sensitivity threshold,"(0.5), IMI's stated minimum viability (1) and its marginal ceiling (2), and"
figures/README_fragments.md,891,Why the urban association cannot be attributed,1,neither,no resolver and no exemption,,"(0.5), IMI's stated minimum viability (1) and its marginal ceiling (2), and"
figures/README_fragments.md,891,Why the urban association cannot be attributed,2,neither,no resolver and no exemption,,"(0.5), IMI's stated minimum viability (1) and its marginal ceiling (2), and"
figures/README_fragments.md,892,Why the urban association cannot be attributed,1.77,measured,inline resolver,dofs.cross_half,"the estimate crosses them at 1.77<!--#dofs.cross_half-->,"
figures/README_fragments.md,893,Why the urban association cannot be attributed,2.50,measured,inline resolver,dofs.cross_one,"2.50<!--#dofs.cross_one--> and 3.54<!--#dofs.cross_two--> Tg a-1, marked on the"
figures/README_fragments.md,893,Why the urban association cannot be attributed,3.54,measured,inline resolver,dofs.cross_two,"2.50<!--#dofs.cross_one--> and 3.54<!--#dofs.cross_two--> Tg a-1, marked on the"
figures/README_fragments.md,899,Why the urban association cannot be attributed,3.98,measured,inline resolver,dofs.at_5tg,3.98<!--#dofs.at_5tg--> to 22.21<!--#dofs.at_12tg-->. **The band is an input to
figures/README_fragments.md,899,Why the urban association cannot be attributed,22.21,measured,inline resolver,dofs.at_12tg,3.98<!--#dofs.at_5tg--> to 22.21<!--#dofs.at_12tg-->. **The band is an input to
figures/README_fragments.md,909,Why the urban association cannot be attributed,5,neither,no resolver and no exemption,,any individual cell is constrained. For this record none is. At 5 Tg a-1 the
figures/README_fragments.md,911,Why the urban association cannot be attributed,0.0039,measured,inline resolver,dofs.cell_median_5tg,0.0039<!--#dofs.cell_median_5tg--> and the best-observed cell reaches
figures/README_fragments.md,912,Why the urban association cannot be attributed,0.0119,measured,inline resolver,dofs.cell_max_5tg,"0.0119<!--#dofs.cell_max_5tg-->. At 12 Tg a-1, the top of the literature band,"
figures/README_fragments.md,912,Why the urban association cannot be attributed,12,cited,in a draft's own exemption list,discussion: transport error standard deviation ppb,"0.0119<!--#dofs.cell_max_5tg-->. At 12 Tg a-1, the top of the literature band,"
figures/README_fragments.md,913,Why the urban association cannot be attributed,0.0221,measured,inline resolver,dofs.cell_median_12tg,the median is 0.0221<!--#dofs.cell_median_12tg--> and the best cell
figures/README_fragments.md,914,Why the urban association cannot be attributed,0.0649,measured,inline resolver,dofs.cell_max_12tg,0.0649<!--#dofs.cell_max_12tg--> -- **an order of magnitude below the 0.5 at
figures/README_fragments.md,914,Why the urban association cannot be attributed,0.5,cited,in a draft's own exemption list,introduction/discussion: averaging-kernel sensitivity threshold,0.0649<!--#dofs.cell_max_12tg--> -- **an order of magnitude below the 0.5 at
figures/README_fragments.md,917,Why the urban association cannot be attributed,22,neither,no resolver and no exemption,,assumed total. The sweep alone cannot carry this: a DOFS of 22 is a large
figures/README_fragments.md,923,Why the urban association cannot be attributed,0.5,cited,in a draft's own exemption list,introduction/discussion: averaging-kernel sensitivity threshold,"the sensitivity expression at a = 0.5 needs no prior at all, because at fixed"
figures/README_fragments.md,926,Why the urban association cannot be attributed,86,measured,inline resolver,dofs.prior_free_median_gg,would have to emit 86<!--#dofs.prior_free_median_gg--> Gg a-1 for the
figures/README_fragments.md,928,Why the urban association cannot be attributed,49,measured,inline resolver,dofs.prior_free_best_gg,49<!--#dofs.prior_free_best_gg--> Gg a-1. A large municipal landfill emits on
figures/README_fragments.md,929,Why the urban association cannot be attributed,10,cited,in a draft's own exemption list,"methods: published precision filter, under 10 ppb","the order of 10 to 50 Gg a-1, a literature scale rather than a measurement"
figures/README_fragments.md,929,Why the urban association cannot be attributed,50,neither,no resolver and no exemption,,"the order of 10 to 50 Gg a-1, a literature scale rather than a measurement"
