centre_lat,centre_lon,sounding_count,eastward_wind_mean,eastward_wind_count,northward_wind_mean,northward_wind_count,solar_zenith_angle_mean,solar_zenith_angle_count,surface_albedo_NIR_mean,surface_albedo_NIR_count,surface_albedo_SWIR_mean,surface_albedo_SWIR_count,surface_altitude_mean,surface_altitude_count,surface_pressure_mean,surface_pressure_count,xch4_apriori_mean,xch4_apriori_count,xch4_departure_mean,xch4_departure_count
35.0750,114.9250,104,0.515579,104,-0.19169,104,41.1,104,0.286413,104,0.127465,104,64.3084,104,101035,104,1870.31,104,30.2327,104
35.0750,115.1750,330,0.612738,330,0.0461903,330,42.1624,330,0.273854,330,0.153777,330,58.9919,330,101127,330,1867.44,330,28.1905,330
35.0750,115.4250,340,0.486218,340,-0.361097,340,42.4388,340,0.276815,340,0.144168,340,53.1689,340,101218,340,1867.33,340,27.1735,340
35.0750,115.6750,375,0.397809,375,-0.400986,375,41.3659,375,0.279699,375,0.137687,375,48.2101,375,101205,375,1867.35,375,27.1958,375
35.0750,115.9250,384,0.501283,384,-0.185867,384,40.2938,384,0.277946,384,0.139124,384,44.6678,384,101182,384,1866.64,384,26.8975,384
35.0750,116.1750,398,0.476486,398,-0.0802361,398,41.6345,398,0.270837,398,0.13752,398,39.4177,398,101336,398,1866.44,398,25.5457,398
35.0750,116.4250,352,0.411058,352,-0.675076,352,40.8549,352,0.261472,352,0.110963,352,35.5923,352,101431,352,1868.55,352,24.2645,352
35.0750,116.6750,116,0.438927,116,-1.29688,116,39.1242,116,0.248439,116,0.0787291,116,35.3966,116,101324,116,1872.52,116,18.7324,116
35.0750,116.9250,164,0.745114,164,-0.974245,164,41.5754,164,0.250219,164,0.117987,164,47.5779,164,101319,164,1868.18,164,23.6334,164
35.0750,117.1750,293,0.803225,293,-0.527471,293,41.3947,293,0.257013,293,0.135039,293,70.6981,293,100972,293,1865.97,293,23.4748,293
35.0750,117.4250,336,0.853531,336,-0.526197,336,41.8852,336,0.238345,336,0.126782,336,186.65,336,99618.3,336,1862.99,336,23.3713,336
35.0750,117.6750,298,0.719688,298,-0.970482,298,41.045,298,0.230696,298,0.116532,298,243.76,298,98963,298,1862.14,298,22.5976,298
35.0750,117.9250,277,0.760434,277,-1.09829,277,42.15,277,0.234763,277,0.132257,277,156.739,277,99943.8,277,1863.98,277,23.0688,277
35.0750,118.1750,310,0.277043,310,-1.11307,310,41.7768,310,0.229456,310,0.156632,310,89.5335,310,100790,310,1864.71,310,23.9691,310
35.0750,118.4250,154,0.374887,154,-1.01763,154,39.4376,154,0.239837,154,0.126976,154,66.0896,154,100991,154,1866.99,154,20.7584,154
35.0750,118.6750,379,0.324653,379,-0.679928,379,41.7962,379,0.259919,379,0.148571,379,89.0092,379,100877,379,1862.85,379,22.955,379
35.0750,118.9250,304,0.378803,304,-0.985807,304,43.7189,304,0.251228,304,0.144431,304,70.5072,304,101104,304,1864.23,304,22.1184,304
35.0750,119.1750,133,0.563969,133,-0.805738,133,41.5776,133,0.246542,133,0.143771,133,40.7588,133,101413,133,1864.43,133,23.5078,133
35.0750,119.4250,3,-4.98407,3,3.08117,3,19.849,3,0.0147816,3,-0.0280667,3,0,3,101649,3,1864.1,3,8.82661,3
35.0750,119.6750,38,-2.51425,38,4.30445,38,20.5007,38,0.00872784,38,-0.0253481,38,0.00116442,38,101460,38,1858.14,38,18.0541,38
35.0750,119.9250,53,-2.61423,53,3.48949,53,20.328,53,0.0415203,53,0.00269882,53,0.0159197,53,100937,53,1874.55,53,2.16436,53
35.0750,120.1750,46,-2.59371,46,4.97035,46,18.596,46,0.0174526,46,-0.0240302,46,0,46,100998,46,1873.18,46,-2.00553,46
35.0750,120.4250,46,-1.47163,46,4.58668,46,18.5178,46,0.0277322,46,-0.0205687,46,0,46,100899,46,1875.72,46,2.08423,46
35.0750,120.6750,56,-1.25763,56,3.3941,56,19.3924,56,0.020956,56,-0.0288398,56,0,56,100824,56,1872.96,56,8.89523,56
35.0750,120.9250,40,-1.97453,40,2.58194,40,19.971,40,0.0162587,40,-0.0328364,40,0,40,100859,40,1873.54,40,3.72798,40
35.0750,121.1750,41,-2.8756,41,2.80732,41,20.2811,41,0.0138289,41,-0.0302726,41,0,41,101070,41,1871.44,41,-0.151306,41
35.0750,121.4250,48,-2.68026,48,2.74157,48,20.2332,48,0.00929714,48,-0.0323645,48,0,48,101103,48,1869.23,48,-0.931425,48
35.0750,121.6750,58,-2.41807,58,2.92014,58,19.9117,58,0.00536868,58,-0.0321103,58,0,58,101144,58,1863.67,58,-1.99769,58
35.0750,121.9250,64,-1.88809,64,3.67101,64,19.8625,64,0.00402655,64,-0.0343006,64,0,64,100987,64,1861.01,64,-4.82271,64
35.0750,122.1750,57,-1.37798,57,3.0717,57,19.8797,57,0.00523099,57,-0.0315147,57,0,57,100986,57,1856.62,57,-0.080119,57
35.0750,122.4250,44,-2.005,44,3.56824,44,20.0624,44,0.013504,44,-0.0272011,44,0,44,101012,44,1854.44,44,6.2024,44
34.8250,114.9250,268,0.794778,268,0.0149448,268,40.3085,268,0.272573,268,0.15482,268,67.1349,268,100873,268,1869.6,268,25.8233,268
34.8250,115.1750,325,0.558051,325,-0.065655,325,40.997,325,0.275004,325,0.148242,325,65.4598,325,100903,325,1869.14,325,26.3155,325
34.8250,115.4250,280,0.542639,280,-0.311004,280,40.0714,280,0.273927,280,0.137856,280,56.3876,280,100953,280,1868.68,280,27.2313,280
34.8250,115.6750,370,0.709522,370,-0.0279208,370,41.1708,370,0.272348,370,0.141177,370,50.2794,370,101140,370,1866.44,370,29.6677,370
34.8250,115.9250,362,0.632238,362,-0.0665389,362,40.4672,362,0.270255,362,0.141329,362,45.7668,362,101156,362,1866.95,362,27.6913,362
34.8250,116.1750,368,0.634703,368,0.0329282,368,41.0352,368,0.266224,368,0.142439,368,42.2021,368,101301,368,1866.15,368,29.49,368
34.8250,116.4250,410,0.582809,410,-0.0211014,410,41.4357,410,0.278338,410,0.128576,410,38.7683,410,101417,410,1866.23,410,27.6137,410
34.8250,116.6750,354,0.469535,354,-0.342193,354,40.5819,354,0.273139,354,0.117744,354,37.4572,354,101394,354,1867.78,354,24.3466,354
34.8250,116.9250,169,0.771165,169,-1.5801,169,39.1917,169,0.240522,169,0.0900333,169,35.5272,169,101337,169,1870.89,169,19.7924,169
34.8250,117.1750,205,0.868604,205,-0.803332,205,41.0328,205,0.244677,205,0.114136,205,48.576,205,101232,205,1867.48,205,24.4858,205
34.8250,117.4250,332,0.708215,332,-0.650385,332,40.9814,332,0.24336,332,0.123675,332,95.9243,332,100707,332,1865.04,332,23.7541,332
34.8250,117.6750,323,0.808867,323,-0.740985,323,43.5116,323,0.247971,323,0.124486,323,76.1508,323,100997,323,1866.93,323,27.1905,323
34.8250,117.9250,342,0.450844,342,-0.852372,342,42.596,342,0.256667,342,0.126385,342,51.0208,342,101278,342,1865.87,342,21.4003,342
34.8250,118.1750,372,0.16461,372,-0.945478,372,42.904,372,0.246854,372,0.126587,372,47.7438,372,101360,372,1866.55,372,23.2509,372
34.8250,118.4250,287,0.137785,287,-1.13028,287,43.3073,287,0.248304,287,0.124993,287,55.7963,287,101270,287,1867.61,287,22.4677,287
34.8250,118.6750,235,0.151193,235,-0.906512,235,44.0763,235,0.251684,235,0.143258,235,55.6605,235,101417,235,1864.7,235,23.1144,235
34.8250,118.9250,161,0.332878,161,-1.26399,161,42.1063,161,0.263414,161,0.117715,161,22.2442,161,101633,161,1868.13,161,19.9383,161
34.8250,119.1750,39,0.510534,39,-1.65035,39,43.2022,39,0.258918,39,0.106152,39,6.43364,39,101639,39,1870.98,39,22.1985,39
34.8250,119.4250,2,-5.52312,2,3.92337,2,17.5309,2,0.0214119,2,-0.0371062,2,0,2,100755,2,1892.56,2,-19.6995,2
34.8250,119.6750,29,-2.3171,29,4.09889,29,20.3209,29,0.0124506,29,-0.0274571,29,0,29,101138,29,1868.52,29,4.86693,29
34.8250,119.9250,44,-2.88822,44,4.09747,44,20.1392,44,0.0180301,44,-0.0229212,44,0,44,100804,44,1876.49,44,-5.88588,44
34.8250,120.1750,51,-2.95211,51,4.03604,51,18.8866,51,0.019866,51,-0.024853,51,0,51,100802,51,1878.57,51,-4.59585,51
34.8250,120.4250,46,-2.06359,46,4.11386,46,18.119,46,0.0227083,46,-0.0265261,46,0,46,100768,46,1875.66,46,-6.47341,46
34.8250,120.6750,53,-1.32745,53,3.54095,53,19.3038,53,0.022211,53,-0.0250055,53,0,53,100937,53,1874.98,53,4.72644,53
34.8250,120.9250,45,-1.77414,45,3.88071,45,19.2869,45,0.0169594,45,-0.0308501,45,0,45,100841,45,1877.12,45,-9.17848,45
34.8250,121.1750,37,-3.00959,37,4.24676,37,19.4694,37,0.0179801,37,-0.0299971,37,0,37,100954,37,1875.55,37,-8.91419,37
34.8250,121.4250,40,-2.51089,40,4.67427,40,19.4423,40,0.0128124,40,-0.0333596,40,0,40,100908,40,1871.94,40,-9.5188,40
34.8250,121.6750,53,-1.62045,53,4.53764,53,18.8081,53,0.00981571,53,-0.0309747,53,0,53,100974,53,1860.95,53,-4.59413,53
34.8250,121.9250,49,-1.63671,49,4.93455,49,19.0963,49,0.010617,49,-0.028833,49,0,49,100993,49,1859.72,49,-6.62464,49
34.8250,122.1750,57,-2.37176,57,3.78113,57,19.5938,57,0.00571547,57,-0.0329977,57,0,57,101008,57,1858.13,57,-5.40097,57
34.8250,122.4250,52,-2.63827,52,2.83681,52,20.0321,52,0.0080942,52,-0.0306053,52,0,52,101068,52,1854,52,4.84189,52
34.5750,114.9250,332,0.699591,332,-0.247233,332,40.6866,332,0.281923,332,0.154011,332,60.8241,332,100960,332,1870.24,332,26.1289,332
34.5750,115.1750,246,0.65867,246,-0.219088,246,38.633,246,0.275319,246,0.148988,246,60.6646,246,100766,246,1870.99,246,25.5014,246
34.5750,115.4250,211,0.435651,211,-0.851709,211,38.7386,211,0.282358,211,0.133489,211,58.2006,211,100852,211,1872.37,211,26.0855,211
34.5750,115.6750,296,0.699807,296,-0.0678904,296,40.9998,296,0.26149,296,0.137406,296,54.4226,296,101071,296,1867.29,296,28.116,296
34.5750,115.9250,254,0.773976,254,-0.48528,254,41.8068,254,0.275081,254,0.133973,254,50.1333,254,101202,254,1868.53,254,29.7469,254
34.5750,116.1750,365,0.528486,365,-0.172431,365,42.2673,365,0.273766,365,0.131562,365,48.6061,365,101323,365,1865.95,365,28.3229,365
34.5750,116.4250,381,0.695515,381,-0.0544971,381,41.3957,381,0.275015,381,0.119777,381,46.5583,381,101231,381,1866.77,381,24.5437,381
34.5750,116.6750,347,0.62,347,-0.355075,347,41.935,347,0.26985,347,0.119035,347,42.3595,347,101332,347,1867.54,347,22.055,347
34.5750,116.9250,340,0.449664,340,-0.940411,340,41.9253,340,0.279373,340,0.117317,340,38.0016,340,101494,340,1867.82,340,24.8078,340
34.5750,117.1750,81,0.575131,81,-1.63423,81,39.7599,81,0.264589,81,0.085146,81,35.8117,81,101296,81,1872.5,81,20.221,81
34.5750,117.4250,187,0.772257,187,-1.20338,187,43.1383,187,0.252728,187,0.121225,187,54.3094,187,101326,187,1866.67,187,25.2781,187
34.5750,117.6750,381,0.771315,381,-0.919113,381,43.0598,381,0.263647,381,0.117596,381,35.2905,381,101525,381,1866.2,381,24.4088,381
34.5750,117.9250,402,0.566625,402,-0.662659,402,44.1865,402,0.262863,402,0.121396,402,29.2918,402,101663,402,1865.57,402,23.9177,402
34.5750,118.1750,367,0.250398,367,-0.797395,367,42.5826,367,0.25626,367,0.107642,367,32.5937,367,101566,367,1866.7,367,17.7731,367
34.5750,118.4250,310,0.182573,310,-0.994271,310,42.4213,310,0.257929,310,0.123787,310,48.3083,310,101325,310,1867.13,310,22.5711,310
34.5750,118.6750,231,0.150876,231,-1.74457,231,43.7974,231,0.267688,231,0.116235,231,39.7145,231,101516,231,1867.71,231,22.157,231
34.5750,118.9250,297,0.278594,297,-1.33868,297,43.6426,297,0.280492,297,0.0949649,297,6.66493,297,101949,297,1866.9,297,17.9649,297
34.5750,119.1750,224,0.343056,224,-1.30327,224,42.0853,224,0.255623,224,0.0994069,224,8.76495,224,101848,224,1865.7,224,22.2296,224
34.5750,119.4250,55,0.250695,55,-1.75901,55,41.119,55,0.276763,55,0.0806695,55,5.77404,55,101898,55,1867.27,55,19.3742,55
34.5750,119.6750,2,-1.42069,2,4.67298,2,20.6075,2,0.0183412,2,-0.0230938,2,0,2,101098,2,1869.35,2,1.79537,2
34.5750,119.9250,14,-0.882566,14,3.89234,14,21.0317,14,0.00839656,14,-0.0275292,14,0,14,100982,14,1868.21,14,6.66558,14
34.5750,120.1750,18,-3.20481,18,3.75257,18,17.8049,18,0.0210597,18,-0.0294117,18,0,18,100658,18,1882.54,18,-5.06537,18
34.5750,120.4250,32,-1.36904,32,2.9072,32,17.3251,32,0.0234952,32,-0.0283825,32,0,32,100546,32,1878.39,32,-6.83059,32
34.5750,120.6750,32,-2.41107,32,4.90279,32,17.6408,32,0.0293894,32,-0.024139,32,0,32,100737,32,1880.49,32,-16.6124,32
34.5750,120.9250,30,-2.2893,30,5.82521,30,17.8224,30,0.017955,30,-0.0338811,30,0,30,100819,30,1879.75,30,-18.0265,30
34.5750,121.1750,16,-2.41839,16,6.30811,16,17.0915,16,0.020245,16,-0.0350798,16,0,16,100784,16,1876.74,16,-16.091,16
34.5750,121.4250,24,-1.69873,24,4.72175,24,17.5094,24,0.00687843,24,-0.0413821,24,0,24,100751,24,1871.26,24,-10.4764,24
34.5750,121.6750,42,-1.79349,42,4.8216,42,19.7597,42,0.00887167,42,-0.033713,42,0,42,100862,42,1860.74,42,-8.87474,42
34.5750,121.9250,49,-2.07967,49,3.97135,49,19.2497,49,0.00794359,49,-0.0301741,49,0,49,101047,49,1858.6,49,-6.71092,49
34.5750,122.1750,56,-2.89793,56,3.65085,56,19.4476,56,0.00537735,56,-0.0322152,56,0,56,101006,56,1859.44,56,-5.75215,56
34.5750,122.4250,49,-2.79585,49,4.2319,49,20.0999,49,0.00624224,49,-0.0336101,49,0,49,100951,49,1857.49,49,-0.204115,49
34.3250,114.9250,304,0.846684,304,-0.132525,304,41.1078,304,0.281025,304,0.140059,304,55.2552,304,101096,304,1870.68,304,28.3782,304
34.3250,115.1750,308,0.724015,308,-0.315521,308,41.3324,308,0.28048,308,0.140717,308,54.3406,308,101113,308,1869.76,308,28.1188,308
34.3250,115.4250,343,0.664601,343,-0.127833,343,42.1339,343,0.281522,343,0.144355,343,52.0903,343,101138,343,1869.03,343,28.6921,343
34.3250,115.6750,295,0.659799,295,-0.251291,295,41.1551,295,0.275009,295,0.150426,295,47.7206,295,101187,295,1868.93,295,30.8007,295
34.3250,115.9250,351,0.69626,351,-0.0126559,351,42.8787,351,0.280729,351,0.140164,351,44.9473,351,101279,351,1867.34,351,28.6453,351
34.3250,116.1750,349,0.646925,349,-0.349376,349,41.9575,349,0.27456,349,0.132494,349,43.888,349,101316,349,1868.51,349,28.742,349
34.3250,116.4250,382,0.515764,382,-0.28575,382,42.0379,382,0.270551,382,0.120642,382,42.779,382,101357,382,1867.83,382,26.0613,382
34.3250,116.6750,400,0.547461,400,-0.434753,400,43.1331,400,0.274659,400,0.118885,400,41.5365,400,101422,400,1867.02,400,25.2657,400
34.3250,116.9250,366,0.478814,366,-0.616669,366,42.8441,366,0.267838,366,0.116554,366,41.4638,366,101455,366,1867.86,366,27.2788,366
34.3250,117.1750,151,0.604218,151,-1.4828,151,38.8171,151,0.243575,151,0.108623,151,39.7737,151,101187,151,1870.43,151,21.6789,151
34.3250,117.4250,249,0.54663,249,-1.06903,249,40.6299,249,0.247052,249,0.117196,249,38.639,249,101355,249,1868.35,249,22.6538,249
34.3250,117.6750,372,0.515076,372,-0.704254,372,42.5747,372,0.269127,372,0.128596,372,28.4446,372,101604,372,1866.05,372,23.686,372
34.3250,117.9250,271,0.404894,271,-1.04089,271,42.9287,271,0.252541,271,0.112492,271,24.4237,271,101654,271,1866.86,271,23.1743,271
34.3250,118.1750,241,0.29524,241,-1.06405,241,43.5518,241,0.26018,241,0.108636,241,27.5415,241,101635,241,1867.29,241,23.0707,241
34.3250,118.4250,283,0.255043,283,-1.07258,283,45.3786,283,0.25111,283,0.127648,283,30.9511,283,101710,283,1866.48,283,25.725,283
34.3250,118.6750,241,0.294897,241,-1.264,241,46.5548,241,0.250799,241,0.115244,241,11.7201,241,102098,241,1867.26,241,22.8505,241
34.3250,118.9250,326,0.017732,326,-1.05914,326,42.9256,326,0.285807,326,0.0958507,326,2.85485,326,102036,326,1866.66,326,18.1693,326
34.3250,119.1750,293,0.417635,293,-1.06507,293,42.6029,293,0.278312,293,0.100636,293,3.43033,293,101992,293,1865.83,293,21.4978,293
34.3250,119.4250,253,0.395141,253,-1.22281,253,41.0785,253,0.281193,253,0.0943114,253,2.10901,253,101909,253,1866.35,253,21.0948,253
34.3250,119.6750,126,0.782361,126,-1.71634,126,44.3054,126,0.280551,126,0.102159,126,3.66443,126,101941,126,1864.77,126,27.3495,126
34.3250,119.9250,71,0.502932,71,-2.15655,71,40.9922,71,0.305123,71,0.0901061,71,7.51724,71,101750,71,1866.29,71,23.0504,71
34.3250,120.1750,12,1.03381,12,-2.53606,12,42.5948,12,0.288253,12,0.0885831,12,5.21083,12,102156,12,1861.39,12,33.3065,12
34.3250,120.4250,10,-0.689832,10,1.42969,10,32.5488,10,0.0845569,10,-0.00904345,10,0.715839,10,101226,10,1872.46,10,3.46083,10
34.3250,120.6750,23,-2.20257,23,4.14902,23,17.7178,23,0.0331521,23,-0.0208204,23,0,23,100632,23,1882.42,23,-22.2023,23
34.3250,120.9250,14,-2.93477,14,6.86252,14,16.5927,14,0.034142,14,-0.0323538,14,0,14,100751,14,1879.68,14,-17.4511,14
34.3250,121.1750,16,-3.24562,16,7.74675,16,16.9673,16,0.0253794,16,-0.0365117,16,0,16,100846,16,1880.11,16,-20.4732,16
34.3250,121.4250,20,-2.49883,20,6.25009,20,17.2513,20,0.0164562,20,-0.0383172,20,0,20,100825,20,1876.55,20,-16.1066,20
34.3250,121.6750,31,-2.08378,31,6.18462,31,18.7131,31,0.0145412,31,-0.0332268,31,0,31,100836,31,1865.34,31,-12.4785,31
34.3250,121.9250,47,-1.89267,47,5.06127,47,18.9929,47,0.00915774,47,-0.0356407,47,0,47,100861,47,1862.78,47,-9.78567,47
34.3250,122.1750,61,-2.72967,61,4.85875,61,19.0532,61,0.00721822,61,-0.0363606,61,0,61,100997,61,1862.44,61,-7.71,61
34.3250,122.4250,65,-2.43066,65,4.64233,65,19.1238,65,0.00566454,65,-0.035543,65,0,65,100871,65,1860.75,65,-3.40482,65
34.0750,114.9250,324,0.656243,324,-0.0301743,324,39.8589,324,0.286462,324,0.124491,324,50.8688,324,101041,324,1871.59,324,22.9588,324
34.0750,115.1750,328,0.782266,328,-0.117199,328,40.0085,328,0.286435,328,0.128349,328,49.1989,328,101045,328,1871.18,328,23.5001,328
34.0750,115.4250,346,0.626524,346,-0.153506,346,40.9713,346,0.284814,346,0.130292,346,46.6125,346,101147,346,1869.86,346,26.4762,346
34.0750,115.6750,368,0.712664,368,-0.0262111,368,41.6451,368,0.277146,368,0.134046,368,43.1803,368,101218,368,1869.28,368,27.5922,368
34.0750,115.9250,348,0.650872,348,-0.0991382,348,42.4104,348,0.270736,348,0.141134,348,40.6188,348,101324,348,1868.54,348,26.2268,348
34.0750,116.1750,348,0.553297,348,-0.313935,348,42.7495,348,0.271722,348,0.13416,348,38.3202,348,101399,348,1869.18,348,25.9213,348
34.0750,116.4250,321,0.734005,321,-0.362044,321,42.7067,321,0.268463,321,0.130579,321,38.1866,321,101412,321,1868.88,321,30.8444,321
34.0750,116.6750,325,0.283279,325,-0.326698,325,42.4026,325,0.275646,325,0.120692,325,37.7015,325,101450,325,1868.85,325,27.4266,325
34.0750,116.9250,294,0.33303,294,-0.683146,294,42.1265,294,0.242327,294,0.114972,294,59.843,294,101190,294,1868.91,294,27.135,294
34.0750,117.1750,294,0.462962,294,-0.802354,294,42.9442,294,0.25436,294,0.123414,294,45.0943,294,101408,294,1867.93,294,25.5325,294
34.0750,117.4250,249,0.47124,249,-0.700138,249,41.4815,249,0.273293,249,0.113748,249,37.0656,249,101447,249,1868.74,249,26.714,249
34.0750,117.6750,301,0.403484,301,-0.841974,301,42.7865,301,0.272449,301,0.120706,301,31.564,301,101617,301,1867.79,301,25.4534,301
34.0750,117.9250,246,-0.129769,246,-1.16263,246,41.2925,246,0.278333,246,0.0965779,246,24.5485,246,101639,246,1870.9,246,21.3161,246
34.0750,118.1750,33,-0.537455,33,-1.36748,33,43.4179,33,0.227645,33,0.100241,33,22.9544,33,101828,33,1873.27,33,18.0138,33
34.0750,118.4250,230,0.268559,230,-0.843489,230,44.9524,230,0.26926,230,0.108191,230,18.3831,230,101971,230,1867.07,230,22.4464,230
34.0750,118.6750,299,0.295646,299,-0.846405,299,44.5661,299,0.261488,299,0.104781,299,10.7658,299,102016,299,1867.11,299,23.9834,299
34.0750,118.9250,300,0.385846,300,-0.968391,300,42.3981,300,0.264161,300,0.103712,300,6.31995,300,101941,300,1867.44,300,20.2955,300
34.0750,119.1750,260,0.368612,260,-0.76792,260,40.0502,260,0.266146,260,0.10013,260,4.0366,260,101897,260,1866.83,260,19.1299,260
34.0750,119.4250,254,0.467542,254,-0.765397,254,39.3238,254,0.27091,254,0.0961531,254,2.50549,254,101806,254,1866.4,254,20.4359,254
34.0750,119.6750,264,0.504774,264,-1.03055,264,42.5402,264,0.269291,264,0.103343,264,3.94892,264,101889,264,1865.01,264,24.3035,264
34.0750,119.9250,253,0.614126,253,-1.14074,253,41.3491,253,0.274187,253,0.101689,253,3.96109,253,101778,253,1864.19,253,24.8701,253
34.0750,120.1750,194,0.56367,194,-1.68623,194,40.2257,194,0.285405,194,0.087785,194,3.69095,194,101727,194,1864.66,194,24.1749,194
34.0750,120.4250,14,0.592225,14,-3.30989,14,43.7099,14,0.195247,14,0.0400445,14,2.68042,14,102034,14,1863.86,14,8.41583,14
34.0750,120.6750,4,0.626483,4,-0.248701,4,20.5294,4,0.0472918,4,0.0204656,4,0,4,100605,4,1881.14,4,0.962198,4
34.0750,120.9250,14,-2.59518,14,5.8452,14,16.9396,14,0.0443338,14,-0.0253686,14,0,14,100720,14,1879.37,14,-11.8066,14
34.0750,121.1750,21,-3.67645,21,7.50848,21,17.1216,21,0.0226312,21,-0.0362707,21,0,21,100872,21,1880.81,21,-21.7259,21
34.0750,121.4250,22,-3.35007,22,7.21346,22,17.2871,22,0.018223,22,-0.0378613,22,0,22,100905,22,1879.4,22,-20.5506,22
34.0750,121.6750,27,-2.53121,27,6.46981,27,18.1958,27,0.0162218,27,-0.0355354,27,0,27,100877,27,1869.62,27,-14.7984,27
34.0750,121.9250,54,-1.92124,54,3.28927,54,19.0275,54,0.0096416,54,-0.0342371,54,0,54,100824,54,1859.88,54,0.527718,54
34.0750,122.1750,49,-2.57639,49,3.66523,49,18.956,49,0.0131452,49,-0.0329744,49,0,49,100960,49,1855.31,49,1.26853,49
34.0750,122.4250,73,-2.85267,73,3.62244,73,18.6168,73,0.00890152,73,-0.0337126,73,0,73,100967,73,1860.55,73,2.25771,73
33.8250,114.9250,242,0.63147,242,0.0014943,242,37.516,242,0.297265,242,0.126325,242,48.1465,242,100929,242,1873.84,242,18.9464,242
33.8250,115.1750,357,0.63379,357,0.181097,357,39.5548,357,0.293296,357,0.122791,357,43.6891,357,101083,357,1872.39,357,20.8086,357
33.8250,115.4250,348,0.762259,348,0.0349362,348,41.1845,348,0.272896,348,0.119401,348,40.9641,348,101197,348,1870.05,348,23.1808,348
33.8250,115.6750,310,0.753981,310,0.0785453,310,42.0009,310,0.24235,310,0.124956,310,39.2312,310,101347,310,1867.72,310,24.6591,310
33.8250,115.9250,319,0.619098,319,-0.108837,319,42.1687,319,0.245387,319,0.120631,319,36.8171,319,101419,319,1868.71,319,24.5696,319
33.8250,116.1750,331,0.576133,331,-0.230318,331,43.3185,331,0.245868,331,0.121223,331,33.8776,331,101496,331,1868.55,331,26.93,331
33.8250,116.4250,276,0.801949,276,-0.460554,276,41.5708,276,0.245377,276,0.1211,276,32.0152,276,101489,276,1868.57,276,28.0019,276
33.8250,116.6750,243,0.652017,243,-0.552614,243,41.9077,243,0.250754,243,0.120665,243,30.8457,243,101520,243,1868.48,243,27.5036,243
33.8250,116.9250,292,0.406015,292,-0.543969,292,42.8267,292,0.24173,292,0.124543,292,46.5293,292,101424,292,1867.46,292,27.6363,292
33.8250,117.1750,380,0.258489,380,-0.329616,380,42.6009,380,0.259823,380,0.116426,380,30.7281,380,101557,380,1868.64,380,25.62,380
33.8250,117.4250,356,0.401795,356,-0.491595,356,42.5182,356,0.2539,356,0.114317,356,27.3201,356,101614,356,1867.63,356,25.9763,356
33.8250,117.6750,369,0.32192,369,-0.446583,369,42.1327,369,0.268388,369,0.122706,369,25.2961,369,101627,369,1867.47,369,25.8374,369
33.8250,117.9250,377,0.172066,377,-0.644501,377,42.3014,377,0.269007,377,0.117008,377,21.4315,377,101702,377,1867.71,377,24.0998,377
33.8250,118.1750,260,0.225003,260,-0.607258,260,41.279,260,0.265962,260,0.115491,260,20.3034,260,101618,260,1867.98,260,23.3677,260
33.8250,118.4250,274,0.29962,274,-0.656883,274,41.8473,274,0.252605,274,0.111429,274,18.3149,274,101768,274,1867.54,274,22.4205,274
33.8250,118.6750,276,0.371121,276,-0.976237,276,43.0053,276,0.260974,276,0.112356,276,13.1154,276,101916,276,1867.28,276,23.1751,276
33.8250,118.9250,314,0.421708,314,-0.877868,314,41.5335,314,0.269697,314,0.106407,314,10.0037,314,101901,314,1866.09,314,21.9284,314
33.8250,119.1750,273,0.488335,273,-0.664914,273,41.6758,273,0.267875,273,0.109901,273,7.94335,273,101891,273,1867.54,273,20.5964,273
33.8250,119.4250,266,0.466415,266,-0.857008,266,41.2479,266,0.261825,266,0.0982974,266,4.75665,266,101899,266,1866.71,266,20.693,266
33.8250,119.6750,256,0.469949,256,-1.09046,256,40.7204,256,0.252006,256,0.0944331,256,3.59981,256,101834,256,1865.84,256,23.6936,256
33.8250,119.9250,238,0.65314,238,-1.25091,238,42.5571,238,0.258662,238,0.0920928,238,4.75899,238,101800,238,1865.37,238,24.0473,238
33.8250,120.1750,188,0.912002,188,-0.928693,188,41.0336,188,0.261417,188,0.0930661,188,3.02354,188,101639,188,1867.22,188,26.6871,188
33.8250,120.4250,34,0.762305,34,-1.7619,34,37.1597,34,0.264418,34,0.0717979,34,6.7313,34,101301,34,1869.97,34,32.1877,34
33.8250,120.6750,1,-3.96197,1,3.64906,1,22.2232,1,-0.000626809,1,-0.0402832,1,0,1,100709,1,1882.67,1,-17.6958,1
33.8250,120.9250,5,-4.35503,5,7.29486,5,16.978,5,0.0267609,5,-0.0369416,5,0,5,100858,5,1882.1,5,-19.0648,5
33.8250,121.1750,23,-3.97521,23,7.33598,23,16.9378,23,0.021335,23,-0.038695,23,0,23,100873,23,1880.96,23,-22.4136,23
33.8250,121.4250,23,-3.26406,23,6.61309,23,17.5306,23,0.0167718,23,-0.0368824,23,0,23,100865,23,1878.34,23,-17.3723,23
33.8250,121.6750,32,-1.94798,32,4.65625,32,17.7413,32,0.0122443,32,-0.0298593,32,0,32,100763,32,1873.05,32,-10.1204,32
33.8250,121.9250,64,-2.88976,64,4.95951,64,19.0708,64,0.0173188,64,-0.0330056,64,0,64,100870,64,1863.64,64,-6.62272,64
33.8250,122.1750,58,-2.18697,58,3.65829,58,20.1151,58,0.0168493,58,-0.030591,58,0,58,100852,58,1860.63,58,-0.707313,58
33.8250,122.4250,63,-2.66884,63,3.77996,63,19.6562,63,0.016826,63,-0.0298502,63,0,63,100963,63,1862.66,63,4.93307,63
33.5750,114.9250,282,0.791261,282,0.11193,282,41.1929,282,0.270902,282,0.131449,282,45.0391,282,101206,282,1871.9,282,22.2753,282
33.5750,115.1750,319,0.744859,319,0.199461,319,41.9536,319,0.260203,319,0.129099,319,41.2443,319,101297,319,1870.31,319,23.7609,319
33.5750,115.4250,348,0.550411,348,0.0896367,348,43.7807,348,0.251646,348,0.121281,348,37.8622,348,101486,348,1868.26,348,24.5348,348
33.5750,115.6750,335,0.615458,335,0.108789,335,44.8993,335,0.238804,335,0.123536,335,35.7392,335,101561,335,1867.58,335,25.0059,335
33.5750,115.9250,341,0.477931,341,-0.096025,341,42.9568,341,0.241226,341,0.125243,341,33.9049,341,101518,341,1868.49,341,26.7043,341
33.5750,116.1750,295,0.651591,295,-0.272679,295,42.6695,295,0.235041,295,0.122147,295,32.4796,295,101568,295,1868.09,295,25.5976,295
33.5750,116.4250,313,0.564858,313,-0.448878,313,43.5303,313,0.24126,313,0.127373,313,30.1599,313,101608,313,1868.75,313,28.7215,313
33.5750,116.6750,304,0.714053,304,-0.770839,304,42.8553,304,0.261665,304,0.122222,304,28.0792,304,101586,304,1868.88,304,30.2124,304
33.5750,116.9250,334,0.493384,334,-0.572684,334,41.8815,334,0.255504,334,0.129847,334,26.7573,334,101590,334,1868.54,334,29.1766,334
33.5750,117.1750,237,0.18775,237,-0.649527,237,40.3313,237,0.273203,237,0.109005,237,25.0646,237,101550,237,1869.48,237,31.2412,237
33.5750,117.4250,394,0.220984,394,-0.293627,394,42.6111,394,0.264991,394,0.119721,394,23.1937,394,101694,394,1866.76,394,28.2016,394
33.5750,117.6750,385,0.156965,385,-0.497976,385,40.8628,385,0.261407,385,0.123279,385,21.9495,385,101646,385,1867.41,385,26.1094,385
33.5750,117.9250,358,0.324679,358,-0.670006,358,41.4998,358,0.260805,358,0.123771,358,20.6739,358,101675,358,1866.64,358,28.2164,358
33.5750,118.1750,317,0.358792,317,-0.554091,317,41.8366,317,0.265656,317,0.114335,317,17.7377,317,101773,317,1866.89,317,24.6536,317
33.5750,118.4250,108,0.143288,108,-0.777112,108,39.1582,108,0.273372,108,0.0933459,108,15.194,108,101587,108,1870.54,108,20.0332,108
33.5750,118.6750,62,0.744064,62,-0.98805,62,40.2265,62,0.246422,62,0.112753,62,15.5799,62,101830,62,1866.75,62,24.5029,62
33.5750,118.9250,170,0.504865,170,-1.25545,170,40.5749,170,0.255766,170,0.106503,170,12.0115,170,101882,170,1866.79,170,23.7601,170
33.5750,119.1750,218,0.62077,218,-0.911155,218,43.0332,218,0.249921,218,0.104877,218,7.26965,218,101940,218,1867.77,218,24.4374,218
33.5750,119.4250,234,0.600484,234,-0.681951,234,38.7497,234,0.274078,234,0.0895161,234,5.08078,234,101749,234,1866.83,234,22.4125,234
33.5750,119.6750,217,0.528878,217,-1.17957,217,41.6926,217,0.242801,217,0.0855759,217,8.06688,217,101827,217,1866.38,217,25.6178,217
33.5750,119.9250,207,0.642077,207,-1.09267,207,42.9032,207,0.254597,207,0.0902595,207,8.70924,207,101844,207,1865.33,207,27.9045,207
33.5750,120.1750,169,1.03776,169,-0.609538,169,42.4957,169,0.247172,169,0.0992651,169,3.52681,169,101782,169,1865.77,169,30.1094,169
33.5750,120.4250,74,0.81074,74,-1.08835,74,41.709,74,0.250348,74,0.0946163,74,3.49448,74,101690,74,1866.57,74,30.9087,74
33.5750,120.6750,8,-0.581043,8,1.37958,8,37.4379,8,0.124523,8,0.0212898,8,0.776648,8,101728,8,1864.58,8,30.9466,8
33.5750,120.9250,1,0.517164,1,-3.50142,1,15.825,1,-0.0011572,1,-0.0463721,1,0,1,100209,1,1858.5,1,21.5567,1
33.5750,121.1750,11,-4.64769,11,7.83499,11,17.3944,11,0.0169101,11,-0.0399402,11,0,11,100750,11,1880.84,11,-30.318,11
33.5750,121.4250,18,-3.78438,18,6.34079,18,19.7017,18,0.0103528,18,-0.040771,18,0,18,100892,18,1880.14,18,-22.4474,18
33.5750,121.6750,32,-3.05865,32,6.46323,32,21.7574,32,0.0131492,32,-0.0392496,32,0,32,100855,32,1878.34,32,-23.0364,32
33.5750,121.9250,56,-3.13621,56,5.78956,56,20.4851,56,0.0198122,56,-0.0328888,56,0,56,100831,56,1869.49,56,-13.9727,56
33.5750,122.1750,49,-2.33508,49,4.76021,49,20.2684,49,0.0248698,49,-0.0218047,49,0,49,100913,49,1862.52,49,0.114709,49
33.5750,122.4250,36,-1.92975,36,5.19435,36,20.7089,36,0.0191371,36,-0.032144,36,0,36,100948,36,1867.98,36,-1.00759,36
33.3250,114.9250,306,0.664826,306,0.326776,306,41.8182,306,0.244533,306,0.131604,306,41.2651,306,101366,306,1869.83,306,22.3182,306
33.3250,115.1750,317,0.400728,317,0.225403,317,42.2876,317,0.248502,317,0.128965,317,40.5492,317,101417,317,1869.67,317,24.0489,317
33.3250,115.4250,325,0.386693,325,-0.00550267,325,43.3917,325,0.237986,325,0.127234,325,36.8888,325,101528,325,1869.49,325,23.3317,325
33.3250,115.6750,339,0.396797,339,0.0609555,339,43.5698,339,0.232358,339,0.125803,339,33.3759,339,101587,339,1867.91,339,23.8474,339
33.3250,115.9250,347,0.401647,347,-0.0479004,347,44.5353,347,0.23728,347,0.133959,347,30.6611,347,101657,347,1867.43,347,26.4711,347
33.3250,116.1750,336,0.441023,336,0.0245925,336,43.3212,336,0.24615,336,0.138714,336,30.247,336,101588,336,1867.2,336,27.4524,336
33.3250,116.4250,372,0.310625,372,-0.151936,372,42.5543,372,0.254136,372,0.136483,372,28.8777,372,101607,372,1867.94,372,28.8386,372
33.3250,116.6750,341,0.394696,341,-0.360603,341,41.8037,341,0.259752,341,0.133499,341,26.5479,341,101578,341,1869.41,341,30.6279,341
33.3250,116.9250,365,0.525637,365,-0.181723,365,41.4545,365,0.254243,365,0.140031,365,24.0763,365,101568,365,1868.21,365,31.0002,365
33.3250,117.1750,357,0.514161,357,-0.146948,357,41.849,357,0.248301,357,0.137404,357,22.3253,357,101605,357,1867.85,357,31.1592,357
33.3250,117.4250,338,0.236263,338,-0.462822,338,40.8071,338,0.253651,338,0.13239,338,21.0568,338,101583,338,1868.33,338,29.4733,338
33.3250,117.6750,274,0.118222,274,-0.467225,274,40.7747,274,0.265047,274,0.121777,274,19.1493,274,101632,274,1868.66,274,26.3526,274
33.3250,117.9250,150,0.0836489,150,-0.954323,150,39.8062,150,0.273089,150,0.114167,150,21.6224,150,101529,150,1870.59,150,25.8354,150
33.3250,118.1750,135,-0.139181,135,-0.870886,135,39.8741,135,0.262412,135,0.102691,135,21.2241,135,101619,135,1869.67,135,22.9599,135
33.3250,118.4250,42,-0.0415069,42,-0.75228,42,40.3767,42,0.28508,42,0.0817996,42,14.9796,42,101655,42,1868.97,42,19.9207,42
33.3250,118.6750,0,,0,,0,,0,,0,,0,,0,,0,,0,,0
33.3250,118.9250,53,1.08314,53,-1.19531,53,39.0498,53,0.300327,53,0.0755952,53,7.98806,53,101725,53,1869.75,53,31.8364,53
33.3250,119.1750,78,0.916619,78,-1.31957,78,42.3272,78,0.286578,78,0.0818084,78,5.04163,78,101876,78,1867.65,78,25.4431,78
33.3250,119.4250,167,1.13265,167,-1.16127,167,40.7371,167,0.270374,167,0.0764811,167,4.23574,167,101775,167,1867.21,167,23.927,167
33.3250,119.6750,183,0.511876,183,-0.843282,183,38.4651,183,0.230631,183,0.0618092,183,3.98753,183,101669,183,1869.41,183,21.4798,183
33.3250,119.9250,182,0.570329,182,-0.893759,182,40.0858,182,0.239587,182,0.0796517,182,4.75174,182,101756,182,1867.88,182,25.4351,182
33.3250,120.1750,154,1.17815,154,-1.03121,154,44.4708,154,0.221555,154,0.102677,154,2.1649,154,101991,154,1863.2,154,27.1377,154
33.3250,120.4250,166,1.18921,166,-0.616932,166,41.2557,166,0.247534,166,0.0988968,166,3.6165,166,101694,166,1864.78,166,28.0653,166
33.3250,120.6750,21,2.13896,21,-1.57154,21,42.7596,21,0.241602,21,0.0811539,21,3.59954,21,101575,21,1869.89,21,35.248,21
33.3250,120.9250,0,,0,,0,,0,,0,,0,,0,,0,,0,,0
33.3250,121.1750,0,,0,,0,,0,,0,,0,,0,,0,,0,,0
33.3250,121.4250,9,-4.8808,9,6.01901,9,17.4511,9,0.00977216,9,-0.0421131,9,0,9,100944,9,1880.77,9,-24.732,9
33.3250,121.6750,28,-3.55223,28,6.50187,28,20.9445,28,0.0172358,28,-0.0376509,28,0,28,100870,28,1878.69,28,-20.2666,28
33.3250,121.9250,43,-2.87381,43,5.85429,43,19.7011,43,0.0255067,43,-0.0292653,43,0,43,100929,43,1869.58,43,-14.9962,43
33.3250,122.1750,64,-2.0936,64,4.52287,64,19.4438,64,0.0176905,64,-0.0262107,64,0,64,100985,64,1863.89,64,-2.78733,64
33.3250,122.4250,43,-2.15692,43,5.63481,43,21.1176,43,0.0107617,43,-0.0348739,43,0,43,101123,43,1866.51,43,-6.41463,43
33.0750,114.9250,337,0.386364,337,0.0784115,337,43.3485,337,0.232188,337,0.13571,337,41.5263,337,101496,337,1869.7,337,25.1017,337
33.0750,115.1750,324,0.407006,324,-0.0910557,324,42.6557,324,0.238123,324,0.134918,324,38.6709,324,101484,324,1869.34,324,25.0266,324
33.0750,115.4250,352,0.190535,352,0.0819339,352,41.6632,352,0.247834,352,0.130426,352,35.2974,352,101448,352,1870.38,352,23.5488,352
33.0750,115.6750,330,0.204842,330,-0.0790244,330,42.8306,330,0.230411,330,0.130432,330,32.3721,330,101622,330,1867.55,330,27.1164,330
33.0750,115.9250,329,0.157748,329,0.0566428,329,43.5809,329,0.234002,329,0.141269,329,30.5286,329,101666,329,1867,329,28.6043,329
33.0750,116.1750,320,0.213998,320,-0.220146,320,44.6315,320,0.238012,320,0.139428,320,27.9004,320,101733,320,1868.7,320,28.2473,320
33.0750,116.4250,348,0.141229,348,-0.116442,348,43.6334,348,0.252054,348,0.13353,348,26.4878,348,101709,348,1867.76,348,29.298,348
33.0750,116.6750,374,0.126717,374,-0.276962,374,41.8167,374,0.256841,374,0.129739,374,24.6377,374,101623,374,1869.23,374,31.9128,374
33.0750,116.9250,198,0.124113,198,-0.511158,198,35.648,198,0.279615,198,0.101128,198,22.8901,198,101393,198,1870.76,198,24.2598,198
33.0750,117.1750,205,0.239829,205,-0.817702,205,38.4764,205,0.252536,205,0.114869,205,20.8005,205,101538,205,1869.49,205,28.1305,205
33.0750,117.4250,236,0.296177,236,-0.913955,236,40.5581,236,0.251949,236,0.109123,236,18.3726,236,101641,236,1868.84,236,29.1347,236
33.0750,117.6750,139,0.329617,139,-1.33068,139,39.3959,139,0.269492,139,0.0870342,139,17.2046,139,101530,139,1870.27,139,31.265,139
33.0750,117.9250,61,-0.00555482,61,-1.91323,61,38.6416,61,0.244453,61,0.0949186,61,22.2783,61,101495,61,1874.5,61,30.1141,61
33.0750,118.1750,67,-0.00574909,67,-1.05062,67,37.0916,67,0.254204,67,0.0902644,67,17.8416,67,101482,67,1870.18,67,26.1942,67
33.0750,118.4250,57,0.17983,57,-2.01573,57,40.9493,57,0.21306,57,0.0708077,57,19.0151,57,101740,57,1870.27,57,21.3458,57
33.0750,118.6750,49,1.10165,49,-1.16907,49,42.8089,49,0.251342,49,0.100451,49,24.346,49,101736,49,1865.01,49,21.2047,49
33.0750,118.9250,90,0.973871,90,-1.18401,90,38.8784,90,0.284486,90,0.0843276,90,11.7959,90,101773,90,1871.05,90,22.2056,90
33.0750,119.1750,64,0.10795,64,-0.513758,64,31.0109,64,0.268466,64,0.051414,64,5.66959,64,101330,64,1874.78,64,16.6614,64
33.0750,119.4250,116,0.740656,116,-1.07641,116,40.1238,116,0.260711,116,0.0754377,116,3.30808,116,101824,116,1869.14,116,20.9771,116
33.0750,119.6750,152,0.539642,152,-1.1985,152,40.2633,152,0.212449,152,0.0627241,152,3.26745,152,101881,152,1869.71,152,19.7671,152
33.0750,119.9250,139,0.95895,139,-0.99447,139,39.5092,139,0.185949,139,0.0654255,139,3.55285,139,101854,139,1867.41,139,25.3522,139
33.0750,120.1750,209,0.995375,209,-0.471032,209,37.6105,209,0.214085,209,0.07327,209,2.53201,209,101665,209,1867.08,209,24.6388,209
33.0750,120.4250,190,1.21085,190,-0.655021,190,40.692,190,0.254897,190,0.095529,190,2.40744,190,101838,190,1864.58,190,25.3932,190
33.0750,120.6750,99,1.4092,99,-0.984423,99,42.0647,99,0.256694,99,0.0914278,99,2.53132,99,101805,99,1865.31,99,25.2757,99
33.0750,120.9250,5,2.20933,5,-1.17944,5,44.1675,5,0.212897,5,0.0383254,5,1.59895,5,101757,5,1867.5,5,45.6199,5
33.0750,121.1750,0,,0,,0,,0,,0,,0,,0,,0,,0,,0
33.0750,121.4250,7,-4.55342,7,6.12799,7,20.1682,7,0.018143,7,-0.0409397,7,0,7,100880,7,1880.44,7,-24.0462,7
33.0750,121.6750,28,-3.78242,28,6.71768,28,20.1207,28,0.022231,28,-0.0349469,28,0,28,100880,28,1877.73,28,-17.5252,28
33.0750,121.9250,42,-3.34801,42,6.72248,42,20.6329,42,0.0197987,42,-0.0335864,42,0,42,100865,42,1873.5,42,-14.6789,42
33.0750,122.1750,47,-2.47985,47,5.46903,47,20.2933,47,0.0156588,47,-0.0339644,47,0,47,100934,47,1865,47,-5.83868,47
33.0750,122.4250,45,-2.37582,45,2.67675,45,20.7136,45,0.00569241,45,-0.0335369,45,0,45,101290,45,1861.95,45,5.39193,45
32.8250,114.9250,285,0.152164,285,0.0896162,285,43.1858,285,0.245941,285,0.128612,285,41.7061,285,101521,285,1869.77,285,23.9717,285
32.8250,115.1750,332,0.0566957,332,0.0543484,332,42.3391,332,0.245005,332,0.126309,332,39.6089,332,101448,332,1871.51,332,22.551,332
32.8250,115.4250,347,0.123607,347,-0.0578463,347,43.227,347,0.238051,347,0.136206,347,35.8268,347,101561,347,1868.83,347,24.8355,347
32.8250,115.6750,321,-0.0351696,321,-0.0483351,321,43.165,321,0.234523,321,0.137726,321,31.9881,321,101638,321,1868.72,321,26.5125,321
32.8250,115.9250,345,-0.0912768,345,-0.15572,345,41.2056,345,0.238124,345,0.132844,345,28.9734,345,101583,345,1869.39,345,26.1515,345
32.8250,116.1750,224,-0.0276033,224,-0.271082,224,43.2508,224,0.237989,224,0.121351,224,27.2438,224,101745,224,1868.34,224,27.9774,224
32.8250,116.4250,177,-0.376247,177,-0.44334,177,42.7878,177,0.265832,177,0.0938032,177,25.29,177,101806,177,1869.48,177,32.5826,177
32.8250,116.6750,167,-0.0775208,167,-0.923335,167,37.7607,167,0.281907,167,0.080382,167,23.4708,167,101485,167,1874.15,167,28.8912,167
32.8250,116.9250,188,-0.0236974,188,-1.05093,188,36.5836,188,0.294866,188,0.0730611,188,22.5586,188,101362,188,1874.11,188,27.3919,188
32.8250,117.1750,145,0.616921,145,-1.66315,145,38.8374,145,0.245988,145,0.0937465,145,29.6515,145,101400,145,1871.44,145,29.717,145
32.8250,117.4250,243,-0.0113412,243,-1.0364,243,42.9498,243,0.225329,243,0.109481,243,52.4449,243,101441,243,1867.04,243,27.2198,243
32.8250,117.6750,223,0.220628,223,-1.27498,223,42.8646,223,0.235476,223,0.106061,223,38.5506,223,101563,223,1868.21,223,26.3274,223
32.8250,117.9250,142,0.131963,142,-1.05137,142,43.1461,142,0.221709,142,0.104544,142,37.9002,142,101628,142,1867.05,142,26.536,142
32.8250,118.1750,127,0.638576,127,-1.44187,127,43.1611,127,0.224992,127,0.101765,127,54.4711,127,101331,127,1868.11,127,23.9221,127
32.8250,118.4250,200,0.254612,200,-1.4902,200,42.7167,200,0.212873,200,0.0867325,200,88.1363,200,100873,200,1867.97,200,21.4129,200
32.8250,118.6750,189,0.559403,189,-1.70507,189,41.7288,189,0.227292,189,0.0900186,189,42.1078,189,101426,189,1869.28,189,18.4286,189
32.8250,118.9250,202,0.598787,202,-1.36305,202,41.2451,202,0.256195,202,0.0932569,202,18.9376,202,101744,202,1868.05,202,21.2161,202
32.8250,119.1750,7,1.04449,7,-1.71272,7,53.0496,7,0.207644,7,0.0962708,7,9.33953,7,102642,7,1863.16,7,28.5637,7
32.8250,119.4250,31,0.471025,31,-1.5461,31,45.8435,31,0.209485,31,0.071574,31,2.24683,31,102096,31,1867.4,31,20.3259,31
32.8250,119.6750,244,0.710053,244,-0.745211,244,43.0591,244,0.222705,244,0.077387,244,1.80209,244,102049,244,1866.92,244,22.3036,244
32.8250,119.9250,222,0.919342,222,-1.08521,222,43.744,222,0.221723,222,0.0796546,222,2.59531,222,102108,222,1865.28,222,26.0722,222
32.8250,120.1750,198,0.770359,198,-1.0496,198,42.1858,198,0.23852,198,0.0870058,198,1.8379,198,101962,198,1865.73,198,26.7136,198
32.8250,120.4250,181,0.966307,181,-0.70633,181,40.8708,181,0.25089,181,0.0990797,181,2.48872,181,101918,181,1865.94,181,24.5513,181
32.8250,120.6750,157,0.866428,157,-0.685078,157,42.2483,157,0.266005,157,0.0899177,157,3.59693,157,101856,157,1864.56,157,23.998,157
32.8250,120.9250,19,1.41964,19,-1.01935,19,47.7133,19,0.232888,19,0.0765026,19,3.74871,19,101994,19,1863.71,19,33.5747,19
32.8250,121.1750,0,,0,,0,,0,,0,,0,,0,,0,,0,,0
32.8250,121.4250,2,-5.6108,2,5.66061,2,17.1603,2,0.018615,2,-0.0362695,2,0,2,100933,2,1879.22,2,-19.1794,2
32.8250,121.6750,26,-4.589,26,6.78215,26,21.301,26,0.0211932,26,-0.0344561,26,0,26,100784,26,1874.69,26,-18.6362,26
32.8250,121.9250,40,-3.96319,40,6.46601,40,21.6322,40,0.0129342,40,-0.0346965,40,0,40,100792,40,1871.47,40,-16.2931,40
32.8250,122.1750,49,-2.91616,49,5.3027,49,20.5736,49,0.0169085,49,-0.0350238,49,0,49,100854,49,1860.8,49,-3.30697,49
32.8250,122.4250,40,-2.40274,40,2.4056,40,20.3059,40,0.0103875,40,-0.0357933,40,0,40,101134,40,1864.38,40,-1.32015,40
32.5750,114.9250,298,0.0808576,298,-0.263228,298,41.625,298,0.263696,298,0.132003,298,43.2445,298,101368,298,1872.82,298,23.4775,298
32.5750,115.1750,345,0.117341,345,-0.0256738,345,42.6973,345,0.257509,345,0.126734,345,38.4654,345,101467,345,1871.44,345,21.2075,345
32.5750,115.4250,342,0.158671,342,-0.119846,342,42.8106,342,0.242695,342,0.125054,342,34.2926,342,101548,342,1869.73,342,25.0032,342
32.5750,115.6750,315,0.0232195,315,-0.244863,315,42.6959,315,0.244014,315,0.120911,315,31.3493,315,101554,315,1871.42,315,24.1985,315
32.5750,115.9250,226,0.0406632,226,-0.645118,226,40.7301,226,0.247811,226,0.10936,226,28.2832,226,101484,226,1874.36,226,23.7407,226
32.5750,116.1750,161,0.309757,161,-0.614271,161,38.5983,161,0.25628,161,0.104521,161,25.5974,161,101382,161,1873.87,161,28.4894,161
32.5750,116.4250,135,0.499135,135,-0.809996,135,39.0206,135,0.271094,135,0.0996918,135,22.9187,135,101417,135,1874.04,135,32.0928,135
32.5750,116.6750,105,0.570738,105,-0.982938,105,39.0807,105,0.269588,105,0.0952648,105,27.2791,105,101400,105,1871.88,105,35.2299,105
32.5750,116.9250,85,0.381359,85,-1.64,85,38.8643,85,0.233557,85,0.100436,85,41.8149,85,101147,85,1872.57,85,34.8832,85
32.5750,117.1750,171,0.446862,171,-1.34272,171,39.2369,171,0.246606,171,0.0989905,171,32.2349,171,101324,171,1872.31,171,31.6639,171
32.5750,117.4250,227,0.295473,227,-0.829327,227,42.5774,227,0.229931,227,0.10445,227,88.6066,227,100907,227,1867.64,227,27.5747,227
32.5750,117.6750,213,0.166734,213,-0.992398,213,43.107,213,0.212814,213,0.0998056,213,80.9025,213,101124,213,1868.17,213,24.2371,213
32.5750,117.9250,245,0.332931,245,-0.835668,245,43.8115,245,0.216615,245,0.107649,245,50.3062,245,101490,245,1866.55,245,24.5718,245
32.5750,118.1750,283,0.232655,283,-0.866398,283,43.1209,283,0.214196,283,0.0899733,283,81.803,283,101032,283,1865.46,283,22.5547,283
32.5750,118.4250,297,0.168349,297,-1.00053,297,43.6222,297,0.216483,297,0.0939365,297,77.2463,297,101067,297,1865.94,297,23.393,297
32.5750,118.6750,244,0.0813768,244,-1.10223,244,41.5542,244,0.228896,244,0.0937241,244,37.0135,244,101487,244,1868.55,244,18.3581,244
32.5750,118.9250,219,0.361175,219,-1.33646,219,41.4459,219,0.244675,219,0.0904077,219,32.3726,219,101575,219,1867.55,219,23.4045,219
32.5750,119.1750,218,0.205637,218,-1.57563,218,44.0063,218,0.234476,218,0.0983372,218,28.8382,218,101779,218,1867.12,218,23.4307,218
32.5750,119.4250,64,0.463904,64,-2.57586,64,46.6066,64,0.223732,64,0.0973746,64,15.8167,64,102204,64,1864.64,64,24.4149,64
32.5750,119.6750,247,0.34421,247,-0.947387,247,45.6878,247,0.246994,247,0.0865194,247,3.16985,247,102175,247,1866.2,247,23.513,247
32.5750,119.9250,248,0.548233,248,-1.082,248,45.7495,248,0.2154,248,0.0879358,248,2.61222,248,102168,248,1865.77,248,25.7112,248
32.5750,120.1750,203,0.95804,203,-1.01113,203,42.9843,203,0.22754,203,0.0876309,203,4.09073,203,101944,203,1866.12,203,28.3892,203
32.5750,120.4250,147,1.17849,147,-1.26656,147,43.1639,147,0.239633,147,0.100379,147,3.80123,147,101961,147,1865.95,147,28.2526,147
32.5750,120.6750,146,0.982597,146,-0.114191,146,40.961,146,0.262083,146,0.0944101,146,3.92806,146,101804,146,1864.9,146,25.4436,146
32.5750,120.9250,40,1.27734,40,-0.410818,40,45.8601,40,0.234642,40,0.0962388,40,3.33068,40,102132,40,1863.81,40,28.9843,40
32.5750,121.1750,2,1.03304,2,-0.993558,2,50.2851,2,0.169073,2,0.0433994,2,1.68922,2,102304,2,1862.06,2,53.858,2
32.5750,121.4250,3,-5.63412,3,6.80137,3,15.9766,3,0.0228383,3,-0.0406359,3,0,3,100879,3,1876.61,3,-22.6023,3
32.5750,121.6750,27,-4.42171,27,6.64979,27,20.3414,27,0.0176121,27,-0.0369274,27,0,27,100834,27,1873.49,27,-17.275,27
32.5750,121.9250,39,-3.48702,39,6.63688,39,20.9498,39,0.0207652,39,-0.0323814,39,0,39,100783,39,1866.16,39,-7.99212,39
32.5750,122.1750,47,-3.40975,47,6.86734,47,21.9729,47,0.013445,47,-0.0368207,47,0,47,100749,47,1868.26,47,-13.8458,47
32.5750,122.4250,26,-2.24768,26,5.4225,26,22.0275,26,0.0147225,26,-0.0329881,26,0,26,100984,26,1868.83,26,-12.2509,26
32.3250,114.9250,305,0.033628,305,-0.301343,305,40.6412,305,0.255761,305,0.128674,305,45.0381,305,101244,305,1873.08,305,23.8827,305
32.3250,115.1750,284,0.0305467,284,-0.191516,284,39.757,284,0.250465,284,0.112105,284,38.5962,284,101284,284,1873.19,284,20.4036,284
32.3250,115.4250,298,0.0345977,298,-0.157208,298,40.2786,298,0.233185,298,0.108235,298,37.0954,298,101364,298,1871.69,298,23.7567,298
32.3250,115.6750,296,-0.0375051,296,-0.176912,296,41.3137,296,0.233705,296,0.116329,296,38.1604,296,101416,296,1871.14,296,24.0199,296
32.3250,115.9250,236,0.011552,236,-0.568532,236,40.3169,236,0.237332,236,0.109187,236,41.3097,236,101321,236,1871.98,236,24.651,236
32.3250,116.1750,54,0.104461,54,-0.345914,54,38.3642,54,0.24856,54,0.0984359,54,32.7206,54,101232,54,1874.85,54,23.7382,54
32.3250,116.4250,40,0.606242,40,-0.618554,40,40.6562,40,0.239358,40,0.107432,40,28.4196,40,101427,40,1872.06,40,29.1662,40
32.3250,116.6750,86,0.221301,86,-0.487378,86,40.2804,86,0.269227,86,0.105756,86,25.459,86,101525,86,1870.32,86,29.9122,86
32.3250,116.9250,15,1.5042,15,-1.61923,15,31.6185,15,0.265526,15,0.0780314,15,35.7509,15,100640,15,1879.66,15,47.5497,15
32.3250,117.1750,221,0.288026,221,-1.00659,221,42.1931,221,0.229274,221,0.101245,221,39.0256,221,101463,221,1870.11,221,29.9289,221
32.3250,117.4250,264,0.253674,264,-0.7179,264,39.7591,264,0.230785,264,0.0977573,264,56.3371,264,101147,264,1869.95,264,28.8633,264
32.3250,117.6750,230,-0.00952537,230,-0.604679,230,39.4037,230,0.235781,230,0.0988882,230,49.186,230,101197,230,1870.8,230,21.1097,230
32.3250,117.9250,268,-0.0540371,268,-0.665903,268,42.3425,268,0.222716,268,0.0928747,268,71.6757,268,101102,268,1866.42,268,23.6118,268
32.3250,118.1750,243,0.0329384,243,-0.897367,243,43.9507,243,0.217668,243,0.0895419,243,71.0968,243,101213,243,1866.28,243,23.9076,243
32.3250,118.4250,187,-0.124734,187,-1.17249,187,43.9538,187,0.235965,187,0.100745,187,23.8467,187,101817,187,1867.5,187,26.0505,187
32.3250,118.6750,259,0.252354,259,-1.1411,259,42.787,259,0.234985,259,0.0947921,259,13.2171,259,101803,259,1868.33,259,26.9672,259
32.3250,118.9250,227,0.357462,227,-1.424,227,43.0642,227,0.235678,227,0.0868819,227,19.4553,227,101747,227,1868.04,227,25.974,227
32.3250,119.1750,153,0.301891,153,-1.84234,153,43.658,153,0.230161,153,0.0915623,153,26.2304,153,101724,153,1866.84,153,25.0537,153
32.3250,119.4250,133,0.341007,133,-2.33846,133,46.0466,133,0.208402,133,0.0978544,133,9.04353,133,102222,133,1865.37,133,24.2346,133
32.3250,119.6750,84,0.808045,84,-1.5645,84,48.6383,84,0.225847,84,0.0922685,84,4.76197,84,102312,84,1863.96,84,29.3096,84
32.3250,119.9250,165,0.472693,165,-1.45446,165,45.6189,165,0.22081,165,0.101355,165,4.9737,165,102209,165,1865.26,165,26.3834,165
32.3250,120.1750,233,0.817055,233,-0.84795,233,43.7561,233,0.238564,233,0.0963079,233,5.62325,233,101966,233,1865.21,233,27.0473,233
32.3250,120.4250,174,1.23383,174,-0.948808,174,43.8307,174,0.253432,174,0.0980564,174,4.91638,174,102001,174,1865.36,174,28.415,174
32.3250,120.6750,148,1.15658,148,-0.256004,148,41.8905,148,0.257623,148,0.0917135,148,4.45692,148,101814,148,1866.52,148,26.5973,148
32.3250,120.9250,131,1.33124,131,-0.405035,131,42.8455,131,0.25101,131,0.093675,131,4.28354,131,101987,131,1863.16,131,31.5361,131
32.3250,121.1750,87,1.36459,87,-0.325836,87,45.6007,87,0.228109,87,0.104261,87,4.33372,87,102092,87,1860.8,87,34.0016,87
32.3250,121.4250,4,-0.0299666,4,0.540677,4,42.526,4,0.228949,4,0.0897388,4,2.91233,4,101755,4,1866.18,4,32.509,4
32.3250,121.6750,11,-4.70744,11,6.57825,11,19.6121,11,0.0229638,11,-0.0377862,11,0,11,100699,11,1860.62,11,-4.28764,11
32.3250,121.9250,34,-3.14362,34,6.94098,34,21.5046,34,0.0284426,34,-0.0354547,34,0,34,100691,34,1865.02,34,-8.81522,34
32.3250,122.1750,43,-3.03437,43,6.04349,43,20.9876,43,0.0169684,43,-0.0379132,43,0,43,100673,43,1866.41,43,-6.41398,43
32.3250,122.4250,26,-3.16813,26,6.66299,26,22.9998,26,0.0175313,26,-0.0335756,26,0,26,100869,26,1867.81,26,-15.0711,26
32.0750,114.9250,257,-0.0576634,257,-0.381805,257,40.9231,257,0.232044,257,0.107431,257,57.2137,257,101116,257,1873.18,257,21.8307,257
32.0750,115.1750,303,-0.331622,303,-0.372886,303,38.7873,303,0.233895,303,0.0990165,303,58.5208,303,101005,303,1873.09,303,22.0261,303
32.0750,115.4250,322,-0.158257,322,-0.151425,322,40.6971,322,0.226051,322,0.105272,322,59.6028,322,101103,322,1870.14,322,23.6994,322
32.0750,115.6750,296,-0.104956,296,-0.16943,296,41.2862,296,0.222654,296,0.108004,296,50.0497,296,101286,296,1870.16,296,22.9905,296
32.0750,115.9250,295,0.0160752,295,-0.400607,295,40.7618,295,0.23809,295,0.105264,295,51.0742,295,101170,295,1871.73,295,21.4602,295
32.0750,116.1750,258,0.241437,258,-0.352579,258,40.1835,258,0.22566,258,0.100398,258,39.5668,258,101324,258,1870.03,258,22.5013,258
32.0750,116.4250,227,-0.0415343,227,-0.48836,227,40.405,227,0.225752,227,0.103137,227,35.8413,227,101417,227,1869.56,227,24.5144,227
32.0750,116.6750,282,0.118596,282,-0.516112,282,39.4938,282,0.243398,282,0.111141,282,32.2874,282,101423,282,1869.45,282,28.3932,282
32.0750,116.9250,306,0.19862,306,-0.498848,306,40.8269,306,0.236184,306,0.109912,306,45.497,306,101310,306,1868.58,306,29.4435,306
32.0750,117.1750,290,0.130371,290,-0.578901,290,42.4781,290,0.218732,290,0.0987787,290,57.0717,290,101265,290,1867.77,290,28.8262,290
32.0750,117.4250,278,0.110757,278,-0.729729,278,42.5262,278,0.222003,278,0.0943408,278,56.9711,278,101252,278,1869.36,278,27.0633,278
32.0750,117.6750,318,0.0315034,318,-0.950364,318,42.6289,318,0.237636,318,0.0914027,318,47.2236,318,101392,318,1869.7,318,26.8722,318
32.0750,117.9250,260,0.145682,260,-1.00693,260,42.3763,260,0.231536,260,0.0832242,260,56.1402,260,101232,260,1868.85,260,24.9254,260
32.0750,118.1750,250,0.129489,250,-0.998778,250,42.0148,250,0.240568,250,0.0885032,250,37.7194,250,101450,250,1869.15,250,27.0887,250
32.0750,118.4250,241,0.101707,241,-0.972994,241,44.0591,241,0.226155,241,0.0828395,241,27.8197,241,101660,241,1868.25,241,27.0318,241
32.0750,118.6750,133,0.535536,133,-1.39057,133,46.9849,133,0.193547,133,0.0858064,133,26.5064,133,101776,133,1868.79,133,27.1506,133
32.0750,118.9250,185,0.549381,185,-1.50259,185,45.0783,185,0.205916,185,0.0891038,185,42.0064,185,101536,185,1868.13,185,27.9721,185
32.0750,119.1750,218,0.432313,218,-1.67139,218,44.428,218,0.227561,218,0.0874881,218,58.1176,218,101353,218,1866.6,218,30.9464,218
32.0750,119.4250,231,0.389928,231,-1.399,231,44.8375,231,0.221578,231,0.0916059,231,24.3024,231,101807,231,1867.05,231,25.9988,231
32.0750,119.6750,181,0.0243088,181,-1.3483,181,44.7798,181,0.220285,181,0.0932565,181,12.9127,181,102078,181,1865.48,181,27.5038,181
32.0750,119.9250,77,0.291736,77,-1.66103,77,47.9661,77,0.200126,77,0.0932913,77,4.87818,77,102439,77,1865.01,77,25.3097,77
32.0750,120.1750,146,1.12263,146,-0.86998,146,45.324,146,0.225996,146,0.0899823,146,4.34483,146,102092,146,1864.77,146,30.4497,146
32.0750,120.4250,60,1.1971,60,-1.0117,60,43.6084,60,0.24062,60,0.0967427,60,4.4714,60,102043,60,1864.18,60,30.5506,60
32.0750,120.6750,37,1.26615,37,-0.644776,37,43.4021,37,0.240768,37,0.100463,37,4.84421,37,102039,37,1863.69,37,30.9408,37
32.0750,120.9250,67,1.92972,67,-0.489156,67,45.7721,67,0.232707,67,0.107117,67,4.64381,67,102191,67,1860.48,67,32.5367,67
32.0750,121.1750,114,1.29809,114,0.149995,114,43.0118,114,0.231057,114,0.104939,114,4.10031,114,102000,114,1859.9,114,29.5261,114
32.0750,121.4250,65,0.649632,65,0.236847,65,41.8333,65,0.240739,65,0.104296,65,4.20676,65,101909,65,1859.37,65,26.1451,65
32.0750,121.6750,7,0.0774538,7,0.921268,7,37.4698,7,0.223162,7,0.0924449,7,3.27753,7,101469,7,1861.27,7,29.9929,7
32.0750,121.9250,20,-5.13873,20,7.2114,20,21.1089,20,0.0337076,20,-0.0373501,20,0,20,100453,20,1861.96,20,-6.25759,20
32.0750,122.1750,34,-3.95865,34,7.27375,34,21.7737,34,0.0221793,34,-0.0370018,34,0,34,100572,34,1864.38,34,-12.5969,34
32.0750,122.4250,23,-2.93055,23,8.54444,23,23.6759,23,0.0156783,23,-0.0340636,23,0,23,100730,23,1865.76,23,-19.2291,23
31.8250,114.9250,250,-0.433812,250,-0.652529,250,42.0409,250,0.212612,250,0.0921742,250,86.1417,250,100923,250,1872.12,250,21.3848,250
31.8250,115.1750,282,-0.474898,282,-0.710767,282,41.0848,282,0.217532,282,0.0878279,282,116.21,282,100483,282,1870.53,282,20.2097,282
31.8250,115.4250,232,-0.142312,232,-0.60642,232,43.2965,232,0.200804,232,0.0853446,232,114.87,232,100602,232,1868.62,232,22.0392,232
31.8250,115.6750,134,0.0701201,134,-0.392031,134,41.8627,134,0.216719,134,0.0906713,134,100.396,134,100702,134,1868.16,134,20.8328,134
31.8250,115.9250,226,0.113765,226,-0.621723,226,44.1628,226,0.203934,226,0.103309,226,78.2441,226,101097,226,1866.06,226,25.2856,226
31.8250,116.1750,312,0.0592272,312,-0.508406,312,42.0154,312,0.223976,312,0.0946262,312,54.5412,312,101244,312,1869.17,312,20.7341,312
31.8250,116.4250,261,0.133381,261,-0.681017,261,44.6412,261,0.213843,261,0.103794,261,45.575,261,101486,261,1869.3,261,25.4045,261
31.8250,116.6750,273,0.161749,273,-0.543823,273,41.9544,273,0.225442,273,0.111564,273,52.603,273,101260,273,1868.05,273,28.6188,273
31.8250,116.9250,307,0.23108,307,-0.555789,307,42.3929,307,0.228453,307,0.10153,307,53.0367,307,101263,307,1867.32,307,27.7757,307
31.8250,117.1750,162,0.373564,162,-0.65856,162,44.9229,162,0.197663,162,0.0964212,162,35.3528,162,101563,162,1869.6,162,30.8753,162
31.8250,117.4250,132,0.449278,132,-0.645676,132,44.0857,132,0.213693,132,0.106159,132,26.6859,132,101637,132,1868.43,132,30.7002,132
31.8250,117.6750,230,0.252271,230,-0.802435,230,44.5711,230,0.234305,230,0.0959617,230,53.4695,230,101409,230,1866.35,230,29.5603,230
31.8250,117.9250,194,0.224031,194,-0.957265,194,41.4278,194,0.243453,194,0.0845516,194,45.7113,194,101367,194,1868.37,194,26.9998,194
31.8250,118.1750,224,0.0510323,224,-0.746707,224,43.6865,224,0.219966,224,0.0862443,224,35.9443,224,101605,224,1867.23,224,27.6611,224
31.8250,118.4250,132,0.13857,132,-1.54658,132,44.924,132,0.217317,132,0.0925359,132,18.6154,132,101892,132,1870,132,28.0384,132
31.8250,118.6750,167,0.448394,167,-1.14816,167,44.8271,167,0.214684,167,0.0855428,167,37.2381,167,101598,167,1867.75,167,29.1835,167
31.8250,118.9250,173,0.3477,173,-1.35251,173,44.0878,173,0.224524,173,0.0961417,173,16.4197,173,101784,173,1867.55,173,25.7055,173
31.8250,119.1750,228,0.462982,228,-1.57145,228,42.3965,228,0.231151,228,0.0855867,228,28.4219,228,101568,228,1867.94,228,27.8513,228
31.8250,119.4250,282,0.0476889,282,-0.910239,282,39.58,282,0.236241,282,0.076422,282,18.5607,282,101597,282,1868.87,282,24.0194,282
31.8250,119.6750,186,-0.00817667,186,-1.07803,186,43.1519,186,0.233158,186,0.0884405,186,5.97172,186,102009,186,1867,186,27.4023,186
31.8250,119.9250,66,1.38525,66,-0.804456,66,44.3603,66,0.201137,66,0.10506,66,5.40465,66,101996,66,1864.1,66,31.077,66
31.8250,120.1750,122,1.51371,122,-1.18105,122,46.595,122,0.195773,122,0.0989824,122,5.21158,122,102176,122,1862.88,122,32.0142,122
31.8250,120.4250,121,1.35331,121,-0.938565,121,44.3794,121,0.208176,121,0.101493,121,6.75801,121,102042,121,1861.89,121,31.2772,121
31.8250,120.6750,97,1.31646,97,-0.934032,97,47.468,97,0.210128,97,0.0984175,97,4.78056,97,102274,97,1860.73,97,32.0813,97
31.8250,120.9250,10,0.531163,10,-0.550357,10,45.7338,10,0.206245,10,0.100462,10,4.08468,10,102099,10,1865.1,10,24.131,10
31.8250,121.1750,16,0.536998,16,-0.446404,16,45.6394,16,0.22492,16,0.113874,16,4.64396,16,102152,16,1862.53,16,27.0504,16
31.8250,121.4250,19,0.241852,19,-0.309185,19,42.6299,19,0.23985,19,0.0958428,19,3.69828,19,101896,19,1864.77,19,21.9683,19
31.8250,121.6750,39,0.0120388,39,0.383154,39,40.3985,39,0.24125,39,0.113557,39,3.26692,39,101850,39,1859.4,39,26.8335,39
31.8250,121.9250,6,-3.34387,6,5.38482,6,29.8455,6,0.0645007,6,-0.00425487,6,0.560676,6,101093,6,1858.57,6,0.97961,6
31.8250,122.1750,20,-3.19851,20,6.76423,20,20.5359,20,0.0175702,20,-0.0414159,20,0,20,100774,20,1865.99,20,-10.941,20
31.8250,122.4250,19,-4.72979,19,7.39436,19,21.3587,19,0.0100055,19,-0.0379953,19,0,19,100689,19,1868.58,19,-28.0708,19
31.5750,114.9250,87,-0.389628,87,-1.21123,87,42.6422,87,0.209476,87,0.0665492,87,211.045,87,99503.1,87,1869.74,87,19.0528,87
31.5750,115.1750,33,0.227255,33,-0.232821,33,47.5479,33,0.183246,33,0.0731679,33,217.025,33,99565.7,33,1866.15,33,15.9527,33
31.5750,115.4250,21,0.419429,21,-0.886451,21,45.5477,21,0.187562,21,0.0688491,21,201.369,21,99650.8,21,1865.39,21,9.99105,21
31.5750,115.6750,54,0.00558676,54,-0.485702,54,41.4015,54,0.194542,54,0.0627765,54,202.109,54,99479.1,54,1866.38,54,10.3506,54
31.5750,115.9250,42,-0.620421,42,-0.701932,42,44.7748,42,0.177296,42,0.0578841,42,180.949,42,99993.6,42,1864.2,42,12.1231,42
31.5750,116.1750,156,-0.0409681,156,-0.868296,156,43.7741,156,0.20589,156,0.0765269,156,109.9,156,100674,156,1866.18,156,22.2848,156
31.5750,116.4250,267,-0.0470338,267,-0.900404,267,45.5152,267,0.202815,267,0.0908054,267,80.9359,267,101099,267,1867.39,267,23.6291,267
31.5750,116.6750,314,-0.0506203,314,-0.674962,314,42.6036,314,0.219539,314,0.0939691,314,49.6949,314,101342,314,1868.31,314,25.6531,314
31.5750,116.9250,305,-0.163658,305,-0.695679,305,42.8673,305,0.234439,305,0.0943182,305,30.4874,305,101586,305,1868.23,305,25.6057,305
31.5750,117.1750,142,-0.0574632,142,-0.273756,142,37.0705,142,0.260758,142,0.0826487,142,18.1133,142,101349,142,1872.1,142,24.5868,142
31.5750,117.4250,18,0.282895,18,-1.36003,18,37.5746,18,0.226519,18,0.0648198,18,11.8878,18,101641,18,1871.82,18,16.5468,18
31.5750,117.6750,5,2.37043,5,-0.966283,5,31.6727,5,0.203625,5,0.0616948,5,32.454,5,101325,5,1861.59,5,35.6386,5
31.5750,117.9250,126,0.326945,126,-0.546558,126,43.11,126,0.222876,126,0.0805005,126,52.6783,126,101438,126,1865.59,126,28.1897,126
31.5750,118.1750,223,0.114022,223,-0.579454,223,43.7778,223,0.233113,223,0.0922428,223,25.9829,223,101756,223,1867.87,223,26.7379,223
31.5750,118.4250,115,0.137335,115,-1.22863,115,46.9861,115,0.200135,115,0.088884,115,13.6075,115,102111,115,1868.87,115,26.5012,115
31.5750,118.6750,202,-0.0125564,202,-0.451769,202,39.8368,202,0.216084,202,0.073232,202,28.9478,202,101491,202,1869.33,202,24.1999,202
31.5750,118.9250,78,0.0826798,78,-0.930744,78,45.0406,78,0.219719,78,0.0881224,78,40.35,78,101597,78,1865.12,78,25.7522,78
31.5750,119.1750,241,0.342173,241,-1.1425,241,42.8736,241,0.225969,241,0.079953,241,39.9609,241,101490,241,1866.72,241,29.0443,241
31.5750,119.4250,134,0.141153,134,-1.33317,134,42.6632,134,0.221346,134,0.0797797,134,20.276,134,101875,134,1866.94,134,29.7743,134
31.5750,119.6750,42,-0.202219,42,-1.81841,42,39.8799,42,0.211255,42,0.0762406,42,5.8328,42,101894,42,1870.75,42,22.6213,42
31.5750,119.9250,32,1.35938,32,-1.20779,32,43.0157,32,0.214773,32,0.103617,32,6.06871,32,102023,32,1864.65,32,42.4367,32
31.5750,120.1750,50,1.23927,50,-0.99416,50,43.9133,50,0.203485,50,0.108029,50,4.21139,50,102091,50,1862.24,50,33.6264,50
31.5750,120.4250,66,1.4477,66,-1.23744,66,44.5612,66,0.206356,66,0.106946,66,5.5285,66,102125,66,1860.74,66,30.6588,66
31.5750,120.6750,18,1.33387,18,-0.866648,18,43.9651,18,0.215776,18,0.0892499,18,8.8319,18,102051,18,1863.88,18,26.2575,18
31.5750,120.9250,71,0.37541,71,0.187443,71,41.634,71,0.216218,71,0.094837,71,3.82626,71,102019,71,1860.65,71,28.1585,71
31.5750,121.1750,58,0.807269,58,-0.221976,58,45.5746,58,0.212452,58,0.100763,58,3.78584,58,102111,58,1860.77,58,35.3782,58
31.5750,121.4250,9,-0.437063,9,-1.14088,9,47.6568,9,0.180002,9,0.0684045,9,3.40911,9,102081,9,1864.81,9,29.9821,9
31.5750,121.6750,1,1.82836,1,-1.58387,1,49.3685,1,0.203229,1,0.0458863,1,1.02778,1,102331,1,1862.31,1,3.24029,1
31.5750,121.9250,0,,0,,0,,0,,0,,0,,0,,0,,0,,0
31.5750,122.1750,1,-2.95668,1,7.79469,1,15.3558,1,0.031241,1,-0.0429706,1,0,1,101027,1,1865.89,1,-9.24305,1
31.5750,122.4250,10,-5.60831,10,7.62835,10,21.0703,10,0.0136338,10,-0.0371476,10,0,10,100276,10,1869.54,10,-24.9113,10
31.3250,114.9250,228,-0.177015,228,-0.621544,228,44.4284,228,0.209995,228,0.0915151,228,130.84,228,100402,228,1869.74,228,15.4283,228
31.3250,115.1750,74,0.22429,74,-0.639987,74,44.7682,74,0.206284,74,0.0923378,74,131.799,74,100417,74,1868.68,74,19.0116,74
31.3250,115.4250,0,,0,,0,,0,,0,,0,,0,,0,,0,,0
31.3250,115.6750,1,-0.661272,1,-2.6534,1,36.0035,1,0.169965,1,0.0387119,1,317.846,1,98261.9,1,1874.92,1,39.933,1
31.3250,115.9250,0,,0,,0,,0,,0,,0,,0,,0,,0,,0
31.3250,116.1750,27,-0.521972,27,-1.19066,27,43.1518,27,0.202955,27,0.0722053,27,134.845,27,100487,27,1866.23,27,22.0898,27
31.3250,116.4250,82,-0.0282021,82,-1.27466,82,45.0054,82,0.199095,82,0.0755919,82,135.399,82,100434,82,1865.73,82,21.2627,82
31.3250,116.6750,164,-0.45473,164,-0.962526,164,45.8205,164,0.194152,164,0.0745743,164,104.724,164,100890,164,1865.27,164,24.1585,164
31.3250,116.9250,203,-0.408777,203,-0.461289,203,42.8475,203,0.22137,203,0.0851253,203,74.1939,203,101109,203,1866.46,203,24.355,203
31.3250,117.1750,233,-0.29389,233,-0.335241,233,42.7999,233,0.24077,233,0.0900292,233,36.0687,233,101564,233,1866.75,233,24.5449,233
31.3250,117.4250,209,-0.192313,209,-0.330275,209,41.3589,209,0.244004,209,0.0838798,209,24.8889,209,101673,209,1868.07,209,23.0995,209
31.3250,117.6750,220,-0.120525,220,-0.496359,220,42.419,220,0.239133,220,0.0878758,220,22.0324,220,101746,220,1868.05,220,26.0949,220
31.3250,117.9250,201,-0.322462,201,-0.554079,201,42.8326,201,0.232847,201,0.0835547,201,11.9019,201,101886,201,1869.44,201,25.9446,201
31.3250,118.1750,128,-0.156945,128,-0.566979,128,43.5294,128,0.222161,128,0.0786876,128,6.98653,128,101914,128,1870.94,128,24.8642,128
31.3250,118.4250,159,0.436559,159,-0.519966,159,45.7418,159,0.205444,159,0.0852368,159,8.32983,159,101970,159,1868.62,159,28.7249,159
31.3250,118.6750,247,-0.251748,247,-0.620436,247,37.7489,247,0.174366,247,0.0565613,247,7.77251,247,101588,247,1870.81,247,22.5973,247
31.3250,118.9250,43,0.244701,43,-1.56889,43,39.6812,43,0.185437,43,0.0697548,43,15.6069,43,101720,43,1869.83,43,24.1083,43
31.3250,119.1750,208,0.483516,208,-0.987483,208,41.6354,208,0.216241,208,0.0827543,208,18.6691,208,101785,208,1865.47,208,24.8023,208
31.3250,119.4250,173,0.832006,173,-0.791059,173,46.7995,173,0.211741,173,0.0825764,173,38.1975,173,101831,173,1862.2,173,28.253,173
31.3250,119.6750,93,0.626026,93,-1.29439,93,41.6238,93,0.22637,93,0.0782974,93,26.4411,93,101627,93,1867.57,93,28.4715,93
31.3250,119.9250,15,0.597283,15,-1.29033,15,43.5871,15,0.206971,15,0.0861649,15,9.64004,15,102118,15,1866.85,15,26.8304,15
31.3250,120.1750,2,3.69588,2,-5.00159,2,27.5717,2,0.0279325,2,-0.0342485,2,0,2,100380,2,1883.54,2,63.0533,2
31.3250,120.4250,14,0.764182,14,-1.39141,14,43.9574,14,0.212685,14,0.109135,14,12.4818,14,101923,14,1864.73,14,37.5357,14
31.3250,120.6750,24,0.0857121,24,-1.08538,24,44.7494,24,0.174319,24,0.0927279,24,7.60751,24,101947,24,1867.57,24,31.2593,24
31.3250,120.9250,31,1.39246,31,-0.025292,31,42.1936,31,0.206773,31,0.114788,31,3.49358,31,102062,31,1860.13,31,35.3997,31
31.3250,121.1750,97,1.42812,97,-0.0117156,97,44.2732,97,0.205245,97,0.10661,97,4.15393,97,101995,97,1860.1,97,34.352,97
31.3250,121.4250,49,0.808431,49,-0.36793,49,42.5261,49,0.188303,49,0.101804,49,5.20795,49,101927,49,1861.18,49,36.1843,49
31.3250,121.6750,6,0.149537,6,-3.05587,6,48.7868,6,0.18914,6,0.0783846,6,3.03264,6,102254,6,1864.23,6,20.2825,6
31.3250,121.9250,0,,0,,0,,0,,0,,0,,0,,0,,0,,0
31.3250,122.1750,3,-2.02577,3,8.20609,3,19.8616,3,0.0438375,3,-0.0343767,3,0,3,100645,3,1847.82,3,6.27492,3
31.3250,122.4250,8,-2.15093,8,8.8213,8,22.2673,8,0.0343935,8,-0.035765,8,0,8,100731,8,1858.46,8,-14.1119,8
31.0750,114.9250,170,0.0367341,170,-0.915252,170,43.1788,170,0.217044,170,0.113395,170,58.7139,170,101177,170,1872.22,170,19.683,170
31.0750,115.1750,21,0.497973,21,-0.669038,21,40.7047,21,0.221491,21,0.0889688,21,116.188,21,100367,21,1870.47,21,17.3734,21
31.0750,115.4250,26,0.18531,26,-0.950276,26,47.0217,26,0.195527,26,0.0886252,26,161.608,26,100204,26,1867.75,26,13.8662,26
31.0750,115.6750,0,,0,,0,,0,,0,,0,,0,,0,,0,,0
31.0750,115.9250,0,,0,,0,,0,,0,,0,,0,,0,,0,,0
31.0750,116.1750,0,,0,,0,,0,,0,,0,,0,,0,,0,,0
31.0750,116.4250,0,,0,,0,,0,,0,,0,,0,,0,,0,,0
31.0750,116.6750,0,,0,,0,,0,,0,,0,,0,,0,,0,,0
31.0750,116.9250,86,-0.903414,86,-0.490801,86,45.273,86,0.225137,86,0.0962074,86,47.1156,86,101580,86,1868.31,86,23.5387,86
31.0750,117.1750,220,-0.489092,220,-0.631728,220,41.5453,220,0.240006,220,0.0828754,220,32.8293,220,101576,220,1869.87,220,22.7579,220
31.0750,117.4250,179,-0.0694383,179,-0.554375,179,44.7665,179,0.219249,179,0.0734265,179,58.2366,179,101423,179,1866.26,179,26.071,179
31.0750,117.6750,152,-0.625789,152,-0.7485,152,42.6643,152,0.210137,152,0.0714594,152,13.2524,152,101839,152,1871.83,152,21.0503,152
31.0750,117.9250,96,0.0583803,96,-0.951339,96,43.9835,96,0.206473,96,0.0781926,96,22.0619,96,101743,96,1871,96,27.2911,96
31.0750,118.1750,197,0.188482,197,-0.700493,197,42.9813,197,0.223891,197,0.0758452,197,59.7562,197,101290,197,1867.45,197,26.0585,197
31.0750,118.4250,258,0.0225146,258,-0.782837,258,41.9206,258,0.233309,258,0.079073,258,12.944,258,101791,258,1868.11,258,26.6911,258
31.0750,118.6750,190,0.0182552,190,-0.971696,190,42.9345,190,0.226525,190,0.0842748,190,25.902,190,101642,190,1866.89,190,27.9245,190
31.0750,118.9250,44,-0.0155689,44,-1.52227,44,37.8268,44,0.238379,44,0.0722103,44,29.3834,44,101354,44,1871.46,44,26.5903,44
31.0750,119.1750,156,0.264206,156,-0.79529,156,42.4941,156,0.222751,156,0.0831978,156,30.6833,156,101684,156,1864.01,156,25.9573,156
31.0750,119.4250,181,0.458296,181,-0.542638,181,43.2366,181,0.235063,181,0.0840499,181,78.0243,181,101114,181,1861.84,181,28.5475,181
31.0750,119.6750,40,0.843611,40,-0.558583,40,41.2105,40,0.234407,40,0.0800339,40,111.96,40,100438,40,1864.03,40,39.6709,40
31.0750,119.9250,39,-0.382661,39,-0.298424,39,40.3302,39,0.202454,39,0.0833963,39,18.0277,39,101757,39,1865.08,39,32.5793,39
31.0750,120.1750,5,-0.680765,5,0.429478,5,32.9149,5,0.0791365,5,-0.000111343,5,0.360441,5,101242,5,1872.78,5,32.0182,5
31.0750,120.4250,0,,0,,0,,0,,0,,0,,0,,0,,0,,0
31.0750,120.6750,24,2.52356,24,-2.41275,24,37.5469,24,0.19942,24,0.0722204,24,4.11917,24,101476,24,1870.27,24,36.4827,24
31.0750,120.9250,25,1.85907,25,-1.1691,25,40.1207,25,0.213721,25,0.0706114,25,4.29185,25,101767,25,1865.53,25,33.8814,25
31.0750,121.1750,90,1.24674,90,-0.7224,90,40.4802,90,0.210935,90,0.0897944,90,4.30014,90,101774,90,1864.27,90,35.1731,90
31.0750,121.4250,46,1.3222,46,-1.26887,46,42.4411,46,0.202113,46,0.0966959,46,4.95436,46,101770,46,1864.26,46,38.6926,46
31.0750,121.6750,62,1.1009,62,-1.44339,62,44.0564,62,0.217428,62,0.0997489,62,4.87169,62,101923,62,1863.5,62,38.2778,62
31.0750,121.9250,3,1.28373,3,-2.20663,3,36.1873,3,0.232877,3,0.106496,3,4.56123,3,101864,3,1861.5,3,38.1297,3
31.0750,122.1750,11,-2.16483,11,7.97714,11,19.2713,11,0.0685355,11,-0.0357217,11,0,11,100676,11,1849.25,11,9.38451,11
31.0750,122.4250,12,-1.80851,12,8.8516,12,20.8524,12,0.0470298,12,-0.0362639,12,0,12,100702,12,1852.5,12,-3.22536,12
30.8250,114.9250,176,-0.018757,176,-0.833875,176,45.1431,176,0.208875,176,0.0994426,176,57.4434,176,101290,176,1873.32,176,15.3196,176
30.8250,115.1750,100,-0.20594,100,-0.328401,100,44.0257,100,0.209559,100,0.0936723,100,95.148,100,100801,100,1870.74,100,19.5525,100
30.8250,115.4250,45,0.0971365,45,-0.316104,45,46.2828,45,0.19748,45,0.0882387,45,129.411,45,100493,45,1870.06,45,19.4725,45
30.8250,115.6750,35,0.206104,35,-0.633949,35,45.8794,35,0.198221,35,0.0800089,35,174.033,35,99894.5,35,1868.78,35,21.3557,35
30.8250,115.9250,0,,0,,0,,0,,0,,0,,0,,0,,0,,0
30.8250,116.1750,0,,0,,0,,0,,0,,0,,0,,0,,0,,0
30.8250,116.4250,2,-1.02332,2,-0.06255,2,51.9743,2,0.188151,2,0.0894785,2,443.111,2,97294.3,2,1860.83,2,19.2776,2
30.8250,116.6750,119,-1.3353,119,-0.898764,119,42.4399,119,0.238942,119,0.0885448,119,49.2601,119,101334,119,1871.56,119,19.7559,119
30.8250,116.9250,145,-1.25791,145,-1.15408,145,43.2956,145,0.23534,145,0.0897257,145,28.6327,145,101620,145,1873.21,145,20.8442,145
30.8250,117.1750,26,0.339372,26,-0.968731,26,37.8033,26,0.212934,26,0.0646419,26,30.7032,26,101280,26,1874.45,26,23.1521,26
30.8250,117.4250,42,-0.441892,42,-1.27656,42,43.365,42,0.221065,42,0.077601,42,40.4688,42,101625,42,1869.5,42,26.3123,42
30.8250,117.6750,65,-0.219267,65,-1.23748,65,42.4487,65,0.210137,65,0.069828,65,19.402,65,101777,65,1874.45,65,23.8659,65
30.8250,117.9250,118,-0.12869,118,-1.06062,118,45.4827,118,0.206657,118,0.0722828,118,60.2104,118,101403,118,1869.14,118,25.4982,118
30.8250,118.1750,169,-0.456757,169,-1.13475,169,44.6206,169,0.222423,169,0.0709353,169,73.251,169,101226,169,1868.75,169,25.1071,169
30.8250,118.4250,189,-0.457256,189,-1.287,189,42.7541,189,0.241153,189,0.0758896,189,40.072,189,101519,189,1870.29,189,27.8714,189
30.8250,118.6750,151,-0.411605,151,-1.15859,151,44.7943,151,0.229373,151,0.0726595,151,63.2523,151,101285,151,1867.97,151,27.9705,151
30.8250,118.9250,150,-0.242832,150,-1.12983,150,45.7235,150,0.217163,150,0.0761899,150,68.0737,150,101305,150,1865.02,150,24.2842,150
30.8250,119.1750,135,0.352996,135,-1.0067,135,45.9633,135,0.211481,135,0.0699837,135,100.512,135,100907,135,1863.23,135,25.8667,135
30.8250,119.4250,90,0.73031,90,-1.22141,90,45.4185,90,0.208363,90,0.0878719,90,65.3357,90,101334,90,1862.94,90,30.204,90
30.8250,119.6750,153,0.833905,153,-1.31396,153,42.556,153,0.215265,153,0.075877,153,37.9632,153,101493,153,1864.37,153,29.661,153
30.8250,119.9250,100,0.370477,100,-1.14191,100,39.3708,100,0.223326,100,0.0730008,100,40.1678,100,101324,100,1866.34,100,32.6776,100
30.8250,120.1750,92,0.432766,92,-1.69927,92,41.2779,92,0.185832,92,0.0679453,92,9.25964,92,101817,92,1867.38,92,31.9357,92
30.8250,120.4250,103,1.41585,103,-1.91057,103,43.5222,103,0.20485,103,0.0798594,103,5.18941,103,101918,103,1865.45,103,36.2558,103
30.8250,120.6750,110,1.91703,110,-1.41065,110,41.7777,110,0.208627,110,0.082699,110,6.10997,110,101746,110,1865.81,110,33.3278,110
30.8250,120.9250,111,1.72688,111,-1.03383,111,42.1466,111,0.220945,111,0.0852134,111,5.65508,111,101738,111,1864.96,111,36.2663,111
30.8250,121.1750,117,0.768323,117,-0.482535,117,38.145,117,0.25076,117,0.0779229,117,4.93783,117,101473,117,1866.52,117,30.5979,117
30.8250,121.4250,34,1.11117,34,-0.402608,34,42.2916,34,0.225659,34,0.0929487,34,4.93712,34,101754,34,1864.47,34,34.6064,34
30.8250,121.6750,10,-0.674792,10,-0.286451,10,35.3074,10,0.149926,10,0.0441088,10,3.01252,10,101505,10,1863.8,10,28.7752,10
30.8250,121.9250,0,,0,,0,,0,,0,,0,,0,,0,,0,,0
30.8250,122.1750,4,-1.95627,4,8.26321,4,19.5993,4,0.0644293,4,-0.0340786,4,0,4,100655,4,1847.8,4,11.6225,4
30.8250,122.4250,6,-1.84616,6,8.15329,6,18.1522,6,0.0446639,6,-0.0374402,6,0,6,100813,6,1851.88,6,6.73281,6
30.5750,114.9250,89,-0.479286,89,-1.03434,89,43.9783,89,0.208051,89,0.0954686,89,42.4979,89,101429,89,1876.03,89,18.9008,89
30.5750,115.1750,196,-0.20435,196,-0.665101,196,44.4602,196,0.207647,196,0.0957264,196,62.3965,196,101244,196,1872.47,196,17.5087,196
30.5750,115.4250,147,-0.0536912,147,-0.565242,147,45.1927,147,0.203817,147,0.083516,147,92.8031,147,100908,147,1870.75,147,17.2564,147
30.5750,115.6750,32,-0.178076,32,-0.883579,32,41.4833,32,0.198016,32,0.0625903,32,156.566,32,99986.6,32,1873.03,32,13.4533,32
30.5750,115.9250,4,-2.14131,4,0.0876465,4,34.0098,4,0.214727,4,0.0586118,4,230.522,4,99002.2,4,1863.53,4,8.04488,4
30.5750,116.1750,8,-0.737621,8,-0.796401,8,47.5375,8,0.151519,8,0.0438475,8,119.288,8,100551,8,1865.98,8,-0.863509,8
30.5750,116.4250,124,-1.48012,124,-0.924546,124,43.5973,124,0.239032,124,0.0908626,124,43.0624,124,101437,124,1874.18,124,21.3002,124
30.5750,116.6750,262,-1.28431,262,-1.17115,262,43.5219,262,0.241568,262,0.0874378,262,41.1741,262,101471,262,1873.36,262,18.5714,262
30.5750,116.9250,131,-1.35647,131,-1.79727,131,45.7463,131,0.21041,131,0.0799356,131,63.2694,131,101390,131,1871.19,131,22.692,131
30.5750,117.1750,9,-0.977041,9,-2.01356,9,47.1694,9,0.176677,9,0.0722452,9,19.0965,9,102214,9,1870.85,9,20.6397,9
30.5750,117.4250,77,-1.21358,77,-2.12133,77,40.2662,77,0.224728,77,0.0695416,77,38.245,77,101461,77,1876.69,77,30.9927,77
30.5750,117.6750,49,-0.775047,49,-1.65437,49,41.5195,49,0.214644,49,0.0623489,49,64.186,49,101154,49,1874.28,49,32.505,49
30.5750,117.9250,52,0.0398138,52,-1.06564,52,45.3755,52,0.208822,52,0.0715176,52,56.3537,52,101399,52,1870.84,52,24.8021,52
30.5750,118.1750,31,-0.148473,31,-1.11559,31,45.0078,31,0.201349,31,0.0681553,31,101.564,31,100842,31,1865.59,31,21.4849,31
30.5750,118.4250,38,-0.184498,38,-1.27226,38,47.2337,38,0.196008,38,0.0711397,38,107.413,38,100895,38,1864.46,38,27.7155,38
30.5750,118.6750,7,-1.21424,7,-0.831933,7,51.2552,7,0.167214,7,0.0535001,7,201.748,7,99913.8,7,1862.56,7,21.3645,7
30.5750,118.9250,97,-0.319189,97,-1.26045,97,47.113,97,0.184003,97,0.065525,97,142.404,97,100614,97,1862.81,97,25.264,97
30.5750,119.1750,61,0.0646199,61,-1.1053,61,48.1028,61,0.193316,61,0.0674343,61,153.665,61,100524,61,1861.44,61,21.5557,61
30.5750,119.4250,39,0.15338,39,-1.28718,39,45.7527,39,0.193662,39,0.0604475,39,144.986,39,100467,39,1861.3,39,24.2538,39
30.5750,119.6750,57,0.909902,57,-1.38335,57,48.5772,57,0.197182,57,0.0734153,57,74.0781,57,101357,57,1861.15,57,24.6992,57
30.5750,119.9250,57,0.545662,57,-1.01232,57,43.3261,57,0.200579,57,0.067367,57,51.0972,57,101511,57,1863.49,57,32.2706,57
30.5750,120.1750,107,0.779368,107,-0.95743,107,38.9178,107,0.179293,107,0.0658005,107,7.42212,107,101630,107,1865.58,107,30.7733,107
30.5750,120.4250,119,0.96693,119,-1.28439,119,43.7214,119,0.208779,119,0.0826692,119,6.43361,119,101947,119,1864.74,119,35.8712,119
30.5750,120.6750,102,1.8112,102,-1.31132,102,45.9555,102,0.218648,102,0.0842025,102,6.29617,102,101774,102,1866.15,102,39.9878,102
30.5750,120.9250,60,1.44024,60,-1.17908,60,42.8805,60,0.230906,60,0.079173,60,6.26493,60,101781,60,1865.85,60,33.5287,60
30.5750,121.1750,2,0.745102,2,-0.873647,2,45.6145,2,0.219698,2,0.071113,2,5.70764,2,102025,2,1866.03,2,45.7191,2
30.5750,121.4250,10,-5.30991,10,3.50294,10,17.4396,10,0.0834935,10,-0.0430519,10,0,10,100723,10,1858.34,10,9.95156,10
30.5750,121.6750,5,-0.867623,5,-1.08211,5,23.6174,5,0.124895,5,0.0137631,5,0.197688,5,100852,5,1862.95,5,51.1843,5
30.5750,121.9250,3,2.75745,3,1.45679,3,14.1681,3,0.0520807,3,-0.0391894,3,0,3,100283,3,1853.85,3,32.7396,3
30.5750,122.1750,1,1.09824,1,-4.47787,1,27.8424,1,0.0454713,1,-0.0355267,1,0,1,100261,1,1876.3,1,68.608,1
30.5750,122.4250,1,-0.520838,1,9.39553,1,19.5848,1,0.0282964,1,-0.0374631,1,0,1,100732,1,1847.25,1,6.56127,1
30.3250,114.9250,38,-0.301814,38,-1.66079,38,39.4672,38,0.192879,38,0.0829124,38,48.7978,38,101189,38,1881.9,38,18.6934,38
30.3250,115.1750,77,-0.38188,77,-1.18805,77,41.3189,77,0.212012,77,0.0852917,77,57.3679,77,101126,77,1877.47,77,14.9262,77
30.3250,115.4250,172,0.0095708,172,-0.600886,172,45.4745,172,0.20749,172,0.0918913,172,73.5821,172,101099,172,1873,172,19.0209,172
30.3250,115.6750,67,-0.166228,67,-0.616285,67,47.3427,67,0.192054,67,0.0855298,67,100.942,67,100908,67,1869.54,67,17.872,67
30.3250,115.9250,18,-1.00378,18,-0.35892,18,45.3087,18,0.21611,18,0.0886689,18,79.3169,18,101089,18,1872.83,18,19.7862,18
30.3250,116.1750,136,-1.79228,136,-1.15212,136,43.165,136,0.225378,136,0.0848551,136,55.4183,136,101305,136,1874.39,136,19.8796,136
30.3250,116.4250,162,-1.5598,162,-1.1851,162,41.4732,162,0.238682,162,0.0841756,162,55.7558,162,101145,162,1875.81,162,19.5382,162
30.3250,116.6750,65,-1.22235,65,-1.43381,65,39.5578,65,0.256178,65,0.0868151,65,21.0465,65,101506,65,1877.54,65,18.7041,65
30.3250,116.9250,42,-1.06788,42,-2.01266,42,39.2784,42,0.238848,42,0.0713315,42,20.709,42,101422,42,1878.47,42,24.6061,42
30.3250,117.1750,78,-0.604707,78,-1.88694,78,41.5325,78,0.218716,78,0.0615983,78,94.0013,78,100744,78,1872.19,78,27.7045,78
30.3250,117.4250,14,-1.12415,14,-2.24222,14,40.2138,14,0.222976,14,0.0674024,14,65.1239,14,101137,14,1870.91,14,26.5945,14
30.3250,117.6750,5,0.20118,5,-0.516882,5,42.7119,5,0.170548,5,0.0483603,5,205.185,5,99430,5,1869.31,5,18.2921,5
30.3250,117.9250,2,-2.19332,2,-1.80669,2,52.3677,2,0.168979,2,0.0544395,2,176.624,2,100196,2,1865.33,2,-0.518408,2
30.3250,118.1750,12,-0.394435,12,-0.855345,12,50.7765,12,0.182702,12,0.06178,12,217.782,12,99625.5,12,1862.68,12,16.6811,12
30.3250,118.4250,9,0.0845239,9,-0.362747,9,46.0593,9,0.189873,9,0.0659409,9,258.536,9,98911.4,9,1860.41,9,24.5372,9
30.3250,118.6750,9,-0.5967,9,-0.774803,9,50.9644,9,0.165528,9,0.0586002,9,270.941,9,99088.7,9,1861.38,9,14.1397,9
30.3250,118.9250,7,-0.995209,7,-1.37745,7,44.1429,7,0.18149,7,0.0523575,7,246.157,7,99316.6,7,1861.74,7,18.5748,7
30.3250,119.1750,9,-0.479814,9,-0.705817,9,49.3623,9,0.185891,9,0.0666295,9,229.909,9,99538.6,9,1858.86,9,15.157,9
30.3250,119.4250,33,-0.0656396,33,-0.00232017,33,43.1446,33,0.188646,33,0.0556925,33,206.41,33,99679.7,33,1860.13,33,24.677,33
30.3250,119.6750,48,-0.0221596,48,-0.549607,48,45.013,48,0.191323,48,0.0650446,48,133.905,48,100474,48,1861.99,48,32.7374,48
30.3250,119.9250,108,0.373229,108,-1.15803,108,44.6622,108,0.199494,108,0.0712756,108,37.2084,108,101513,108,1865.98,108,30.9209,108
30.3250,120.1750,60,0.603674,60,-1.01214,60,45.8026,60,0.173583,60,0.0754595,60,22.7229,60,101785,60,1866.12,60,44.0958,60
30.3250,120.4250,17,0.658283,17,-1.01219,17,47.316,17,0.187614,17,0.0944059,17,9.38732,17,101983,17,1866.12,17,41.5204,17
30.3250,120.6750,2,2.96229,2,-1.05892,2,42.0287,2,0.193444,2,0.0772143,2,8.45469,2,101393,2,1869.25,2,46.7975,2
30.3250,120.9250,2,0.0544153,2,0.187562,2,48.0917,2,0.193763,2,0.0447672,2,4.2612,2,102318,2,1863.65,2,18.1001,2
30.3250,121.1750,15,1.23196,15,-1.03763,15,49.0904,15,0.186687,15,0.0926431,15,5.95206,15,102123,15,1863.37,15,33.4989,15
30.3250,121.4250,6,1.23765,6,-1.69174,6,40.31,6,0.166997,6,0.0834828,6,4.87911,6,101790,6,1866.15,6,34.2413,6
30.3250,121.6750,4,-0.221855,4,0.614913,4,15.08,4,0.0380311,4,-0.0424718,4,0.0151163,4,100540,4,1856.87,4,40.9909,4
30.3250,121.9250,3,-5.42409,3,-1.09254,3,17.6465,3,0.0218664,3,-0.0479517,3,0,3,100415,3,1860.59,3,3.5001,3
30.3250,122.1750,3,-0.594416,3,-3.26552,3,30.7638,3,0.0689959,3,-0.0189166,3,2.18779,3,100920,3,1865.63,3,29.8151,3
30.3250,122.4250,0,,0,,0,,0,,0,,0,,0,,0,,0,,0
30.0750,114.9250,74,-0.575877,74,-0.825005,74,43.0609,74,0.201852,74,0.0937424,74,43.3208,74,101366,74,1876.47,74,21.3664,74
30.0750,115.1750,3,-0.806451,3,-1.82407,3,28.8067,3,0.203371,3,0.0572599,3,25.9411,3,100776,3,1893.9,3,11.7975,3
30.0750,115.4250,77,-0.472077,77,-0.686016,77,43.4772,77,0.203451,77,0.0855411,77,41.269,77,101404,77,1876.31,77,18.823,77
30.0750,115.6750,67,-0.832473,67,-0.537018,67,43.3171,67,0.219007,67,0.0927126,67,71.5851,67,101049,67,1875.33,67,18.0428,67
30.0750,115.9250,80,-2.01975,80,-1.41578,80,39.0111,80,0.244079,80,0.0984489,80,41.6957,80,101240,80,1878.81,80,20.9075,80
30.0750,116.1750,63,-1.63142,63,-1.18597,63,42.9371,63,0.217246,63,0.09827,63,50.1256,63,101340,63,1875.03,63,19.9267,63
30.0750,116.4250,5,-3.11864,5,-3.43231,5,34.9886,5,0.236207,5,0.0670617,5,14.7896,5,101321,5,1884.53,5,39.6992,5
30.0750,116.6750,29,-1.54019,29,-2.59168,29,42.7278,29,0.238383,29,0.103438,29,22.669,29,101541,29,1877.27,29,27.8496,29
30.0750,116.9250,40,-1.1176,40,-2.62741,40,44.0754,40,0.201601,40,0.0684482,40,40.8369,40,101563,40,1872.59,40,23.3272,40
30.0750,117.1750,16,-0.443523,16,-1.95635,16,45.7756,16,0.20682,16,0.0707376,16,114.746,16,100786,16,1868.53,16,19.9645,16
30.0750,117.4250,1,-2.87127,1,-2.25073,1,40.2035,1,0.18131,1,0.034509,1,260.338,1,99411.3,1,1872.05,1,3.51752,1
30.0750,117.6750,3,-0.89222,3,-0.438897,3,54.4683,3,0.17795,3,0.0510304,3,307.152,3,98934.7,3,1858.38,3,17.8483,3
30.0750,117.9250,11,-0.027117,11,-0.833037,11,44.1262,11,0.176021,11,0.0439061,11,310.472,11,98316.3,11,1862.86,11,30.5552,11
30.0750,118.1750,0,,0,,0,,0,,0,,0,,0,,0,,0,,0
30.0750,118.4250,24,-0.401256,24,-0.573682,24,45.2158,24,0.195939,24,0.0633592,24,211.462,24,99475.4,24,1863.99,24,23.5271,24
30.0750,118.6750,9,-0.189098,9,-1.02629,9,42.4978,9,0.188021,9,0.0680138,9,214.463,9,99410.9,9,1864.81,9,22.9001,9
30.0750,118.9250,0,,0,,0,,0,,0,,0,,0,,0,,0,,0
30.0750,119.1750,18,-0.706542,18,-0.204471,18,45.6392,18,0.187134,18,0.0534136,18,199.015,18,99745.1,18,1859.62,18,26.687,18
30.0750,119.4250,17,-0.326848,17,-0.773685,17,44.9336,17,0.187104,17,0.0563326,17,167.52,17,100017,17,1864.55,17,27.9265,17
30.0750,119.6750,34,0.565306,34,-0.942307,34,44.162,34,0.190864,34,0.0545424,34,142.586,34,100230,34,1863.66,34,31.4022,34
30.0750,119.9250,26,0.649951,26,-0.630435,26,43.4135,26,0.178708,26,0.0609764,26,89.8715,26,100730,26,1867.35,26,41.1571,26
30.0750,120.1750,34,0.713508,34,-0.718973,34,40.905,34,0.178062,34,0.0692752,34,30.6232,34,101314,34,1867.84,34,35.2948,34
30.0750,120.4250,80,0.689555,80,-0.809211,80,46.4523,80,0.16788,80,0.0768083,80,30.2712,80,101641,80,1865.3,80,39.0425,80
30.0750,120.6750,76,1.12438,76,-1.23617,76,42.9557,76,0.180385,76,0.0716407,76,18.706,76,101590,76,1867.16,76,39.8647,76
30.0750,120.9250,66,1.36165,66,-1.18583,66,42.014,66,0.202737,66,0.0698089,66,25.0408,66,101466,66,1866.52,66,38.0846,66
30.0750,121.1750,67,1.88728,67,-1.31775,67,47.3346,67,0.182573,67,0.084166,67,19.2775,67,101840,67,1864.46,67,36.69,67
30.0750,121.4250,49,1.4469,49,-1.81964,49,44.0421,49,0.204828,49,0.0732244,49,32.9802,49,101496,49,1864.23,49,35.8568,49
30.0750,121.6750,3,0.200832,3,-2.58553,3,35.756,3,0.133751,3,0.0195517,3,2.3762,3,101243,3,1861.71,3,50.3385,3
30.0750,121.9250,0,,0,,0,,0,,0,,0,,0,,0,,0,,0
30.0750,122.1750,0,,0,,0,,0,,0,,0,,0,,0,,0,,0
30.0750,122.4250,1,-0.109096,1,9.719,1,19.2796,1,0.0605515,1,-0.0364646,1,0,1,100729,1,1846.97,1,13.3454,1
29.8250,114.9250,20,-0.518033,20,-1.62736,20,44.4376,20,0.208732,20,0.0816766,20,52.3261,20,101273,20,1876.36,20,15.2044,20
29.8250,115.1750,60,-0.703287,60,-1.49378,60,41.9543,60,0.215839,60,0.0745404,60,54.815,60,101101,60,1877.02,60,16.164,60
29.8250,115.4250,10,-1.10897,10,-2.22413,10,41.3687,10,0.196325,10,0.0560341,10,98.8643,10,100710,10,1877.09,10,18.0696,10
29.8250,115.6750,7,-1.51056,7,-1.29227,7,49.3037,7,0.194712,7,0.069057,7,106.077,7,100915,7,1868.96,7,24.4649,7
29.8250,115.9250,37,-1.62919,37,-1.81468,37,38.22,37,0.251013,37,0.0905035,37,13.8637,37,101330,37,1882.69,37,15.4515,37
29.8250,116.1750,0,,0,,0,,0,,0,,0,,0,,0,,0,,0
29.8250,116.4250,51,-1.27634,51,-3.14092,51,41.143,51,0.213051,51,0.0645248,51,86.9289,51,100847,51,1873.54,51,18.9191,51
29.8250,116.6750,95,-0.657801,95,-2.3676,95,44.1383,95,0.211266,95,0.0561243,95,117.882,95,100555,95,1870.66,95,23.2446,95
29.8250,116.9250,70,-0.25864,70,-1.46874,70,46.4076,70,0.217849,70,0.050662,70,131.155,70,100503,70,1868,70,19.9791,70
29.8250,117.1750,94,-0.750145,94,-1.079,94,43.9365,94,0.207811,94,0.0398554,94,199.108,94,99605.9,94,1867.23,94,22.6851,94
29.8250,117.4250,118,-0.747596,118,-0.926967,118,43.0434,118,0.215137,118,0.0387178,118,166.746,118,99890.4,118,1868.06,118,20.7455,118
29.8250,117.6750,79,-0.632269,79,-0.86082,79,44.7983,79,0.197406,79,0.0447417,79,203.891,79,99560.2,79,1866.05,79,26.5416,79
29.8250,117.9250,106,-0.737462,106,-0.895323,106,43.0871,106,0.196495,106,0.044984,106,267.088,106,98805.8,106,1863.07,106,23.5838,106
29.8250,118.1750,97,-1.11913,97,-0.900251,97,42.0173,97,0.201432,97,0.0669633,97,181.384,97,99719.2,97,1866.52,97,24.4886,97
29.8250,118.4250,121,-0.724583,121,-0.840526,121,42.7109,121,0.188272,121,0.062634,121,172.561,121,99856.1,121,1866.07,121,24.1328,121
29.8250,118.6750,12,0.0811694,12,-0.640102,12,47.9263,12,0.168244,12,0.0542151,12,225.966,12,99436.3,12,1864.8,12,23.9406,12
29.8250,118.9250,0,,0,,0,,0,,0,,0,,0,,0,,0,,0
29.8250,119.1750,2,0.650843,2,-1.02362,2,37.6742,2,0.182236,2,0.0388119,2,231.998,2,98764.3,2,1870.93,2,27.7133,2
29.8250,119.4250,0,,0,,0,,0,,0,,0,,0,,0,,0,,0
29.8250,119.6750,11,0.293419,11,-0.501752,11,46.0746,11,0.163445,11,0.0595071,11,78.6887,11,101148,11,1866.5,11,28.8036,11
29.8250,119.9250,0,,0,,0,,0,,0,,0,,0,,0,,0,,0
29.8250,120.1750,55,0.29031,55,-0.599636,55,42.9315,55,0.189791,55,0.0678677,55,73.756,55,100893,55,1866.87,55,40.3344,55
29.8250,120.4250,71,0.893603,71,-0.700043,71,42.8214,71,0.193753,71,0.0590256,71,64.063,71,100999,71,1866.53,71,41.4042,71
29.8250,120.6750,11,1.41078,11,-1.39456,11,43.2911,11,0.175101,11,0.0514745,11,67.4457,11,101022,11,1866.72,11,42.2847,11
29.8250,120.9250,49,0.799769,49,-0.988109,49,43.6847,49,0.198983,49,0.0552061,49,64.8647,49,101044,49,1865.04,49,37.3241,49
29.8250,121.1750,2,1.86147,2,-1.11042,2,34.8827,2,0.195792,2,0.0385605,2,492.577,2,95588.7,2,1866.58,2,77.1033,2
29.8250,121.4250,76,0.60262,76,-1.6517,76,46.0723,76,0.192868,76,0.081177,76,14.6461,76,101765,76,1863.39,76,33.6444,76
29.8250,121.6750,26,0.667761,26,-2.08196,26,43.9995,26,0.184664,26,0.0820516,26,17.8356,26,101562,26,1866.23,26,41.6984,26
29.8250,121.9250,0,,0,,0,,0,,0,,0,,0,,0,,0,,0
29.8250,122.1750,0,,0,,0,,0,,0,,0,,0,,0,,0,,0
29.8250,122.4250,1,1.76819,1,10.3949,1,18.26,1,0.0214169,1,-0.0346001,1,0,1,99990.7,1,1858.1,1,21.5602,1
29.5750,114.9250,21,-0.264944,21,-1.74001,21,44.9915,21,0.192931,21,0.0635413,21,122.761,21,100540,21,1872.92,21,18.5972,21
29.5750,115.1750,7,-0.189544,7,-1.55012,7,37.7645,7,0.218031,7,0.061822,7,126.163,7,100109,7,1866.24,7,15.9683,7
29.5750,115.4250,3,0.866964,3,-0.517697,3,52.2479,3,0.184815,3,0.0806902,3,103.643,3,101047,3,1864.59,3,27.3964,3
29.5750,115.6750,84,-0.84151,84,-1.84655,84,46.2088,84,0.208116,84,0.0693385,84,98.9361,84,100910,84,1872.11,84,27.6935,84
29.5750,115.9250,31,-0.495833,31,-1.73768,31,46.5947,31,0.20866,31,0.0690905,31,86.9906,31,101109,31,1871.9,31,20.7367,31
29.5750,116.1750,10,-0.067077,10,-3.46684,10,47.4005,10,0.216658,10,0.0922592,10,43.7803,10,101517,10,1871.99,10,17.4029,10
29.5750,116.4250,134,-0.502118,134,-2.20477,134,46.2632,134,0.217675,134,0.0723747,134,90.8158,134,100899,134,1871.73,134,21.162,134
29.5750,116.6750,203,-0.462302,203,-1.79567,203,45.4743,203,0.229534,203,0.063906,203,75.5351,203,101094,203,1871.68,203,21.7093,203
29.5750,116.9250,121,-0.352376,121,-1.70709,121,44.1215,121,0.233438,121,0.0516976,121,118.591,121,100548,121,1869.39,121,22.9863,121
29.5750,117.1750,108,-0.667966,108,-1.33728,108,44.2664,108,0.223038,108,0.0438092,108,127.617,108,100392,108,1869.13,108,16.768,108
29.5750,117.4250,65,-0.436639,65,-0.90153,65,44.9534,65,0.213065,65,0.0477726,65,126.49,65,100428,65,1868.53,65,20.9498,65
29.5750,117.6750,0,,0,,0,,0,,0,,0,,0,,0,,0,,0
29.5750,117.9250,0,,0,,0,,0,,0,,0,,0,,0,,0,,0
29.5750,118.1750,54,-0.963675,54,-1.0818,54,42.6524,54,0.200024,54,0.0543965,54,190.548,54,99633.5,54,1866.37,54,25.0017,54
29.5750,118.4250,13,-0.581626,13,-1.09087,13,46.3853,13,0.190997,13,0.0566648,13,178.909,13,99945.5,13,1863.94,13,19.0755,13
29.5750,118.6750,10,-1.67447,10,-1.51672,10,38.7706,10,0.186381,10,0.0431245,10,171.914,10,99517,10,1871.93,10,26.5563,10
29.5750,118.9250,0,,0,,0,,0,,0,,0,,0,,0,,0,,0
29.5750,119.1750,0,,0,,0,,0,,0,,0,,0,,0,,0,,0
29.5750,119.4250,11,0.327553,11,-0.291199,11,43.4091,11,0.17693,11,0.0568707,11,95.8755,11,100560,11,1865.63,11,32.2936,11
29.5750,119.6750,3,0.23901,3,-0.544266,3,49.47,3,0.174247,3,0.0595188,3,106.451,3,100856,3,1862.91,3,40.4392,3
29.5750,119.9250,23,0.0522211,23,-0.940168,23,45.5957,23,0.184186,23,0.0799199,23,147.506,23,100331,23,1864.52,23,34.7939,23
29.5750,120.1750,61,0.126218,61,-0.833973,61,43.6713,61,0.192858,61,0.0668625,61,70.4254,61,101046,61,1865.87,61,35.6837,61
29.5750,120.4250,26,0.688199,26,-0.820435,26,47.1178,26,0.190909,26,0.0560901,26,126.855,26,100498,26,1863.21,26,39.4963,26
29.5750,120.6750,37,0.616222,37,-1.09442,37,44.9684,37,0.20042,37,0.0766352,37,70.9012,37,101043,37,1864.57,37,39.6088,37
29.5750,120.9250,61,0.972447,61,-1.31767,61,45.576,61,0.191847,61,0.0746808,61,102.174,61,100744,61,1863.54,61,39.4113,61
29.5750,121.1750,0,,0,,0,,0,,0,,0,,0,,0,,0,,0
29.5750,121.4250,12,0.470117,12,-0.753076,12,44.3246,12,0.206237,12,0.0773275,12,35.5784,12,101396,12,1862.49,12,38.7246,12
29.5750,121.6750,1,-0.0431759,1,-2.58855,1,47.4415,1,0.17355,1,0.0410746,1,42.4593,1,101820,1,1862.29,1,-0.216018,1
29.5750,121.9250,0,,0,,0,,0,,0,,0,,0,,0,,0,,0
29.5750,122.1750,1,-0.541957,1,7.78854,1,12.6857,1,0.0722223,1,0.0309474,1,0.0235849,1,100613,1,1850.39,1,-6.37466,1
29.5750,122.4250,32,-0.472617,32,7.13204,32,18.5085,32,0.0172799,32,-0.0421596,32,0.000147406,32,100445,32,1853.03,32,-0.287216,32
29.3250,114.9250,37,-0.618737,37,-1.01977,37,46.797,37,0.183557,37,0.0529454,37,113.905,37,100699,37,1870.88,37,13.2274,37
29.3250,115.1750,13,-0.12935,13,-1.332,13,47.5441,13,0.191311,13,0.0616438,13,131.255,13,100535,13,1870.98,13,19.9907,13
29.3250,115.4250,41,-0.737089,41,-1.70788,41,45.5762,41,0.193962,41,0.0563891,41,103.315,41,100817,41,1872.55,41,18.4735,41
29.3250,115.6750,165,-0.641772,165,-1.40225,165,46.7565,165,0.218685,165,0.0722252,165,74.8751,165,101200,165,1872.6,165,25.0266,165
29.3250,115.9250,36,-0.444201,36,-2.31698,36,45.568,36,0.211868,36,0.0736508,36,64.517,36,101320,36,1874.63,36,20.2339,36
29.3250,116.1750,3,-0.730309,3,-5.42412,3,49.78,3,0.200636,3,0.0708032,3,55.4944,3,101532,3,1866.78,3,-7.9644,3
29.3250,116.4250,81,-0.551884,81,-1.84807,81,45.8278,81,0.219326,81,0.070692,81,73.8708,81,101058,81,1872.05,81,24.8629,81
29.3250,116.6750,68,-0.324634,68,-2.01376,68,45.5818,68,0.242722,68,0.0866938,68,34.8903,68,101482,68,1874.19,68,18.848,68
29.3250,116.9250,171,-0.452808,171,-1.55229,171,44.1568,171,0.239545,171,0.0650114,171,65.7805,171,101122,171,1871.94,171,18.7236,171
29.3250,117.1750,179,-0.556425,179,-1.34342,179,44.3787,179,0.218667,179,0.068998,179,82.7081,179,100948,179,1870.72,179,20.7137,179
29.3250,117.4250,109,-0.751252,109,-0.929913,109,44.6787,109,0.218686,109,0.0500827,109,141.212,109,100280,109,1868.81,109,17.7114,109
29.3250,117.6750,165,-1.21739,165,-0.469569,165,42.41,165,0.211249,165,0.0443997,165,169.985,165,99865.2,165,1867.16,165,19.2251,165
29.3250,117.9250,107,-1.02866,107,-0.729374,107,44.3283,107,0.201858,107,0.0448417,107,170.191,107,99985.8,107,1866.32,107,19.2893,107
29.3250,118.1750,0,,0,,0,,0,,0,,0,,0,,0,,0,,0
29.3250,118.4250,1,1.0351,1,1.71293,1,56.6597,1,0.182302,1,0.0687601,1,183.813,1,100152,1,1856.94,1,26.4246,1
29.3250,118.6750,18,-1.25059,18,-0.736221,18,44.0977,18,0.154773,18,0.0370765,18,158.018,18,100024,18,1868.64,18,15.4444,18
29.3250,118.9250,0,,0,,0,,0,,0,,0,,0,,0,,0,,0
29.3250,119.1750,20,0.104153,20,-0.71063,20,39.7596,20,0.212027,20,0.0664229,20,104.156,20,100581,20,1865.93,20,23.3712,20
29.3250,119.4250,79,0.311068,79,-0.3925,79,39.6292,79,0.210495,79,0.0760632,79,63.7121,79,100969,79,1864.42,79,22.3103,79
29.3250,119.6750,19,0.240795,19,-0.898475,19,39.8628,19,0.199645,19,0.0617424,19,129.846,19,100245,19,1862.78,19,25.2269,19
29.3250,119.9250,59,0.270002,59,-0.474276,59,49.6188,59,0.180906,59,0.086297,59,102.129,59,101060,59,1862.88,59,34.6714,59
29.3250,120.1750,44,0.416077,44,-0.886596,44,48.3046,44,0.174718,44,0.0868441,44,106.658,44,100922,44,1863.72,44,35.0594,44
29.3250,120.4250,15,0.954844,15,-0.694604,15,46.9839,15,0.193651,15,0.0841923,15,147.08,15,100368,15,1861.5,15,38.8014,15
29.3250,120.6750,6,1.73924,6,-1.5337,6,44.4779,6,0.197708,6,0.0563549,6,550.683,6,95447.7,6,1860.1,6,47.2408,6
29.3250,120.9250,9,1.37809,9,-1.45689,9,43.3073,9,0.2109,9,0.0531285,9,343.928,9,97680.9,9,1860.01,9,29.65,9
29.3250,121.1750,0,,0,,0,,0,,0,,0,,0,,0,,0,,0
29.3250,121.4250,7,-0.226449,7,-1.51394,7,46.0799,7,0.198369,7,0.0726326,7,78.4735,7,101063,7,1863.64,7,44.1907,7
29.3250,121.6750,2,-0.304453,2,-2.5344,2,47.1923,2,0.180637,2,0.0461577,2,49.1113,2,101731,2,1862.03,2,18.6406,2
29.3250,121.9250,0,,0,,0,,0,,0,,0,,0,,0,,0,,0
29.3250,122.1750,10,-0.806533,10,2.4838,10,18.5683,10,0.0115273,10,-0.0381453,10,0,10,100454,10,1855.29,10,19.1754,10
29.3250,122.4250,28,0.882204,28,7.0825,28,17.9479,28,0.0129769,28,-0.0420199,28,0,28,100295,28,1853.47,28,8.50472,28
29.0750,114.9250,21,-0.504724,21,-1.12174,21,45.8721,21,0.190783,21,0.0523194,21,160.658,21,100056,21,1871.69,21,14.2071,21
29.0750,115.1750,0,,0,,0,,0,,0,,0,,0,,0,,0,,0
29.0750,115.4250,4,-1.18684,4,-1.72433,4,47.1877,4,0.199319,4,0.0466589,4,146.295,4,100475,4,1869.46,4,15.7979,4
29.0750,115.6750,129,-0.71943,129,-1.43913,129,46.5916,129,0.217583,129,0.0854398,129,38.3388,129,101601,129,1874.03,129,21.2988,129
29.0750,115.9250,61,-1.02504,61,-2.17225,61,39.8999,61,0.249909,61,0.0826236,61,21.8682,61,101318,61,1879.57,61,23.8605,61
29.0750,116.1750,15,-0.296034,15,-1.61018,15,31.5077,15,0.287254,15,0.0591176,15,15.1586,15,100867,15,1884.35,15,32.2684,15
29.0750,116.4250,0,,0,,0,,0,,0,,0,,0,,0,,0,,0
29.0750,116.6750,10,-0.712711,10,-2.64771,10,37.0194,10,0.269194,10,0.0879854,10,18.1086,10,101364,10,1878.91,10,18.922,10
29.0750,116.9250,181,-0.574838,181,-1.35193,181,43.6361,181,0.234712,181,0.0795251,181,37.3936,181,101444,181,1872.3,181,20.3295,181
29.0750,117.1750,175,-0.813579,175,-0.958167,175,43.1747,175,0.228501,175,0.0685218,175,74.0512,175,101037,175,1870.47,175,21.7048,175
29.0750,117.4250,173,-1.00427,173,-0.648329,173,42.5905,173,0.229307,173,0.0568207,173,92.9532,173,100771,173,1869.04,173,19.8436,173
29.0750,117.6750,106,-1.11185,106,-0.661937,106,43.2418,106,0.213512,106,0.0452305,106,130.441,106,100376,106,1867.08,106,19.1636,106
29.0750,117.9250,79,-0.754401,79,-0.704908,79,42.157,79,0.21932,79,0.0435732,79,169.116,79,99835.9,79,1866.19,79,18.4631,79
29.0750,118.1750,7,-0.771454,7,-0.673972,7,48.2293,7,0.186588,7,0.0436663,7,227.469,7,99412.6,7,1864.75,7,25.7507,7
29.0750,118.4250,40,-1.00666,40,-0.581241,40,44.5077,40,0.193374,40,0.050877,40,196.28,40,99699.4,40,1864.42,40,20.8007,40
29.0750,118.6750,50,-1.12713,50,-0.263355,50,43.9183,50,0.199587,50,0.068103,50,145.252,50,100267,50,1865.15,50,22.3274,50
29.0750,118.9250,108,-1.01095,108,-0.641687,108,40.3319,108,0.223105,108,0.0844998,108,78.4739,108,100855,108,1869.34,108,26.0229,108
29.0750,119.1750,178,-0.0785655,178,-0.662816,178,39.8721,178,0.220142,178,0.0771601,178,71.5147,178,100900,178,1866.31,178,22.8089,178
29.0750,119.4250,138,-0.0448848,138,-0.848809,138,39.7208,138,0.217891,138,0.0783827,138,53.6365,138,101103,138,1864.75,138,22.4916,138
29.0750,119.6750,75,0.0731567,75,-1.22427,75,44.666,75,0.195295,75,0.0813948,75,65.6686,75,101250,75,1865.59,75,27.7669,75
29.0750,119.9250,30,0.243889,30,-1.17156,30,46.3639,30,0.185226,30,0.0688903,30,121.124,30,100735,30,1864.13,30,34.1146,30
29.0750,120.1750,42,0.49902,42,-1.18014,42,48.5655,42,0.172769,42,0.0831827,42,155.408,42,100443,42,1861.72,42,33.9586,42
29.0750,120.4250,14,0.622023,14,-1.47788,14,48.3029,14,0.169129,14,0.0645538,14,233.213,14,99488,14,1861.86,14,38.1396,14
29.0750,120.6750,3,2.07187,3,-2.07612,3,42.8446,3,0.196502,3,0.0506692,3,572.765,3,95203.6,3,1862.25,3,54.7229,3
29.0750,120.9250,10,0.660002,10,-1.77103,10,48.5015,10,0.190425,10,0.081989,10,108.051,10,100892,10,1862.2,10,34.9231,10
29.0750,121.1750,0,,0,,0,,0,,0,,0,,0,,0,,0,,0
29.0750,121.4250,1,-1.40696,1,-2.10202,1,47.0097,1,0.14862,1,0.0394976,1,32.4303,1,101932,1,1862.53,1,-1.50199,1
29.0750,121.6750,2,-0.418719,2,-2.67992,2,47.0816,2,0.170847,2,0.0355133,2,1.55425,2,102296,2,1862.62,2,-17.8354,2
29.0750,121.9250,0,,0,,0,,0,,0,,0,,0,,0,,0,,0
29.0750,122.1750,24,-0.482068,24,2.80583,24,18.1611,24,0.00994734,24,-0.0389508,24,9.82704e-05,24,100391,24,1855.43,24,26.8358,24
29.0750,122.4250,22,-1.0302,22,3.14181,22,18.831,22,0.0123563,22,-0.0399055,22,0,22,100456,22,1854.94,22,26.0166,22
28.8250,114.9250,0,,0,,0,,0,,0,,0,,0,,0,,0,,0
28.8250,115.1750,20,-1.39935,20,-0.926257,20,44.514,20,0.222729,20,0.0616029,20,85.5277,20,100952,20,1874.85,20,17.6008,20
28.8250,115.4250,168,-1.12824,168,-1.47886,168,44.7838,168,0.227482,168,0.0828171,168,62.5217,168,101199,168,1874.63,168,22.9149,168
28.8250,115.6750,99,-0.929268,99,-1.94317,99,45.6733,99,0.214555,99,0.0884456,99,43.252,99,101529,99,1874.49,99,24.0737,99
28.8250,115.9250,65,-0.962333,65,-2.42166,65,39.2971,65,0.234905,65,0.0799455,65,34.5601,65,101241,65,1879.4,65,28.3413,65
28.8250,116.1750,45,-0.867552,45,-2.17992,45,36.0102,45,0.274079,45,0.0664633,45,15.7765,45,101223,45,1882.41,45,21.3419,45
28.8250,116.4250,8,0.521393,8,-2.9688,8,45.9972,8,0.233977,8,0.087583,8,19.53,8,101759,8,1876.3,8,23.2327,8
28.8250,116.6750,103,-0.520113,103,-2.02828,103,43.6935,103,0.258858,103,0.0867503,103,17.5775,103,101695,103,1875.71,103,22.5634,103
28.8250,116.9250,189,-0.894288,189,-1.49541,189,43.7912,189,0.238314,189,0.0828389,189,39.1828,189,101463,189,1873.52,189,21.9712,189
28.8250,117.1750,148,-0.761866,148,-1.15793,148,43.1417,148,0.233354,148,0.0749624,148,54.5145,148,101218,148,1872.45,148,19.9253,148
28.8250,117.4250,145,-0.192553,145,-1.05557,145,43.333,145,0.232608,145,0.0676227,145,70.4101,145,100968,145,1870.59,145,18.5906,145
28.8250,117.6750,43,0.176625,43,-1.03609,43,43.9692,43,0.22798,43,0.0560896,43,135.139,43,100297,43,1867.04,43,18.4331,43
28.8250,117.9250,0,,0,,0,,0,,0,,0,,0,,0,,0,,0
28.8250,118.1750,15,-1.76586,15,-1.46427,15,43.1503,15,0.221861,15,0.0822313,15,125.823,15,100411,15,1868.26,15,23.1528,15
28.8250,118.4250,140,-1.31479,140,-1.44488,140,43.5319,140,0.212401,140,0.0675214,140,164.452,140,99987.5,140,1865.61,140,22.4438,140
28.8250,118.6750,92,-1.40217,92,-1.69372,92,41.569,92,0.207388,92,0.0749985,92,130.39,92,100280,92,1867.24,92,23.4621,92
28.8250,118.9250,63,-1.38143,63,-1.85263,63,39.8214,63,0.203286,63,0.086987,63,96.0875,63,100686,63,1868.37,63,31.5513,63
28.8250,119.1750,6,0.277171,6,-1.26612,6,38.4094,6,0.239866,6,0.0587682,6,137.174,6,99999.2,6,1866.99,6,29.1955,6
28.8250,119.4250,0,,0,,0,,0,,0,,0,,0,,0,,0,,0
28.8250,119.6750,21,0.0230278,21,-1.62959,21,40.817,21,0.204686,21,0.0696845,21,150.871,21,100083,21,1861.96,21,30.1053,21
28.8250,119.9250,46,0.24649,46,-1.43058,46,46.1974,46,0.180866,46,0.0805424,46,113.01,46,100817,46,1863.34,46,33.4515,46
28.8250,120.1750,39,0.766661,39,-1.73832,39,48.9886,39,0.175336,39,0.071059,39,194.897,39,100007,39,1862.11,39,27.0684,39
28.8250,120.4250,1,-1.47337,1,0.72807,1,51.2341,1,0.152511,1,0.054589,1,151.636,1,100593,1,1858.04,1,20.306,1
28.8250,120.6750,3,-0.540752,3,-1.22792,3,38.1769,3,0.204557,3,0.0573174,3,153.483,3,100127,3,1869.29,3,30.0935,3
28.8250,120.9250,14,0.434432,14,-0.827999,14,34.185,14,0.213974,14,0.0608604,14,80.3046,14,100431,14,1857.93,14,31.3906,14
28.8250,121.1750,11,1.0718,11,-1.43827,11,43.0825,11,0.204996,11,0.0709751,11,50.8643,11,101172,11,1862.73,11,37.7495,11
28.8250,121.4250,2,0.285821,2,-2.98108,2,41.276,2,0.188808,2,0.0398838,2,89.6567,2,100929,2,1865.03,2,56.2135,2
28.8250,121.6750,1,-1.03465,1,-3.11595,1,46.7881,1,0.15946,1,0.0356494,1,47.436,1,101744,1,1862.08,1,24.3776,1
28.8250,121.9250,6,-2.31878,6,-2.75148,6,22.1778,6,0.0326041,6,-0.0143856,6,0.0139919,6,100787,6,1860.09,6,25.1349,6
28.8250,122.1750,15,-1.98468,15,-0.513811,15,19.7409,15,0.0121287,15,-0.0312036,15,0.0750419,15,100661,15,1856.26,15,19.2877,15
28.8250,122.4250,29,-1.96977,29,5.15436,29,16.5729,29,0.0250428,29,-0.0426315,29,0,29,100920,29,1846.78,29,18.8134,29
28.5750,114.9250,62,-1.13367,62,-0.461721,62,46.6552,62,0.219019,62,0.0462327,62,154.938,62,100249,62,1871.52,62,14.9405,62
28.5750,115.1750,94,-1.43591,94,-1.40297,94,44.1936,94,0.230707,94,0.0626532,94,89.1608,94,100871,94,1874.58,94,19.5179,94
28.5750,115.4250,188,-1.0835,188,-1.84766,188,43.4621,188,0.231927,188,0.0850982,188,57.3677,188,101223,188,1876.05,188,21.5781,188
28.5750,115.6750,108,-1.10176,108,-1.83482,108,43.9474,108,0.218999,108,0.0827709,108,46.4479,108,101408,108,1875.67,108,22.4697,108
28.5750,115.9250,23,-0.896862,23,-2.44342,23,45.2056,23,0.182586,23,0.0916571,23,21.372,23,101795,23,1875.87,23,21.7919,23
28.5750,116.1750,4,-1.01291,4,-2.63841,4,44.7797,4,0.252067,4,0.0886002,4,16.0953,4,101672,4,1876.6,4,35.3911,4
28.5750,116.4250,9,0.210146,9,-2.97909,9,43.8898,9,0.232091,9,0.0849008,9,20.5625,9,101554,9,1876.88,9,30.2924,9
28.5750,116.6750,97,-0.60613,97,-2.3622,97,43.2236,97,0.248479,97,0.0779671,97,34.5411,97,101382,97,1876.19,97,23.2253,97
28.5750,116.9250,149,-0.542214,149,-1.31298,149,44.8707,149,0.243772,149,0.0633061,149,74.4316,149,101007,149,1872.46,149,21.702,149
28.5750,117.1750,81,-0.471967,81,-0.711723,81,45.0134,81,0.23409,81,0.0618503,81,111.029,81,100566,81,1867.87,81,23.1665,81
28.5750,117.4250,94,-0.245024,94,-0.431512,94,42.5743,94,0.229048,94,0.0591052,94,101.384,94,100628,94,1868.4,94,20.7019,94
28.5750,117.6750,49,-0.823939,49,-0.32867,49,43.8555,49,0.22049,49,0.0626528,49,148.646,49,100222,49,1867.48,49,18.3544,49
28.5750,117.9250,87,-1.54913,87,-0.945219,87,44.0048,87,0.217087,87,0.0726828,87,138.125,87,100334,87,1868.07,87,24.3474,87
28.5750,118.1750,182,-1.15745,182,-1.63877,182,42.1618,182,0.215462,182,0.072208,182,142.406,182,100192,182,1867.78,182,25.1017,182
28.5750,118.4250,197,-1.00551,197,-2.21533,197,41.3605,197,0.217254,197,0.0683696,197,178.707,197,99743.9,197,1867.19,197,23.8264,197
28.5750,118.6750,39,-0.624005,39,-2.16745,39,45.1337,39,0.20581,39,0.0699245,39,179.312,39,99860.9,39,1867.59,39,21.7731,39
28.5750,118.9250,0,,0,,0,,0,,0,,0,,0,,0,,0,,0
28.5750,119.1750,0,,0,,0,,0,,0,,0,,0,,0,,0,,0
28.5750,119.4250,2,-0.700426,2,0.569384,2,53.8117,2,0.190305,2,0.06721,2,228.654,2,99626.3,2,1857.37,2,24.8003,2
28.5750,119.6750,2,-1.1772,2,-2.20786,2,47.3996,2,0.209087,2,0.0634191,2,311.395,2,98609.4,2,1864.69,2,43.2847,2
28.5750,119.9250,3,-0.575841,3,-0.770867,3,52.8147,3,0.204802,3,0.0746475,3,120.397,3,100712,3,1862.1,3,22.2806,3
28.5750,120.1750,12,0.652252,12,-1.82249,12,48.1349,12,0.174447,12,0.0572174,12,225.816,12,99542.3,12,1861.83,12,35.6874,12
28.5750,120.4250,0,,0,,0,,0,,0,,0,,0,,0,,0,,0
28.5750,120.6750,0,,0,,0,,0,,0,,0,,0,,0,,0,,0
28.5750,120.9250,0,,0,,0,,0,,0,,0,,0,,0,,0,,0
28.5750,121.1750,18,0.237338,18,-2.67208,18,45.2313,18,0.209825,18,0.0825758,18,47.7673,18,101354,18,1864.83,18,50.043,18
28.5750,121.4250,29,0.0336165,29,-2.56973,29,45.6194,29,0.202624,29,0.0969434,29,17.2912,29,101775,29,1864.09,29,36.4828,29
28.5750,121.6750,0,,0,,0,,0,,0,,0,,0,,0,,0,,0
28.5750,121.9250,3,-1.36947,3,-4.16339,3,24.7055,3,0.0229478,3,-0.0208056,3,0.555821,3,100956,3,1860.68,3,33.4554,3
28.5750,122.1750,14,0.0385831,14,4.2489,14,18.6798,14,0.0106127,14,-0.0402874,14,0,14,100778,14,1849.09,14,13.4096,14
28.5750,122.4250,18,0.450006,18,5.04794,18,18.1567,18,0.0111419,18,-0.0388603,18,0,18,100768,18,1846.06,18,18.3,18
28.3250,114.9250,146,-1.33972,146,-0.875003,146,44.4796,146,0.231274,146,0.0711951,146,77.4696,146,101034,146,1873.92,146,22.294,146
28.3250,115.1750,172,-1.16464,172,-1.48808,172,43.1941,172,0.238774,172,0.0804825,172,54.8162,172,101211,172,1875.1,172,21.9831,172
28.3250,115.4250,132,-1.09477,132,-1.9248,132,44.5031,132,0.228021,132,0.0867762,132,54.9226,132,101306,132,1874.96,132,27.0416,132
28.3250,115.6750,80,-1.59801,80,-2.6869,80,41.2102,80,0.238178,80,0.0877254,80,37.7487,80,101317,80,1878.15,80,27.3085,80
28.3250,115.9250,112,-1.3062,112,-2.83284,112,40.0701,112,0.243508,112,0.0821475,112,26.1509,112,101455,112,1878.32,112,23.9827,112
28.3250,116.1750,82,-0.937073,82,-2.61396,82,44.6404,82,0.238299,82,0.0870496,82,39.6433,82,101457,82,1874.2,82,27.0955,82
28.3250,116.4250,132,-0.316483,132,-2.27753,132,45.5508,132,0.247205,132,0.0731192,132,47.1584,132,101361,132,1873.91,132,25.1239,132
28.3250,116.6750,154,-0.546025,154,-1.54021,154,44.2663,154,0.24427,154,0.0680405,154,78.58,154,100916,154,1871.42,154,24.3317,154
28.3250,116.9250,163,-0.551081,163,-1.24336,163,45.6215,163,0.229158,163,0.0874936,163,39.8141,163,101444,163,1871.84,163,20.7801,163
28.3250,117.1750,128,-0.850044,128,-1.1068,128,47.067,128,0.208751,128,0.0835976,128,50.4951,128,101455,128,1870.9,128,20.1076,128
28.3250,117.4250,126,-1.1842,126,-0.810391,126,42.0561,126,0.220335,126,0.071418,126,63.2937,126,101134,126,1870.48,126,20.1767,126
28.3250,117.6750,125,-1.17628,125,-1.07142,125,44.459,125,0.211356,125,0.0757975,125,90.6659,125,100879,125,1871.09,125,23.235,125
28.3250,117.9250,58,-0.787072,58,-1.48498,58,42.4385,58,0.217683,58,0.0717429,58,133.711,58,100269,58,1866.4,58,26.1669,58
28.3250,118.1750,126,-0.396347,126,-1.90197,126,42.3034,126,0.216691,126,0.0780923,126,146.984,126,100142,126,1866.94,126,27.6112,126
28.3250,118.4250,13,-0.251752,13,-2.37965,13,41.29,13,0.200278,13,0.0616993,13,194.509,13,99617.1,13,1868.3,13,31.252,13
28.3250,118.6750,0,,0,,0,,0,,0,,0,,0,,0,,0,,0
28.3250,118.9250,0,,0,,0,,0,,0,,0,,0,,0,,0,,0
28.3250,119.1750,0,,0,,0,,0,,0,,0,,0,,0,,0,,0
28.3250,119.4250,2,0.890674,2,-0.814565,2,49.9429,2,0.18406,2,0.0655844,2,172.369,2,100073,2,1861.45,2,30.1116,2
28.3250,119.6750,9,-0.312743,9,-1.74013,9,49.7582,9,0.210897,9,0.0796699,9,114.913,9,100667,9,1863.46,9,26.3608,9
28.3250,119.9250,14,0.194719,14,-1.25336,14,46.9762,14,0.197055,14,0.081155,14,99.3308,14,100756,14,1865.48,14,21.1258,14
28.3250,120.1750,0,,0,,0,,0,,0,,0,,0,,0,,0,,0
28.3250,120.4250,0,,0,,0,,0,,0,,0,,0,,0,,0,,0
28.3250,120.6750,0,,0,,0,,0,,0,,0,,0,,0,,0,,0
28.3250,120.9250,0,,0,,0,,0,,0,,0,,0,,0,,0,,0
28.3250,121.1750,0,,0,,0,,0,,0,,0,,0,,0,,0,,0
28.3250,121.4250,15,0.388983,15,-2.35594,15,41.4764,15,0.205996,15,0.0779407,15,49.2589,15,101185,15,1863.35,15,43.8567,15
28.3250,121.6750,0,,0,,0,,0,,0,,0,,0,,0,,0,,0
28.3250,121.9250,9,0.062327,9,4.52037,9,17.0884,9,0.012873,9,-0.0434241,9,0,9,100703,9,1844.97,9,25.2782,9
28.3250,122.1750,12,0.898565,12,8.2045,12,18.1169,12,0.0161106,12,-0.0427661,12,0,12,100885,12,1844.35,12,9.56836,12
28.3250,122.4250,12,0.367188,12,6.27367,12,18.4959,12,0.0101374,12,-0.0419889,12,0,12,100856,12,1845.91,12,9.55519,12
28.0750,114.9250,112,-1.44885,112,-1.50812,112,43.8544,112,0.227275,112,0.0689367,112,107.652,112,100691,112,1874.01,112,28.0695,112
28.0750,115.1750,197,-1.2328,197,-2.02728,197,42.3701,197,0.232677,197,0.0824793,197,57.6528,197,101137,197,1874.5,197,25.9182,197
28.0750,115.4250,134,-1.5199,134,-2.41712,134,42.6234,134,0.238436,134,0.0927392,134,37.2683,134,101428,134,1877.18,134,28.8334,134
28.0750,115.6750,182,-1.38343,182,-2.46973,182,41.9733,182,0.2438,182,0.0877168,182,38.2288,182,101378,182,1876.98,182,32.8774,182
28.0750,115.9250,167,-1.19811,167,-2.51603,167,42.7104,167,0.237857,167,0.0681613,167,49.6201,167,101275,167,1875.73,167,28.0956,167
28.0750,116.1750,148,-0.8044,148,-2.37422,148,44.7446,148,0.234937,148,0.0740483,148,66.4159,148,101161,148,1873.45,148,29.9252,148
28.0750,116.4250,153,-0.35777,153,-1.97003,153,46.6737,153,0.243522,153,0.0872016,153,44.2848,153,101446,153,1872.35,153,26.8157,153
28.0750,116.6750,168,-0.847622,168,-2.01652,168,45.2569,168,0.245456,168,0.0640425,168,84.7197,168,100926,168,1871.35,168,23.5856,168
28.0750,116.9250,147,-0.847013,147,-2.0569,147,45.0766,147,0.224111,147,0.0629247,147,85.4799,147,100946,147,1870.68,147,21.5711,147
28.0750,117.1750,71,-0.925082,71,-1.95898,71,46.4761,71,0.216353,71,0.063926,71,97.2772,71,100850,71,1870.84,71,22.9239,71
28.0750,117.4250,9,-0.504707,9,-1.40624,9,43.2802,9,0.217669,9,0.042636,9,123.016,9,100426,9,1871.74,9,13.9089,9
28.0750,117.6750,18,-1.04812,18,-1.70424,18,44.9355,18,0.212982,18,0.0573879,18,169.941,18,100087,18,1867.21,18,29.6876,18
28.0750,117.9250,10,-0.656334,10,-1.69777,10,44.7535,10,0.211779,10,0.0604958,10,185.607,10,99888.5,10,1865.47,10,26.6257,10
28.0750,118.1750,0,,0,,0,,0,,0,,0,,0,,0,,0,,0
28.0750,118.4250,13,0.86048,13,-2.15147,13,39.5604,13,0.239292,13,0.064361,13,314.877,13,97961.8,13,1863.73,13,24.3316,13
28.0750,118.6750,0,,0,,0,,0,,0,,0,,0,,0,,0,,0
28.0750,118.9250,0,,0,,0,,0,,0,,0,,0,,0,,0,,0
28.0750,119.1750,0,,0,,0,,0,,0,,0,,0,,0,,0,,0
28.0750,119.4250,0,,0,,0,,0,,0,,0,,0,,0,,0,,0
28.0750,119.6750,0,,0,,0,,0,,0,,0,,0,,0,,0,,0
28.0750,119.9250,0,,0,,0,,0,,0,,0,,0,,0,,0,,0
28.0750,120.1750,0,,0,,0,,0,,0,,0,,0,,0,,0,,0
28.0750,120.4250,0,,0,,0,,0,,0,,0,,0,,0,,0,,0
28.0750,120.6750,1,0.241529,1,-3.49201,1,36.3497,1,0.199875,1,0.0899716,1,24.8602,1,100846,1,1869.15,1,51.3818,1
28.0750,120.9250,0,,0,,0,,0,,0,,0,,0,,0,,0,,0
28.0750,121.1750,0,,0,,0,,0,,0,,0,,0,,0,,0,,0
28.0750,121.4250,6,-1.30157,6,-1.10116,6,19.7978,6,0.0148443,6,-0.0293849,6,0,6,100696,6,1853.11,6,15.0229,6
28.0750,121.6750,27,-1.11479,27,-0.946881,27,19.559,27,0.0146095,27,-0.0303846,27,0.00735424,27,100746,27,1849.79,27,22.1134,27
28.0750,121.9250,26,-1.0169,26,-0.0346697,26,16.0626,26,0.0116123,26,-0.0383174,26,0,26,100676,26,1843.15,26,27.7227,26
28.0750,122.1750,12,0.785971,12,8.14573,12,17.5727,12,0.0196347,12,-0.0408648,12,0,12,100892,12,1843.66,12,10.1291,12
28.0750,122.4250,8,0.0376597,8,-1.57527,8,15.6758,8,-0.000431274,8,-0.0417752,8,0,8,100492,8,1843.81,8,38.0714,8
27.8250,114.9250,145,-1.50981,145,-2.11163,145,43.7041,145,0.213682,145,0.0793739,145,86.8271,145,100928,145,1874.61,145,29.1454,145
27.8250,115.1750,190,-1.1972,190,-2.27496,190,41.7628,190,0.244104,190,0.0754785,190,67.5896,190,101025,190,1874.12,190,28.2408,190
27.8250,115.4250,107,-1.43031,107,-3.37505,107,41.1886,107,0.248572,107,0.0808819,107,52.4984,107,101161,107,1879.03,107,31.0073,107
27.8250,115.6750,31,-1.14224,31,-2.26698,31,45.2997,31,0.227326,31,0.0632161,31,103.754,31,100700,31,1872.84,31,26.8152,31
27.8250,115.9250,107,-1.24067,107,-2.29529,107,45.5159,107,0.221829,107,0.0598731,107,105.655,107,100790,107,1872.47,107,24.0499,107
27.8250,116.1750,156,-0.751062,156,-2.09488,156,44.6546,156,0.232108,156,0.0779829,156,65.3752,156,101182,156,1871.94,156,28.4258,156
27.8250,116.4250,132,-0.590148,132,-2.33378,132,46.4424,132,0.232589,132,0.0735158,132,72.7314,132,101137,132,1872.34,132,25.6547,132
27.8250,116.6750,164,-0.394849,164,-2.41513,164,45.3212,164,0.232942,164,0.0668156,164,84.7379,164,100951,164,1871.83,164,26.8983,164
27.8250,116.9250,41,-0.364674,41,-2.73395,41,46.8134,41,0.229398,41,0.0482553,41,167.836,41,100013,41,1869.91,41,24.4433,41
27.8250,117.1750,1,-0.440114,1,-2.48828,1,51.7665,1,0.284978,1,0.0602506,1,282.852,1,98425,1,1868.51,1,-22.7359,1
27.8250,117.4250,0,,0,,0,,0,,0,,0,,0,,0,,0,,0
27.8250,117.6750,0,,0,,0,,0,,0,,0,,0,,0,,0,,0
27.8250,117.9250,2,-0.126993,2,-1.05497,2,44.8496,2,0.215645,2,0.0683311,2,264.162,2,98703.3,2,1865.12,2,61.5892,2
27.8250,118.1750,0,,0,,0,,0,,0,,0,,0,,0,,0,,0
27.8250,118.4250,5,0.0493482,5,-1.42786,5,49.6852,5,0.220691,5,0.0716168,5,294.745,5,98587.2,5,1862.43,5,32.5306,5
27.8250,118.6750,12,0.187486,12,-1.79786,12,39.786,12,0.243186,12,0.0556603,12,311.729,12,97989.1,12,1864.28,12,23.0025,12
27.8250,118.9250,0,,0,,0,,0,,0,,0,,0,,0,,0,,0
27.8250,119.1750,0,,0,,0,,0,,0,,0,,0,,0,,0,,0
27.8250,119.4250,0,,0,,0,,0,,0,,0,,0,,0,,0,,0
27.8250,119.6750,0,,0,,0,,0,,0,,0,,0,,0,,0,,0
27.8250,119.9250,8,0.916874,8,-2.60843,8,45.7213,8,0.207765,8,0.0533111,8,674.657,8,94064.6,8,1859.48,8,34.0276,8
27.8250,120.1750,0,,0,,0,,0,,0,,0,,0,,0,,0,,0
27.8250,120.4250,6,-0.441987,6,-1.04759,6,45.5095,6,0.217822,6,0.0782885,6,38.1721,6,101459,6,1864.59,6,39.3596,6
27.8250,120.6750,4,-0.670166,4,-3.15749,4,39.4815,4,0.234255,4,0.0768316,4,31.3153,4,101226,4,1868.88,4,37.9841,4
27.8250,120.9250,0,,0,,0,,0,,0,,0,,0,,0,,0,,0
27.8250,121.1750,4,-3.26915,4,-2.14949,4,18.3693,4,0.0234989,4,-0.024238,4,0.000598086,4,100728,4,1851.59,4,8.62972,4
27.8250,121.4250,28,-0.00823534,28,2.69018,28,19.8353,28,0.0116192,28,-0.0304356,28,0,28,100711,28,1852.02,28,8.22417,28
27.8250,121.6750,33,-0.518726,33,1.97595,33,17.8311,33,0.0130157,33,-0.0330944,33,0,33,100675,33,1846.11,33,23.6742,33
27.8250,121.9250,19,-0.190901,19,4.28716,19,17.111,19,0.0137177,19,-0.0385405,19,0,19,100697,19,1843.74,19,28.3899,19
27.8250,122.1750,17,0.374089,17,4.84348,17,16.9139,17,0.0158879,17,-0.0397425,17,0,17,100763,17,1842.21,17,20.9352,17
27.8250,122.4250,21,-0.0411348,21,1.59591,21,16.1015,21,0.0106175,21,-0.0397617,21,0,21,100648,21,1841.05,21,30.1326,21
27.5750,114.9250,165,-1.02819,165,-2.32775,165,42.8888,165,0.228708,165,0.052178,165,139.962,165,100235,165,1872.1,165,27.801,165
27.5750,115.1750,129,-0.987789,129,-2.71615,129,41.5889,129,0.237186,129,0.0564889,129,80.266,129,100840,129,1875.81,129,25.9794,129
27.5750,115.4250,105,-0.678134,105,-2.48561,105,42.2952,105,0.24408,105,0.0576217,105,112.494,105,100504,105,1873.58,105,29.3154,105
27.5750,115.6750,94,-1.17844,94,-2.23452,94,44.6172,94,0.230861,94,0.0593481,94,135.493,94,100344,94,1870.74,94,26.4682,94
27.5750,115.9250,54,-1.2123,54,-2.34263,54,45.8642,54,0.227103,54,0.0617732,54,125.483,54,100512,54,1871.35,54,23.9026,54
27.5750,116.1750,102,-0.551169,102,-2.57247,102,46.5879,102,0.219851,102,0.0548271,102,134.983,102,100431,102,1870.08,102,27.4305,102
27.5750,116.4250,30,-0.380883,30,-2.48759,30,47.487,30,0.213413,30,0.0508875,30,148.022,30,100285,30,1868.84,30,29.0021,30
27.5750,116.6750,87,0.387914,87,-2.7166,87,44.8169,87,0.209958,87,0.0518481,87,132.228,87,100366,87,1870.73,87,27.0135,87
27.5750,116.9250,15,0.466524,15,-2.29962,15,47.3849,15,0.217067,15,0.0408562,15,190.969,15,99764.6,15,1869.04,15,19.417,15
27.5750,117.1750,18,-0.15732,18,-1.864,18,48.1232,18,0.216899,18,0.0510045,18,340.358,18,98087.7,18,1863.98,18,27.1433,18
27.5750,117.4250,10,-0.0835043,10,-2.15102,10,48.7287,10,0.232357,10,0.0658254,10,302.399,10,98361.8,10,1864.75,10,24.8614,10
27.5750,117.6750,0,,0,,0,,0,,0,,0,,0,,0,,0,,0
27.5750,117.9250,40,-0.60057,40,-0.802747,40,44.5284,40,0.238433,40,0.0500205,40,297.121,40,98312.9,40,1864.99,40,29.8184,40
27.5750,118.1750,24,-0.00715586,24,-1.11897,24,42.8124,24,0.249531,24,0.0544176,24,227.519,24,98938.2,24,1867.23,24,25.1637,24
27.5750,118.4250,0,,0,,0,,0,,0,,0,,0,,0,,0,,0
27.5750,118.6750,20,-0.11562,20,-1.83564,20,42.0708,20,0.229093,20,0.041439,20,332.214,20,97823.3,20,1865.24,20,24.6673,20
27.5750,118.9250,0,,0,,0,,0,,0,,0,,0,,0,,0,,0
27.5750,119.1750,0,,0,,0,,0,,0,,0,,0,,0,,0,,0
27.5750,119.4250,0,,0,,0,,0,,0,,0,,0,,0,,0,,0
27.5750,119.6750,0,,0,,0,,0,,0,,0,,0,,0,,0,,0
27.5750,119.9250,0,,0,,0,,0,,0,,0,,0,,0,,0,,0
27.5750,120.1750,0,,0,,0,,0,,0,,0,,0,,0,,0,,0
27.5750,120.4250,23,-0.479957,23,-1.45347,23,40.828,23,0.222688,23,0.0839411,23,27.6377,23,101301,23,1862.57,23,31.9149,23
27.5750,120.6750,1,0.637454,1,8.9053,1,15.781,1,0.0171409,1,-0.0426386,1,0,1,100940,1,1843.85,1,-1.09646,1
27.5750,120.9250,5,-1.64152,5,1.4877,5,18.945,5,0.0266044,5,-0.0195861,5,0.022488,5,100973,5,1848.29,5,10.6855,5
27.5750,121.1750,12,-1.14373,12,0.551307,12,15.2705,12,0.010314,12,-0.0303314,12,0,12,100657,12,1843.61,12,18.7222,12
27.5750,121.4250,43,-0.356802,43,2.07441,43,15.0778,43,0.0105264,43,-0.0311825,43,0,43,100708,43,1842.34,43,18.7137,43
27.5750,121.6750,32,-0.221778,32,3.02282,32,15.9145,32,0.00572703,32,-0.037847,32,0,32,100720,32,1842.1,32,20.4544,32
27.5750,121.9250,14,-0.364993,14,2.23171,14,16.8168,14,0.00748631,14,-0.0404703,14,0,14,100636,14,1843.05,14,25.2783,14
27.5750,122.1750,18,-0.289164,18,0.861073,18,16.4904,18,0.00879558,18,-0.0390932,18,0,18,100596,18,1842.04,18,31.3488,18
27.5750,122.4250,18,-1.198,18,-1.95388,18,15.1323,18,0.00516136,18,-0.0420675,18,0,18,100502,18,1839.75,18,38.0498,18
27.3250,114.9250,153,-0.993512,153,-2.35399,153,40.8855,153,0.238018,153,0.0793849,153,84.7445,153,100719,153,1873.91,153,25.8102,153
27.3250,115.1750,71,-0.965187,71,-3.13579,71,40.5143,71,0.230846,71,0.0605962,71,92.1706,71,100696,71,1876.33,71,28.4408,71
27.3250,115.4250,164,-0.689799,164,-2.03104,164,43.884,164,0.23299,164,0.0618584,164,115.158,164,100494,164,1871.16,164,24.9659,164
27.3250,115.6750,145,-0.770804,145,-2.67736,145,45.6234,145,0.232006,145,0.0535858,145,142.765,145,100260,145,1871.45,145,27.4311,145
27.3250,115.9250,49,-0.565606,49,-2.26929,49,47.4945,49,0.229779,49,0.0620802,49,205.66,49,99601.1,49,1868.28,49,26.1842,49
27.3250,116.1750,10,-0.768772,10,-2.00637,10,48.0723,10,0.201792,10,0.0492703,10,199.382,10,99740.5,10,1866.69,10,24.3281,10
27.3250,116.4250,29,-0.415094,29,-3.06281,29,45.9739,29,0.210002,29,0.0719982,29,126.299,29,100451,29,1870.69,29,27.463,29
27.3250,116.6750,118,0.279049,118,-2.92987,118,44.1727,118,0.220487,118,0.0541883,118,146.533,118,100117,118,1870.11,118,31.3397,118
27.3250,116.9250,89,0.872045,89,-1.32532,89,46.3458,89,0.219304,89,0.0563294,89,145.233,89,100206,89,1868.77,89,17.5698,89
27.3250,117.1750,8,-0.45726,8,-1.42836,8,50.1347,8,0.210778,8,0.0478959,8,338.406,8,98217.2,8,1862.12,8,24.1209,8
27.3250,117.4250,26,0.45568,26,-0.535971,26,43.9638,26,0.210427,26,0.0524292,26,271.818,26,98661.1,26,1867.95,26,34.8572,26
27.3250,117.6750,7,0.637846,7,-1.66695,7,42.7131,7,0.239534,7,0.0475479,7,278.367,7,98465.4,7,1870.04,7,36.9699,7
27.3250,117.9250,67,-0.666034,67,-1.14762,67,43.7872,67,0.235278,67,0.045605,67,256.383,67,98772.2,67,1867.36,67,33.5713,67
27.3250,118.1750,82,-0.0513277,82,-1.15616,82,43.6406,82,0.2388,82,0.0523476,82,220.113,82,99151.4,82,1867.8,82,29.6969,82
27.3250,118.4250,2,-0.908799,2,-2.92207,2,43.5991,2,0.278489,2,0.0508035,2,257.968,2,98669.2,2,1870.57,2,43.3155,2
27.3250,118.6750,0,,0,,0,,0,,0,,0,,0,,0,,0,,0
27.3250,118.9250,3,-1.54026,3,-0.323594,3,42.8937,3,0.227787,3,0.0487485,3,1041.08,3,89950.4,3,1846.31,3,4.58291,3
27.3250,119.1750,26,0.13176,26,-1.14707,26,42.772,26,0.207848,26,0.0462249,26,992.602,26,90534.6,26,1853.06,26,37.6235,26
27.3250,119.4250,0,,0,,0,,0,,0,,0,,0,,0,,0,,0
27.3250,119.6750,0,,0,,0,,0,,0,,0,,0,,0,,0,,0
27.3250,119.9250,0,,0,,0,,0,,0,,0,,0,,0,,0,,0
27.3250,120.1750,1,-1.10836,1,-1.20985,1,53.3637,1,0.256759,1,0.0525398,1,142.883,1,100394,1,1858.11,1,18.6817,1
27.3250,120.4250,2,-0.952482,2,-0.074772,2,33.113,2,0.290358,2,0.0610426,2,280.332,2,98374,2,1852.89,2,27.9051,2
27.3250,120.6750,8,0.0987024,8,6.77976,8,18.6474,8,0.0102252,8,-0.0372916,8,0,8,100724,8,1850.41,8,8.4842,8
27.3250,120.9250,27,-0.5607,27,3.26033,27,19.213,27,0.0102142,27,-0.0306739,27,0,27,100913,27,1849.77,27,3.26171,27
27.3250,121.1750,37,-0.809643,37,0.348943,37,15.014,37,0.00271642,37,-0.0312317,37,0,37,100681,37,1843.79,37,17.6373,37
27.3250,121.4250,38,-0.428117,38,1.22186,38,14.5002,38,0.0019724,38,-0.031318,38,0,38,100691,38,1841.15,38,17.447,38
27.3250,121.6750,21,-0.790144,21,2.17655,21,16.3294,21,0.00113745,21,-0.0348057,21,0,21,100695,21,1842.6,21,21.595,21
27.3250,121.9250,25,-1.49575,25,-0.0739751,25,20.2034,25,0.00239816,25,-0.0385654,25,0,25,100650,25,1850.27,25,16.953,25
27.3250,122.1750,15,-3.26122,15,-2.89458,15,16.2373,15,0.00669341,15,-0.0412749,15,0,15,100530,15,1843.68,15,32.6602,15
27.3250,122.4250,4,-4.23569,4,-3.62953,4,14.2886,4,0.00796238,4,-0.0449065,4,0,4,100526,4,1840.12,4,37.8957,4
27.0750,114.9250,131,-0.887044,131,-2.50973,131,42.6655,131,0.225574,131,0.0801859,131,74.6791,131,100912,131,1874.19,131,31.4789,131
27.0750,115.1750,49,-0.593697,49,-2.60191,49,42.1684,49,0.225639,49,0.0550516,49,110.263,49,100461,49,1873.05,49,29.9514,49
27.0750,115.4250,136,-0.677979,136,-2.70425,136,45.8253,136,0.230322,136,0.0500467,136,139.964,136,100315,136,1871.21,136,27.5282,136
27.0750,115.6750,59,-0.481563,59,-2.73995,59,46.6271,59,0.22989,59,0.0587024,59,183.04,59,99806.2,59,1869.46,59,28.4325,59
27.0750,115.9250,2,-0.24254,2,-1.83643,2,47.4334,2,0.253919,2,0.0471167,2,239.373,2,99107.9,2,1868.23,2,22.6999,2
27.0750,116.1750,10,-0.713924,10,-1.96755,10,45.4872,10,0.232682,10,0.0471262,10,342.732,10,97888.4,10,1867.11,10,34.3166,10
27.0750,116.4250,67,-0.943247,67,-2.46024,67,45.5302,67,0.220012,67,0.0643024,67,148.429,67,100142,67,1869.58,67,27.0065,67
27.0750,116.6750,100,-0.000512158,100,-2.86732,100,43.6504,100,0.233831,100,0.0562718,100,186.364,100,99619,100,1869.46,100,29.5684,100
27.0750,116.9250,21,0.454999,21,-1.87613,21,48.5828,21,0.210399,21,0.0533302,21,215.671,21,99555.4,21,1864.99,21,26.1252,21
27.0750,117.1750,18,-0.172396,18,-1.93029,18,44.1144,18,0.224368,18,0.0507149,18,388.849,18,97314.8,18,1865.02,18,30.1902,18
27.0750,117.4250,8,0.131022,8,-1.55645,8,43.4958,8,0.225171,8,0.0412701,8,457.191,8,96469.5,8,1865.92,8,17.6678,8
27.0750,117.6750,16,0.365616,16,-1.47181,16,41.7236,16,0.237739,16,0.0406605,16,242.515,16,98752.6,16,1871.42,16,17.4555,16
27.0750,117.9250,6,-0.448956,6,-1.29371,6,41.5845,6,0.253697,6,0.0431819,6,304.477,6,98017,6,1865.19,6,29.76,6
27.0750,118.1750,25,0.034605,25,-1.70718,25,44.5956,25,0.237138,25,0.0492957,25,246.804,25,98843.8,25,1865.45,25,21.4414,25
27.0750,118.4250,24,-0.245672,24,-1.64275,24,41.28,24,0.247739,24,0.057597,24,189.127,24,99356.2,24,1869.46,24,36.779,24
27.0750,118.6750,7,-0.0358826,7,-0.881794,7,44.0854,7,0.245653,7,0.0597186,7,235.506,7,98952,7,1862.61,7,21.2817,7
27.0750,118.9250,6,-1.06024,6,-0.366936,6,43.8799,6,0.218292,6,0.054939,6,905.616,6,91493.5,6,1852.32,6,14.8655,6
27.0750,119.1750,3,1.04684,3,-1.15731,3,41.1561,3,0.204664,3,0.0490485,3,887.681,3,91609.1,3,1860.16,3,30.4171,3
27.0750,119.4250,0,,0,,0,,0,,0,,0,,0,,0,,0,,0
27.0750,119.6750,0,,0,,0,,0,,0,,0,,0,,0,,0,,0
27.0750,119.9250,0,,0,,0,,0,,0,,0,,0,,0,,0,,0
27.0750,120.1750,0,,0,,0,,0,,0,,0,,0,,0,,0,,0
27.0750,120.4250,7,-3.11653,7,0.158811,7,19.0806,7,0.0793786,7,0.0420945,7,0.115216,7,101157,7,1849.22,7,10.0631,7
27.0750,120.6750,19,-2.7603,19,1.94583,19,20.376,19,0.0067882,19,-0.0333787,19,0.164838,19,100933,19,1852.01,19,23.8108,19
27.0750,120.9250,21,-0.795106,21,4.20496,21,17.3722,21,0.00532163,21,-0.034866,21,0.0020672,21,100983,21,1845.32,21,6.84303,21
27.0750,121.1750,29,-0.564956,29,2.58932,29,15.6333,29,0.00636503,29,-0.0330548,29,0,29,100938,29,1842.48,29,16.6097,29
27.0750,121.4250,33,-0.536799,33,1.52311,33,15.5931,33,0.00429217,33,-0.0318711,33,0,33,100813,33,1842.6,33,19.0386,33
27.0750,121.6750,29,-2.14541,29,2.16173,29,16.5961,29,0.00159981,29,-0.0328375,29,0,29,100982,29,1841.16,29,21.0894,29
27.0750,121.9250,11,-2.1864,11,0.191578,11,21.5643,11,-8.6969e-05,11,-0.0338615,11,0,11,101001,11,1850.74,11,13.0416,11
27.0750,122.1750,1,0.0864215,1,5.09432,1,30.9582,1,-0.00199636,1,-0.0332706,1,0,1,101047,1,1868.48,1,-19.0766,1
27.0750,122.4250,2,-4.45308,2,2.65711,2,20.5431,2,-0.007195,2,-0.0267084,2,0,2,101983,2,1844.01,2,19.2043,2
