{
"type": "FeatureCollection",
"name": "china_admin1_dissolved",
"crs": { "type": "name", "properties": { "name": "urn:ogc:def:crs:OGC:1.3:CRS84" } },
"features": [
{ "type": "Feature", "properties": { }, "geometry": { "type": "MultiPolygon", "coordinates": [ [ [ [ 110.640917968749989, 19.291210937499997 ], [ 110.603125, 19.20703125 ], [ 110.572167968750023, 19.171875 ], [ 110.5625, 19.13515625 ], [ 110.566015625000034, 19.098535156249994 ], [ 110.519335937499989, 18.97021484375 ], [ 110.477636718750034, 18.812597656249991 ], [ 110.451269531250034, 18.747949218749994 ], [ 110.399511718750034, 18.698339843749991 ], [ 110.333691406250011, 18.673291015624997 ], [ 110.290820312499989, 18.66953125 ], [ 110.251757812499989, 18.65576171875 ], [ 110.15625, 18.56982421875 ], [ 110.048535156250011, 18.505224609374991 ], [ 110.06640625, 18.475634765625003 ], [ 110.0673828125, 18.447558593750003 ], [ 110.020214843750011, 18.416259765625 ], [ 109.967675781250023, 18.422070312499997 ], [ 109.815625, 18.396679687499997 ], [ 109.759765625, 18.348291015624994 ], [ 109.702734375000034, 18.259130859374991 ], [ 109.681054687500023, 18.247119140625003 ], [ 109.589550781250011, 18.226318359375 ], [ 109.519335937499989, 18.21826171875 ], [ 109.400097656250011, 18.281103515624991 ], [ 109.340917968750034, 18.299609375 ], [ 109.183203125000034, 18.325146484374997 ], [ 109.029882812500034, 18.367773437499991 ], [ 108.922265625000023, 18.416113281249991 ], [ 108.701562500000023, 18.535253906249991 ], [ 108.676074218749989, 18.750244140625 ], [ 108.638085937500023, 18.866308593749991 ], [ 108.635644531250023, 18.90771484375 ], [ 108.65, 19.265039062499994 ], [ 108.66552734375, 19.304101562499994 ], [ 108.693554687500011, 19.33828125 ], [ 108.791015625, 19.418164062499997 ], [ 108.90283203125, 19.481347656249994 ], [ 109.062890625000023, 19.613574218750003 ], [ 109.179101562500023, 19.674121093750003 ], [ 109.276660156249989, 19.761132812499994 ], [ 109.219531249999989, 19.757470703124994 ], [ 109.177441406250011, 19.768457031249994 ], [ 109.218945312500011, 19.842822265625003 ], [ 109.263476562499989, 19.882666015624991 ], [ 109.314843750000023, 19.904394531249991 ], [ 109.418164062500011, 19.888818359374994 ], [ 109.513671875, 19.904248046874997 ], [ 109.584277343749989, 19.9703125 ], [ 109.6513671875, 19.984375 ], [ 109.90625, 19.962744140624991 ], [ 110.0830078125, 19.992919921875 ], [ 110.171582031250011, 20.0537109375 ], [ 110.21337890625, 20.056054687499994 ], [ 110.343945312500011, 20.038818359375 ], [ 110.392285156250011, 19.9755859375 ], [ 110.387988281249989, 20.018017578124997 ], [ 110.3935546875, 20.059228515624994 ], [ 110.417578125000034, 20.054736328125003 ], [ 110.588183593749989, 19.976367187500003 ], [ 110.588769531250023, 20.072460937499997 ], [ 110.598339843750011, 20.097607421874997 ], [ 110.651757812500023, 20.137744140625003 ], [ 110.678515624999989, 20.137060546874991 ], [ 110.744531250000023, 20.059472656249994 ], [ 110.80908203125, 20.014404296875 ], [ 110.888769531250034, 19.991943359375 ], [ 110.938281249999989, 19.947558593750003 ], [ 110.970703125, 19.88330078125 ], [ 110.997656250000034, 19.764697265625003 ], [ 111.013671875, 19.65546875 ], [ 110.912695312500034, 19.586083984374994 ], [ 110.822265625, 19.557910156250003 ], [ 110.640917968749989, 19.291210937499997 ] ] ], [ [ [ 110.339941406250034, 20.997753906249997 ], [ 110.280957031250011, 21.001171875 ], [ 110.2646484375, 21.025195312500003 ], [ 110.309863281249989, 21.074755859375003 ], [ 110.385156250000023, 21.093164062499994 ], [ 110.42236328125, 21.05859375 ], [ 110.521582031250034, 21.083105468749991 ], [ 110.53955078125, 21.039013671874997 ], [ 110.538867187499989, 21.018457031249994 ], [ 110.50390625, 20.967724609374997 ], [ 110.421875, 21.006884765625003 ], [ 110.339941406250034, 20.997753906249997 ] ] ], [ [ [ 109.686914062500023, 21.524609375 ], [ 109.594335937500034, 21.671972656249991 ], [ 109.56640625, 21.690576171874994 ], [ 109.521484375, 21.693408203125003 ], [ 109.544042968750034, 21.537939453124991 ], [ 109.435546875, 21.4794921875 ], [ 109.3466796875, 21.453955078124991 ], [ 109.220410156250011, 21.443408203125003 ], [ 109.148632812500011, 21.425537109375 ], [ 109.08154296875, 21.440283203124991 ], [ 109.09814453125, 21.487353515625003 ], [ 109.133496093750011, 21.543603515624994 ], [ 109.101757812500011, 21.590478515624994 ], [ 109.030566406249989, 21.626513671875003 ], [ 108.921777343750023, 21.624414062499994 ], [ 108.846386718750011, 21.634472656249997 ], [ 108.771679687500011, 21.63046875 ], [ 108.743945312499989, 21.651269531249994 ], [ 108.674511718750011, 21.724658203125003 ], [ 108.615820312500034, 21.770458984374997 ], [ 108.58935546875, 21.815966796875003 ], [ 108.615820312500034, 21.868896484375 ], [ 108.59375, 21.901025390624994 ], [ 108.479882812500023, 21.904638671874991 ], [ 108.480859375000023, 21.828808593749997 ], [ 108.492578125000023, 21.739404296874994 ], [ 108.525683593749989, 21.67138671875 ], [ 108.502148437500011, 21.633447265624994 ], [ 108.4443359375, 21.607324218749994 ], [ 108.3828125, 21.67919921875 ], [ 108.354589843750034, 21.696923828124994 ], [ 108.324804687500034, 21.693505859374994 ], [ 108.302148437500023, 21.621923828124991 ], [ 108.246289062500011, 21.558398437500003 ], [ 108.145605468750034, 21.565185546875 ], [ 108.0673828125, 21.525976562499991 ], [ 107.97265625, 21.507958984374994 ], [ 107.90838016157403, 21.560389716065359 ], [ 107.802030063917357, 21.645164903240186 ], [ 107.759241977979684, 21.655009263591779 ], [ 107.641006300895867, 21.613926499919742 ], [ 107.471404250113949, 21.598320217367601 ], [ 107.433473748811707, 21.642271023031839 ], [ 107.351204868603048, 21.608913885987434 ], [ 107.272088250764199, 21.710638942953992 ], [ 107.178553908315905, 21.717072658774327 ], [ 107.061610142039399, 21.794199733969947 ], [ 107.019803908315254, 21.834869086183645 ], [ 107.006419712351658, 21.893418483970351 ], [ 106.971021356231745, 21.923907579022554 ], [ 106.925184360788847, 21.920109361249089 ], [ 106.874489780710519, 21.951270249921095 ], [ 106.794184604928944, 21.981991888918614 ], [ 106.729537388131803, 22.000362860598372 ], [ 106.697601352975425, 21.986177679934258 ], [ 106.663546584095087, 21.978917141197243 ], [ 106.6577071472461, 22.01821706795522 ], [ 106.660084263131523, 22.136478583255169 ], [ 106.654193149850244, 22.241459255456107 ], [ 106.636519810006433, 22.288613999922447 ], [ 106.593163283313544, 22.324529120365298 ], [ 106.553630812610265, 22.341685695886198 ], [ 106.536370884224795, 22.395429185469752 ], [ 106.550426873808163, 22.501391709884231 ], [ 106.582466261829126, 22.57324778898608 ], [ 106.633109165475162, 22.586037705978327 ], [ 106.701528761829621, 22.637739976486344 ], [ 106.736358677194346, 22.710913804611636 ], [ 106.780283644642424, 22.778894151291595 ], [ 106.623962436959516, 22.874263007086242 ], [ 106.541848586047735, 22.908343614182741 ], [ 106.450898065214034, 22.893900051357164 ], [ 106.338140089953157, 22.863462632737239 ], [ 106.279022251411249, 22.857468166591389 ], [ 106.249463332140294, 22.869431260666957 ], [ 106.183937615994211, 22.955136623623034 ], [ 106.148487583441977, 22.970071112555374 ], [ 106.068492466254156, 22.975548814378314 ], [ 106.001003045680989, 22.974773667893942 ], [ 105.962349074326653, 22.937463283779209 ], [ 105.902662795029528, 22.92495758716457 ], [ 105.842976515732431, 22.922813015224463 ], [ 105.782308384221778, 22.969347642503294 ], [ 105.691254510523493, 23.029912421149376 ], [ 105.548110793075011, 23.072648830654742 ], [ 105.530850864689512, 23.121973985277336 ], [ 105.51214726508465, 23.152334030504889 ], [ 105.494574009220628, 23.180859279873928 ], [ 105.440158726017273, 23.235326239509561 ], [ 105.350500115990883, 23.307673244718188 ], [ 105.275362583438493, 23.345190334562091 ], [ 105.238775669375855, 23.322116807543765 ], [ 105.189062941511054, 23.281034043871728 ], [ 104.995689731874876, 23.194320990485963 ], [ 104.910216912864115, 23.160524603767072 ], [ 104.864741652447265, 23.136365871670634 ], [ 104.826552768983561, 23.10019236906632 ], [ 104.814718865988738, 23.010792141201378 ], [ 104.795701938905324, 22.911159979742649 ], [ 104.740098097759272, 22.860491237880467 ], [ 104.687284783956983, 22.822199001552178 ], [ 104.631732619243195, 22.818194078049558 ], [ 104.577575718201331, 22.820002753179779 ], [ 104.52682946169071, 22.804086412033882 ], [ 104.371748488382792, 22.70406667733296 ], [ 104.298367954528345, 22.711999009689762 ], [ 104.238319940205173, 22.768507188400932 ], [ 104.212481724059245, 22.809409084559945 ], [ 104.143080275491258, 22.800159003179701 ], [ 104.053886753355471, 22.752306626877427 ], [ 104.012700636818863, 22.666368719976035 ], [ 103.990789829527102, 22.586115220626766 ], [ 103.971411167417642, 22.550510158777655 ], [ 103.941490513120641, 22.540071519454699 ], [ 103.915032179787204, 22.538237006108346 ], [ 103.637323032650698, 22.770031643153544 ], [ 103.620218133562076, 22.782046413661405 ], [ 103.570712111426474, 22.734426581304433 ], [ 103.525443556738793, 22.611565863530515 ], [ 103.492939080827199, 22.587975572189265 ], [ 103.471028273535438, 22.597432359298679 ], [ 103.356099888118308, 22.75468374276285 ], [ 103.326644321711939, 22.769773260992082 ], [ 103.300599399836841, 22.764398912033727 ], [ 103.266286248795041, 22.713523464442375 ], [ 103.193319126398904, 22.638515122970716 ], [ 103.137611932388268, 22.592988186121573 ], [ 103.136371698013278, 22.542241929610967 ], [ 103.075858595799474, 22.497515977462342 ], [ 103.005371942153374, 22.452996731042902 ], [ 102.981962518325162, 22.448268337488187 ], [ 102.935143670668708, 22.466174221277328 ], [ 102.874268833428886, 22.525395412683807 ], [ 102.830085483819346, 22.5871487492726 ], [ 102.720996535251174, 22.648488674403055 ], [ 102.598523390719436, 22.700397650640241 ], [ 102.51718468629204, 22.7409894882055 ], [ 102.470882602958511, 22.750911363205546 ], [ 102.427887811291669, 22.732824611903382 ], [ 102.406442091890568, 22.708019924403288 ], [ 102.375746291109181, 22.646628322840542 ], [ 102.302262404390149, 22.546014309168271 ], [ 102.236995070405499, 22.465993353764304 ], [ 102.175965203868799, 22.41465281828232 ], [ 102.127441033946724, 22.379202785730101 ], [ 102.091474237071594, 22.412249864180751 ], [ 102.024398227956738, 22.439199123620966 ], [ 101.945436639414766, 22.439405829350136 ], [ 101.841773716237242, 22.388478705326492 ], [ 101.760021600351507, 22.490307115157634 ], [ 101.738782586679548, 22.49526805265765 ], [ 101.707518345142972, 22.486586412032608 ], [ 101.671448195403229, 22.462324327071585 ], [ 101.646178420012518, 22.405402736902076 ], [ 101.619978468840543, 22.327448838789792 ], [ 101.567888625090319, 22.276392523685416 ], [ 101.524480421965166, 22.253654893476991 ], [ 101.537244500741252, 22.20985911710963 ], [ 101.561842482512162, 22.162420152265696 ], [ 101.560240513111125, 22.12092397713532 ], [ 101.575795119230975, 22.055269069908491 ], [ 101.602925246184213, 21.989717515546246 ], [ 101.699560174570024, 21.882488918540616 ], [ 101.73650882365871, 21.826523342368517 ], [ 101.743898553476441, 21.777999172446442 ], [ 101.747205845143128, 21.605761623617624 ], [ 101.743485142018102, 21.533828029867337 ], [ 101.724158156340962, 21.395025132731377 ], [ 101.722917921965944, 21.314926662678971 ], [ 101.763122186289024, 21.278882351155389 ], [ 101.802086216237086, 21.235965074136985 ], [ 101.800535923268342, 21.212607326741065 ], [ 101.783482700612012, 21.204132391845192 ], [ 101.72808556519513, 21.156383368407504 ], [ 101.704779494231502, 21.150130520100177 ], [ 101.668605991627174, 21.169638373290368 ], [ 101.621632114673872, 21.184443671141992 ], [ 101.5839083191008, 21.203563951089976 ], [ 101.542360467538145, 21.234259751871349 ], [ 101.443606805428374, 21.230797430907799 ], [ 101.281497837328772, 21.184133612548237 ], [ 101.247908156339037, 21.197311102782663 ], [ 101.224447056078532, 21.223717759683808 ], [ 101.211838006599322, 21.278236395751733 ], [ 101.219899530036855, 21.342418524658243 ], [ 101.205585158291996, 21.38329458260111 ], [ 101.175354445401268, 21.407530829346001 ], [ 101.19664513550552, 21.522045803304792 ], [ 101.138922560635478, 21.56746938728935 ], [ 101.147294142666766, 21.581628729737332 ], [ 101.128173862718768, 21.705109564698759 ], [ 101.130809360765653, 21.735572821534817 ], [ 101.120680780036452, 21.746114813722357 ], [ 101.079753045661278, 21.75585582120938 ], [ 101.019394972744379, 21.736373806235335 ], [ 100.835116815191554, 21.655164292888657 ], [ 100.677090285243025, 21.504940904216184 ], [ 100.604588250737521, 21.471764634684803 ], [ 100.531362746179923, 21.458096218343599 ], [ 100.445683221439992, 21.484063625570272 ], [ 100.350546909590662, 21.501013495362002 ], [ 100.21474124552762, 21.46297964119519 ], [ 100.147613559980471, 21.480523789958269 ], [ 100.116762729902234, 21.51116791430735 ], [ 100.089270867922949, 21.557909247315351 ], [ 100.105755649824061, 21.617052924073406 ], [ 100.095523716230275, 21.660667832927743 ], [ 100.041263462323798, 21.682759507732527 ], [ 99.978218214927722, 21.701621405519049 ], [ 99.94070112508382, 21.758723863201581 ], [ 99.925611606854602, 21.820813096600261 ], [ 99.940391066490065, 21.9016091984886 ], [ 99.947884149172381, 21.988322251874365 ], [ 99.917705112713946, 22.028009751874535 ], [ 99.82535932820835, 22.049688015220966 ], [ 99.592712030030327, 22.08914297127582 ], [ 99.388641798909731, 22.110795396406104 ], [ 99.303117303466678, 22.10061513924461 ], [ 99.233354119872644, 22.110175279218609 ], [ 99.192994826252686, 22.12598826749992 ], [ 99.173409458414085, 22.153325100182315 ], [ 99.172375929768236, 22.19249583585956 ], [ 99.205345493570462, 22.28256785734429 ], [ 99.243069289143534, 22.370366115808196 ], [ 99.33768883666994, 22.498058580001413 ], [ 99.343218214925173, 22.586528632085091 ], [ 99.338257277425157, 22.688692938726135 ], [ 99.385179477946167, 22.825118719976672 ], [ 99.466776564535053, 22.927283026617715 ], [ 99.50713585815501, 22.959141547125654 ], [ 99.497265659587242, 23.00461680754249 ], [ 99.464554477946507, 23.046242173753598 ], [ 99.418045688883808, 23.069264024339631 ], [ 99.34084109903975, 23.095903225186092 ], [ 99.220279982502802, 23.103344631436116 ], [ 99.055070428465683, 23.130578111253939 ], [ 98.863764276121174, 23.191246242764592 ], [ 98.885571730548349, 23.307466538989019 ], [ 98.882574497475417, 23.38033030852057 ], [ 98.85885501505345, 23.440094102466119 ], [ 98.819735955808511, 23.482546291593891 ], [ 98.797876824949043, 23.520425116463826 ], [ 98.832241652423136, 23.62437226001893 ], [ 98.787696567787549, 23.737853705331887 ], [ 98.735089959714401, 23.783096421803421 ], [ 98.680881382240244, 23.84180084888699 ], [ 98.676747267656879, 23.905104478444542 ], [ 98.701603631589279, 23.964067287689559 ], [ 98.83399865112105, 24.090571193940065 ], [ 98.835083856199191, 24.121215318289146 ], [ 98.802372674558427, 24.118683173106845 ], [ 98.764390496823893, 24.116073513276106 ], [ 98.583419630937755, 24.069797268158737 ], [ 98.564144321692879, 24.098839423106767 ], [ 98.499445428463474, 24.115685940033927 ], [ 98.367257114660845, 24.119019069916746 ], [ 98.212537876378974, 24.110621649669312 ], [ 98.016890903721958, 24.065456447846216 ], [ 97.837677036533734, 23.986288153575074 ], [ 97.755614862054244, 23.931872870371734 ], [ 97.68605838418938, 23.898076483652844 ], [ 97.629627720126649, 23.88714691822311 ], [ 97.564567091871197, 23.9110472681581 ], [ 97.568287794996195, 23.988484401947474 ], [ 97.690605910231056, 24.130801296479291 ], [ 97.70817589721031, 24.228753973888544 ], [ 97.6707104837987, 24.312728176362839 ], [ 97.666628045647627, 24.379959214774559 ], [ 97.623581577548492, 24.422928168225255 ], [ 97.563275181063887, 24.443857123303459 ], [ 97.531442498772094, 24.491683661389587 ], [ 97.529375441480425, 24.631184190361509 ], [ 97.583273960360856, 24.774818833916768 ], [ 97.670658807366408, 24.820113226820595 ], [ 97.723885532627037, 24.841998195896196 ], [ 97.737941522210434, 24.869877631117674 ], [ 97.710759718824903, 24.970362453709214 ], [ 97.714945509840533, 25.034337876886553 ], [ 97.767345412184483, 25.158051255793296 ], [ 97.819486932366999, 25.251843980403052 ], [ 97.917982212315309, 25.236134344986326 ], [ 97.962010532627971, 25.259311224869222 ], [ 98.010741408279216, 25.29251333261675 ], [ 98.06407148640443, 25.348969834895627 ], [ 98.099573195388956, 25.415709947200583 ], [ 98.142878045649553, 25.571100979102241 ], [ 98.172540317785064, 25.594510402930467 ], [ 98.296615431717868, 25.568827216081402 ], [ 98.333822462968016, 25.586784776302821 ], [ 98.40167361856723, 25.677967841081838 ], [ 98.465545688879985, 25.788865464780201 ], [ 98.558356561276213, 25.82325613047044 ], [ 98.625380893958749, 25.826692613217844 ], [ 98.656283400469306, 25.863563747658105 ], [ 98.654629754635977, 25.917772325132276 ], [ 98.591016066484656, 26.003684393817522 ], [ 98.564092645260587, 26.072414048765708 ], [ 98.571999139401271, 26.114065253192962 ], [ 98.663156365964113, 26.139438381448272 ], [ 98.685583937578798, 26.189357815042214 ], [ 98.671838006589155, 26.298550116474942 ], [ 98.709458449297642, 26.429704901631723 ], [ 98.731886020912327, 26.583416449483892 ], [ 98.739379103594644, 26.698163967387998 ], [ 98.738500604245672, 26.785755520122734 ], [ 98.729508905026876, 26.877403672792369 ], [ 98.716486444089327, 27.044938666282619 ], [ 98.674835239662087, 27.190640367129561 ], [ 98.682379998776696, 27.245314032494363 ], [ 98.676798944089171, 27.421918239851834 ], [ 98.651167433672413, 27.572451687118061 ], [ 98.599801059974283, 27.59883250580306 ], [ 98.504509718828075, 27.647666734318889 ], [ 98.452523227942436, 27.657226874292874 ], [ 98.40885664265582, 27.639476019800625 ], [ 98.392423537187, 27.587076117456661 ], [ 98.350462274166006, 27.538086859643968 ], [ 98.298837518306414, 27.550101630151829 ], [ 98.274187860103183, 27.599090887964522 ], [ 98.241063267004108, 27.663169664006446 ], [ 98.130475701899485, 27.967595526637865 ], [ 98.1183834167432, 28.055238755804893 ], [ 98.099453384540325, 28.140021134075152 ], [ 98.098953078201447, 28.142261867784399 ], [ 98.061642694086714, 28.18587677663875 ], [ 98.022316929112606, 28.211534125271655 ], [ 97.934053582758082, 28.313827622993429 ], [ 97.887596470127676, 28.356486517850371 ], [ 97.86496219278385, 28.363592027290494 ], [ 97.816489699294067, 28.356331488553494 ], [ 97.769050734450133, 28.35615062104047 ], [ 97.730086704502042, 28.407103583280261 ], [ 97.694636671949837, 28.469347845975818 ], [ 97.658876580803849, 28.500017808541045 ], [ 97.599241977939045, 28.517045192981215 ], [ 97.53790205280859, 28.510223903918686 ], [ 97.50209028523031, 28.456325385038269 ], [ 97.477699009188541, 28.425655422473042 ], [ 97.431448602287333, 28.353902696235778 ], [ 97.35646609903182, 28.254503078722351 ], [ 97.322514683016038, 28.217993679308151 ], [ 97.289493442781549, 28.236829738878527 ], [ 97.145161167390341, 28.340311794543013 ], [ 97.075346307364015, 28.368966376248849 ], [ 96.980881789134486, 28.337702134712274 ], [ 96.833035516347422, 28.362403469347782 ], [ 96.775829705800334, 28.367054348254058 ], [ 96.652839796945671, 28.449736639921056 ], [ 96.602661981190266, 28.45991689708255 ], [ 96.427685581449964, 28.40601837820212 ], [ 96.389083286527949, 28.367932847603015 ], [ 96.366449009184095, 28.367261053983214 ], [ 96.319836867256839, 28.386510525011943 ], [ 96.281492954496258, 28.412064520780277 ], [ 96.278909132881665, 28.428187567655343 ], [ 96.32614139199643, 28.468546861275286 ], [ 96.329862095121456, 28.496813869738943 ], [ 96.327381626371448, 28.525390936796356 ], [ 96.395594516996709, 28.606522935494596 ], [ 96.580906203195383, 28.763670966094182 ], [ 96.550003696684826, 28.829610093698605 ], [ 96.477139927153303, 28.959317938751212 ], [ 96.467063022856365, 29.022285671498864 ], [ 96.435695428455205, 29.050681871043253 ], [ 96.346863641345493, 29.027427476511903 ], [ 96.162223748766621, 28.909708563751011 ], [ 96.137160679105051, 28.922601833607843 ], [ 96.141346470120709, 28.963452053334564 ], [ 96.122329543037296, 29.082075303660559 ], [ 96.180827264391695, 29.11765452729351 ], [ 96.270537550850378, 29.161217759715569 ], [ 96.339732293689195, 29.209793606069923 ], [ 96.355803664131969, 29.249067694611753 ], [ 96.337200148506895, 29.261004950471175 ], [ 96.234984165433588, 29.245786241161213 ], [ 96.194779901110508, 29.272451280223819 ], [ 96.128479038480037, 29.381385199495085 ], [ 96.079593133531915, 29.424147447216612 ], [ 96.035306431057762, 29.447143459586499 ], [ 95.885031365953012, 29.390945339469084 ], [ 95.710365024806464, 29.313818264273465 ], [ 95.51580325722756, 29.206331285106373 ], [ 95.516940138737993, 29.151192531850938 ], [ 95.493789097071243, 29.137007351186824 ], [ 95.456530389388803, 29.102280788686684 ], [ 95.420201857487598, 29.05429922130368 ], [ 95.389247674544777, 29.037401027944242 ], [ 95.353074171940477, 29.035902411407776 ], [ 95.279073520898493, 29.049544989532819 ], [ 95.144714796939638, 29.104063625600745 ], [ 94.998883905011951, 29.149177150991562 ], [ 94.96751631061079, 29.144061184194655 ], [ 94.769440545636058, 29.175868028270315 ], [ 94.76313602089644, 29.201292832957918 ], [ 94.733370395896316, 29.251599839794054 ], [ 94.67704308469817, 29.297023423778612 ], [ 94.62298953652089, 29.312423000601584 ], [ 94.46806359250985, 29.216201483674112 ], [ 94.293293898498717, 29.144629624949872 ], [ 94.193455031310833, 29.059931952423497 ], [ 94.111547886128193, 28.975880235300764 ], [ 94.017651808653881, 28.959524644480382 ], [ 94.013310988341345, 28.907538153594757 ], [ 93.97362348834119, 28.860796820586756 ], [ 93.902258335346119, 28.80320343679746 ], [ 93.760768263730967, 28.729771226510707 ], [ 93.664908481829542, 28.690238755807428 ], [ 93.360534295630401, 28.654065253203115 ], [ 93.251962111385183, 28.629467271432191 ], [ 93.206538527400625, 28.590813300077869 ], [ 93.157755975317087, 28.492731431587885 ], [ 93.119205356827365, 28.402297675077108 ], [ 93.034972772191594, 28.327651068631496 ], [ 92.881855503310788, 28.228122260037352 ], [ 92.701866489638178, 28.147119452419844 ], [ 92.652567173231745, 28.093375962836291 ], [ 92.643472121148363, 28.061543280544498 ], [ 92.665589634169294, 28.049864406846538 ], [ 92.687448765028762, 28.025731512966232 ], [ 92.687758823622517, 27.988989569606701 ], [ 92.664349399794304, 27.948940334580499 ], [ 92.546733839897996, 27.879177150986479 ], [ 92.48069135942896, 27.845949205022805 ], [ 92.414855584689121, 27.824606838486261 ], [ 92.341061639376335, 27.820756944280518 ], [ 92.270058221407311, 27.830213731389932 ], [ 92.250524530000973, 27.841479193629553 ], [ 92.222257521537301, 27.826932277939392 ], [ 92.157558628307896, 27.812256171168499 ], [ 92.101282993542043, 27.807631130478384 ], [ 91.977672967499871, 27.730349025985888 ], [ 91.909408400442317, 27.729677232366086 ], [ 91.824710727915942, 27.746420396428647 ], [ 91.712572869842575, 27.759830430608389 ], [ 91.631905959034953, 27.75995962168912 ], [ 91.629373813852652, 27.800861517848148 ], [ 91.641879510467277, 27.923257147731448 ], [ 91.605602654998393, 27.951705023708115 ], [ 91.49336144406044, 27.981780707301994 ], [ 91.367581007862015, 28.021649074815173 ], [ 91.306809523486777, 28.064023749294506 ], [ 91.273013136767901, 28.078389797471644 ], [ 91.225884230517693, 28.071258449815375 ], [ 91.149919875048653, 28.026765041612066 ], [ 91.077779575569195, 27.974468492132686 ], [ 91.020780470751248, 27.970075995387887 ], [ 90.962541131558311, 27.994570624294226 ], [ 90.906627231818504, 28.02653249766675 ], [ 90.715734490932334, 28.071723537705992 ], [ 90.630054966192404, 28.078544826768521 ], [ 90.477299432337617, 28.070845038357035 ], [ 90.352759230514209, 28.080224310818011 ], [ 90.333122186243287, 28.0939960800238 ], [ 90.333702713847941, 28.117531636662154 ], [ 90.333742303430796, 28.119136664333794 ], [ 90.3521391133267, 28.168177598578779 ], [ 90.362991164107996, 28.216495062771685 ], [ 90.348211704472533, 28.243935248318664 ], [ 90.220777622440778, 28.2777574732537 ], [ 90.104505649784045, 28.30204539643087 ], [ 89.981102329471071, 28.311192124946544 ], [ 89.897903273481148, 28.294138902290214 ], [ 89.816926304079772, 28.256285915636425 ], [ 89.799126464266351, 28.238225724047439 ], [ 89.749798618532623, 28.188176377875735 ], [ 89.652698602256208, 28.158307400011026 ], [ 89.536891717490107, 28.107431952419688 ], [ 89.480667759156546, 28.059941311143447 ], [ 89.395918410197879, 27.958138739528465 ], [ 89.272618442749462, 27.833159288030558 ], [ 89.160480584676094, 27.711280422470182 ], [ 89.116304176677758, 27.620982115196004 ], [ 89.102396274780034, 27.592553819279601 ], [ 89.02550174352973, 27.517855536401697 ], [ 89.021324119045346, 27.514968875451608 ], [ 88.947573683633578, 27.464008693953559 ], [ 88.891349725300017, 27.316059068301925 ], [ 88.832541945351892, 27.362826239526072 ], [ 88.764897495481819, 27.429876410424782 ], [ 88.749032830768215, 27.521886298120464 ], [ 88.829906447305007, 27.767401027939158 ], [ 88.848768345091514, 27.868660997015084 ], [ 88.828614536497696, 27.907263291937113 ], [ 88.803706496133003, 28.006921291611988 ], [ 88.756215854856777, 28.03968414968503 ], [ 88.621081984413536, 28.091825669867532 ], [ 88.577932163449816, 28.093350124620144 ], [ 88.531630080116287, 28.057357489528854 ], [ 88.486103143267172, 28.034464830023552 ], [ 88.425951776079415, 28.011675523382834 ], [ 88.27515994665174, 27.968835761012883 ], [ 88.141111281286612, 27.948914496364353 ], [ 88.108968540401065, 27.933023993434603 ], [ 88.098943312536449, 27.904550279241789 ], [ 88.109795363317744, 27.870598863226022 ], [ 88.023340692093427, 27.883414618434415 ], [ 87.933372023473282, 27.890830186468293 ], [ 87.860714959670901, 27.886101792913593 ], [ 87.682741326857695, 27.821402899684159 ], [ 87.622589959669966, 27.815201727809139 ], [ 87.55530724482594, 27.821842149358645 ], [ 87.464150018263069, 27.823831692001875 ], [ 87.29072391149154, 27.821919664007083 ], [ 87.141379022168024, 27.838326931259743 ], [ 87.020094435579011, 27.928657334905949 ], [ 86.933846470083864, 27.968474025986836 ], [ 86.842379184927239, 27.99916982676821 ], [ 86.750395135447718, 28.022088324489658 ], [ 86.719647658234038, 28.070638332627865 ], [ 86.690502150421423, 28.094926255805049 ], [ 86.614434442087799, 28.103013617458728 ], [ 86.554541457061504, 28.085211086534173 ], [ 86.516921014353045, 27.96351308848682 ], [ 86.484933302764375, 27.939535223903391 ], [ 86.408710565133845, 27.928657334905949 ], [ 86.328612095081439, 27.959534003200346 ], [ 86.21792117711226, 28.022088324489658 ], [ 86.174202915393323, 28.091696478786801 ], [ 86.136995884143175, 28.114330756130641 ], [ 86.078704868517946, 28.083583278916976 ], [ 86.075500929715844, 27.994570624294226 ], [ 86.064132114611624, 27.934703477484092 ], [ 85.994575636746788, 27.910415554306908 ], [ 85.954112990262246, 27.928218085231464 ], [ 85.921711867215237, 27.989713039658795 ], [ 85.840269809923257, 28.135363064073445 ], [ 85.759447869818757, 28.220655015571182 ], [ 85.678315871120503, 28.277447414659946 ], [ 85.410631951848615, 28.276026312771918 ], [ 85.212142775415515, 28.292640285753762 ], [ 85.122432488956832, 28.31594635671739 ], [ 85.088584425805664, 28.372273667915536 ], [ 85.121450636743276, 28.484256496692026 ], [ 85.160104608097612, 28.571848049426748 ], [ 85.159071079451763, 28.592234401965896 ], [ 85.126308221378707, 28.602647203072706 ], [ 85.069154087263911, 28.609675197864405 ], [ 84.855110304710962, 28.553606268827721 ], [ 84.796870965518025, 28.560220852161081 ], [ 84.759405552106415, 28.57923777924448 ], [ 84.714240350283319, 28.595541693632569 ], [ 84.676774936871709, 28.621534939075389 ], [ 84.650626662132026, 28.659542955026055 ], [ 84.46547000523023, 28.752922268177471 ], [ 84.410796339865442, 28.803926906849554 ], [ 84.312146030620255, 28.868109035756063 ], [ 84.22868859246887, 28.911749782826547 ], [ 84.175565220072826, 29.036393337514539 ], [ 84.127816196635138, 29.156308498647832 ], [ 84.1013578633017, 29.219973863231417 ], [ 84.021982863301389, 29.253873602814892 ], [ 83.935993279967704, 29.279505113231664 ], [ 83.7904724466338, 29.227415269481455 ], [ 83.671048211607285, 29.187624416616714 ], [ 83.583508335304828, 29.183593654897948 ], [ 83.456694370460582, 29.306325181591149 ], [ 83.35520185743934, 29.439133612581259 ], [ 83.235209181657609, 29.554604600537445 ], [ 83.155420770198958, 29.612663072217373 ], [ 83.013930698583806, 29.618089097608021 ], [ 82.854302199234212, 29.683382269808803 ], [ 82.64082685743648, 29.831202704379706 ], [ 82.486572707045241, 29.94148021089056 ], [ 82.220645786471266, 30.063850002557714 ], [ 82.158944126314765, 30.115164699823552 ], [ 82.135379673189675, 30.158986314407059 ], [ 82.098947788423914, 30.245079250605315 ], [ 82.043395623710126, 30.326779690058771 ], [ 81.854879998709379, 30.362410590124014 ], [ 81.641921421234571, 30.387525336217863 ], [ 81.417128940764911, 30.33760590262392 ], [ 81.255123325529894, 30.093305568964084 ], [ 81.177195265633742, 30.039872137974285 ], [ 81.110325962248083, 30.036797390252914 ], [ 81.055600620450974, 30.098989976516194 ], [ 81.010228712898709, 30.164515692662292 ], [ 80.985475701830893, 30.237121080032367 ], [ 80.873544549486695, 30.290580349238311 ], [ 80.746782261074742, 30.360421047480784 ], [ 80.682135044277601, 30.414836330684125 ], [ 80.608857863287739, 30.448891099564463 ], [ 80.540955031256203, 30.463541368119209 ], [ 80.409593540370281, 30.509455878210545 ], [ 80.260972121098831, 30.561339016231585 ], [ 80.191208937504797, 30.568418687455562 ], [ 80.191159415694557, 30.568787005919202 ], [ 80.186248000004781, 30.60531566011197 ], [ 80.207125278650722, 30.683734646114885 ], [ 80.194309523442314, 30.759208075477162 ], [ 80.149454380212973, 30.789852199826242 ], [ 80.081499871749173, 30.781919867469441 ], [ 79.916600376305809, 30.894186916623539 ], [ 79.910361460330421, 30.898435149582504 ], [ 79.871900262373316, 30.92462433524345 ], [ 79.794592319664673, 30.968265082313934 ], [ 79.664264357424571, 30.965216172808724 ], [ 79.565459018882507, 30.949093125933658 ], [ 79.493163690106172, 30.993715725217683 ], [ 79.388467238282857, 31.064202378863797 ], [ 79.370482276442928, 31.079222786554283 ], [ 79.369657016928613, 31.079912014280524 ], [ 79.338754510418056, 31.105698553994173 ], [ 79.232611118490553, 31.241762600218678 ], [ 79.107140740885882, 31.402657172159422 ], [ 79.043785434896051, 31.426221625284526 ], [ 79.011074253255288, 31.414103501912081 ], [ 78.973918898437432, 31.32863068290132 ], [ 78.946013624999836, 31.337208970661763 ], [ 78.899504835937137, 31.33136953381279 ], [ 78.869350890861881, 31.314988913273783 ], [ 78.844521111978594, 31.301500555948081 ], [ 78.842929750321275, 31.301264107295186 ], [ 78.791656121744012, 31.293645738239718 ], [ 78.757808058592815, 31.302482408161623 ], [ 78.743493686847984, 31.323798936482021 ], [ 78.758634881509494, 31.436582749959044 ], [ 78.726698846353116, 31.471826076782094 ], [ 78.755069207681345, 31.550270901001156 ], [ 78.802973260415911, 31.618070380168106 ], [ 78.753880649738647, 31.668351548788095 ], [ 78.693470900389457, 31.740362657186822 ], [ 78.687011346352961, 31.805500800090726 ], [ 78.71672679503645, 31.880259602949476 ], [ 78.719670851561432, 31.8876663274348 ], [ 78.735483839842743, 31.957946275351745 ], [ 78.725561964842711, 31.983810329713833 ], [ 78.677709588540409, 32.023032741823371 ], [ 78.495911899737621, 32.215759996055908 ], [ 78.487390078691362, 32.233521265183875 ], [ 78.486093377602145, 32.236223863243495 ], [ 78.455294223956201, 32.300328477501552 ], [ 78.441341587237389, 32.397350979129556 ], [ 78.417467075518545, 32.46670075126525 ], [ 78.389665154945533, 32.519875800093587 ], [ 78.390279918151052, 32.527268327640002 ], [ 78.391732212237201, 32.544732164025973 ], [ 78.412557814450821, 32.557702948531229 ], [ 78.526349318357518, 32.570777085901071 ], [ 78.631562534503786, 32.578941962203189 ], [ 78.700860630207188, 32.597002875289206 ], [ 78.736724074217733, 32.558374742151031 ], [ 78.753467238280308, 32.499256903609123 ], [ 78.771243930988703, 32.468070176720985 ], [ 78.83790652864522, 32.411975409468155 ], [ 78.918986850911182, 32.35818024345231 ], [ 78.997690057291692, 32.365156561811716 ], [ 79.067039829427387, 32.38817841239775 ], [ 79.127397902344313, 32.475769965132471 ], [ 79.169875929688232, 32.4972156845336 ], [ 79.218767868707829, 32.501017823841494 ], [ 79.219381951823834, 32.501065578739343 ], [ 79.291573927735584, 32.506646633426868 ], [ 79.384591505860953, 32.570053615848991 ], [ 79.469857619142545, 32.64338247327116 ], [ 79.493525425132219, 32.688289292932794 ], [ 79.499106479819744, 32.730069688440778 ], [ 79.435906203126791, 32.834042670212028 ], [ 79.334827101563889, 32.975506903611034 ], [ 79.340201450522244, 33.034004624965434 ], [ 79.376168247397374, 33.146297512335678 ], [ 79.355084263022292, 33.169810289028476 ], [ 79.116879561787869, 33.225250986961719 ], [ 79.112515089844237, 33.226266791307353 ], [ 79.066523065104491, 33.250373846971499 ], [ 79.01262454622406, 33.29145661064355 ], [ 78.948494093749844, 33.346543687466678 ], [ 78.916713087890344, 33.386773790005904 ], [ 78.865088332030751, 33.431086330696189 ], [ 78.801836378905506, 33.49971263277979 ], [ 78.789950799478362, 33.650349432910602 ], [ 78.783749627603356, 33.808789374317485 ], [ 78.761735467447011, 33.887595933562594 ], [ 78.726647169920824, 34.013402207977165 ], [ 78.731763136717717, 34.055544338511183 ], [ 78.753053826821969, 34.08768707939673 ], [ 78.931750929687269, 34.188947048472656 ], [ 78.970611606770774, 34.228195298798326 ], [ 78.976916131510364, 34.258115953095327 ], [ 78.97009484244785, 34.302609361298636 ], [ 78.947317095691233, 34.335972471962073 ], [ 78.93640180859353, 34.351960354137375 ], [ 78.864829949869289, 34.390355943330235 ], [ 78.763079054686585, 34.452936102835693 ], [ 78.67078494661331, 34.518151760388037 ], [ 78.515755649737685, 34.557942613252777 ], [ 78.326929966143183, 34.606389268526414 ], [ 78.281971470049257, 34.653931586234933 ], [ 78.236186151038652, 34.769815985649458 ], [ 78.158464796871669, 34.946497707655368 ], [ 78.075730828772379, 35.134909979791544 ], [ 78.012220493485671, 35.251026923151386 ], [ 78.009171583980446, 35.306940822891193 ], [ 78.047412143876443, 35.44938690850374 ], [ 78.042709588537889, 35.479798488907505 ], [ 78.009481642574201, 35.490237128230461 ], [ 77.945867954422908, 35.471633612605387 ], [ 77.894914992183118, 35.448999335261547 ], [ 77.851506789057964, 35.460781561824092 ], [ 77.810889113276545, 35.48452688246222 ], [ 77.799365268875448, 35.495921535782571 ], [ 77.724072707026181, 35.480573635391892 ], [ 77.572557407546412, 35.471840318334557 ], [ 77.520054152337877, 35.473416449519462 ], [ 77.446518589186553, 35.475612697891862 ], [ 77.294848260409879, 35.508143012019602 ], [ 77.090002882804896, 35.552042141251547 ], [ 76.878852980460323, 35.613304551733563 ], [ 76.766870151683833, 35.661699530574907 ], [ 76.727544386709695, 35.678675238582784 ], [ 76.631839634105148, 35.729369818661112 ], [ 76.563420037750717, 35.77298472751545 ], [ 76.551276076162111, 35.887060451799755 ], [ 76.50202843618797, 35.87822378187785 ], [ 76.385756463531266, 35.837141018205813 ], [ 76.251656121733845, 35.810915228817692 ], [ 76.177810499988766, 35.810527655575498 ], [ 76.147838169259472, 35.829027818335987 ], [ 76.103293084623886, 35.949227199846888 ], [ 76.070840285144584, 35.982997748349618 ], [ 76.010482212227657, 35.996356106097068 ], [ 75.945111525378451, 36.017595119769027 ], [ 75.912296990873102, 36.048962714170202 ], [ 75.904855584623078, 36.088469346657334 ], [ 75.934104445300278, 36.133918768858038 ], [ 75.968624302071248, 36.168852037087348 ], [ 75.974412062487943, 36.382430731749665 ], [ 75.951881138008673, 36.45811086684111 ], [ 75.951328589839548, 36.459969850818318 ], [ 75.933019240222166, 36.521569525695526 ], [ 75.885011834623015, 36.600711981750536 ], [ 75.84026004425823, 36.649701239563228 ], [ 75.772202182929846, 36.694918117818617 ], [ 75.667195672512747, 36.741969509420372 ], [ 75.573713006496746, 36.759306952454295 ], [ 75.460231561183804, 36.725045477844773 ], [ 75.424161411444061, 36.738222968079214 ], [ 75.376877475897004, 36.883717963196972 ], [ 75.346646763006277, 36.91345774998095 ], [ 75.145212029932537, 36.973221543926499 ], [ 75.053951450505082, 36.987148342429165 ], [ 74.949151645817182, 36.968338121074922 ], [ 74.889310337223179, 36.952421779929026 ], [ 74.841251255191736, 36.979086818991632 ], [ 74.766010369774762, 37.012728176413646 ], [ 74.692216424461975, 37.035724188783519 ], [ 74.600645786440793, 37.036654364564782 ], [ 74.541372918602008, 37.022184963523046 ], [ 74.526438429669639, 37.030659898418918 ], [ 74.497913039044533, 37.05722158461694 ], [ 74.376163364564889, 37.137371731101638 ], [ 74.372132602846108, 37.15773224542464 ], [ 74.558942905581233, 37.236616319318173 ], [ 74.66896202993064, 37.266692002912052 ], [ 74.726684604800653, 37.29074738214392 ], [ 74.738983595686136, 37.285631415347027 ], [ 74.767353957014365, 37.249173692365105 ], [ 74.840217726545916, 37.225066636700944 ], [ 74.891325718082555, 37.231629543602011 ], [ 74.918145786442039, 37.250026353497915 ], [ 75.008372837223675, 37.293537909487682 ], [ 75.079014520166652, 37.344051622052987 ], [ 75.118805373031392, 37.385676988264095 ], [ 75.097514682927141, 37.451254380842471 ], [ 74.986410353499622, 37.530396836897481 ], [ 74.915820346988909, 37.572823187809107 ], [ 74.894271274723195, 37.601426093082665 ], [ 74.912358026025373, 37.687312323551751 ], [ 74.938299595035886, 37.77252676040105 ], [ 74.921246372379557, 37.805005398096498 ], [ 74.90026574086906, 37.832729804021085 ], [ 74.89080895375966, 37.925799058578747 ], [ 74.842491489566754, 38.038091945948992 ], [ 74.789678175764465, 38.10361766209509 ], [ 74.775105421858143, 38.191906846665745 ], [ 74.772108188785211, 38.274744167629621 ], [ 74.835980259097965, 38.404322821601497 ], [ 74.812260776675998, 38.460314235989742 ], [ 74.745029738264265, 38.510026963854529 ], [ 74.514036085919599, 38.60002147069082 ], [ 74.277461378887409, 38.659759426420223 ], [ 74.187337680970387, 38.657511501615531 ], [ 74.131372104798288, 38.66118052830825 ], [ 74.065329624329252, 38.608496405586692 ], [ 74.025590447896803, 38.539818427070784 ], [ 73.970038283183044, 38.533694769844203 ], [ 73.869114210917019, 38.562866115872964 ], [ 73.801624790343823, 38.606894436185641 ], [ 73.754134149067596, 38.698930162097469 ], [ 73.716823764952863, 38.817217515613564 ], [ 73.696049839171536, 38.854321193999127 ], [ 73.706798537088247, 38.886205552723212 ], [ 73.73000125518729, 38.914679266916039 ], [ 73.794493442687553, 38.941292629546354 ], [ 73.805293817036556, 38.968629462228762 ], [ 73.795578647765694, 39.002167466786176 ], [ 73.743747186176932, 39.044542141265524 ], [ 73.690417108051719, 39.104538479156375 ], [ 73.607321404926381, 39.229207872060528 ], [ 73.623134393207692, 39.297834174144128 ], [ 73.636363559874411, 39.396691189118485 ], [ 73.631661004535857, 39.448858547517133 ], [ 73.715738559874751, 39.462268581696875 ], [ 73.822915480448074, 39.488959458975629 ], [ 73.872783237609752, 39.53329783788206 ], [ 73.907148065083845, 39.578514716137448 ], [ 73.914692824198454, 39.606471666007351 ], [ 73.882550083312907, 39.714552924145806 ], [ 73.839761997375234, 39.762844550122551 ], [ 73.835369500630435, 39.800154934237284 ], [ 73.856246779276347, 39.828680324862404 ], [ 73.884617140604576, 39.877927964836559 ], [ 73.938774041646468, 39.978826198886438 ], [ 73.991587355448758, 40.043137518873678 ], [ 74.020526157532203, 40.059363918613329 ], [ 74.085121697897051, 40.074298407545683 ], [ 74.242683139954977, 40.092023423821786 ], [ 74.411923455710848, 40.137188625644882 ], [ 74.613048130190833, 40.272167466791259 ], [ 74.679865757144228, 40.310614732416411 ], [ 74.767767368472704, 40.32986420344514 ], [ 74.830502557275025, 40.328494777989405 ], [ 74.84176801951466, 40.344979559890504 ], [ 74.801253696597826, 40.428540350906474 ], [ 74.811123895165593, 40.458771063797215 ], [ 74.835101759749023, 40.482593899083767 ], [ 74.865590854801212, 40.493497626297355 ], [ 75.004548781234064, 40.449495144200824 ], [ 75.111312290349076, 40.454120184890954 ], [ 75.241020135401669, 40.480294297846783 ], [ 75.520796339829872, 40.627546291662469 ], [ 75.555574578762304, 40.625195013993192 ], [ 75.583531528632221, 40.605325425776968 ], [ 75.617431268215682, 40.516596991531827 ], [ 75.655981886705405, 40.329269924473778 ], [ 75.6771692239451, 40.305808824213273 ], [ 75.871989373685437, 40.303199164382534 ], [ 76.004281040352652, 40.371437893223955 ], [ 76.062313673816419, 40.387535101882875 ], [ 76.156623162749099, 40.37647634537241 ], [ 76.20607750845241, 40.408386542312641 ], [ 76.258322381499482, 40.430736599278873 ], [ 76.318525425119532, 40.352265936843665 ], [ 76.396350132151099, 40.389808864903713 ], [ 76.480169305328502, 40.449520982416971 ], [ 76.520942010406799, 40.511248480789618 ], [ 76.577889438792454, 40.577885240229989 ], [ 76.622176141266578, 40.662376207027194 ], [ 76.639797804678096, 40.742216294918137 ], [ 76.661191847646933, 40.779655870113601 ], [ 76.708424106761726, 40.818128973954899 ], [ 76.824075962230921, 40.982304999346184 ], [ 76.907740106111476, 41.024188747718753 ], [ 76.986650018221155, 41.03914907486724 ], [ 77.18209028514903, 41.010727037106719 ], [ 77.283996209628611, 41.014344387367146 ], [ 77.581755812494379, 40.992769476885286 ], [ 77.719318475255335, 41.024292100583338 ], [ 77.815229933589052, 41.055608018552206 ], [ 77.956409946610449, 41.050698757484483 ], [ 78.123428175777775, 41.075632636065308 ], [ 78.346256951820351, 41.281459865883846 ], [ 78.348840773434944, 41.325203965818915 ], [ 78.362379998695417, 41.371609402017015 ], [ 78.442891880206162, 41.417549750324483 ], [ 78.543144158852385, 41.45958852799393 ], [ 78.742615187499013, 41.560047512369323 ], [ 79.148430210287103, 41.719133409179861 ], [ 79.29358930859496, 41.782824611979592 ], [ 79.354412469402519, 41.781067613281678 ], [ 79.50386071159059, 41.821013495443296 ], [ 79.76611860547186, 41.898864040690995 ], [ 79.840429315107571, 41.995731513022108 ], [ 79.909675734378681, 42.015006822266983 ], [ 80.216220330734075, 42.032421779949345 ], [ 80.235133904952903, 42.043480536459811 ], [ 80.246192661463368, 42.059810289064032 ], [ 80.229191115239331, 42.129831854819528 ], [ 80.209347365239267, 42.190034898439563 ], [ 80.233066847661235, 42.207811591147959 ], [ 80.259111769536332, 42.235406805991829 ], [ 80.25508100781758, 42.274164130210721 ], [ 80.205781691411119, 42.399427802086223 ], [ 80.179323358077681, 42.518335272789827 ], [ 80.161856723963041, 42.625538031579325 ], [ 80.165008986332822, 42.665509751957089 ], [ 80.20221601758297, 42.73447195085059 ], [ 80.250275099614413, 42.797284654301365 ], [ 80.424011264979697, 42.855782375655764 ], [ 80.538939650396827, 42.873507391931881 ], [ 80.543693882167673, 42.91169627539557 ], [ 80.450676304042304, 42.935544948898269 ], [ 80.383341912765985, 42.973759670578104 ], [ 80.371301304041992, 42.995618801437573 ], [ 80.374505242844094, 43.02039765072152 ], [ 80.390214878260821, 43.043135280929945 ], [ 80.50700361524045, 43.085768337570741 ], [ 80.617022739589856, 43.128272203130805 ], [ 80.751226434251834, 43.102511501633316 ], [ 80.777788120449856, 43.118944607102122 ], [ 80.785746291022804, 43.161551825526772 ], [ 80.757014194668528, 43.204339911464444 ], [ 80.729780714850705, 43.274283962571502 ], [ 80.667768996100477, 43.310069891933622 ], [ 80.665391880215054, 43.352987168952026 ], [ 80.703839145840192, 43.427065334642421 ], [ 80.650819126308733, 43.56416290951276 ], [ 80.593458286464767, 43.685085761075754 ], [ 80.495996535162277, 43.89210154883699 ], [ 80.431556024094306, 43.951761989917955 ], [ 80.395795932948346, 44.047182522144908 ], [ 80.355229933599219, 44.097282823251874 ], [ 80.358950636724245, 44.17130931250999 ], [ 80.36535851432842, 44.223295803395615 ], [ 80.354919875005464, 44.326493638682479 ], [ 80.33631635938039, 44.43839895281053 ], [ 80.355023227870049, 44.551983750988072 ], [ 80.3910417011775, 44.626811224946707 ], [ 80.381481561203486, 44.655414130220251 ], [ 80.400550164719192, 44.676911526053672 ], [ 80.45543053581315, 44.684068711926102 ], [ 80.481527134120569, 44.714635321626744 ], [ 80.45543053581315, 44.746080430676344 ], [ 80.360810988286744, 44.770290839205089 ], [ 80.255029331385288, 44.808117987642746 ], [ 80.127853631514967, 44.803777167330225 ], [ 79.997163934248817, 44.797214260429158 ], [ 79.932103305993365, 44.825171210299061 ], [ 79.875259230472295, 44.86082794858045 ], [ 79.871848585941024, 44.883772284518045 ], [ 79.950190057295515, 44.944078681002665 ], [ 80.059227329431366, 45.006452134778954 ], [ 80.228209263025803, 45.033995673190518 ], [ 80.414967889328636, 45.075104275078701 ], [ 80.509225701828996, 45.104999091159556 ], [ 80.634799432298252, 45.126496486992977 ], [ 80.780113559902986, 45.135565700860198 ], [ 80.853339064460584, 45.129312852552886 ], [ 81.04035607292488, 45.169129543633773 ], [ 81.334705031259375, 45.2462049423971 ], [ 81.602078891937538, 45.31082632097808 ], [ 81.692047560557683, 45.349376939467817 ], [ 81.758865187511077, 45.31082632097808 ], [ 81.789664341157049, 45.226025295587121 ], [ 81.867489048188588, 45.182100328139029 ], [ 81.944900343761816, 45.16086131446707 ], [ 81.989238722668262, 45.161843166680612 ], [ 82.122770623710466, 45.194864406915116 ], [ 82.266586134778748, 45.219100653660007 ], [ 82.323378533867498, 45.205871486993288 ], [ 82.396655714857388, 45.162463283868121 ], [ 82.478717889336878, 45.123576768568483 ], [ 82.521454298842258, 45.125488796563275 ], [ 82.55897138868616, 45.155435289076422 ], [ 82.597005242852987, 45.215948391290198 ], [ 82.621086460301001, 45.293101304701977 ], [ 82.625789015639555, 45.374414170913241 ], [ 82.611629673191572, 45.424256089858744 ], [ 82.58253584181125, 45.442601223322356 ], [ 82.451639438815931, 45.47195343686414 ], [ 82.326634149101892, 45.519935004247145 ], [ 82.312216424492476, 45.56370494239836 ], [ 82.31521365756538, 45.594943345718804 ], [ 82.348131544935313, 45.671527818375367 ], [ 82.429728631524171, 45.811932684912378 ], [ 82.511687453139103, 46.005796820655348 ], [ 82.555095656264257, 46.158681545590852 ], [ 82.692244907566902, 46.386677964862599 ], [ 82.800041945327735, 46.624441229837501 ], [ 82.974914992203452, 46.96602244728679 ], [ 83.004060500016067, 47.033511867859971 ], [ 83.020080194026548, 47.141463934917695 ], [ 83.029433628271363, 47.185957343121004 ], [ 83.090308465511214, 47.209366766949216 ], [ 83.193092889339738, 47.186551622092352 ], [ 83.443516880226156, 47.108649400412361 ], [ 83.634099562518571, 47.043201198914701 ], [ 83.713939650409515, 47.021057847677639 ], [ 83.832640415383963, 46.997855129578582 ], [ 84.016040073587817, 46.970518296896188 ], [ 84.122028436218443, 46.978631496765999 ], [ 84.215149367208397, 46.994702867208773 ], [ 84.338862746115154, 46.996149807312946 ], [ 84.532442661480502, 46.975789292989958 ], [ 84.592283970074504, 46.97496247007328 ], [ 84.666646356142508, 46.972378648458687 ], [ 84.719563022809382, 46.939331570008036 ], [ 84.746021356142819, 46.86437490496867 ], [ 84.786173944033607, 46.830733547546657 ], [ 84.858262567080772, 46.843187567729004 ], [ 85.012206658878256, 46.909230048198026 ], [ 85.110598585961981, 46.961216539083651 ], [ 85.233485141952059, 47.036354071636026 ], [ 85.355338169296289, 47.04674103452669 ], [ 85.484787632187448, 47.063510036805411 ], [ 85.529746128281374, 47.100794582703998 ], [ 85.577236769557601, 47.188489488303304 ], [ 85.656611769557912, 47.254635321636897 ], [ 85.669840936224631, 47.338402818382022 ], [ 85.641832309922449, 47.397417304059346 ], [ 85.586641880234737, 47.493664659202963 ], [ 85.588295526068066, 47.558492743513114 ], [ 85.561630487005459, 47.746465765974804 ], [ 85.525973748724056, 47.915628567082251 ], [ 85.562250604192968, 48.051873480819779 ], [ 85.626381056667185, 48.203983059270911 ], [ 85.651547479193312, 48.250543524765888 ], [ 85.692216831407023, 48.31183177346405 ], [ 85.749370965521848, 48.38508311623778 ], [ 85.829831170600272, 48.408053290391521 ], [ 86.056122267606412, 48.423711249375955 ], [ 86.265566847685363, 48.454562079454206 ], [ 86.372537062529545, 48.486239732449121 ], [ 86.483279656931018, 48.505360012397119 ], [ 86.549425490264611, 48.528614406928455 ], [ 86.663733758494232, 48.635532945340344 ], [ 86.717942335968417, 48.697182929064553 ], [ 86.757836541697742, 48.860738837268329 ], [ 86.728587681020542, 48.939338690784268 ], [ 86.753133986359188, 49.008817654000694 ], [ 86.808324416046901, 49.049693711943561 ], [ 86.885994093781591, 49.090569769886429 ], [ 86.93798058466723, 49.097571926461981 ], [ 87.048516473339532, 49.109922593779743 ], [ 87.229952427116302, 49.105840155628684 ], [ 87.322814975944794, 49.085789699899436 ], [ 87.416711053419135, 49.076591294951484 ], [ 87.476190626987091, 49.0914482692354 ], [ 87.515878126987246, 49.122428290394367 ], [ 87.576597934930192, 49.132350165394413 ], [ 87.66832360224825, 49.147232977894475 ], [ 87.762478061884053, 49.165810655303403 ], [ 87.81432759289595, 49.162354019902615 ], [ 87.825213250686403, 49.116330471383932 ], [ 87.816324904332191, 49.080260321644204 ], [ 87.834670037795803, 49.031917019235152 ], [ 87.872187127639705, 49.000136013375652 ], [ 87.859836460321958, 48.965538641956243 ], [ 87.806868117222763, 48.945488186226996 ], [ 87.754726597040275, 48.918564765002927 ], [ 87.743202752639178, 48.881616115914241 ], [ 87.809141880243629, 48.835727444039065 ], [ 87.831827834019748, 48.791647447294096 ], [ 87.942157016962909, 48.76529246682523 ], [ 88.027939894567425, 48.735604356473559 ], [ 88.060082635452943, 48.707156480496877 ], [ 88.050160760452911, 48.675039577827476 ], [ 88.010628289749633, 48.640416368191921 ], [ 87.972232700556759, 48.603338528022505 ], [ 87.967375115921328, 48.581065985704711 ], [ 87.979725783239104, 48.555124416694184 ], [ 88.06256310420298, 48.537838650092553 ], [ 88.158164503942942, 48.509080715522131 ], [ 88.309989862016465, 48.472080390001153 ], [ 88.413962843787715, 48.403428249701392 ], [ 88.517109002642286, 48.384488837266417 ], [ 88.566821730507058, 48.317412828151575 ], [ 88.576020135455025, 48.220183620794415 ], [ 88.681853468788773, 48.170548407578067 ], [ 88.838329705768558, 48.101715399765297 ], [ 88.917808058633483, 48.089002997421488 ], [ 88.971138136758697, 48.049935614608827 ], [ 89.047670932982953, 48.002548326197186 ], [ 89.115677117879045, 47.987717190129416 ], [ 89.196344028686667, 47.980895901066887 ], [ 89.329875929728871, 48.024872544947272 ], [ 89.479220819052387, 48.029058335962915 ], [ 89.560972934938121, 48.003943589869067 ], [ 89.638487583375934, 47.909065660181184 ], [ 89.693212925173043, 47.879145005884197 ], [ 89.725614048220024, 47.852479966821591 ], [ 89.77816897986088, 47.827003485701695 ], [ 89.831344028689216, 47.82330862079283 ], [ 89.910460646528065, 47.844315090519473 ], [ 89.958674757856386, 47.886328029972759 ], [ 90.027869500695203, 47.877698065780024 ], [ 90.053862746138009, 47.850490424178346 ], [ 90.066575148481803, 47.803542385441176 ], [ 90.103213738976763, 47.745406399112824 ], [ 90.190960321008362, 47.702101548852227 ], [ 90.313330112675516, 47.67618581805786 ], [ 90.330641717493279, 47.655153510115071 ], [ 90.347488234420439, 47.596991685570558 ], [ 90.380664503951834, 47.556632391950615 ], [ 90.425209588587421, 47.504077460309773 ], [ 90.46748091020217, 47.408166001976056 ], [ 90.476472609420966, 47.328816840191891 ], [ 90.496213006556445, 47.285176093121393 ], [ 90.552953729212931, 47.213991807639346 ], [ 90.643387485723707, 47.10030365659722 ], [ 90.715527785203165, 47.003849595724446 ], [ 90.799036899786842, 46.985142727234788 ], [ 90.869936964891281, 46.954498602885707 ], [ 90.9105546406727, 46.883236802755206 ], [ 90.98569217322509, 46.749033108093215 ], [ 90.99788781124596, 46.661079820332446 ], [ 91.004244012417871, 46.595734971699372 ], [ 91.028893670621073, 46.566072699563833 ], [ 91.033906284553382, 46.528994859394416 ], [ 90.971429477912523, 46.387969875669896 ], [ 90.918254429084186, 46.324252834654018 ], [ 90.911536492886228, 46.270638536151196 ], [ 90.947554966193678, 46.177310899432072 ], [ 90.996802606167819, 46.104989732439591 ], [ 91.001711867235571, 46.035769151384628 ], [ 90.959750604214548, 45.985074571306299 ], [ 90.887093540412195, 45.92164175066803 ], [ 90.85247033077664, 45.885416571631424 ], [ 90.795936313849325, 45.853532212907339 ], [ 90.709636671921885, 45.730800686214138 ], [ 90.670724318406116, 45.595150051447973 ], [ 90.661835972051904, 45.525231838557062 ], [ 90.694443800828083, 45.474640611343318 ], [ 90.749582554083503, 45.418933417332681 ], [ 90.763173455776268, 45.370667629572068 ], [ 90.853245477260998, 45.262870591811222 ], [ 90.87727501827672, 45.19610464129012 ], [ 90.913965285203943, 45.193934231133866 ], [ 90.953601108771835, 45.215896714857919 ], [ 91.049977654996155, 45.217447007826664 ], [ 91.137724237027754, 45.193934231133866 ], [ 91.221801792366648, 45.144505723646688 ], [ 91.312080519580547, 45.118124904961689 ], [ 91.441064894581075, 45.124739488295049 ], [ 91.510052931690723, 45.098229478529319 ], [ 91.584363641326433, 45.076525376966728 ], [ 91.737790968800994, 45.068954779635973 ], [ 91.852822707082709, 45.069342352878166 ], [ 92.029762811250095, 45.068515529961488 ], [ 92.172596470104821, 45.035235907565522 ], [ 92.423795607475626, 45.008932603528962 ], [ 92.578928257215836, 45.01099966082063 ], [ 92.787856072971863, 45.0357268336723 ], [ 92.916065301488004, 45.020172227552436 ], [ 93.294388462296808, 44.983171902031458 ], [ 93.516235386125828, 44.944466254244844 ], [ 93.65643354693367, 44.900980536471238 ], [ 93.755238885475734, 44.831940822929297 ], [ 93.868151890033488, 44.724195461600743 ], [ 93.957913852924463, 44.674947821626589 ], [ 94.199346144592113, 44.645182196626465 ], [ 94.364710727926081, 44.519505113292624 ], [ 94.494315220114117, 44.472531236339307 ], [ 94.711976352927479, 44.350833238291955 ], [ 94.865972121157256, 44.303342597015714 ], [ 95.049836867251742, 44.259417629567622 ], [ 95.350283644596715, 44.278072821624988 ], [ 95.366820102930092, 44.261536363291597 ], [ 95.343669061263341, 44.19539052995799 ], [ 95.325530633528899, 44.104879258798775 ], [ 95.325530633528899, 44.039353542652691 ], [ 95.356433140039428, 44.00597056739214 ], [ 95.471309849024266, 43.986178493824355 ], [ 95.525570102930743, 43.953958238290369 ], [ 95.56716963092569, 43.892256578133868 ], [ 95.591199171941412, 43.853628444995692 ], [ 95.687317336004298, 43.664053453132951 ], [ 95.842036574286169, 43.383708807949546 ], [ 95.859606561265394, 43.275963446620992 ], [ 95.912523227932297, 43.206510321620712 ], [ 96.080316603584009, 43.096129462245273 ], [ 96.168424920641655, 43.014480699224109 ], [ 96.299476352933823, 42.928697821619593 ], [ 96.342471144600665, 42.849322821619282 ], [ 96.352393019600726, 42.746796779952206 ], [ 96.372543147588459, 42.730676677562009 ], [ 96.385465936267508, 42.720338446618769 ], [ 96.625296258534092, 42.743851223311566 ], [ 96.83298383991513, 42.760232652348094 ], [ 97.205674269604117, 42.789791571619034 ], [ 97.718924595127021, 42.736280625980811 ], [ 98.24824629109267, 42.684500840824356 ], [ 98.716279738360157, 42.638741360029897 ], [ 98.946859979246511, 42.616210435550641 ], [ 99.467861769613165, 42.568203029951491 ], [ 99.757456496176843, 42.629465440433506 ], [ 99.983799269615247, 42.677343654951926 ], [ 100.086325311282309, 42.670729071618567 ], [ 100.519063755294468, 42.61680471452199 ], [ 100.772588332118403, 42.587788397790106 ], [ 101.091948683682176, 42.551304836592038 ], [ 101.313743931078903, 42.537868964196164 ], [ 101.49528323772023, 42.538747463545121 ], [ 101.579102410897661, 42.523554592451305 ], [ 101.659976027434453, 42.500041815758507 ], [ 101.713822869882563, 42.465806179365146 ], [ 101.879910923268653, 42.292328396161324 ], [ 101.972928501394023, 42.215873114585492 ], [ 102.156689894623923, 42.158098863283186 ], [ 102.575217319755808, 42.092108059246456 ], [ 102.806882765720275, 42.052007147787961 ], [ 103.072809686294249, 42.005963446615908 ], [ 103.247889438899136, 41.936561998047921 ], [ 103.449737583431187, 41.855843410808006 ], [ 103.711116977963485, 41.751301988281554 ], [ 103.997301059995891, 41.796983954427574 ], [ 104.30518924359086, 41.84615407975329 ], [ 104.498252394633312, 41.876979071615395 ], [ 104.498252394633312, 41.65869782161451 ], [ 104.773687778748979, 41.641179511067577 ], [ 104.860297479270173, 41.643737494466023 ], [ 104.982047153749818, 41.595523383137703 ], [ 105.050570102968834, 41.615935573892997 ], [ 105.115475701927437, 41.663297024088493 ], [ 105.197124464948587, 41.738046983398689 ], [ 105.314326613386555, 41.77088735612017 ], [ 105.517053257267577, 41.854732367513733 ], [ 105.566404250106331, 41.875118720052882 ], [ 105.867574497503369, 41.99400035254034 ], [ 106.317211134874952, 42.140580552736239 ], [ 106.518800897245541, 42.211583970705263 ], [ 106.579055617297882, 42.227345282554296 ], [ 106.693208856230626, 42.263570461590888 ], [ 106.770051711048637, 42.288736884117043 ], [ 106.906064080840849, 42.308864854494715 ], [ 107.090755649852014, 42.321551418622377 ], [ 107.292345412222602, 42.349249986330818 ], [ 107.748699985792143, 42.400978095054981 ], [ 107.805957472771524, 42.405835679690426 ], [ 108.062324253371514, 42.42717804622697 ], [ 108.171206496210488, 42.447331854820803 ], [ 108.333935581497599, 42.436789862633248 ], [ 108.546480747514067, 42.429322618167078 ], [ 108.68735070194171, 42.416119289716505 ], [ 108.874522739702883, 42.426454576174876 ], [ 109.131664666787259, 42.440562242190566 ], [ 109.339817336058928, 42.438365993818152 ], [ 109.443170200642669, 42.455961819013538 ], [ 109.595563999471409, 42.510532131513756 ], [ 109.698038364706179, 42.55378530534206 ], [ 109.858752069133914, 42.606262722334449 ], [ 110.058016392051371, 42.660600490889351 ], [ 110.196819289187346, 42.710003160160383 ], [ 110.288906691531452, 42.742740180017293 ], [ 110.400424432417338, 42.773668524743982 ], [ 110.429621616662246, 42.813588568689454 ], [ 110.4617126811155, 42.844155178390096 ], [ 110.520933872521965, 42.89526316992675 ], [ 110.627490675907808, 42.990528672856826 ], [ 110.708570998173769, 43.073882758143611 ], [ 110.748516880335387, 43.110805569016165 ], [ 110.839570754033673, 43.194107977870658 ], [ 110.913313022914167, 43.25686900488914 ], [ 111.007209100388508, 43.341385809902491 ], [ 111.086480747524234, 43.368774319017191 ], [ 111.186836379035043, 43.391977037116249 ], [ 111.451109653775688, 43.474917710944695 ], [ 111.503509556119667, 43.492797756517689 ], [ 111.54733117070316, 43.496311753913531 ], [ 111.640762160286869, 43.563181057299218 ], [ 111.719723748828841, 43.621162014330693 ], [ 111.771141798959263, 43.664596055672021 ], [ 111.878163690235738, 43.680176500008017 ], [ 111.933147414194281, 43.711440741544607 ], [ 111.942862583465171, 43.752420152352059 ], [ 111.931752150522414, 43.814948635425225 ], [ 111.880334100391991, 43.878924058602564 ], [ 111.836925897266809, 43.934682929045493 ], [ 111.683756951953711, 44.041136379566751 ], [ 111.602624953255457, 44.107127183603481 ], [ 111.519735955859289, 44.191876532562148 ], [ 111.486197951301875, 44.271613267588506 ], [ 111.429560581509975, 44.322359524099127 ], [ 111.402223748827595, 44.367266343760761 ], [ 111.410905389452608, 44.419201158214108 ], [ 111.48945356653627, 44.511572780935822 ], [ 111.514775018359273, 44.569812120128759 ], [ 111.547434523567745, 44.672906602551052 ], [ 111.621280145312824, 44.827134914726145 ], [ 111.681483188932873, 44.899171861341017 ], [ 111.751039666797737, 44.969555162122546 ], [ 111.89800744023583, 45.06404551856825 ], [ 112.032676222788439, 45.081615505547475 ], [ 112.112929722137721, 45.062934475273963 ], [ 112.292091912893653, 45.063037828138548 ], [ 112.411309442190998, 45.058180243503116 ], [ 112.499314406384059, 45.010922146172192 ], [ 112.59677615768652, 44.917672024101506 ], [ 112.706743605603634, 44.883462225924291 ], [ 113.049461704563328, 44.810340074231291 ], [ 113.196119419407665, 44.794837144543735 ], [ 113.300919224095594, 44.791633205741633 ], [ 113.455638462377465, 44.767448635429034 ], [ 113.50793501185683, 44.762332668632141 ], [ 113.586999953263415, 44.745718695650297 ], [ 113.652629022274084, 44.76346955014256 ], [ 113.752157830868242, 44.825920518567287 ], [ 113.877059767717697, 44.896174628268099 ], [ 113.930906610165835, 44.912297675143151 ], [ 114.030332065895379, 44.942580064466199 ], [ 114.080303175921642, 44.971157131523597 ], [ 114.167429640765732, 45.049860337904121 ], [ 114.281066115375552, 45.110890204440821 ], [ 114.41909386602714, 45.202590033542762 ], [ 114.487255080220137, 45.271733099949287 ], [ 114.50224124558477, 45.31630402280102 ], [ 114.517227410949431, 45.364621486993926 ], [ 114.560170526183953, 45.389994615249236 ], [ 114.644299757955139, 45.413274847996718 ], [ 114.738764276184668, 45.419605210952483 ], [ 114.91921837774791, 45.37828990333513 ], [ 115.162614373842615, 45.390252997410698 ], [ 115.217494744936602, 45.396195787124256 ], [ 115.43949669806247, 45.419966945978516 ], [ 115.539438918114968, 45.439500637384853 ], [ 115.681032342594705, 45.458259182306804 ], [ 115.789139438949292, 45.534791978531061 ], [ 115.9341435079603, 45.626155910823101 ], [ 116.039563429835709, 45.676928005549868 ], [ 116.109843377752668, 45.686694851253023 ], [ 116.197641636216559, 45.739378973974596 ], [ 116.240584751451109, 45.795990505550336 ], [ 116.229112583482305, 45.845729071631268 ], [ 116.212989536607239, 45.886889349951744 ], [ 116.264562616034539, 45.963034572933822 ], [ 116.357631870592201, 46.096566473976026 ], [ 116.444810011868583, 46.158784898455437 ], [ 116.516691929186578, 46.209066067075426 ], [ 116.562580601061768, 46.289810492531473 ], [ 116.619373000150546, 46.313090725278968 ], [ 116.688877801583118, 46.321979071633166 ], [ 116.787011346505381, 46.376678575214115 ], [ 116.859048293120253, 46.38794403745375 ], [ 116.978782586740522, 46.361769924497906 ], [ 117.155981073069341, 46.355103664732255 ], [ 117.269049106923973, 46.352261460956214 ], [ 117.333437941559652, 46.362028306659369 ], [ 117.356899041820157, 46.391303005552714 ], [ 117.356382277497232, 46.436649074888834 ], [ 117.392142368643221, 46.537573147154873 ], [ 117.405578241039109, 46.570878607766986 ], [ 117.438134393382967, 46.586252346373811 ], [ 117.546861606925091, 46.588267727233188 ], [ 117.620500522941001, 46.551990871764303 ], [ 117.671040073722452, 46.522096055683448 ], [ 117.741268345207118, 46.518142808613121 ], [ 117.81351199755116, 46.53770233823559 ], [ 117.910456984530697, 46.619325263040608 ], [ 118.071274041823017, 46.666583360371533 ], [ 118.156850213698362, 46.678572292663247 ], [ 118.308675571771886, 46.717045396504545 ], [ 118.404380324376433, 46.703170274434171 ], [ 118.580441929194848, 46.691878973978405 ], [ 118.648706496252402, 46.701645819681559 ], [ 118.722913853023528, 46.691878973978405 ], [ 118.790299920732139, 46.747095241882263 ], [ 118.843940057451107, 46.760221055684397 ], [ 118.957163120602587, 46.734847927429087 ], [ 119.028528273597686, 46.692189032572145 ], [ 119.162060174639862, 46.638678086933922 ], [ 119.331868931150979, 46.613795884785375 ], [ 119.474082472818196, 46.626663316426061 ], [ 119.620223423339638, 46.603951524433782 ], [ 119.706626418131634, 46.606018581725451 ], [ 119.747450799642223, 46.627180080748971 ], [ 119.867236769694784, 46.67219025327519 ], [ 119.895865513184475, 46.732858384785857 ], [ 119.884134963054208, 46.791433620788695 ], [ 119.897829217611559, 46.857811998067604 ], [ 119.862689243653108, 46.906594550151141 ], [ 119.788533563314246, 46.978812364279023 ], [ 119.759853143392263, 47.027000637391197 ], [ 119.75726932177767, 47.090045884787287 ], [ 119.711173944173311, 47.14999054624586 ], [ 119.600172967610376, 47.222440904319058 ], [ 119.526947463052807, 47.255927232444193 ], [ 119.376672397948028, 47.380880845725954 ], [ 119.325926141437407, 47.410181382835447 ], [ 119.308562860187322, 47.430722764671458 ], [ 119.29083784391122, 47.472632351260174 ], [ 119.235234002765168, 47.49255361590869 ], [ 119.162421909665909, 47.525213121117147 ], [ 119.122941115394923, 47.558492743513114 ], [ 119.097257928545872, 47.616266994815433 ], [ 119.081961704587485, 47.654145819685368 ], [ 119.017572869951806, 47.685358384789666 ], [ 118.953132358883835, 47.702928371768905 ], [ 118.880320265784576, 47.725097561222114 ], [ 118.759914178544506, 47.757602037133708 ], [ 118.690512729976518, 47.822249253930835 ], [ 118.567781203283317, 47.9432754583584 ], [ 118.498379754715359, 47.983996487004404 ], [ 118.239687534662238, 47.999499416691961 ], [ 118.147031691562887, 48.028903306666038 ], [ 118.04187015184894, 48.018929755233714 ], [ 117.979186639478883, 47.999628607772692 ], [ 117.840487095207493, 47.999861151718008 ], [ 117.768398472160328, 47.987872219426293 ], [ 117.676672804842269, 47.908290513696812 ], [ 117.555336541820935, 47.804679266951595 ], [ 117.455135939607004, 47.741375637394057 ], [ 117.383977492341103, 47.675746568383374 ], [ 117.350801222809707, 47.652182115258285 ], [ 117.285895623851133, 47.666341457706253 ], [ 117.197063836741393, 47.740290432315931 ], [ 117.069733107574223, 47.806384589217231 ], [ 116.951652459787283, 47.836563625675694 ], [ 116.901164585438124, 47.853074245792939 ], [ 116.760553013171943, 47.869791571639368 ], [ 116.651929152494404, 47.864520575545598 ], [ 116.513436313952184, 47.839560858748612 ], [ 116.378250767076651, 47.844056708358011 ], [ 116.317169224107658, 47.859843858423176 ], [ 116.231179640773973, 47.858216050805979 ], [ 116.074858433091066, 47.789538072290085 ], [ 115.993881463689689, 47.711325792016339 ], [ 115.898228387517435, 47.686934515974571 ], [ 115.811670363428561, 47.738223375024248 ], [ 115.711676466943771, 47.798943182967207 ], [ 115.616385125797564, 47.874804185571676 ], [ 115.557629022281702, 47.945032457056328 ], [ 115.525072869937816, 48.130860907577912 ], [ 115.639484491032022, 48.186206366562502 ], [ 115.785522088688879, 48.248218085312757 ], [ 115.796580845199315, 48.34635163023502 ], [ 115.791671584131592, 48.455698960964625 ], [ 115.820558709782745, 48.577241929715115 ], [ 115.953780552231194, 48.689379787788468 ], [ 116.025507440252341, 48.782294013049267 ], [ 116.034395786606524, 48.84001658791928 ], [ 116.098267856919279, 48.936134751982166 ], [ 116.159659458482025, 49.037472235706531 ], [ 116.243375278794872, 49.170384019561226 ], [ 116.402125278795495, 49.406183580109044 ], [ 116.589710728015007, 49.684797064810681 ], [ 116.683296746895593, 49.823780829459679 ], [ 116.888968947417254, 49.737791246126008 ], [ 117.021622349110487, 49.692987779328945 ], [ 117.24563968309576, 49.624852403352108 ], [ 117.47715009976335, 49.60942698831299 ], [ 117.698480259269445, 49.535839748729359 ], [ 117.812581821769896, 49.513515529979273 ], [ 117.873456659009719, 49.513489691763127 ], [ 118.186615838698486, 49.692781073599775 ], [ 118.451509230626613, 49.844503078808714 ], [ 118.755986769690338, 49.962842108757116 ], [ 118.979539015784979, 49.978861802767597 ], [ 119.147487420733569, 50.013381659538567 ], [ 119.259831984536106, 50.066401679070026 ], [ 119.326081170734284, 50.154923407585997 ], [ 119.346234979328102, 50.278946845086494 ], [ 119.30158654182793, 50.353929348342007 ], [ 119.191929152504571, 50.379845079136388 ], [ 119.16371382047322, 50.406019192092216 ], [ 119.216733840004679, 50.432529201857946 ], [ 119.255801222817325, 50.48417979593367 ], [ 119.280709263182018, 50.560996812535549 ], [ 119.344064569171849, 50.633912258499379 ], [ 119.445660435057675, 50.702848619176734 ], [ 119.501781040526652, 50.779226386104128 ], [ 119.512323032714193, 50.863123073929984 ], [ 119.573404575683185, 50.946761379594378 ], [ 119.684922316569043, 51.030115464881177 ], [ 119.746003859538035, 51.107733466183561 ], [ 119.756649204590161, 51.179486192420825 ], [ 119.813183221517477, 51.267051906939415 ], [ 119.966972284018084, 51.422107042031172 ], [ 120.066914504070581, 51.600674953815741 ], [ 120.236981642743132, 51.722993069050617 ], [ 120.510504998864008, 51.848515123087566 ], [ 120.681502313317822, 51.973055324910987 ], [ 120.749818556807696, 52.096510321656268 ], [ 120.744495884281633, 52.20547007914368 ], [ 120.665430942875048, 52.299882920940945 ], [ 120.650341424645831, 52.395923570355379 ], [ 120.699227329593953, 52.493592027387024 ], [ 120.656129185062525, 52.566662502647731 ], [ 120.521150343916133, 52.615031643272928 ], [ 120.360023228030087, 52.627020575564643 ], [ 120.17274783740433, 52.602474270225997 ], [ 120.067534621258091, 52.632911688845923 ], [ 120.044280226726727, 52.718229478559806 ], [ 120.094509718914452, 52.787217515669454 ], [ 120.218119744956596, 52.839875800174866 ], [ 120.421311476728249, 52.968085028691007 ], [ 120.704084914229384, 53.171845201217863 ], [ 120.985463088058623, 53.284577338262579 ], [ 121.405437453294695, 53.317055975958027 ], [ 121.743918084806467, 53.383615220749959 ], [ 122.024345820935153, 53.438784776868779 ], [ 122.088806593922413, 53.451466376349188 ], [ 122.337783644704672, 53.485004380906616 ], [ 122.380158319184005, 53.462525132859653 ], [ 122.515860630382463, 53.456995754604421 ], [ 122.744787225435459, 53.468519599005504 ], [ 122.95759077361339, 53.497716783250425 ], [ 123.154064569187085, 53.544587307339143 ], [ 123.309610630385635, 53.555594387417315 ], [ 123.424022251479869, 53.530763861701075 ], [ 123.489496291193632, 53.529446112677633 ], [ 123.534713169449049, 53.5264488796047 ], [ 123.559724562678298, 53.526681423550016 ], [ 123.607783644709741, 53.546525173550094 ], [ 123.740953810725898, 53.510997626349436 ], [ 123.994685093278974, 53.405629380906305 ], [ 124.154313592628569, 53.358681342169135 ], [ 124.219942661639266, 53.370101833705633 ], [ 124.291462843931242, 53.340852973028433 ], [ 124.369132521665904, 53.270934760137536 ], [ 124.465922479348592, 53.229645290736329 ], [ 124.639865350443017, 53.210654201869062 ], [ 124.812361281433311, 53.133837185267197 ], [ 124.882124465027346, 53.129728908899992 ], [ 124.906619093933671, 53.172672024134528 ], [ 124.970956252137057, 53.197321682337758 ], [ 125.07503258677292, 53.203677883509656 ], [ 125.225566034039105, 53.16579905863972 ], [ 125.422453241071196, 53.083736884160217 ], [ 125.545959914248726, 53.047615057988196 ], [ 125.595982700707282, 53.05748525655595 ], [ 125.649054396671033, 53.042266547245987 ], [ 125.691687453311829, 53.003690090540104 ], [ 125.695356480004534, 52.956302802128462 ], [ 125.680783726098241, 52.930826321008567 ], [ 125.72811933807759, 52.890725409550072 ], [ 125.782793003442407, 52.890725409550072 ], [ 125.871883172713581, 52.871527614953649 ], [ 125.941646356307615, 52.800705064497635 ], [ 126.004329868677644, 52.767890529992286 ], [ 126.048151483261165, 52.739468492231765 ], [ 126.056006300969557, 52.715878200890515 ], [ 126.060140415552894, 52.691977850955524 ], [ 126.047014601750732, 52.673477688195035 ], [ 126.023243442896501, 52.643014431358978 ], [ 126.015957065943326, 52.61022573506979 ], [ 126.045929396672648, 52.573354600629528 ], [ 126.156620314641827, 52.546637885134629 ], [ 126.194447463079484, 52.519146023155358 ], [ 126.202974074407621, 52.483825181683855 ], [ 126.237597284043204, 52.444809475303501 ], [ 126.312838169460122, 52.39974762634499 ], [ 126.34167361867901, 52.362023830771918 ], [ 126.324206984564341, 52.331663926800445 ], [ 126.346324497585272, 52.306264960328988 ], [ 126.38353152883542, 52.286498724977349 ], [ 126.391489699408396, 52.214487616578623 ], [ 126.394796991075054, 52.173017279664393 ], [ 126.45556847545032, 52.126456814169416 ], [ 126.468074172064917, 52.031294664103925 ], [ 126.510552199408835, 51.925823065796209 ], [ 126.653695916857316, 51.781284084675846 ], [ 126.700824823107553, 51.703045966185954 ], [ 126.688732537951239, 51.609925035195985 ], [ 126.709196405138812, 51.566284288125502 ], [ 126.774515415555754, 51.545071112669689 ], [ 126.805417922066283, 51.505641994830995 ], [ 126.80180057180587, 51.448048611041699 ], [ 126.827328729358044, 51.412262681679579 ], [ 126.847740920113324, 51.37417715108046 ], [ 126.833839959826832, 51.314878445025542 ], [ 126.85440717987899, 51.261367499387305 ], [ 126.887738478707263, 51.230129096066861 ], [ 126.911509637561494, 51.172329006548409 ], [ 126.924842157092826, 51.10013703063666 ], [ 127.020391880400496, 50.985880438839331 ], [ 127.198262160349088, 50.829455878291824 ], [ 127.306989373891213, 50.707964585973627 ], [ 127.346831903188217, 50.621354885452448 ], [ 127.347193638214264, 50.550093085321961 ], [ 127.308229608266231, 50.494179185582155 ], [ 127.306059198109949, 50.453509833368443 ], [ 127.340785760610117, 50.42808502868084 ], [ 127.351172723500781, 50.393616848342162 ], [ 127.33722008678194, 50.350156968784702 ], [ 127.395252720245708, 50.298583889357417 ], [ 127.590279575715272, 50.208976955763305 ], [ 127.512351515819091, 50.071672675163796 ], [ 127.491784295766934, 49.975037746778 ], [ 127.502429640819059, 49.873416042676027 ], [ 127.550798781444257, 49.801792507519494 ], [ 127.636685011913357, 49.760192979524533 ], [ 127.690170119335448, 49.716758938183204 ], [ 127.711150750845945, 49.671542059927816 ], [ 127.814296909700545, 49.622139390656784 ], [ 127.99960859589919, 49.568602606802415 ], [ 128.237061802280323, 49.559300848989878 ], [ 128.526759881708585, 49.594234117219173 ], [ 128.704010044469726, 49.600125230500453 ], [ 128.769018996292914, 49.576974188833688 ], [ 128.791033156449203, 49.541834214875223 ], [ 128.770259230667875, 49.494705308625029 ], [ 128.819351841345167, 49.463751125682194 ], [ 128.938310988481078, 49.448919989614424 ], [ 129.020269810095954, 49.419257717478899 ], [ 129.065124953325324, 49.374660956411006 ], [ 129.120108677283895, 49.362051906931796 ], [ 129.185117629107026, 49.38137889260895 ], [ 129.248421258664621, 49.37864004169748 ], [ 129.309864536659632, 49.353835354197386 ], [ 129.35006880098274, 49.362361965525537 ], [ 129.384692010618267, 49.389440416046483 ], [ 129.440709263222686, 49.389440416046483 ], [ 129.498173455931237, 49.388820298858974 ], [ 129.533726841348027, 49.323423773793621 ], [ 129.591397739785748, 49.286655992217945 ], [ 129.671082798379814, 49.278491115915827 ], [ 129.792522414265761, 49.198857733754053 ], [ 130.0370552918709, 48.972256578154187 ], [ 130.196011997600692, 48.891641343778872 ], [ 130.355278761924239, 48.866371568388146 ], [ 130.55314782116983, 48.861203925158961 ], [ 130.617174920779462, 48.773173122749753 ], [ 130.565601841352134, 48.680129706408223 ], [ 130.552114292523981, 48.60251170510584 ], [ 130.597279494347106, 48.574658108100522 ], [ 130.659239536665041, 48.483397528673066 ], [ 130.746882765832027, 48.430377509141607 ], [ 130.763419224165432, 48.388416246120599 ], [ 130.804243605676049, 48.341494045599589 ], [ 130.78719038301972, 48.254574286484655 ], [ 130.71205285046733, 48.12765696877581 ], [ 130.732568394087195, 48.019239813827454 ], [ 130.84863366101473, 47.929426174504187 ], [ 130.915399611535861, 47.842919826847591 ], [ 130.93286624565053, 47.759798285506108 ], [ 130.961960077030824, 47.709310411156949 ], [ 131.002784458541385, 47.691456203800101 ], [ 131.12184695854188, 47.697631537458989 ], [ 131.319354282761424, 47.727810573917438 ], [ 131.464254998907847, 47.722617092472106 ], [ 131.556755812710264, 47.682025254906847 ], [ 131.785268996304978, 47.680500800154235 ], [ 132.149794549691819, 47.717966213565845 ], [ 132.380168084849004, 47.729490057966927 ], [ 132.47628624891189, 47.714968980492912 ], [ 132.561862420787236, 47.768505764347296 ], [ 132.63689660047504, 47.890100409530064 ], [ 132.707176548391999, 47.947254543644874 ], [ 132.772805617402639, 47.940071519556312 ], [ 132.877088657767672, 47.979087225936681 ], [ 133.020129022351568, 48.064405015650564 ], [ 133.144049106987495, 48.105642808619479 ], [ 133.301145461154761, 48.101534532252273 ], [ 133.468370396051284, 48.097167873723606 ], [ 133.573273553603769, 48.133031317734165 ], [ 133.671768833552107, 48.207703762395923 ], [ 133.842197707250705, 48.273746242864931 ], [ 134.205896437720867, 48.359890855495493 ], [ 134.293384637591032, 48.373430080755966 ], [ 134.323150732376774, 48.370135077726196 ], [ 134.334932489153687, 48.368830878281983 ], [ 134.456165399310407, 48.355343329453802 ], [ 134.563549025612929, 48.321727810247936 ], [ 134.665196567931048, 48.253928331080999 ], [ 134.68080285048319, 48.210442613307393 ], [ 134.669330682514385, 48.153340155624875 ], [ 134.647213169493511, 48.120163886093493 ], [ 134.605355259337045, 48.082905178411053 ], [ 134.565977817930673, 48.022495429061848 ], [ 134.591299269753677, 47.975211493514777 ], [ 134.650313755431, 47.874287421248752 ], [ 134.698579543191613, 47.801423651717215 ], [ 134.752323032775166, 47.715408230167384 ], [ 134.728086786030246, 47.684479885440709 ], [ 134.695789015847822, 47.624871120792022 ], [ 134.596156854389108, 47.523869533877559 ], [ 134.54189660048263, 47.485163886090945 ], [ 134.483502231992816, 47.447388414085594 ], [ 134.382526483294498, 47.438241685569935 ], [ 134.339428338763071, 47.4295083685126 ], [ 134.290852492408703, 47.413592027366704 ], [ 134.260053338762759, 47.377728583356145 ], [ 134.225223423398063, 47.352613837262297 ], [ 134.167655877824927, 47.30217763934543 ], [ 134.162953322486317, 47.258717759787956 ], [ 134.189256626522933, 47.194225572287706 ], [ 134.202124058163577, 47.128053900737953 ], [ 134.136908400611219, 47.069013576844497 ], [ 134.086420526262089, 46.978114732443089 ], [ 134.071382684465163, 46.950777899760681 ], [ 134.04600955620981, 46.881996568380202 ], [ 134.038568149959815, 46.858173733093651 ], [ 134.022600132381626, 46.713169664082656 ], [ 133.972393447112381, 46.636822802328929 ], [ 133.957539504126146, 46.614235134459861 ], [ 133.866588983292445, 46.499125881529707 ], [ 133.886742791886263, 46.430551255878399 ], [ 133.902762485896744, 46.366937567727106 ], [ 133.880231561417531, 46.336035061216563 ], [ 133.874753859594591, 46.309059963560202 ], [ 133.861317987198674, 46.24777171486204 ], [ 133.83279259657354, 46.224258938169243 ], [ 133.750213657771155, 46.185915025408661 ], [ 133.700707635635524, 46.139767971372024 ], [ 133.71114627495848, 46.069643052751957 ], [ 133.685721470270892, 46.008949083025144 ], [ 133.64779096896865, 45.955231431657751 ], [ 133.608000116103938, 45.920298163428441 ], [ 133.551156040582839, 45.897818915381478 ], [ 133.513122186416012, 45.878801988298065 ], [ 133.48470014865552, 45.810434068375912 ], [ 133.47581180230128, 45.757646592789769 ], [ 133.449146763238673, 45.705065822932781 ], [ 133.465579868707493, 45.651218980484657 ], [ 133.436434360894907, 45.604710191421972 ], [ 133.355509067925823, 45.572205715510378 ], [ 133.309517043186077, 45.553059597346234 ], [ 133.266935662977573, 45.545282294286309 ], [ 133.186010370008489, 45.494846096369443 ], [ 133.113353306206079, 45.321419989597914 ], [ 133.096920200737259, 45.220470079115742 ], [ 133.113456659070664, 45.130733954440899 ], [ 133.011757440320252, 45.074561672539645 ], [ 132.935999790580411, 45.029913235039459 ], [ 132.888767531465646, 45.046062120130671 ], [ 132.838641392142506, 45.061125800143756 ], [ 132.809533215216163, 45.066022746239646 ], [ 132.808203125000034, 45.148779296874999 ], [ 132.725195312500034, 45.230078125 ], [ 132.579492187500023, 45.296240234374999 ], [ 132.401953125000034, 45.328955078124999 ], [ 132.230175781250011, 45.328417968749996 ], [ 132.071093750000045, 45.286816406249997 ], [ 132.023779425280821, 45.234714738483113 ], [ 131.977505324430751, 45.24398285580854 ], [ 131.909240757373141, 45.273722642592517 ], [ 131.851828241096882, 45.326846014988561 ], [ 131.794880812711256, 45.305296942722848 ], [ 131.742067498908966, 45.242613430352804 ], [ 131.654010858283584, 45.205354722670364 ], [ 131.61396162325741, 45.136573391289886 ], [ 131.57876997286661, 45.083656724623012 ], [ 131.487509393439154, 45.013118394544605 ], [ 131.446891717657763, 44.984024563164283 ], [ 131.268297967657077, 44.936120510429717 ], [ 131.227990350469383, 44.920152492851528 ], [ 131.08231448783863, 44.910023912122313 ], [ 131.032963494999876, 44.888888251314938 ], [ 130.981700474166303, 44.844317328463191 ], [ 130.967747837447519, 44.799953111340628 ], [ 131.003921340051818, 44.753237616548773 ], [ 131.060662062708332, 44.659677435884333 ], [ 131.086913690312599, 44.595676174490848 ], [ 131.125774367396048, 44.469198106456489 ], [ 131.255275506719499, 44.071573798186662 ], [ 131.213314243698505, 44.002921657886915 ], [ 131.17424686088583, 43.704748643562809 ], [ 131.183651971562938, 43.650875962898525 ], [ 131.180034621302525, 43.5671084661534 ], [ 131.182463413620269, 43.505587673509922 ], [ 131.209180129115168, 43.490420640632266 ], [ 131.24390669161528, 43.469026597663429 ], [ 131.245072584641491, 43.466681333078924 ], [ 131.261786737188288, 43.433059800788286 ], [ 131.257342564011196, 43.378076076829728 ], [ 131.239359165573603, 43.337665106777479 ], [ 131.211867303594317, 43.257773342454243 ], [ 131.175642124557726, 43.142199001633472 ], [ 131.135592889531551, 43.097628078781725 ], [ 131.108979526901237, 43.062436428390967 ], [ 131.086190220260505, 43.038096828781491 ], [ 131.083503045781299, 42.956293036463464 ], [ 131.068568556848959, 42.902265326502302 ], [ 131.005574985885175, 42.883119208338158 ], [ 130.942839797082854, 42.851751613936997 ], [ 130.868529087447143, 42.863327134770373 ], [ 130.803261753462493, 42.856815904301598 ], [ 130.722491489790286, 42.835835272791101 ], [ 130.577280715050108, 42.81159902604621 ], [ 130.492944777549781, 42.77909455013463 ], [ 130.452740513226729, 42.755426744144941 ], [ 130.424783563356812, 42.727030544600566 ], [ 130.419977655153673, 42.699874579431182 ], [ 130.439201287966227, 42.68553436947019 ], [ 130.520591668825944, 42.674320583662848 ], [ 130.576557244998014, 42.623238430342326 ], [ 130.584463739138698, 42.567324530602519 ], [ 130.526947869997855, 42.535388495446142 ], [ 130.498215773643551, 42.570528469404621 ], [ 130.450311720908985, 42.581690578779671 ], [ 130.360704787314887, 42.630834865889241 ], [ 130.295592482627114, 42.684940090498827 ], [ 130.246706577678992, 42.744833075525108 ], [ 130.248825311402982, 42.87262889258291 ], [ 130.240350376507081, 42.891775010747054 ], [ 130.151260207235907, 42.917949123702883 ], [ 130.12480187390247, 42.955982977869709 ], [ 130.082633905152306, 42.974173082036444 ], [ 130.02227583223538, 42.962597561203069 ], [ 129.977007277547727, 42.974844875656245 ], [ 129.941247186401768, 42.995670477869865 ], [ 129.898252394734925, 42.998150946619873 ], [ 129.861045363484777, 42.965078029953077 ], [ 129.841511672078411, 42.894229641280916 ], [ 129.779189894734429, 42.776562404952315 ], [ 129.773402134317735, 42.705455634118707 ], [ 129.746530389525958, 42.603808091800587 ], [ 129.719761997598766, 42.474978746096951 ], [ 129.697799513874713, 42.448132839521321 ], [ 129.627984653848387, 42.444282945315578 ], [ 129.603903436400401, 42.435911363284291 ], [ 129.567523228066932, 42.392089748700784 ], [ 129.523701613483411, 42.38464834245076 ], [ 129.484840936399905, 42.410279852867518 ], [ 129.423656040566357, 42.435911363284291 ], [ 129.365778436399467, 42.439218654950977 ], [ 129.313688592649214, 42.413587144534205 ], [ 129.252503696815666, 42.357879950523568 ], [ 129.217777134315497, 42.312714748700472 ], [ 129.205374790565486, 42.270546779950294 ], [ 129.195452915565454, 42.218456936200084 ], [ 129.133699578976632, 42.168511664389996 ], [ 129.077217238481637, 42.142389227866445 ], [ 128.960635207231178, 42.068801988282829 ], [ 128.92342817598103, 42.03820954036604 ], [ 128.83981570853274, 42.037847805339993 ], [ 128.748968540563624, 42.040690009116048 ], [ 128.626702101761055, 42.02084625911597 ], [ 128.427231073114456, 42.010717678386754 ], [ 128.307858514520206, 42.025652167319109 ], [ 128.160167271030048, 42.011596177735726 ], [ 128.045238885612889, 41.987514960287712 ], [ 128.028702427279484, 41.951625678061006 ], [ 128.032939894727463, 41.898476467448802 ], [ 128.056090936394185, 41.863749904948676 ], [ 128.084202915560979, 41.840598863281912 ], [ 128.131900262566376, 41.769130357422256 ], [ 128.181768019728054, 41.700038967448009 ], [ 128.25783572806165, 41.655390529947837 ], [ 128.28925499889516, 41.607434800780979 ], [ 128.290908644728461, 41.562786363280793 ], [ 128.254941847853331, 41.506562404947246 ], [ 128.200268182488514, 41.433001003579761 ], [ 128.149418573113337, 41.387732448892081 ], [ 128.111229689649633, 41.389256903644693 ], [ 128.052783644727526, 41.415611884113545 ], [ 128.013096144727342, 41.448684800780342 ], [ 127.918683302930106, 41.461138820962688 ], [ 127.68763797415312, 41.440003160155314 ], [ 127.572192824413094, 41.454756781574645 ], [ 127.517002394725409, 41.481757717447138 ], [ 127.420367466339599, 41.483773098306528 ], [ 127.270815871286914, 41.519843248046257 ], [ 127.179658644724043, 41.53136709244734 ], [ 127.1366638530572, 41.554518134114105 ], [ 127.128395623890469, 41.607434800780979 ], [ 127.085400832223627, 41.643815009114462 ], [ 127.061267938343349, 41.687352403320361 ], [ 127.006904331572287, 41.74205190690131 ], [ 126.954762811389799, 41.769492092448289 ], [ 126.903499790556282, 41.781067613281678 ], [ 126.847275832222692, 41.747994696614867 ], [ 126.787744582222444, 41.718229071614758 ], [ 126.743096144722301, 41.724843654948117 ], [ 126.72159874888888, 41.716575425781414 ], [ 126.697000767117913, 41.691874091145905 ], [ 126.601244338081074, 41.640972805338407 ], [ 126.578351678575814, 41.594360663411138 ], [ 126.540111118679818, 41.495555324869073 ], [ 126.513549432481796, 41.394011135415539 ], [ 126.490398390815017, 41.358070176756542 ], [ 126.451434360866926, 41.351843166665375 ], [ 126.411850213731384, 41.321328233397026 ], [ 126.328702834173725, 41.225700995440903 ], [ 126.253616978053685, 41.137799384112427 ], [ 126.144476353053221, 41.078268134112193 ], [ 126.093213332219705, 41.023697821611975 ], [ 126.066754998886267, 40.974088446611773 ], [ 125.989033644719257, 40.904635321611494 ], [ 125.874932082218834, 40.892232977861454 ], [ 125.784033237817425, 40.872027492835329 ], [ 125.728274367374468, 40.866704820309266 ], [ 125.70851476185581, 40.852873096446196 ], [ 125.688225132348293, 40.838670355790924 ], [ 125.659234653832527, 40.795882269853252 ], [ 125.645075311384574, 40.778958238277667 ], [ 125.593812290551, 40.778958238277667 ], [ 125.542549269717483, 40.742578029944184 ], [ 125.416872186383671, 40.659895738277186 ], [ 125.314449497581165, 40.644625352534945 ], [ 125.185878534038977, 40.589383246414926 ], [ 125.072913853048931, 40.547447821610078 ], [ 125.025991652527921, 40.523883368484974 ], [ 125.013382603048683, 40.497838446609876 ], [ 124.996846144715278, 40.46476552994308 ], [ 124.942275832215103, 40.45815094660972 ], [ 124.889359165548228, 40.459804592443049 ], [ 124.77195031138109, 40.38373688410941 ], [ 124.712419061380842, 40.319244696609161 ], [ 124.481011997577809, 40.181656195632044 ], [ 124.386650832212865, 40.104270738274963 ], [ 124.362109374999989, 40.004052734374994 ], [ 124.35, 40.011572265624999 ], [ 124.267480468750023, 39.924169921874999 ], [ 124.105761718749989, 39.841015625 ], [ 123.760156250000023, 39.822412109374994 ], [ 123.65087890625, 39.881591796875 ], [ 123.611230468750023, 39.8408203125 ], [ 123.580664062500034, 39.7861328125 ], [ 123.490039062499989, 39.767871093749996 ], [ 123.34814453125, 39.762939453125 ], [ 123.268945312500023, 39.726904296874999 ], [ 123.2265625, 39.686621093749999 ], [ 123.0322265625, 39.673535156249997 ], [ 122.9609375, 39.619921875 ], [ 122.840039062500011, 39.600830078125 ], [ 122.334863281250023, 39.366113281249994 ], [ 122.225, 39.267333984375 ], [ 122.120898437499989, 39.151904296874996 ], [ 122.047656249999989, 39.093798828124996 ], [ 121.982324218750023, 39.053173828124997 ], [ 121.922656249999989, 39.036523437499994 ], [ 121.864355468750034, 38.996484375 ], [ 121.80517578125, 38.99140625 ], [ 121.744824218750011, 39.009667968749994 ], [ 121.67724609375, 39.00341796875 ], [ 121.6328125, 38.954833984375 ], [ 121.67041015625, 38.891796875 ], [ 121.64990234375, 38.865087890624999 ], [ 121.517187500000034, 38.830761718749997 ], [ 121.320117187499989, 38.808203125 ], [ 121.236328125, 38.766943359374999 ], [ 121.207421875000023, 38.743505859374999 ], [ 121.16357421875, 38.731640625 ], [ 121.121679687500034, 38.81328125 ], [ 121.106738281249989, 38.920800781249994 ], [ 121.188281249999989, 38.946679687499994 ], [ 121.263281250000034, 38.960253906249996 ], [ 121.679882812500011, 39.108691406249996 ], [ 121.627636718750011, 39.220166015624997 ], [ 121.66455078125, 39.26875 ], [ 121.7578125, 39.347558593749994 ], [ 121.818457031250034, 39.386523437499996 ], [ 121.785449218749989, 39.400830078124997 ], [ 121.5125, 39.374853515624999 ], [ 121.355664062500011, 39.376806640624999 ], [ 121.275488281250034, 39.384765625 ], [ 121.2998046875, 39.452197265624996 ], [ 121.286328125000011, 39.519433593749994 ], [ 121.267480468750023, 39.544677734375 ], [ 121.406445312500011, 39.621240234374994 ], [ 121.469531249999989, 39.64013671875 ], [ 121.517578125, 39.638964843749996 ], [ 121.514257812500034, 39.685253906249997 ], [ 121.474218750000034, 39.7548828125 ], [ 121.517382812499989, 39.844824218749999 ], [ 121.800976562500011, 39.950537109374999 ], [ 121.868945312499989, 40.04638671875 ], [ 121.982812500000023, 40.135839843749999 ], [ 122.19091796875, 40.358251953124999 ], [ 122.203320312500011, 40.396044921874996 ], [ 122.263867187500011, 40.500195312499997 ], [ 122.275, 40.541845703124999 ], [ 122.1787109375, 40.602734375 ], [ 122.140429687499989, 40.688183593749997 ], [ 121.858789062500023, 40.842089843749996 ], [ 121.834863281250023, 40.974267578124994 ], [ 121.80859375, 40.968505859375 ], [ 121.765625, 40.875878906249994 ], [ 121.729296874999989, 40.846142578124997 ], [ 121.598925781249989, 40.843408203124994 ], [ 121.537109375, 40.87841796875 ], [ 121.174511718750011, 40.901269531249994 ], [ 121.0859375, 40.841601562499996 ], [ 121.0029296875, 40.749121093749999 ], [ 120.922265625000023, 40.68310546875 ], [ 120.84130859375, 40.64921875 ], [ 120.770703125000011, 40.5890625 ], [ 120.479101562500034, 40.23095703125 ], [ 120.368945312499989, 40.203857421875 ], [ 119.850390624999989, 39.987451171874994 ], [ 119.849388160840547, 39.987123247158429 ], [ 119.591113281249989, 39.902636718749996 ], [ 119.39111328125, 39.752490234374996 ], [ 119.322363281250034, 39.66162109375 ], [ 119.261328125000034, 39.560888671874999 ], [ 119.224609375, 39.408056640624999 ], [ 119.040136718750034, 39.222363281249997 ], [ 118.976953125000023, 39.182568359374997 ], [ 118.912304687500011, 39.16640625 ], [ 118.826464843749989, 39.172119140625 ], [ 118.75244140625, 39.160498046874999 ], [ 118.626367187500023, 39.176855468749999 ], [ 118.471972656249989, 39.118017578124999 ], [ 118.2978515625, 39.067089843749997 ], [ 118.147851562500023, 39.195068359375 ], [ 118.040917968750023, 39.226757812499997 ], [ 118.009538827137177, 39.220399775723926 ], [ 117.86572265625, 39.191259765624999 ], [ 117.78466796875, 39.134472656249997 ], [ 117.61669921875, 38.852880859374999 ], [ 117.553808593750034, 38.691455078124996 ], [ 117.557812500000011, 38.625146484374994 ], [ 117.656054687499989, 38.42421875 ], [ 117.766699218750034, 38.311669921874994 ], [ 117.83893488467568, 38.27434437223166 ], [ 118.014941406249989, 38.183398437499996 ], [ 118.543261718749989, 38.094921875 ], [ 118.667089843750034, 38.126367187499994 ], [ 118.8, 38.126660156249997 ], [ 118.940039062500034, 38.042773437499996 ], [ 119.027539062500011, 37.904003906249997 ], [ 119.03564453125, 37.809179687499999 ], [ 119.038476562500023, 37.776513671874994 ], [ 119.0703125, 37.748583984374996 ], [ 119.089160156249989, 37.700732421874996 ], [ 119.033496093749989, 37.661035156249994 ], [ 118.990820312500034, 37.641357421875 ], [ 118.954882812499989, 37.494091796874997 ], [ 118.95263671875, 37.331152343749999 ], [ 118.998144531250034, 37.277099609375 ], [ 119.11181640625, 37.201171875 ], [ 119.287402343749989, 37.13828125 ], [ 119.449902343750011, 37.124755859375 ], [ 119.760546874999989, 37.155078125 ], [ 119.8875, 37.253369140624997 ], [ 119.879980468750034, 37.295800781249994 ], [ 119.882910156250034, 37.350830078125 ], [ 120.155859375000034, 37.495019531249994 ], [ 120.3115234375, 37.622705078124994 ], [ 120.287109375, 37.656494140625 ], [ 120.257226562500023, 37.679003906249996 ], [ 120.28466796875, 37.692089843749997 ], [ 120.3701171875, 37.701025390624999 ], [ 120.75, 37.833935546874997 ], [ 121.049023437500011, 37.725195312499999 ], [ 121.219531249999989, 37.600146484374996 ], [ 121.388085937500023, 37.578955078124999 ], [ 121.505273437500023, 37.515039062499994 ], [ 121.640234375000034, 37.460351562499994 ], [ 121.81640625, 37.456640625 ], [ 121.96484375, 37.4453125 ], [ 122.010156250000023, 37.495751953124994 ], [ 122.056640625, 37.52890625 ], [ 122.109570312500011, 37.522314453124999 ], [ 122.169140625000011, 37.456152343749999 ], [ 122.337695312499989, 37.4052734375 ], [ 122.493261718750034, 37.407958984375 ], [ 122.602343749999989, 37.426416015624994 ], [ 122.6669921875, 37.40283203125 ], [ 122.573339843750034, 37.317919921874996 ], [ 122.587304687500023, 37.181103515624997 ], [ 122.515527343750023, 37.137841796874994 ], [ 122.446679687500023, 37.068115234375 ], [ 122.487402343750034, 37.022265625 ], [ 122.5234375, 37.002636718749997 ], [ 122.519726562500011, 36.946826171874996 ], [ 122.45703125, 36.915136718749999 ], [ 122.340917968750034, 36.832226562499997 ], [ 122.274218749999989, 36.833837890624999 ], [ 122.242285156250034, 36.849853515625 ], [ 122.2197265625, 36.879541015624994 ], [ 122.203222656250034, 36.927197265624997 ], [ 122.162402343749989, 36.958642578124994 ], [ 122.049511718750011, 36.970751953124996 ], [ 121.932714843750034, 36.95947265625 ], [ 121.669628906250011, 36.836376953124997 ], [ 121.4130859375, 36.738378906249999 ], [ 121.14404296875, 36.660449218749996 ], [ 121.053808593750034, 36.611376953124996 ], [ 120.989941406250011, 36.597949218749996 ], [ 120.878515625000034, 36.63515625 ], [ 120.810839843749989, 36.6328125 ], [ 120.796679687499989, 36.607226562499996 ], [ 120.882617187499989, 36.538916015624999 ], [ 120.904980468750011, 36.485302734374997 ], [ 120.895800781249989, 36.444140625 ], [ 120.847070312500023, 36.426074218749996 ], [ 120.776171874999989, 36.456298828125 ], [ 120.711523437500034, 36.41328125 ], [ 120.682226562500034, 36.340722656249994 ], [ 120.680957031249989, 36.168359375 ], [ 120.637890625000011, 36.129931640624996 ], [ 120.519335937499989, 36.108691406249996 ], [ 120.39306640625, 36.053857421874994 ], [ 120.348242187500034, 36.079199218749999 ], [ 120.330273437500011, 36.110107421875 ], [ 120.343457031250011, 36.189453125 ], [ 120.327734375000034, 36.228173828124994 ], [ 120.270117187500034, 36.226171875 ], [ 120.183300781250011, 36.202441406249996 ], [ 120.116992187499989, 36.150292968749994 ], [ 120.094140625000023, 36.118896484375 ], [ 120.181445312499989, 36.017480468749994 ], [ 120.264746093750034, 36.007226562499994 ], [ 120.284765625000034, 35.984423828124996 ], [ 120.219042968749989, 35.934912109374999 ], [ 120.0546875, 35.861132812499996 ], [ 120.027441406250034, 35.799365234374996 ], [ 119.978710937500011, 35.740234375 ], [ 119.911718750000034, 35.693212890624999 ], [ 119.8662109375, 35.643652343749999 ], [ 119.810546875, 35.617724609374996 ], [ 119.7197265625, 35.588720703124999 ], [ 119.6083984375, 35.469873046874994 ], [ 119.526464843750034, 35.35859375 ], [ 119.4296875, 35.301416015624994 ], [ 119.352832031249989, 35.113818359374996 ], [ 119.295127160960433, 35.07083789647222 ], [ 119.2158203125, 35.011767578124996 ], [ 119.165332031249989, 34.848828125 ], [ 119.200976562499989, 34.7484375 ], [ 119.351367187499989, 34.749414062499994 ], [ 119.4267578125, 34.714160156249996 ], [ 119.582910156250023, 34.582226562499997 ], [ 119.769726562500011, 34.496191406249999 ], [ 119.963671874999989, 34.447802734374996 ], [ 120.201464843749989, 34.32568359375 ], [ 120.266699218750034, 34.274023437499999 ], [ 120.322656250000023, 34.168994140624996 ], [ 120.425683593750023, 33.866308593749999 ], [ 120.499804687499989, 33.716455078124994 ], [ 120.504785156250023, 33.63818359375 ], [ 120.615625, 33.490527343749996 ], [ 120.734472656250034, 33.236621093749996 ], [ 120.87109375, 33.016503906249994 ], [ 120.897363281250023, 32.843212890624997 ], [ 120.85302734375, 32.764111328124997 ], [ 120.853222656250011, 32.661376953125 ], [ 120.989941406250011, 32.567041015624994 ], [ 121.293359375000023, 32.457324218749996 ], [ 121.341699218750023, 32.425048828125 ], [ 121.400976562500034, 32.371923828124999 ], [ 121.403906250000034, 32.20625 ], [ 121.450781250000034, 32.1533203125 ], [ 121.490527343749989, 32.12109375 ], [ 121.674218750000023, 32.051025390625 ], [ 121.751074218750034, 31.992871093749997 ], [ 121.832421875000023, 31.899755859374999 ], [ 121.856347656250023, 31.816455078124996 ], [ 121.866308593750034, 31.703564453124997 ], [ 121.763574218750023, 31.699511718749996 ], [ 121.680859375000011, 31.712158203125 ], [ 121.351953125000023, 31.858789062499994 ], [ 121.266406249999989, 31.862695312499994 ], [ 121.145800781249989, 31.842333984374996 ], [ 120.973535156250023, 31.869384765625 ], [ 120.791699218750011, 32.03173828125 ], [ 120.660546875000023, 32.0810546875 ], [ 120.520117187500034, 32.105859375 ], [ 120.18408203125, 31.966162109374999 ], [ 120.098730468750034, 31.975976562499994 ], [ 120.073925781250011, 31.960253906249996 ], [ 120.035937499999989, 31.936279296875 ], [ 120.191601562500011, 31.906347656249999 ], [ 120.347460937499989, 31.952099609374997 ], [ 120.497167968750034, 32.019824218749996 ], [ 120.715527343750011, 31.983740234374999 ], [ 120.752246093749989, 31.9228515625 ], [ 120.787792968750011, 31.819775390624997 ], [ 120.9375, 31.750195312499997 ], [ 121.055371093750011, 31.719433593749997 ], [ 121.204882812499989, 31.628076171874994 ], [ 121.350976562500023, 31.4853515625 ], [ 121.66064453125, 31.319726562499994 ], [ 121.785937499999989, 31.162890625 ], [ 121.83447265625, 31.061621093749999 ], [ 121.8779296875, 30.9169921875 ], [ 121.769433593750023, 30.870361328125 ], [ 121.675195312500023, 30.86376953125 ], [ 121.527539062500011, 30.840966796874994 ], [ 121.4189453125, 30.789794921875 ], [ 121.309960937500023, 30.69970703125 ], [ 121.277609438505891, 30.685053764741866 ], [ 120.997656250000034, 30.558251953124994 ], [ 120.938281249999989, 30.4697265625 ], [ 120.8974609375, 30.392626953124996 ], [ 120.821484375000011, 30.354638671874994 ], [ 120.629980468750034, 30.390869140625 ], [ 120.449804687500034, 30.387841796874994 ], [ 120.245507812500023, 30.283544921874999 ], [ 120.194628906249989, 30.241308593749999 ], [ 120.228515625, 30.249560546874996 ], [ 120.260546874999989, 30.263037109374999 ], [ 120.3525390625, 30.247412109374999 ], [ 120.494531250000023, 30.303076171874999 ], [ 120.633398437500034, 30.133154296874999 ], [ 120.904492187500011, 30.16064453125 ], [ 121.159375, 30.3017578125 ], [ 121.258007812500011, 30.304101562499994 ], [ 121.340625, 30.282373046874994 ], [ 121.432714843750034, 30.226660156249999 ], [ 121.677929687500011, 29.979101562499999 ], [ 121.812304687499989, 29.9521484375 ], [ 121.9443359375, 29.894091796874996 ], [ 122.017285156250011, 29.8876953125 ], [ 122.082910156250023, 29.870361328125 ], [ 121.90576171875, 29.7796875 ], [ 121.676562499999989, 29.583789062499996 ], [ 121.574609375000023, 29.537011718749994 ], [ 121.50625, 29.484570312499997 ], [ 121.6904296875, 29.510986328125 ], [ 121.821875, 29.604638671874994 ], [ 121.887988281249989, 29.627783203124999 ], [ 121.941210937499989, 29.605908203124997 ], [ 121.968359375000034, 29.490625 ], [ 121.917773437499989, 29.135009765625 ], [ 121.853515625, 29.12890625 ], [ 121.790820312499989, 29.225683593749999 ], [ 121.717480468750011, 29.25634765625 ], [ 121.655957031250011, 29.236132812499996 ], [ 121.53369140625, 29.23671875 ], [ 121.487109374999989, 29.193164062499996 ], [ 121.447656250000023, 29.13134765625 ], [ 121.520898437500023, 29.118457031249996 ], [ 121.664941406250023, 29.010595703124999 ], [ 121.6796875, 28.953125 ], [ 121.641015625000023, 28.915917968749994 ], [ 121.5400390625, 28.931884765625 ], [ 121.6625, 28.851416015624999 ], [ 121.630078125000011, 28.767919921874999 ], [ 121.59033203125, 28.734814453124997 ], [ 121.519140625000034, 28.713671875 ], [ 121.475195312500034, 28.64140625 ], [ 121.5380859375, 28.52109375 ], [ 121.60205078125, 28.366601562499994 ], [ 121.609960937500034, 28.292138671874994 ], [ 121.509960937500011, 28.324267578124996 ], [ 121.354589843750034, 28.229882812499994 ], [ 121.272265624999989, 28.222119140624997 ], [ 121.216796875, 28.34619140625 ], [ 121.145703125000011, 28.32666015625 ], [ 121.098437499999989, 28.29052734375 ], [ 121.035449218749989, 28.157275390624996 ], [ 120.958593750000034, 28.037011718749994 ], [ 120.892480468750023, 28.00390625 ], [ 120.81298828125, 28.013378906249997 ], [ 120.747656250000034, 28.009960937499997 ], [ 120.763476562499989, 27.977441406249994 ], [ 120.8330078125, 27.937792968749996 ], [ 120.8330078125, 27.891455078124999 ], [ 120.685156250000034, 27.744580078124997 ], [ 120.661328125000011, 27.687890625 ], [ 120.664843749999989, 27.639453125 ], [ 120.5875, 27.580761718749997 ], [ 120.629101562500011, 27.482128906249997 ], [ 120.607519531250034, 27.412402343749996 ], [ 120.539843749999989, 27.318359375 ], [ 120.468652343750023, 27.25625 ], [ 120.423805379932489, 27.202522191431161 ], [ 120.384570312499989, 27.155517578125 ], [ 120.278710937500023, 27.097070312499994 ], [ 120.138574218750023, 26.886132812499994 ], [ 120.097460937499989, 26.780664062499994 ], [ 120.086718749999989, 26.671582031249997 ], [ 120.04296875, 26.633837890624996 ], [ 119.9677734375, 26.586376953124997 ], [ 119.882226562500023, 26.610449218749999 ], [ 119.879492187500034, 26.683007812499994 ], [ 119.842382812500034, 26.689306640624999 ], [ 119.8212890625, 26.736914062499999 ], [ 119.815136718750011, 26.797607421875 ], [ 119.82421875, 26.846386718749997 ], [ 119.788671875000034, 26.831494140624997 ], [ 119.766699218750034, 26.774707031249996 ], [ 119.71044921875, 26.728662109374994 ], [ 119.651562500000011, 26.747265625 ], [ 119.588183593749989, 26.784960937499996 ], [ 119.589941406250034, 26.73046875 ], [ 119.623632812500034, 26.675878906249999 ], [ 119.63818359375, 26.621191406249999 ], [ 119.725976562500023, 26.609423828124996 ], [ 119.784765625000034, 26.546630859375 ], [ 119.831152343750034, 26.4501953125 ], [ 119.84033203125, 26.414160156249999 ], [ 119.87646484375, 26.370947265624999 ], [ 119.881054687500011, 26.334179687499997 ], [ 119.797265625000023, 26.300146484374999 ], [ 119.692675781249989, 26.236425781249999 ], [ 119.567089843750011, 26.12734375 ], [ 119.463085937500011, 26.0546875 ], [ 119.369726562500034, 26.054052734374999 ], [ 119.313085937500034, 26.062548828124996 ], [ 119.232128906250011, 26.104394531249994 ], [ 119.139453124999989, 26.121777343749997 ], [ 119.263769531250034, 25.974804687499997 ], [ 119.33203125, 25.94873046875 ], [ 119.417773437499989, 25.954345703125 ], [ 119.500878906250023, 26.009179687499994 ], [ 119.61875, 26.003564453124994 ], [ 119.648242187499989, 25.918701171875 ], [ 119.616894531250011, 25.822900390624994 ], [ 119.552832031250034, 25.698681640624997 ], [ 119.539453125000023, 25.591259765624997 ], [ 119.619140625, 25.437451171874997 ], [ 119.622460937500023, 25.391162109375003 ], [ 119.5927734375, 25.368017578124991 ], [ 119.499218750000011, 25.408642578124997 ], [ 119.421777343750023, 25.459619140624994 ], [ 119.34375, 25.4462890625 ], [ 119.263085937500023, 25.468017578125 ], [ 119.180078125000023, 25.449804687499991 ], [ 119.146289062499989, 25.414306640625 ], [ 119.169335937500023, 25.355712890625 ], [ 119.243554687500023, 25.30703125 ], [ 119.285546875000023, 25.232226562500003 ], [ 119.235546875000011, 25.205957031249994 ], [ 119.024609375000011, 25.2234375 ], [ 118.9775390625, 25.209277343750003 ], [ 118.914453125000023, 25.126806640624991 ], [ 118.955664062500034, 25.004785156249994 ], [ 118.909082031250023, 24.92890625 ], [ 118.822070312499989, 24.9111328125 ], [ 118.70751953125, 24.849804687499997 ], [ 118.636914062500011, 24.835546875 ], [ 118.640234375000034, 24.80908203125 ], [ 118.691796875000023, 24.782324218749991 ], [ 118.719140625000023, 24.746142578125003 ], [ 118.657031249999989, 24.621435546874991 ], [ 118.560351562499989, 24.580371093750003 ], [ 118.412011718750023, 24.600732421874994 ], [ 118.295312500000023, 24.57275390625 ], [ 118.194531250000011, 24.625830078124991 ], [ 118.087109375000011, 24.627001953125003 ], [ 118.013867187500011, 24.559912109374991 ], [ 118.005957031250034, 24.481982421875003 ], [ 117.93505859375, 24.47421875 ], [ 117.896875, 24.479833984374991 ], [ 117.842675781250023, 24.474316406249997 ], [ 117.848242187500034, 24.432470703124991 ], [ 117.879003906250034, 24.395898437499994 ], [ 118.024218749999989, 24.379638671875 ], [ 118.050585937499989, 24.3271484375 ], [ 118.056054687500023, 24.24609375 ], [ 117.904101562499989, 24.1064453125 ], [ 117.839453125000034, 24.012304687499991 ], [ 117.74169921875, 24.014794921874994 ], [ 117.667871093750023, 23.939257812500003 ], [ 117.628222656249989, 23.83671875 ], [ 117.579199218750034, 23.856982421875003 ], [ 117.466406250000034, 23.840576171875 ], [ 117.43310546875, 23.791699218749997 ], [ 117.459570312500034, 23.771484375 ], [ 117.462207031249989, 23.736230468749994 ], [ 117.4169921875, 23.620996093749994 ], [ 117.36767578125, 23.588623046875 ], [ 117.3466796875, 23.6357421875 ], [ 117.330761718750011, 23.708789062500003 ], [ 117.290820312499989, 23.71435546875 ], [ 117.225, 23.647021484375003 ], [ 117.175049268284937, 23.615667403730459 ], [ 117.148144531250011, 23.598779296874994 ], [ 117.08251953125, 23.578759765624994 ], [ 117.032812500000034, 23.6234375 ], [ 116.91064453125, 23.646679687499997 ], [ 116.860937500000034, 23.453076171874997 ], [ 116.759570312499989, 23.382519531249997 ], [ 116.712109375000011, 23.360498046874994 ], [ 116.62939453125, 23.353857421874991 ], [ 116.682324218750011, 23.327392578125 ], [ 116.698828125000034, 23.277783203124997 ], [ 116.669140625000011, 23.228173828124994 ], [ 116.58642578125, 23.21826171875 ], [ 116.538281250000011, 23.1796875 ], [ 116.519824218749989, 23.006591796875 ], [ 116.470703125, 22.945898437499991 ], [ 116.345507812499989, 22.941064453124994 ], [ 116.251855468750023, 22.981347656249994 ], [ 116.222070312500023, 22.949560546874991 ], [ 116.206347656249989, 22.918652343749997 ], [ 116.157421875000011, 22.887451171875 ], [ 116.062597656250034, 22.879101562499997 ], [ 115.852148437500034, 22.8015625 ], [ 115.755859375, 22.823925781249997 ], [ 115.640429687499989, 22.853417968749994 ], [ 115.561132812500034, 22.82470703125 ], [ 115.53466796875, 22.765185546875003 ], [ 115.498339843749989, 22.718847656249991 ], [ 115.382519531250011, 22.718847656249991 ], [ 115.289941406250023, 22.775976562499991 ], [ 115.19580078125, 22.817285156249994 ], [ 115.091503906250011, 22.781689453124997 ], [ 115.012109375000023, 22.708935546874997 ], [ 114.914453125000023, 22.684619140625003 ], [ 114.896386718750023, 22.639501953124991 ], [ 114.853808593749989, 22.616796875 ], [ 114.750390625000023, 22.626318359374991 ], [ 114.711132812500011, 22.738720703124997 ], [ 114.651660156249989, 22.755273437499994 ], [ 114.5927734375, 22.6984375 ], [ 114.571972656250011, 22.654052734375 ], [ 114.54443359375, 22.62060546875 ], [ 114.55419921875, 22.52890625 ], [ 114.496191406250034, 22.527050781249997 ], [ 114.420117187500011, 22.583251953125 ], [ 114.340625, 22.593212890624997 ], [ 114.266015625000023, 22.540966796874997 ], [ 114.22820112514097, 22.553946641525073 ], [ 114.18820356654706, 22.565005398035524 ], [ 114.122884556130145, 22.565005398035524 ], [ 114.097873162900868, 22.551259467045895 ], [ 114.050330845192349, 22.542991237879193 ], [ 114.018291457171387, 22.514440009037926 ], [ 114.015397576963039, 22.511907863855626 ], [ 113.93115234375, 22.531054687500003 ], [ 113.828320312500011, 22.607226562500003 ], [ 113.754492187500034, 22.733642578125 ], [ 113.6611328125, 22.801660156249994 ], [ 113.61962890625, 22.861425781249991 ], [ 113.603417968750023, 22.968896484374994 ], [ 113.586328125000023, 23.02001953125 ], [ 113.592187500000023, 23.076953125 ], [ 113.620507812500023, 23.127490234375003 ], [ 113.519726562500011, 23.102099609375003 ], [ 113.4453125, 23.055078125 ], [ 113.460351562500023, 22.995703125 ], [ 113.44189453125, 22.940576171874994 ], [ 113.3310546875, 22.912011718749994 ], [ 113.337792968750023, 22.888818359374994 ], [ 113.344824218750034, 22.864599609374991 ], [ 113.432031250000023, 22.789404296874991 ], [ 113.449804687500034, 22.726123046875003 ], [ 113.484765625000023, 22.6923828125 ], [ 113.553027343749989, 22.594042968750003 ], [ 113.551464843750011, 22.404150390624991 ], [ 113.5888671875, 22.350488281249994 ], [ 113.576464843749989, 22.297265625 ], [ 113.54813927617991, 22.222623195885717 ], [ 113.527055291804828, 22.245929266849359 ], [ 113.494189080867216, 22.241536770104545 ], [ 113.481063267065053, 22.217455552656531 ], [ 113.478946691169199, 22.196088215041254 ], [ 113.415722656250011, 22.178369140624994 ], [ 113.367382812500011, 22.16484375 ], [ 113.327734375000034, 22.145410156249994 ], [ 113.266406249999989, 22.088769531249994 ], [ 113.149023437500034, 22.075 ], [ 113.088769531250023, 22.207958984374997 ], [ 113.008203125000023, 22.119335937499997 ], [ 112.983789062500023, 21.938232421875 ], [ 112.953906249999989, 21.907324218749991 ], [ 112.90380859375, 21.881445312499991 ], [ 112.80859375, 21.944628906250003 ], [ 112.725390624999989, 21.90234375 ], [ 112.660742187500034, 21.859472656249991 ], [ 112.634082031249989, 21.819873046875003 ], [ 112.586328125000023, 21.77685546875 ], [ 112.494726562500034, 21.818310546874997 ], [ 112.421289062500023, 21.880615234375 ], [ 112.439453125, 21.92734375 ], [ 112.429296875000034, 21.958105468749991 ], [ 112.396093750000034, 21.981347656249994 ], [ 112.359667968749989, 21.97802734375 ], [ 112.37744140625, 21.91748046875 ], [ 112.389746093750034, 21.801220703124997 ], [ 112.3564453125, 21.767578125 ], [ 112.304980468749989, 21.74169921875 ], [ 112.193359375, 21.763134765624997 ], [ 112.1171875, 21.806494140624991 ], [ 112.025195312499989, 21.843017578125 ], [ 111.943945312500034, 21.849658203125003 ], [ 111.926464843750011, 21.776269531249994 ], [ 111.873437500000023, 21.717138671874991 ], [ 111.824609375000023, 21.709765625 ], [ 111.775976562500034, 21.71923828125 ], [ 111.7119140625, 21.655224609374997 ], [ 111.681640625, 21.608496093749991 ], [ 111.602734375000011, 21.55908203125 ], [ 111.392382812499989, 21.535107421874997 ], [ 111.319140624999989, 21.486132812500003 ], [ 111.220605468750023, 21.493896484375 ], [ 111.144238281250011, 21.482226562500003 ], [ 111.1005859375, 21.484716796874991 ], [ 111.061132812500034, 21.510986328125 ], [ 111.016894531249989, 21.51171875 ], [ 110.996777343750011, 21.430273437499991 ], [ 110.878027343750034, 21.395947265624997 ], [ 110.771093750000034, 21.386523437500003 ], [ 110.652148437499989, 21.279101562500003 ], [ 110.567187499999989, 21.2140625 ], [ 110.504296875000023, 21.207421875 ], [ 110.4580078125, 21.230566406249991 ], [ 110.4345703125, 21.326904296875 ], [ 110.410937499999989, 21.338134765625 ], [ 110.3974609375, 21.247705078124994 ], [ 110.374609375000034, 21.17236328125 ], [ 110.331152343750034, 21.13134765625 ], [ 110.193554687500011, 21.037646484375003 ], [ 110.154003906250011, 20.944628906250003 ], [ 110.180371093750011, 20.85859375 ], [ 110.365429687500011, 20.837597656249997 ], [ 110.388476562499989, 20.79052734375 ], [ 110.370507812500023, 20.752050781249991 ], [ 110.326171875, 20.719921875 ], [ 110.313085937500034, 20.671679687500003 ], [ 110.511523437499989, 20.518261718749997 ], [ 110.517578125, 20.460009765625003 ], [ 110.486914062500034, 20.426855468749991 ], [ 110.449511718749989, 20.355419921874997 ], [ 110.3447265625, 20.294824218749994 ], [ 110.123144531250034, 20.263720703125003 ], [ 109.9384765625, 20.295117187499997 ], [ 109.882519531250011, 20.3640625 ], [ 109.885839843750034, 20.413134765625003 ], [ 109.931640625, 20.398876953124997 ], [ 109.98388671875, 20.403271484374997 ], [ 109.968359375000034, 20.448144531249994 ], [ 109.946386718750034, 20.474365234375 ], [ 109.861035156250011, 20.514306640624994 ], [ 109.7919921875, 20.621875 ], [ 109.805273437500034, 20.711474609375003 ], [ 109.767382812499989, 20.780712890624997 ], [ 109.726269531250011, 20.838769531249994 ], [ 109.684765625000011, 20.873632812499991 ], [ 109.66259765625, 20.916894531249994 ], [ 109.704492187500023, 21.052734375 ], [ 109.68125, 21.131640625 ], [ 109.760156250000023, 21.228369140624991 ], [ 109.779589843749989, 21.337451171875003 ], [ 109.921093750000011, 21.37646484375 ], [ 109.930761718750034, 21.480566406249991 ], [ 109.82958984375, 21.48359375 ], [ 109.759375, 21.56005859375 ], [ 109.743359375000011, 21.527978515624994 ], [ 109.686914062500023, 21.524609375 ] ] ], [ [ [ 112.558984375000023, 21.674755859374997 ], [ 112.647656250000011, 21.710253906250003 ], [ 112.64375, 21.6396484375 ], [ 112.545605468750011, 21.618505859374991 ], [ 112.525, 21.623046875 ], [ 112.558984375000023, 21.674755859374997 ] ] ], [ [ [ 112.771093750000034, 21.581835937500003 ], [ 112.741992187499989, 21.618066406249994 ], [ 112.733496093750034, 21.669921875 ], [ 112.712695312499989, 21.697949218749997 ], [ 112.760546874999989, 21.733251953124991 ], [ 112.782031249999989, 21.772265625 ], [ 112.839062500000011, 21.764501953124991 ], [ 112.862597656249989, 21.752636718749997 ], [ 112.812597656250034, 21.712158203125 ], [ 112.800683593750023, 21.694873046875003 ], [ 112.790234375000011, 21.601855468750003 ], [ 112.771093750000034, 21.581835937500003 ] ] ], [ [ [ 113.426074218749989, 22.85859375 ], [ 113.404394531250034, 22.90283203125 ], [ 113.464941406250034, 22.904541015625 ], [ 113.5205078125, 22.85205078125 ], [ 113.555273437500034, 22.80419921875 ], [ 113.563671875000011, 22.757910156249991 ], [ 113.485644531249989, 22.828320312499997 ], [ 113.46337890625, 22.832373046874991 ], [ 113.426074218749989, 22.85859375 ] ] ], [ [ [ 118.090527343750011, 24.446142578124991 ], [ 118.088769531250023, 24.488867187499991 ], [ 118.076757812500034, 24.501416015624997 ], [ 118.092968750000011, 24.541210937499997 ], [ 118.103808593749989, 24.55234375 ], [ 118.170703124999989, 24.518505859374997 ], [ 118.183007812500023, 24.496289062499997 ], [ 118.149511718750034, 24.436132812499991 ], [ 118.090527343750011, 24.446142578124991 ] ] ], [ [ [ 119.820898437500034, 25.456982421874997 ], [ 119.746679687500034, 25.410693359375003 ], [ 119.700292968750034, 25.432714843749991 ], [ 119.699414062500011, 25.494726562499991 ], [ 119.723046875000023, 25.550585937500003 ], [ 119.695996093750011, 25.590869140625003 ], [ 119.722558593750023, 25.638818359374994 ], [ 119.777929687500034, 25.653173828124991 ], [ 119.797460937500034, 25.623242187499997 ], [ 119.828710937500034, 25.607373046874997 ], [ 119.83837890625, 25.591064453125 ], [ 119.838671874999989, 25.559667968749991 ], [ 119.80908203125, 25.5078125 ], [ 119.832421875000023, 25.479589843749991 ], [ 119.820898437500034, 25.456982421874997 ] ] ], [ [ [ 121.133984375000011, 28.13525390625 ], [ 121.205468750000023, 28.204394531249996 ], [ 121.234375, 28.181298828124994 ], [ 121.2509765625, 28.145214843749997 ], [ 121.251367187500023, 28.08642578125 ], [ 121.164257812500011, 28.0625 ], [ 121.131542968750011, 28.062597656249999 ], [ 121.133984375000011, 28.13525390625 ] ] ], [ [ [ 122.042675781250011, 29.7359375 ], [ 122.062304687499989, 29.772753906249996 ], [ 122.11962890625, 29.7822265625 ], [ 122.1650390625, 29.70078125 ], [ 122.172558593750011, 29.679003906249996 ], [ 122.169042968750034, 29.660253906249999 ], [ 122.083789062499989, 29.725341796875 ], [ 122.042675781250011, 29.7359375 ] ] ], [ [ [ 122.350976562500023, 29.955224609374994 ], [ 122.401562500000011, 29.950244140624996 ], [ 122.403906250000034, 29.892382812499996 ], [ 122.39404296875, 29.84609375 ], [ 122.367578125000023, 29.852685546874994 ], [ 122.331835937499989, 29.934960937499994 ], [ 122.350976562500023, 29.955224609374994 ] ] ], [ [ [ 121.977832031249989, 30.063818359374999 ], [ 121.969433593750011, 30.143115234374996 ], [ 122.110546875000011, 30.139746093749999 ], [ 122.284472656249989, 30.068017578124994 ], [ 122.322265625, 30.031396484374994 ], [ 122.2958984375, 29.963427734374996 ], [ 122.281542968749989, 29.94384765625 ], [ 122.157812500000034, 30.001269531249996 ], [ 122.024023437500034, 30.013330078124994 ], [ 121.977832031249989, 30.063818359374999 ] ] ], [ [ [ 121.519921875000023, 31.549609375 ], [ 121.33642578125, 31.64375 ], [ 121.226855468749989, 31.758105468749996 ], [ 121.211132812500011, 31.805371093749997 ], [ 121.338964843750034, 31.79736328125 ], [ 121.464160156249989, 31.756445312499999 ], [ 121.491796875000034, 31.693652343749996 ], [ 121.542285156249989, 31.673925781249999 ], [ 121.576562500000023, 31.637304687499999 ], [ 121.808300781250011, 31.552148437499994 ], [ 121.843652343750023, 31.5263671875 ], [ 121.862695312500023, 31.492285156249999 ], [ 121.780468750000011, 31.463769531249994 ], [ 121.519921875000023, 31.549609375 ] ] ] ] } }
]
}
