{
"type": "FeatureCollection",
"name": "inset_boundaries",
"crs": { "type": "name", "properties": { "name": "urn:ogc:def:crs:OGC:1.3:CRS84" } },
"features": [
{ "type": "Feature", "properties": { "featurecla": "International boundary (verify)" }, "geometry": { "type": "LineString", "coordinates": [ [ 100.122498813886637, 20.316641343664557 ], [ 100.003643019615311, 20.379583238196062 ], [ 99.954240350344293, 20.415446682206621 ], [ 99.890368280031538, 20.424412543209257 ], [ 99.825255975343765, 20.384492499263786 ], [ 99.773372837322739, 20.341291001867774 ], [ 99.72014611206211, 20.32542633715417 ], [ 99.638704054770102, 20.320465399654154 ], [ 99.531630487061335, 20.342841294836532 ], [ 99.458870070394397, 20.363046779862657 ], [ 99.447966343180809, 20.35206553800063 ], [ 99.487498813884088, 20.260624091060166 ], [ 99.50165815633207, 20.187734483312482 ], [ 99.485896844483051, 20.149855658442533 ], [ 99.45153201700893, 20.118307196528349 ], [ 99.399235467529564, 20.093450832595963 ], [ 99.337947218831403, 20.078929755121933 ], [ 99.283686964924925, 20.080402533442253 ], [ 99.196922235106882, 20.115154934158539 ], [ 99.130776401773289, 20.116601874262713 ], [ 99.074190708413681, 20.099367784093374 ], [ 99.039774204507296, 20.073658759028163 ], [ 99.020653924559298, 20.041774400304078 ], [ 98.987374302163346, 19.861397813389303 ], [ 98.957970412189269, 19.804941311110426 ], [ 98.91673261922034, 19.772901923089464 ], [ 98.875804884845195, 19.769594631422791 ], [ 98.819529250079341, 19.778482977776989 ], [ 98.760618117266603, 19.771067409743097 ], [ 98.493864373775949, 19.701330064365223 ], [ 98.454952020260151, 19.694457098870402 ], [ 98.371287876379625, 19.689186102776631 ], [ 98.293669875077228, 19.687248236565679 ], [ 98.239047886144704, 19.690684719313097 ], [ 98.111045363357761, 19.762153225172753 ], [ 98.049033644607505, 19.769749660719654 ], [ 98.015030552159459, 19.749492499261251 ], [ 97.991259393305171, 19.653710232008265 ], [ 97.916431919346564, 19.592861232984575 ], [ 97.816799757887821, 19.459975287346026 ], [ 97.793493686924194, 19.265852769441608 ], [ 97.803880649814857, 19.130486355053037 ], [ 97.714170363356146, 18.996463527904069 ], [ 97.706057163486321, 18.931790472890782 ], [ 97.754012892653179, 18.620827541574442 ], [ 97.74584801635109, 18.588168036365971 ], [ 97.727709588616619, 18.572019151274759 ], [ 97.671588983147643, 18.561244615141916 ], [ 97.577331170647284, 18.528714301014176 ], [ 97.515112746167858, 18.497734279855194 ], [ 97.484933709709395, 18.494220282459352 ], [ 97.397032098380919, 18.51752635342298 ], [ 97.373932733146461, 18.517965603097466 ], [ 97.380650669344419, 18.494297797107791 ], [ 97.450827264396764, 18.359654852771314 ], [ 97.5237943867929, 18.295886135323144 ], [ 97.599345330803629, 18.302965806547121 ], [ 97.632263218173534, 18.290356757067912 ], [ 97.622444696038087, 18.258033148669341 ], [ 97.651590203850702, 18.173723049385146 ], [ 97.719699741611379, 18.037400620999193 ], [ 97.73995690306981, 17.935313829006589 ], [ 97.698564080804005, 17.833537095607753 ], [ 97.706418898512368, 17.797105210841977 ], [ 97.729053175856222, 17.775814520737725 ], [ 97.793028599033562, 17.681246649643597 ], [ 97.929351027419528, 17.533297023991963 ], [ 98.063089634190902, 17.373306789616322 ], [ 98.174607375076761, 17.239878241438703 ], [ 98.256566196691665, 17.14763580979772 ], [ 98.413074350828168, 17.0 ] ] } },
{ "type": "Feature", "properties": { "featurecla": "International boundary (verify)" }, "geometry": { "type": "MultiLineString", "coordinates": [ [ [ 103.091199744125561, 18.138253008310414 ], [ 103.092343377700558, 18.141399440986618 ], [ 103.090379673273617, 18.137058620674168 ], [ 103.091199744125561, 18.138253008310414 ] ], [ [ 103.091199744125561, 18.138253008310414 ], [ 103.148515659601856, 18.221730454984311 ], [ 103.199675327570844, 18.259454250557326 ], [ 103.263185662857552, 18.278471177640881 ], [ 103.279618768326486, 18.304981187406611 ], [ 103.2489229675449, 18.338984279854628 ], [ 103.251713494888691, 18.373478298409339 ], [ 103.288248732519151, 18.40841156663879 ], [ 103.366951938899604, 18.423320217354842 ], [ 103.487978143327268, 18.41815257412577 ], [ 103.629674920671505, 18.382547512276744 ], [ 103.79224897666171, 18.31647919359142 ], [ 103.898857456479789, 18.295291856351753 ], [ 103.949552036558316, 18.319011338773862 ], [ 104.048719110126228, 18.216717841052059 ], [ 104.196203647887387, 17.988359686754279 ], [ 104.322655877705643, 17.815812079331693 ], [ 104.428179152445523, 17.698971665919714 ], [ 104.539231805440807, 17.609287217677092 ], [ 104.655917189555851, 17.546732896387823 ], [ 104.739684686300961, 17.461673488835572 ], [ 104.816062453228369, 17.300287990787922 ], [ 104.759011671978101, 17.077149156151563 ], [ 104.752807477675603, 17.0 ] ], [ [ 100.122498813886637, 20.316641343664685 ], [ 100.114954054772113, 20.257678534419597 ], [ 100.139758742272193, 20.245431219966349 ], [ 100.174123569746314, 20.272768052648871 ], [ 100.218048537194363, 20.33958567960218 ], [ 100.266004266361278, 20.377309475175196 ], [ 100.317990757246889, 20.385887762935681 ], [ 100.373129510502224, 20.340360826086624 ], [ 100.431523878992039, 20.240728664627795 ], [ 100.491571893315268, 20.18409129483581 ], [ 100.519477166752836, 20.177915961177007 ], [ 100.539941033940465, 20.132363186111718 ], [ 100.543041619877954, 20.088696600825074 ], [ 100.514516229252763, 19.996350816319591 ], [ 100.466250441492264, 19.88891551358472 ], [ 100.397624139408549, 19.756107082594724 ], [ 100.420155063887933, 19.644485988844167 ], [ 100.513586053471556, 19.55348379157823 ], [ 100.625465529383462, 19.499843654859149 ], [ 100.743907912196448, 19.514752305575428 ], [ 100.806798130295647, 19.541934108961016 ], [ 100.858164503993805, 19.585058091708561 ], [ 100.906016880295965, 19.605366929599256 ], [ 100.966478306077533, 19.610792954989847 ], [ 101.154632196052205, 19.579218654859517 ], [ 101.211941359464049, 19.548341986565163 ], [ 101.220778029385883, 19.486614488192515 ], [ 101.197575311286869, 19.327916164624241 ], [ 101.226617466234813, 19.211540839102952 ], [ 101.279895867927735, 19.088912665274279 ], [ 101.286303745531882, 18.977136542226958 ], [ 101.220519647224364, 18.792755031809577 ], [ 101.165535923265793, 18.618295396392227 ], [ 101.106314731859356, 18.533546047433504 ], [ 101.060426059984195, 18.479027411365621 ], [ 101.046938511155986, 18.441975409412294 ], [ 101.050607537848748, 18.407042141183069 ], [ 101.092775506598969, 18.354538885974364 ], [ 101.13752729696364, 18.286868597888258 ], [ 101.148741082770925, 18.22214386644265 ], [ 101.143935174567787, 18.142613837145518 ], [ 101.113239373786428, 18.033524888577233 ], [ 100.998982781989071, 17.797182725490472 ], [ 100.908497349046002, 17.583862412989561 ], [ 100.955884637457643, 17.541126003484294 ], [ 101.04574995321326, 17.509965114812189 ], [ 101.105177850349037, 17.479527696192179 ], [ 101.167499627692962, 17.499009711166252 ], [ 101.299687941495506, 17.625022691309994 ], [ 101.413686151131515, 17.718737901271311 ], [ 101.555021193449647, 17.8123497583681 ], [ 101.563651157642539, 17.820514634670246 ], [ 101.687467889413767, 17.889399318915309 ], [ 101.744105259205753, 17.952702948472847 ], [ 101.774801059987112, 18.033421535712648 ], [ 101.818622674570577, 18.064634100817102 ], [ 101.875466750091505, 18.046418158434165 ], [ 101.947452020274113, 18.081480617744148 ], [ 102.034578485118288, 18.169847316963285 ], [ 102.101499464936182, 18.210645860257785 ], [ 102.148214959728193, 18.203876247627534 ], [ 102.231672397879436, 18.148970038317316 ], [ 102.351871779390422, 18.045927232327472 ], [ 102.458790317802254, 17.984638983629111 ], [ 102.552531365979746, 17.965105292222859 ], [ 102.598213332125795, 17.926761379462391 ], [ 102.596042921969456, 17.869607245347538 ], [ 102.61681684775084, 17.833330389878597 ], [ 102.660638462334305, 17.817956651271857 ], [ 102.680068800876143, 17.824106146714485 ], [ 102.675211216240655, 17.851753037990704 ], [ 102.717637567152224, 17.892241522691279 ], [ 102.807451206475605, 17.945571600816606 ], [ 102.898660109470711, 17.976887518785475 ], [ 102.991367629002241, 17.986240953030347 ], [ 103.051312290460885, 18.028512274644982 ], [ 103.091199744125561, 18.138253008310414 ] ] ] } },
{ "type": "Feature", "properties": { "featurecla": "International boundary (verify)" }, "geometry": { "type": "LineString", "coordinates": [ [ 102.127441033946724, 22.379202785730101 ], [ 102.183044875092776, 22.28404063566461 ], [ 102.301383905041178, 22.178155625898569 ], [ 102.44266727092716, 22.027131252525564 ], [ 102.487470737724209, 21.957755642173723 ], [ 102.582503696708955, 21.904322211183924 ], [ 102.609685500094486, 21.851741441326951 ], [ 102.631286248792492, 21.771332912680791 ], [ 102.640794712334213, 21.71143992765451 ], [ 102.661982049573879, 21.676041571534583 ], [ 102.695365024834416, 21.66208893481577 ], [ 102.738566522230428, 21.677953599529374 ], [ 102.771070998142022, 21.709657090740436 ], [ 102.798201125095261, 21.797946275311105 ], [ 102.815926141371364, 21.807377224204373 ], [ 102.845226678480856, 21.734771836834298 ], [ 102.876232537855969, 21.722291978435806 ], [ 102.917677036554068, 21.712938544190976 ], [ 102.949613071710445, 21.681364244060646 ], [ 102.959224888116722, 21.626225490805211 ], [ 102.948579543064596, 21.569794826742481 ], [ 102.909615513116535, 21.506336167888065 ], [ 102.887498000095604, 21.439957790609157 ], [ 102.872305129001802, 21.337509263590519 ], [ 102.85122114462672, 21.265937404866264 ], [ 102.883777296970578, 21.20260793709258 ], [ 103.104435662856901, 20.891645005776226 ], [ 103.210785760513573, 20.840640367104157 ], [ 103.463586867285414, 20.779843044512759 ], [ 103.5546407409837, 20.737855943275619 ], [ 103.635049269629832, 20.697083238197322 ], [ 103.714424269630172, 20.716926988197415 ], [ 103.790491977963796, 20.809531154864445 ], [ 103.882010939552714, 20.861414292885485 ], [ 104.052026401792972, 20.941202704344136 ], [ 104.101325718199405, 20.945491848224364 ], [ 104.19532514853833, 20.91394338631018 ], [ 104.349630975361862, 20.821080837481674 ], [ 104.461407098409182, 20.733747666908414 ], [ 104.53039513551883, 20.687962347897809 ], [ 104.583208449321148, 20.646698716712748 ], [ 104.5752502787482, 20.600241604082356 ], [ 104.532720574971989, 20.554869696530091 ], [ 104.478615350362389, 20.529599921139365 ], [ 104.407870314554799, 20.485726630123565 ], [ 104.367821079528596, 20.441388251217134 ], [ 104.392212355570365, 20.424774278235304 ], [ 104.496185337341615, 20.413663845292547 ], [ 104.618865187602523, 20.374493109615315 ], [ 104.65648563031101, 20.328501084875541 ], [ 104.661963332133951, 20.288994452388408 ], [ 104.676897821066291, 20.224708970617314 ], [ 104.698756951925759, 20.205330308507868 ], [ 104.812651808697069, 20.216828314692805 ], [ 104.84779178265552, 20.202462266515667 ], [ 104.888616164166109, 20.169105129471262 ], [ 104.929182163515236, 20.082805487543837 ], [ 104.927890252707925, 20.01813243253055 ], [ 104.845776401796144, 19.947180690993804 ], [ 104.815132277447077, 19.904030870030098 ], [ 104.801799757915774, 19.836153876214723 ], [ 104.743198683696789, 19.754737657138875 ], [ 104.58785932822741, 19.61875112556281 ], [ 104.546311476664727, 19.610560411044546 ], [ 104.259869012470887, 19.685517076083912 ], [ 104.127112257913069, 19.68084035896149 ], [ 104.062826776141975, 19.67843740485992 ], [ 104.03197594606371, 19.675130113193234 ], [ 104.013424106870929, 19.646475531487397 ], [ 104.051509637470048, 19.564154974846446 ], [ 104.06293012900656, 19.48258372647372 ], [ 104.027531772886618, 19.420468654858894 ], [ 103.932033726011241, 19.366079209871685 ], [ 103.896376987729838, 19.339982611564295 ], [ 103.891622755958991, 19.304971828686547 ], [ 103.918391147886183, 19.268514105704639 ], [ 104.006344435646952, 19.230919501212298 ], [ 104.10861209515258, 19.195572821524649 ], [ 104.445800815857041, 18.983828640208699 ], [ 104.517941115336498, 18.934064235911634 ], [ 104.613284132914998, 18.860632025624881 ], [ 104.716533644634183, 18.803400376861632 ], [ 104.993105910260283, 18.728314520741534 ], [ 105.115165643333683, 18.67886017503821 ], [ 105.146481561302551, 18.650980739816745 ], [ 105.145396356224438, 18.616796779855676 ], [ 105.113511997500353, 18.573026841704461 ], [ 105.087001987734624, 18.496235663318728 ], [ 105.085813429791898, 18.450114447498237 ], [ 105.114545526146173, 18.405285142485042 ], [ 105.163224725365126, 18.338725897693109 ], [ 105.27319217328224, 18.235373033109354 ], [ 105.333498569766846, 18.189639390531042 ], [ 105.400006138126486, 18.179252427640378 ], [ 105.458245477319423, 18.154292710843407 ], [ 105.518551873804057, 18.077449856025396 ], [ 105.588521763127233, 17.983708807847933 ], [ 105.597616815210614, 17.918286444566419 ], [ 105.627279087346153, 17.83441559495671 ], [ 105.691461216252662, 17.737858181219352 ], [ 105.779517856878016, 17.644453029851789 ], [ 105.902766147894113, 17.528646145085702 ], [ 105.973562860133995, 17.446997382064538 ], [ 106.006274041774759, 17.41526805263733 ], [ 106.269513787869556, 17.216778876204245 ], [ 106.333385858182311, 17.143682562727378 ], [ 106.425990024849341, 17.002528387922126 ], [ 106.430806603840992, 17.0 ] ] } },
{ "type": "Feature", "properties": { "featurecla": "International boundary (verify)" }, "geometry": { "type": "LineString", "coordinates": [ [ 101.138922560635478, 21.56746938728935 ], [ 101.080373162848787, 21.468664048747286 ], [ 100.927514276129443, 21.366215521728648 ], [ 100.819510532639413, 21.314203192626877 ], [ 100.756620314540214, 21.312652899658119 ], [ 100.703135207118123, 21.251390489176103 ], [ 100.659210239670017, 21.130390122964684 ], [ 100.613683302820874, 21.059335028563368 ], [ 100.566657749435279, 21.038173529539833 ], [ 100.536168654383061, 20.992388210529242 ], [ 100.522216017664277, 20.921927395099274 ], [ 100.549346144617488, 20.884229437742349 ], [ 100.617662388107362, 20.879268500242333 ], [ 100.622933384201133, 20.859553941322986 ], [ 100.565159132898827, 20.82511159920044 ], [ 100.493328892013096, 20.812993475827994 ], [ 100.407442661544025, 20.823225409421795 ], [ 100.326103957116601, 20.795681871010217 ], [ 100.249312778730882, 20.730259507728718 ], [ 100.183890415449383, 20.589105332923452 ], [ 100.129630161542906, 20.372219346594463 ], [ 100.122498813886637, 20.316641343664557 ] ] } },
{ "type": "Feature", "properties": { "featurecla": "International boundary (verify)" }, "geometry": { "type": "LineString", "coordinates": [ [ 92.574897495497055, 21.978090318280579 ], [ 92.582803989637711, 21.940314846275214 ], [ 92.584250929741899, 21.609017238852019 ], [ 92.593449334689836, 21.467346299723843 ], [ 92.625282016981629, 21.350738430257238 ], [ 92.631689894585833, 21.306193345621637 ], [ 92.59985721229404, 21.270149034098054 ], [ 92.568541294325172, 21.263327745035525 ], [ 92.539189080783387, 21.319810085530548 ], [ 92.471854689507069, 21.362985744710414 ], [ 92.372635939506665, 21.409029445882467 ], [ 92.330571323621086, 21.439776923096133 ], [ 92.279721714245881, 21.427581285075249 ], [ 92.208253208386225, 21.357869777913507 ], [ 92.179572788464213, 21.293119208251795 ], [ 92.192026808646574, 21.202272040282679 ], [ 92.214764438854985, 21.112690944904728 ], [ 92.264425490287493, 21.061453762287329 ], [ 92.268456252006246, 21.004687201414711 ], [ 92.286232944714641, 20.931590887937844 ], [ 92.31191613156372, 20.864437364174563 ], [ 92.32411176958459, 20.791831976804474 ] ] } },
{ "type": "Feature", "properties": { "featurecla": "International boundary (verify)" }, "geometry": { "type": "LineString", "coordinates": [ [ 101.138922560635478, 21.56746938728935 ], [ 101.19664513550552, 21.522045803304792 ], [ 101.175354445401268, 21.407530829346001 ], [ 101.205585158291996, 21.38329458260111 ], [ 101.219899530036855, 21.342418524658243 ], [ 101.211838006599322, 21.278236395751733 ], [ 101.224447056078532, 21.223717759683808 ], [ 101.247908156339037, 21.197311102782663 ], [ 101.281497837328772, 21.184133612548237 ], [ 101.443606805428374, 21.230797430907799 ], [ 101.542360467538145, 21.234259751871349 ], [ 101.5839083191008, 21.203563951089976 ], [ 101.621632114673872, 21.184443671141992 ], [ 101.668605991627174, 21.169638373290368 ], [ 101.704779494231502, 21.150130520100177 ], [ 101.72808556519513, 21.156383368407504 ], [ 101.783482700612012, 21.204132391845192 ], [ 101.800535923268342, 21.212607326741065 ], [ 101.802086216237086, 21.235965074136985 ], [ 101.763122186289024, 21.278882351155389 ], [ 101.722917921965944, 21.314926662678971 ], [ 101.724158156340962, 21.395025132731377 ], [ 101.743485142018102, 21.533828029867337 ], [ 101.747205845143128, 21.605761623617624 ], [ 101.743898553476441, 21.777999172446442 ], [ 101.73650882365871, 21.826523342368517 ], [ 101.699560174570024, 21.882488918540616 ], [ 101.602925246184213, 21.989717515546246 ], [ 101.575795119230975, 22.055269069908491 ], [ 101.560240513111125, 22.12092397713532 ], [ 101.561842482512162, 22.162420152265696 ], [ 101.537244500741252, 22.20985911710963 ], [ 101.524480421965166, 22.253654893476991 ], [ 101.567888625090319, 22.276392523685416 ], [ 101.619978468840543, 22.327448838789792 ], [ 101.646178420012518, 22.405402736902076 ], [ 101.671448195403229, 22.462324327071585 ], [ 101.707518345142972, 22.486586412032608 ], [ 101.738782586679548, 22.49526805265765 ], [ 101.760021600351507, 22.490307115157634 ], [ 101.841773716237242, 22.388478705326492 ], [ 101.945436639414766, 22.439405829350136 ], [ 102.024398227956738, 22.439199123620966 ], [ 102.091474237071594, 22.412249864180751 ], [ 102.127441033946724, 22.379202785730101 ] ] } },
{ "type": "Feature", "properties": { "featurecla": "International boundary (verify)" }, "geometry": { "type": "LineString", "coordinates": [ [ 113.54813927617991, 22.222623195885717 ], [ 113.527055291804828, 22.245929266849359 ], [ 113.494189080867216, 22.241536770104545 ], [ 113.481063267065053, 22.217455552656531 ], [ 113.4788928569088, 22.195544745364785 ] ] } },
{ "type": "Feature", "properties": { "featurecla": "International boundary (verify)" }, "geometry": { "type": "LineString", "coordinates": [ [ 107.972665643345124, 21.507938137289116 ], [ 107.90838016157403, 21.560389716065359 ], [ 107.802030063917357, 21.645164903240186 ], [ 107.759241977979684, 21.655009263591779 ], [ 107.641006300895867, 21.613926499919742 ], [ 107.471404250113949, 21.598320217367601 ], [ 107.433473748811707, 21.642271023031839 ], [ 107.351204868603048, 21.608913885987434 ], [ 107.272088250764199, 21.710638942953992 ], [ 107.178553908315905, 21.717072658774327 ], [ 107.061610142039399, 21.794199733969947 ], [ 107.019803908315254, 21.834869086183645 ], [ 107.006419712351658, 21.893418483970351 ], [ 106.971021356231745, 21.923907579022554 ], [ 106.925184360788847, 21.920109361249089 ], [ 106.874489780710519, 21.951270249921095 ], [ 106.794184604928944, 21.981991888918614 ], [ 106.729537388131803, 22.000362860598372 ], [ 106.697601352975425, 21.986177679934258 ], [ 106.663546584095087, 21.978917141197243 ], [ 106.6577071472461, 22.01821706795522 ], [ 106.660084263131523, 22.136478583255169 ], [ 106.654193149850244, 22.241459255456107 ], [ 106.636519810006433, 22.288613999922447 ], [ 106.593163283313544, 22.324529120365298 ], [ 106.553630812610265, 22.341685695886198 ], [ 106.536370884224795, 22.395429185469752 ], [ 106.550426873808163, 22.501391709884231 ], [ 106.582466261829126, 22.57324778898608 ], [ 106.633109165475162, 22.586037705978327 ], [ 106.701528761829621, 22.637739976486344 ], [ 106.736358677194346, 22.710913804611636 ], [ 106.780283644642424, 22.778894151291595 ], [ 106.623962436959516, 22.874263007086242 ], [ 106.541848586047735, 22.908343614182741 ], [ 106.450898065214034, 22.893900051357164 ], [ 106.338140089953157, 22.863462632737239 ], [ 106.279022251411249, 22.857468166591389 ], [ 106.249463332140294, 22.869431260666957 ], [ 106.183937615994211, 22.955136623623034 ], [ 106.148487583441977, 22.970071112555374 ], [ 106.068492466254156, 22.975548814378314 ], [ 106.001003045680989, 22.974773667893942 ], [ 105.962349074326653, 22.937463283779209 ], [ 105.902662795029528, 22.92495758716457 ], [ 105.842976515732431, 22.922813015224463 ], [ 105.782308384221778, 22.969347642503294 ], [ 105.691254510523493, 23.029912421149376 ], [ 105.548110793075011, 23.072648830654742 ], [ 105.530850864689512, 23.121973985277336 ], [ 105.494574009220628, 23.180859279873928 ], [ 105.440158726017273, 23.235326239509561 ], [ 105.350500115990883, 23.307673244718188 ], [ 105.275362583438493, 23.345190334562091 ], [ 105.238775669375855, 23.322116807543765 ], [ 105.189062941511054, 23.281034043871728 ], [ 104.995689731874876, 23.194320990485963 ], [ 104.910216912864115, 23.160524603767072 ], [ 104.864741652447265, 23.136365871670634 ], [ 104.826552768983561, 23.10019236906632 ], [ 104.814718865988738, 23.010792141201378 ], [ 104.795701938905324, 22.911159979742649 ], [ 104.740098097759272, 22.860491237880467 ], [ 104.687284783956983, 22.822199001552178 ], [ 104.631732619243195, 22.818194078049558 ], [ 104.577575718201331, 22.820002753179779 ], [ 104.52682946169071, 22.804086412033882 ], [ 104.371748488382792, 22.70406667733296 ], [ 104.298367954528345, 22.711999009689762 ], [ 104.238319940205173, 22.768507188400932 ], [ 104.212481724059245, 22.809409084559945 ], [ 104.143080275491258, 22.800159003179701 ], [ 104.053886753355471, 22.752306626877427 ], [ 104.012700636818863, 22.666368719976035 ], [ 103.990789829527102, 22.586115220626766 ], [ 103.971411167417642, 22.550510158777655 ], [ 103.941490513120641, 22.540071519454699 ], [ 103.915032179787204, 22.538237006108346 ], [ 103.637323032650698, 22.770031643153544 ], [ 103.620218133562076, 22.782046413661405 ], [ 103.570712111426474, 22.734426581304433 ], [ 103.525443556738793, 22.611565863530515 ], [ 103.492939080827199, 22.587975572189265 ], [ 103.471028273535438, 22.597432359298679 ], [ 103.356099888118308, 22.75468374276285 ], [ 103.326644321711939, 22.769773260992082 ], [ 103.300599399836841, 22.764398912033727 ], [ 103.266286248795041, 22.713523464442375 ], [ 103.193319126398904, 22.638515122970716 ], [ 103.137611932388268, 22.592988186121573 ], [ 103.136371698013278, 22.542241929610967 ], [ 103.075858595799474, 22.497515977462342 ], [ 103.005371942153374, 22.452996731042902 ], [ 102.981962518325162, 22.448268337488187 ], [ 102.935143670668708, 22.466174221277328 ], [ 102.874268833428886, 22.525395412683807 ], [ 102.830085483819346, 22.5871487492726 ], [ 102.720996535251174, 22.648488674403055 ], [ 102.598523390719436, 22.700397650640241 ], [ 102.51718468629204, 22.7409894882055 ], [ 102.470882602958511, 22.750911363205546 ], [ 102.427887811291669, 22.732824611903382 ], [ 102.406442091890568, 22.708019924403288 ], [ 102.375746291109181, 22.646628322840542 ], [ 102.302262404390149, 22.546014309168271 ], [ 102.236995070405499, 22.465993353764304 ], [ 102.175965203868799, 22.41465281828232 ], [ 102.127441033946724, 22.379202785730101 ] ] } },
{ "type": "Feature", "properties": { "featurecla": "International boundary (verify)" }, "geometry": { "type": "LineString", "coordinates": [ [ 114.015397576963039, 22.511907863855626 ], [ 114.018291457171387, 22.514440009037926 ], [ 114.050330845192349, 22.542991237879193 ], [ 114.097873162900868, 22.551259467045895 ], [ 114.122884556130145, 22.565005398035524 ], [ 114.18820356654706, 22.565005398035524 ], [ 114.22820112514097, 22.553946641525073 ], [ 114.266028273578627, 22.540975857019802 ] ] } },
{ "type": "Feature", "properties": { "featurecla": "International boundary (verify)" }, "geometry": { "type": "LineString", "coordinates": [ [ 97.322514683016038, 28.217993679308151 ], [ 97.35646609903182, 28.254503078722351 ], [ 97.431448602287333, 28.353902696235778 ], [ 97.477699009188541, 28.425655422473042 ], [ 97.50209028523031, 28.456325385038269 ], [ 97.53790205280859, 28.510223903918686 ], [ 97.599241977939045, 28.517045192981215 ], [ 97.658876580803849, 28.500017808541045 ], [ 97.694636671949837, 28.469347845975818 ], [ 97.730086704502042, 28.407103583280261 ], [ 97.769050734450133, 28.35615062104047 ], [ 97.816489699294067, 28.356331488553494 ], [ 97.86496219278385, 28.363592027290494 ], [ 97.887596470127676, 28.356486517850371 ], [ 97.934053582758082, 28.313827622993429 ], [ 98.022316929112606, 28.211534125271655 ], [ 98.061642694086714, 28.18587677663875 ], [ 98.098953078201447, 28.142261867784399 ], [ 98.1183834167432, 28.055238755804893 ], [ 98.130475701899485, 27.967595526637865 ], [ 98.241063267004108, 27.663169664006446 ], [ 98.274187860103183, 27.599090887964522 ], [ 98.298837518306414, 27.550101630151829 ], [ 98.350462274166006, 27.538086859643968 ], [ 98.392423537187, 27.587076117456661 ], [ 98.40885664265582, 27.639476019800625 ], [ 98.452523227942436, 27.657226874292874 ], [ 98.504509718828075, 27.647666734318889 ], [ 98.599801059974283, 27.59883250580306 ], [ 98.651167433672413, 27.572451687118061 ], [ 98.676798944089171, 27.421918239851834 ], [ 98.682379998776696, 27.245314032494363 ], [ 98.674835239662087, 27.190640367129561 ], [ 98.716486444089327, 27.044938666282619 ], [ 98.729508905026876, 26.877403672792369 ], [ 98.738500604245672, 26.785755520122734 ], [ 98.739379103594644, 26.698163967387998 ], [ 98.731886020912327, 26.583416449483892 ], [ 98.709458449297642, 26.429704901631723 ], [ 98.671838006589155, 26.298550116474942 ], [ 98.685583937578798, 26.189357815042214 ], [ 98.663156365964113, 26.139438381448272 ], [ 98.571999139401271, 26.114065253192962 ], [ 98.564092645260587, 26.072414048765708 ], [ 98.591016066484656, 26.003684393817522 ], [ 98.654629754635977, 25.917772325132276 ], [ 98.656283400469306, 25.863563747658105 ], [ 98.625380893958749, 25.826692613217844 ], [ 98.558356561276213, 25.82325613047044 ], [ 98.465545688879985, 25.788865464780201 ], [ 98.40167361856723, 25.677967841081838 ], [ 98.333822462968016, 25.586784776302821 ], [ 98.296615431717868, 25.568827216081402 ], [ 98.172540317785064, 25.594510402930467 ], [ 98.142878045649553, 25.571100979102241 ], [ 98.099573195388956, 25.415709947200583 ], [ 98.06407148640443, 25.348969834895627 ], [ 98.010741408279216, 25.29251333261675 ], [ 97.962010532627971, 25.259311224869222 ], [ 97.917982212315309, 25.236134344986326 ], [ 97.819486932366999, 25.251843980403052 ], [ 97.767345412184483, 25.158051255793296 ], [ 97.714945509840533, 25.034337876886553 ], [ 97.710759718824903, 24.970362453709214 ], [ 97.737941522210434, 24.869877631117674 ], [ 97.723885532627037, 24.841998195896196 ], [ 97.670658807366408, 24.820113226820595 ], [ 97.583273960360856, 24.774818833916768 ], [ 97.529375441480425, 24.631184190361509 ], [ 97.531442498772094, 24.491683661389587 ], [ 97.563275181063887, 24.443857123303459 ], [ 97.623581577548492, 24.422928168225255 ], [ 97.666628045647627, 24.379959214774559 ], [ 97.6707104837987, 24.312728176362839 ], [ 97.70817589721031, 24.228753973888544 ], [ 97.690605910231056, 24.130801296479291 ], [ 97.568287794996195, 23.988484401947474 ], [ 97.564567091871197, 23.9110472681581 ], [ 97.629627720126649, 23.88714691822311 ], [ 97.68605838418938, 23.898076483652844 ], [ 97.755614862054244, 23.931872870371734 ], [ 97.837677036533734, 23.986288153575074 ], [ 98.016890903721958, 24.065456447846216 ], [ 98.212537876378974, 24.110621649669312 ], [ 98.367257114660845, 24.119019069916746 ], [ 98.499445428463474, 24.115685940033927 ], [ 98.564144321692879, 24.098839423106767 ], [ 98.583419630937755, 24.069797268158737 ], [ 98.764390496823893, 24.116073513276106 ], [ 98.802372674558427, 24.118683173106845 ], [ 98.835083856199191, 24.121215318289146 ], [ 98.83399865112105, 24.090571193940065 ], [ 98.701603631589279, 23.964067287689559 ], [ 98.676747267656879, 23.905104478444542 ], [ 98.680881382240244, 23.84180084888699 ], [ 98.735089959714401, 23.783096421803421 ], [ 98.787696567787549, 23.737853705331887 ], [ 98.832241652423136, 23.62437226001893 ], [ 98.797876824949043, 23.520425116463826 ], [ 98.819735955808511, 23.482546291593891 ], [ 98.85885501505345, 23.440094102466119 ], [ 98.882574497475417, 23.38033030852057 ], [ 98.885571730548349, 23.307466538989019 ], [ 98.863764276121174, 23.191246242764592 ], [ 99.055070428465683, 23.130578111253939 ], [ 99.220279982502802, 23.103344631436116 ], [ 99.34084109903975, 23.095903225186092 ], [ 99.418045688883808, 23.069264024339631 ], [ 99.464554477946507, 23.046242173753598 ], [ 99.497265659587242, 23.00461680754249 ], [ 99.50713585815501, 22.959141547125654 ], [ 99.466776564535053, 22.927283026617715 ], [ 99.385179477946167, 22.825118719976672 ], [ 99.338257277425157, 22.688692938726135 ], [ 99.343218214925173, 22.586528632085091 ], [ 99.33768883666994, 22.498058580001413 ], [ 99.243069289143534, 22.370366115808196 ], [ 99.205345493570462, 22.28256785734429 ], [ 99.172375929768236, 22.19249583585956 ], [ 99.173409458414085, 22.153325100182315 ], [ 99.192994826252686, 22.12598826749992 ], [ 99.233354119872644, 22.110175279218609 ], [ 99.303117303466678, 22.10061513924461 ], [ 99.388641798909731, 22.110795396406104 ], [ 99.592712030030327, 22.08914297127582 ], [ 99.82535932820835, 22.049688015220966 ], [ 99.917705112713946, 22.028009751874535 ], [ 99.947884149172381, 21.988322251874365 ], [ 99.940391066490065, 21.9016091984886 ], [ 99.925611606854602, 21.820813096600261 ], [ 99.94070112508382, 21.758723863201581 ], [ 99.978218214927722, 21.701621405519049 ], [ 100.041263462323798, 21.682759507732527 ], [ 100.095523716230275, 21.660667832927743 ], [ 100.105755649824061, 21.617052924073406 ], [ 100.089270867922949, 21.557909247315351 ], [ 100.116762729902234, 21.51116791430735 ], [ 100.147613559980471, 21.480523789958269 ], [ 100.21474124552762, 21.46297964119519 ], [ 100.350546909590662, 21.501013495362002 ], [ 100.445683221439992, 21.484063625570272 ], [ 100.531362746179923, 21.458096218343599 ], [ 100.604588250737521, 21.471764634684803 ], [ 100.677090285243025, 21.504940904216184 ], [ 100.835116815191554, 21.655164292888657 ], [ 101.019394972744379, 21.736373806235335 ], [ 101.079753045661278, 21.75585582120938 ], [ 101.120680780036452, 21.746114813722357 ], [ 101.130809360765653, 21.735572821534817 ], [ 101.128173862718768, 21.705109564698759 ], [ 101.147294142666766, 21.581628729737332 ], [ 101.138922560635478, 21.56746938728935 ] ] } },
{ "type": "Feature", "properties": { "featurecla": "International boundary (verify)" }, "geometry": { "type": "LineString", "coordinates": [ [ 92.574897495497055, 21.978090318280579 ], [ 92.561254917371997, 22.048034369387622 ], [ 92.53185102739792, 22.410311997969814 ], [ 92.509630161512433, 22.525705471277561 ], [ 92.491388380913378, 22.685385647059448 ], [ 92.464464959689337, 22.734426581304433 ], [ 92.430461867241263, 22.821811428309999 ], [ 92.39315148312653, 22.897026475510813 ], [ 92.361628859428492, 22.929014187099483 ], [ 92.341268345105505, 23.069806626878702 ], [ 92.333826938855481, 23.242405910733552 ], [ 92.334240350313792, 23.3238221298094 ], [ 92.28938520708445, 23.492494004810069 ], [ 92.246080356823882, 23.68361928964157 ], [ 92.187065871146558, 23.67553192798789 ], [ 92.152339308646418, 23.721859849537552 ], [ 92.127017856823386, 23.721007188404741 ], [ 92.044077182994926, 23.677779852792582 ], [ 91.978551466848842, 23.692016709889003 ], [ 91.929613885468427, 23.685996405526993 ], [ 91.929510532603842, 23.598249823495394 ], [ 91.93788211463513, 23.504689642830954 ], [ 91.919175246145471, 23.471048285408941 ], [ 91.790087518280387, 23.361029161059548 ], [ 91.754224074269814, 23.287312730395186 ], [ 91.75794477739484, 23.209798081957373 ], [ 91.773861118540736, 23.106083482347586 ], [ 91.751020135467712, 23.053528550706758 ], [ 91.694899529998736, 23.004849351487806 ], [ 91.619555291717205, 22.979682928961665 ], [ 91.553564487680461, 22.991568508388795 ], [ 91.51124148963342, 23.033710638922827 ], [ 91.471398960336387, 23.141275132738357 ], [ 91.436258986377908, 23.199902045173488 ], [ 91.399465366586099, 23.213854681892286 ], [ 91.370629917367239, 23.197990017178682 ], [ 91.366754184945364, 23.130474758389354 ], [ 91.368666212940155, 23.074560858649548 ], [ 91.359364455127604, 23.068385524990674 ], [ 91.338848911507739, 23.076989650967263 ], [ 91.315232781950357, 23.104378160081964 ], [ 91.253789503955318, 23.373638210538772 ], [ 91.165526157600794, 23.581041571542201 ], [ 91.160461867236194, 23.660623277271682 ], [ 91.192501255257156, 23.762890936777296 ], [ 91.231982049528142, 23.920478217051368 ], [ 91.336420119190024, 24.0188184677028 ], [ 91.350217726611959, 24.0604955103462 ], [ 91.36706424353909, 24.093516750580704 ], [ 91.392644077523585, 24.100079657481771 ], [ 91.526382684294958, 24.090752061453088 ], [ 91.571392856821177, 24.106590887950546 ], [ 91.611132033253625, 24.152841294851783 ], [ 91.668699578826761, 24.190074164318077 ], [ 91.726525506561387, 24.205086167898855 ], [ 91.772517531301133, 24.21066722258638 ], [ 91.846208123749363, 24.175268866466453 ], [ 91.876903924530723, 24.195319322195701 ], [ 91.899021437551653, 24.260690009044922 ], [ 91.931009149140323, 24.325543931571218 ], [ 91.951628045624773, 24.356756496675516 ], [ 92.001082391328083, 24.370915839123484 ], [ 92.064127638724187, 24.374352321870887 ], [ 92.085056593802392, 24.386160386649593 ], [ 92.102006463594137, 24.408045355725193 ], [ 92.117509393281694, 24.493957424410439 ], [ 92.198072951224731, 24.685754502861727 ], [ 92.226650018282129, 24.771020616143318 ], [ 92.230577427136296, 24.786239325453266 ], [ 92.228303664115458, 24.881323960870319 ], [ 92.251248000053067, 24.895069891859961 ], [ 92.384986606824413, 24.848767808526432 ], [ 92.443174269585086, 24.849387925713941 ], [ 92.475058628309171, 24.868508205661939 ], [ 92.485445591199834, 24.903312282810504 ], [ 92.468340692111212, 24.944136664321093 ], [ 92.373411085991052, 25.015140082290117 ], [ 92.204635858125783, 25.110948187759263 ], [ 92.049709914114743, 25.169471747329808 ], [ 91.763525832082365, 25.160635077407889 ], [ 91.479718865935382, 25.1421349146474 ], [ 91.396623162810045, 25.15161753997296 ], [ 91.293115268929427, 25.177972520441813 ], [ 91.038298781298209, 25.174070949803777 ], [ 90.730203891974043, 25.159472357681324 ], [ 90.613053419968367, 25.167740586848026 ], [ 90.555330845098354, 25.166577867121461 ], [ 90.439368931035403, 25.157715358983396 ], [ 90.250439894576289, 25.184974677017365 ], [ 90.119595168013291, 25.219959621678967 ], [ 90.003839959679482, 25.258355210871827 ], [ 89.866277296918526, 25.293159288020405 ], [ 89.8333077331163, 25.292797552994358 ], [ 89.814084100303717, 25.305354926041289 ], [ 89.800906610069291, 25.336154079687248 ], [ 89.796307407595322, 25.375815741471257 ], [ 89.82488447465272, 25.56014557545636 ], [ 89.799614699262008, 25.839585883074676 ], [ 89.822920770225636, 25.941414292905804 ], [ 89.709852736371005, 26.171219387307772 ], [ 89.670940382855235, 26.213826605732422 ], [ 89.619057244834181, 26.21568695729492 ], [ 89.585725946005937, 26.186050523375542 ], [ 89.57275516150068, 26.132307033791989 ], [ 89.591410353558047, 26.072414048765708 ], [ 89.549914178427656, 26.005260525002413 ], [ 89.466921828166903, 25.98353058522369 ], [ 89.369770135458197, 26.006113186135238 ], [ 89.289206577515159, 26.03760997161713 ], [ 89.186422153686635, 26.105952053323136 ], [ 89.108287388061314, 26.202225246682886 ], [ 89.101982863321695, 26.308342800394257 ], [ 89.066791212930951, 26.376917426045566 ], [ 89.018628778034923, 26.41027456308997 ], [ 88.983385451211859, 26.419550482686361 ], [ 88.951914503946114, 26.412134914652484 ], [ 88.924112583373073, 26.375082912699213 ], [ 88.948193800821088, 26.338005072529796 ], [ 88.98152509964936, 26.286121934508756 ], [ 88.970414666706603, 26.250904445901838 ], [ 88.940752394571064, 26.24534922943046 ], [ 88.896517368529231, 26.26051626230813 ], [ 88.827994419310187, 26.252196356709135 ], [ 88.761951938841179, 26.279378160094666 ], [ 88.722161085976438, 26.281832790628528 ], [ 88.682835321002329, 26.291702989196267 ], [ 88.680613234413784, 26.352991237894429 ], [ 88.620151808632272, 26.430660915629119 ], [ 88.518245884152719, 26.517761542257077 ], [ 88.418148634803345, 26.571530870056762 ], [ 88.369934523475024, 26.564115302022884 ], [ 88.34585330602701, 26.504790757751806 ], [ 88.351434360714535, 26.482569891866305 ], [ 88.38626427607926, 26.471536973571986 ], [ 88.436752150428418, 26.437094631449455 ], [ 88.447810906938884, 26.401024481709726 ], [ 88.44036950068886, 26.369501858011688 ], [ 88.377996046912557, 26.312037665303123 ], [ 88.333967726599894, 26.257519029235198 ], [ 88.23516238805783, 26.178092352802594 ], [ 88.150723097692889, 26.087141831968893 ], [ 88.129018996130327, 26.018231309507684 ], [ 88.097393019567676, 25.956348781838159 ], [ 88.084628940791589, 25.888239244077468 ], [ 88.106591424515642, 25.841136176043435 ], [ 88.147415806026231, 25.811448065691749 ], [ 88.252887404333933, 25.789795640561451 ], [ 88.363113234412509, 25.698173326107963 ], [ 88.452306756548268, 25.574434108985074 ], [ 88.50243289587138, 25.537020372005756 ], [ 88.593486769569665, 25.495291652930064 ], [ 88.769186639362033, 25.490485744726925 ], [ 88.795386590534036, 25.456275946549695 ], [ 88.820346307330993, 25.365506293229032 ], [ 88.854762811237379, 25.333544419856494 ], [ 88.944163039102335, 25.290782172134982 ], [ 88.951656121784652, 25.25925954843693 ], [ 88.929796990925183, 25.223008531184178 ], [ 88.890109490925028, 25.194379787694487 ], [ 88.817297397825769, 25.176241359960045 ], [ 88.747585890664027, 25.168954983006884 ], [ 88.677512648476267, 25.180478827407967 ], [ 88.573849725298771, 25.187868557225713 ], [ 88.456285841834756, 25.188436997980915 ], [ 88.372931756547956, 24.961525783787309 ], [ 88.313348830115416, 24.881840725193243 ], [ 88.279500766964247, 24.881944078057813 ], [ 88.188860304724301, 24.920598049412135 ], [ 88.149792921911654, 24.914655259698577 ], [ 88.045096470088311, 24.713039659111828 ], [ 88.030317010452848, 24.664437974541329 ], [ 88.02339236852572, 24.627851060478676 ], [ 88.079047886104064, 24.549923000582538 ], [ 88.145452101599119, 24.485792548108321 ], [ 88.225033807328629, 24.460626125582181 ], [ 88.287148878943441, 24.479746405530165 ], [ 88.337533400428015, 24.453856512951944 ], [ 88.396961297563678, 24.389260972587095 ], [ 88.498557163449505, 24.3466279159463 ], [ 88.642320998085495, 24.325957343029557 ], [ 88.723504673216013, 24.274901027925182 ], [ 88.73358157751295, 24.230924384044798 ], [ 88.72660525915353, 24.186224270112334 ], [ 88.713789503945151, 24.06964223886186 ], [ 88.699836867226338, 24.002514553314725 ], [ 88.622528924517695, 23.826349595631726 ], [ 88.567338494829983, 23.674420884693617 ], [ 88.595967238319673, 23.602177232349575 ], [ 88.616431105507274, 23.572773342375498 ], [ 88.635758091184414, 23.549984035734781 ], [ 88.697666457070085, 23.49303660734914 ], [ 88.740867954466097, 23.436605943286409 ], [ 88.703970981809704, 23.292842108650419 ], [ 88.724434848997277, 23.254963283780484 ], [ 88.807582228554907, 23.229693508389758 ], [ 88.897034132852127, 23.210418199144883 ], [ 88.928091668659562, 23.186595363858331 ], [ 88.850628696654042, 23.04050608976921 ], [ 88.866958449258277, 22.93885854745109 ], [ 88.899721307331305, 22.84348969165643 ], [ 88.923492466185564, 22.687556057215701 ], [ 88.926954787149128, 22.671148789963041 ], [ 88.920701938841802, 22.632003892501942 ], [ 88.971448195352423, 22.510926011642084 ], [ 89.049944696003791, 22.274635524987488 ], [ 89.055835809285071, 22.186242987552248 ], [ 89.051443312540243, 22.093173732994586 ] ] } },
{ "type": "Feature", "properties": { "featurecla": "International boundary (verify)" }, "geometry": { "type": "LineString", "coordinates": [ [ 88.891349725300017, 27.316059068301925 ], [ 88.881686232461448, 27.297481390892997 ], [ 88.760401645872435, 27.218132229108832 ], [ 88.738800897174428, 27.175602525332621 ], [ 88.765672641966205, 27.13420970306683 ], [ 88.813576694700771, 27.099018052676058 ], [ 88.835177443398777, 27.065583400983215 ], [ 88.857656691445726, 26.961481228131248 ], [ 88.919151645873058, 26.932206529237902 ], [ 89.040952996784995, 26.865027167258461 ], [ 89.148233270222931, 26.816141262310353 ], [ 89.332098016317417, 26.848645738221933 ], [ 89.384187860067641, 26.826579901633309 ], [ 89.474569940146125, 26.803428859966544 ], [ 89.54515994665681, 26.796219997661836 ], [ 89.586087681031984, 26.778934231060205 ], [ 89.609187046266442, 26.76219106699763 ], [ 89.606138136761217, 26.741132920838695 ], [ 89.609962192750828, 26.71945465749225 ], [ 89.710886265016853, 26.713899441020871 ], [ 89.76385460811602, 26.701548773703124 ], [ 89.943171828168829, 26.723950507101648 ], [ 90.122954136112241, 26.754594631450729 ], [ 90.206101515669872, 26.847508856711514 ], [ 90.242326694706463, 26.854149278261019 ], [ 90.345886265019402, 26.890322780865333 ], [ 90.447637160202078, 26.850764471945908 ], [ 90.55987837114003, 26.796555894471723 ], [ 90.620339796921542, 26.780226141867502 ], [ 90.739660679083471, 26.771699530539337 ], [ 90.855777622443298, 26.777719834901347 ], [ 91.133900181038172, 26.803403021750398 ], [ 91.286552362028374, 26.789915472922218 ], [ 91.426802199268508, 26.867094224550129 ], [ 91.455844354216538, 26.866887518820974 ], [ 91.517546014373039, 26.807304592388434 ], [ 91.671593459035108, 26.802007758078517 ], [ 91.753758986379182, 26.830765692648953 ], [ 91.842074009165998, 26.852986558534454 ], [ 91.898608026093314, 26.860066229758445 ], [ 91.943773227916409, 26.860815538026671 ], [ 91.998343540416613, 26.854976101177698 ], [ 92.049709914114743, 26.874845689393922 ], [ 92.073377720104418, 26.914843247987832 ], [ 92.068106724010647, 26.975201320904731 ], [ 92.030899692760499, 27.040830389915413 ], [ 91.998653599010368, 27.079277655540565 ], [ 91.992297397838485, 27.099896552025029 ], [ 92.002581007864563, 27.147387193301256 ], [ 92.031158074921962, 27.214308173119235 ], [ 92.083454624401355, 27.29060842539819 ], [ 92.044955682343897, 27.364712429304731 ], [ 91.990798781302004, 27.450211086531638 ], [ 91.951007928437264, 27.458298448185317 ], [ 91.851272414113964, 27.438635565698249 ], [ 91.743061964894764, 27.442511298120152 ], [ 91.658105910206928, 27.493619289656806 ], [ 91.594750604217097, 27.557646389266438 ], [ 91.579351027394125, 27.611441555282283 ], [ 91.597644484425444, 27.677018947860674 ], [ 91.625859816456796, 27.73732534434528 ], [ 91.631905959034953, 27.75995962168912 ] ] } },
{ "type": "Feature", "properties": { "featurecla": "International boundary (verify)" }, "geometry": { "type": "LineString", "coordinates": [ [ 89.021324119045346, 27.514968875451608 ], [ 88.947573683633578, 27.464008693953559 ], [ 88.891349725300017, 27.316059068301925 ] ] } },
{ "type": "Feature", "properties": { "featurecla": "International boundary (verify)" }, "geometry": { "type": "LineString", "coordinates": [ [ 89.116304176677758, 27.620982115196004 ], [ 89.102396274780034, 27.592553819279601 ], [ 89.02550174352973, 27.517855536401697 ], [ 89.021324119045346, 27.514968875451608 ] ] } },
{ "type": "Feature", "properties": { "featurecla": "International boundary (verify)" }, "geometry": { "type": "LineString", "coordinates": [ [ 88.109795363317744, 27.870598863226022 ], [ 88.098943312536449, 27.904550279241789 ], [ 88.108968540401065, 27.933023993434603 ], [ 88.141111281286612, 27.948914496364353 ], [ 88.27515994665174, 27.968835761012883 ], [ 88.425951776079415, 28.011675523382834 ], [ 88.486103143267172, 28.034464830023552 ], [ 88.531630080116287, 28.057357489528854 ], [ 88.577932163449816, 28.093350124620144 ], [ 88.621081984413536, 28.091825669867532 ], [ 88.756215854856777, 28.03968414968503 ], [ 88.803706496133003, 28.006921291611988 ], [ 88.828614536497696, 27.907263291937113 ], [ 88.848768345091514, 27.868660997015084 ], [ 88.829906447305007, 27.767401027939158 ], [ 88.749032830768215, 27.521886298120464 ], [ 88.764897495481819, 27.429876410424782 ], [ 88.832541945351892, 27.362826239526072 ], [ 88.891349725300017, 27.316059068301925 ] ] } },
{ "type": "Feature", "properties": { "featurecla": "International boundary (verify)" }, "geometry": { "type": "LineString", "coordinates": [ [ 89.799126464266351, 28.238225724047439 ], [ 89.749798618532623, 28.188176377875735 ], [ 89.652698602256208, 28.158307400011026 ], [ 89.536891717490107, 28.107431952419688 ], [ 89.480667759156546, 28.059941311143447 ], [ 89.395918410197879, 27.958138739528465 ], [ 89.272618442749462, 27.833159288030558 ], [ 89.160480584676094, 27.711280422470182 ], [ 89.116304176677758, 27.620982115196004 ] ] } },
{ "type": "Feature", "properties": { "featurecla": "International boundary (verify)" }, "geometry": { "type": "LineString", "coordinates": [ [ 90.333702713847941, 28.117531636662154 ], [ 90.333742303430796, 28.119136664333794 ], [ 90.3521391133267, 28.168177598578779 ], [ 90.362991164107996, 28.216495062771685 ], [ 90.348211704472533, 28.243935248318664 ], [ 90.220777622440778, 28.2777574732537 ], [ 90.104505649784045, 28.30204539643087 ], [ 89.981102329471071, 28.311192124946544 ], [ 89.897903273481148, 28.294138902290214 ], [ 89.816926304079772, 28.256285915636425 ], [ 89.799126464266351, 28.238225724047439 ] ] } },
{ "type": "Feature", "properties": { "featurecla": "International boundary (verify)" }, "geometry": { "type": "LineString", "coordinates": [ [ 81.010228712898709, 30.164515692662292 ], [ 80.966148716153754, 30.180018622349849 ], [ 80.907650994799354, 30.171905422480023 ], [ 80.848171421231399, 30.139762681594476 ], [ 80.819904412767755, 30.119350490839182 ], [ 80.684098748704713, 29.994319362908996 ], [ 80.612888625006491, 29.955846259067698 ], [ 80.549068231126029, 29.899777330031014 ], [ 80.401842075526474, 29.73025279389752 ], [ 80.316886020838638, 29.5720712346521 ], [ 80.25487430208841, 29.423320624299947 ], [ 80.255959507166523, 29.318029893505255 ], [ 80.23296349479665, 29.194626573192267 ], [ 80.169556512374527, 29.124320787059162 ], [ 80.130489129561852, 29.100394598908025 ], [ 80.08460045768669, 28.994173692332083 ], [ 80.051630893884465, 28.870331122344609 ], [ 80.07069949740017, 28.830178534453822 ], [ 80.149661085942142, 28.77604747162809 ], [ 80.226555617192446, 28.723363348906517 ], [ 80.324844191411586, 28.66639008230473 ], [ 80.418585239589049, 28.612026475533682 ], [ 80.479150018235117, 28.604895127877398 ], [ 80.495789829433107, 28.635797634387941 ], [ 80.517907342454038, 28.665175686145872 ], [ 80.58699873242827, 28.649621080026023 ], [ 80.671334669928598, 28.596239325468517 ], [ 80.726215041022584, 28.553916327421462 ], [ 80.75076134636123, 28.539705308541201 ], [ 80.896127150398257, 28.468546861275286 ], [ 81.01658491407062, 28.409584052030269 ], [ 81.168927036467068, 28.335014960233096 ], [ 81.2062374205818, 28.289384670519368 ], [ 81.239000278654828, 28.240860500597293 ], [ 81.310830519540531, 28.176368313097043 ], [ 81.486013625010003, 28.062215074164286 ], [ 81.635513543630367, 27.980462958278551 ], [ 81.757211541677748, 27.91382619883818 ], [ 81.85260623568854, 27.867084865830179 ], [ 81.896841261730373, 27.874474595647911 ], [ 81.945210402355571, 27.899279283148019 ], [ 81.987636753267196, 27.913748684189741 ], [ 82.03698774610595, 27.900597032171461 ], [ 82.111866896496878, 27.864966132106218 ], [ 82.287721795586123, 27.756548977157863 ], [ 82.451381056654469, 27.671825466415328 ], [ 82.629923130222892, 27.687070013941437 ], [ 82.677362095066826, 27.673453274032525 ], [ 82.710848423191976, 27.596662095646806 ], [ 82.733379347671217, 27.518992417912116 ], [ 82.932798699885581, 27.467677720646293 ], [ 83.064005161474626, 27.444552517195675 ], [ 83.213866815121065, 27.402281195580926 ], [ 83.289727817725549, 27.371016954044336 ], [ 83.369412876319615, 27.41026520437002 ], [ 83.383933953793616, 27.444810899357137 ], [ 83.447134230486597, 27.465352281193148 ], [ 83.551623976580743, 27.456360581974366 ], [ 83.746960890644033, 27.395950832625175 ], [ 83.828816359394352, 27.377812404890719 ], [ 83.897184279316519, 27.435121568302407 ], [ 84.024825067077444, 27.461683254500429 ], [ 84.091074253275622, 27.491345526635968 ], [ 84.229773797547011, 27.42783519134926 ], [ 84.480817905620938, 27.348201809187472 ], [ 84.610215692079777, 27.298695787051869 ], [ 84.640756463564287, 27.24986155853604 ], [ 84.654812453147656, 27.20366282806711 ], [ 84.653830600934128, 27.091679999290619 ], [ 84.685404901064459, 27.041037095644583 ], [ 84.937172479190451, 26.926883856711839 ], [ 85.020061476586619, 26.878514716086642 ], [ 85.087344191430645, 26.862960109966792 ], [ 85.125378045597472, 26.860996405539694 ], [ 85.151526320337155, 26.846630357362557 ], [ 85.174108921248717, 26.78156972910709 ], [ 85.191782261092527, 26.766531887310151 ], [ 85.240203078150017, 26.750357164002793 ], [ 85.293016391952307, 26.741003729757963 ], [ 85.45641727085922, 26.797227688091525 ], [ 85.568451776068002, 26.839834906516174 ], [ 85.648395216823531, 26.828982855734878 ], [ 85.699916619818509, 26.781621405539383 ], [ 85.707409702500826, 26.712659206645867 ], [ 85.737330356797827, 26.639743760682038 ], [ 85.794587843777236, 26.604164537049087 ], [ 85.855721063178521, 26.600185451762613 ], [ 86.007288039090582, 26.649381415304475 ], [ 86.129399448596274, 26.611709296163696 ], [ 86.241588983101934, 26.598015041606345 ], [ 86.366129184925342, 26.574398912048963 ], [ 86.414394972685955, 26.556312160746813 ], [ 86.543637729847944, 26.496005764262193 ], [ 86.701405877635011, 26.435053412373932 ], [ 86.762487420604003, 26.441926377868754 ], [ 87.016425408886278, 26.555433661397842 ], [ 87.037922804719699, 26.541610215759775 ], [ 87.089547560579291, 26.433218899027565 ], [ 87.166803826855642, 26.394254869079489 ], [ 87.287416619824853, 26.360303453063736 ], [ 87.413558791049326, 26.422961127217633 ], [ 87.513035923211191, 26.4050035669962 ], [ 87.633338657586677, 26.399112453714935 ], [ 87.748783807326703, 26.42931732838953 ], [ 87.849242791702125, 26.436887925720285 ], [ 87.995073683629784, 26.38236928965236 ], [ 88.027009718786161, 26.395030015563876 ], [ 88.054914992223758, 26.430014960225478 ], [ 88.111552362015658, 26.58643952077297 ], [ 88.161575148474185, 26.724777330018313 ], [ 88.157234328161678, 26.807304592388434 ], [ 88.111035597692734, 26.92845998789673 ], [ 87.993161655634992, 27.086073106386948 ], [ 87.984428338577658, 27.133951320905368 ], [ 88.024115838577814, 27.408869940698139 ], [ 88.067885776729042, 27.567361558537314 ], [ 88.105557895869794, 27.642447414657411 ], [ 88.147002394567892, 27.749210923772409 ], [ 88.154237095088746, 27.79869110769188 ], [ 88.150309686234579, 27.84331370697592 ], [ 88.109795363317744, 27.870598863226022 ] ] } },
{ "type": "Feature", "properties": { "featurecla": "International boundary (verify)" }, "geometry": { "type": "LineString", "coordinates": [ [ 88.109795363317744, 27.870598863226022 ], [ 88.023340692093427, 27.883414618434415 ], [ 87.933372023473282, 27.890830186468293 ], [ 87.860714959670901, 27.886101792913593 ], [ 87.682741326857695, 27.821402899684159 ], [ 87.622589959669966, 27.815201727809139 ], [ 87.55530724482594, 27.821842149358645 ], [ 87.464150018263069, 27.823831692001875 ], [ 87.29072391149154, 27.821919664007083 ], [ 87.141379022168024, 27.838326931259743 ], [ 87.020094435579011, 27.928657334905949 ], [ 86.933846470083864, 27.968474025986836 ], [ 86.842379184927239, 27.99916982676821 ], [ 86.750395135447718, 28.022088324489658 ], [ 86.719647658234038, 28.070638332627865 ], [ 86.690502150421423, 28.094926255805049 ], [ 86.614434442087799, 28.103013617458728 ], [ 86.554541457061504, 28.085211086534173 ], [ 86.516921014353045, 27.96351308848682 ], [ 86.484933302764375, 27.939535223903391 ], [ 86.408710565133845, 27.928657334905949 ], [ 86.328612095081439, 27.959534003200346 ], [ 86.21792117711226, 28.022088324489658 ], [ 86.174202915393323, 28.091696478786801 ], [ 86.136995884143175, 28.114330756130641 ], [ 86.078704868517946, 28.083583278916976 ], [ 86.075500929715844, 27.994570624294226 ], [ 86.064132114611624, 27.934703477484092 ], [ 85.994575636746788, 27.910415554306908 ], [ 85.954112990262246, 27.928218085231464 ], [ 85.921711867215237, 27.989713039658795 ], [ 85.840269809923257, 28.135363064073445 ], [ 85.759447869818757, 28.220655015571182 ], [ 85.678315871120503, 28.277447414659946 ], [ 85.410631951848615, 28.276026312771918 ], [ 85.212142775415515, 28.292640285753762 ], [ 85.122432488956832, 28.31594635671739 ], [ 85.088584425805664, 28.372273667915536 ], [ 85.121450636743276, 28.484256496692026 ], [ 85.160104608097612, 28.571848049426748 ], [ 85.159071079451763, 28.592234401965896 ], [ 85.126308221378707, 28.602647203072706 ], [ 85.069154087263911, 28.609675197864405 ], [ 84.855110304710962, 28.553606268827721 ], [ 84.796870965518025, 28.560220852161081 ], [ 84.759405552106415, 28.57923777924448 ], [ 84.714240350283319, 28.595541693632569 ], [ 84.676774936871709, 28.621534939075389 ], [ 84.650626662132026, 28.659542955026055 ], [ 84.46547000523023, 28.752922268177471 ], [ 84.410796339865442, 28.803926906849554 ], [ 84.312146030620255, 28.868109035756063 ], [ 84.22868859246887, 28.911749782826547 ], [ 84.175565220072826, 29.036393337514539 ], [ 84.127816196635138, 29.156308498647832 ], [ 84.1013578633017, 29.219973863231417 ], [ 84.021982863301389, 29.253873602814892 ], [ 83.935993279967704, 29.279505113231664 ], [ 83.7904724466338, 29.227415269481455 ], [ 83.671048211607285, 29.187624416616714 ], [ 83.583508335304828, 29.183593654897948 ], [ 83.456694370460582, 29.306325181591149 ], [ 83.35520185743934, 29.439133612581259 ], [ 83.235209181657609, 29.554604600537445 ], [ 83.155420770198958, 29.612663072217373 ], [ 83.013930698583806, 29.618089097608021 ], [ 82.854302199234212, 29.683382269808803 ], [ 82.64082685743648, 29.831202704379706 ], [ 82.486572707045241, 29.94148021089056 ], [ 82.220645786471266, 30.063850002557714 ], [ 82.158944126314765, 30.115164699823552 ], [ 82.135379673189675, 30.158986314407059 ], [ 82.098947788423914, 30.245079250605315 ], [ 82.043395623710126, 30.326779690058771 ], [ 81.854879998709379, 30.362410590124014 ], [ 81.641921421234571, 30.387525336217863 ], [ 81.417128940764911, 30.33760590262392 ], [ 81.255123325529894, 30.093305568964084 ], [ 81.177195265633742, 30.039872137974285 ], [ 81.110325962248083, 30.036797390252914 ], [ 81.055600620450974, 30.098989976516194 ], [ 81.010228712898709, 30.164515692662292 ] ] } },
{ "type": "Feature", "properties": { "featurecla": "International boundary (verify)" }, "geometry": { "type": "LineString", "coordinates": [ [ 80.191159415694557, 30.568787005919202 ], [ 80.191208937504797, 30.568418687455562 ], [ 80.260972121098831, 30.561339016231585 ], [ 80.409593540370281, 30.509455878210545 ], [ 80.540955031256203, 30.463541368119209 ], [ 80.608857863287739, 30.448891099564463 ], [ 80.682135044277601, 30.414836330684125 ], [ 80.746782261074742, 30.360421047480784 ], [ 80.873544549486695, 30.290580349238311 ], [ 80.985475701830893, 30.237121080032367 ], [ 81.010228712898709, 30.164515692662292 ] ] } },
{ "type": "Feature", "properties": { "featurecla": "International boundary (verify)" }, "geometry": { "type": "LineString", "coordinates": [ [ 75.303650329872383, 32.317580921878189 ], [ 75.333520949204114, 32.279218654910323 ], [ 75.324684279282224, 32.21526906994913 ], [ 75.254145949203803, 32.140312404909778 ], [ 75.138804152328362, 32.10475901949296 ], [ 75.071521437484336, 32.089333604453842 ], [ 74.73944868357674, 31.948851223268377 ], [ 74.635785760399244, 31.889733384726483 ], [ 74.555532261049962, 31.818574937460568 ], [ 74.526025018211328, 31.765141506470769 ], [ 74.510005324200847, 31.712948309855975 ], [ 74.58183556508655, 31.52394175874845 ], [ 74.593927850242835, 31.465366522745612 ], [ 74.534965040997804, 31.26137380627344 ], [ 74.517705112612333, 31.185590318317409 ], [ 74.539770949200943, 31.132673651650535 ], [ 74.610309279279363, 31.112829901650457 ], [ 74.625760532534628, 31.068749904905488 ], [ 74.632840203758605, 31.034643459592843 ], [ 74.509746942039385, 30.959660956337345 ], [ 74.38040083201281, 30.893411770139153 ], [ 74.33936974477308, 30.89356679943603 ], [ 74.215604689434031, 30.76897492118033 ], [ 74.009002313131134, 30.519687811804332 ], [ 73.899293247375482, 30.435377712520136 ], [ 73.891541782531704, 30.394062404902783 ], [ 73.882705112609784, 30.352152818314082 ], [ 73.924614699198486, 30.281614488235675 ], [ 73.933399692688113, 30.222083238235427 ], [ 73.886529168599395, 30.16203522391227 ], [ 73.80916954945846, 30.093357245396376 ], [ 73.658067661437002, 30.033205878208634 ], [ 73.467484979144587, 29.971685085565156 ], [ 73.381598748675486, 29.934348863234277 ], [ 73.317313266904392, 29.773015041619047 ], [ 73.257833693336437, 29.610699367790275 ], [ 73.231116977841538, 29.550625515250971 ], [ 73.128332554013014, 29.36391856538043 ], [ 72.948756951798742, 29.08881907807465 ], [ 72.90328169138192, 29.028771063751492 ], [ 72.625624220677679, 28.896143500274405 ], [ 72.341920607395281, 28.751914577747783 ], [ 72.291949497369046, 28.697292588815273 ], [ 72.233865187472986, 28.565801906848591 ], [ 72.179191522108169, 28.421779690051153 ], [ 72.128548618462133, 28.346357937121155 ], [ 72.0, 28.22599537120848 ] ] } },
{ "type": "Feature", "properties": { "featurecla": "Line of control (please verify)" }, "geometry": { "type": "LineString", "coordinates": [ [ 74.305521681621883, 32.810426540654646 ], [ 74.354562615866882, 32.768697821578954 ], [ 74.48334028513824, 32.770997422815938 ], [ 74.588243442690725, 32.753246568323689 ], [ 74.632375115868001, 32.770894069951353 ], [ 74.663225945946238, 32.757664903284635 ], [ 74.643382195946145, 32.607725734989771 ], [ 74.65779992055559, 32.518919786096177 ], [ 74.685756870425507, 32.493805040002329 ], [ 74.788903029280078, 32.457812404911039 ], [ 74.987340529280857, 32.462204901655852 ], [ 75.104077589828222, 32.420346991499429 ], [ 75.23368208201623, 32.372132880171122 ], [ 75.302618442693586, 32.318906154910493 ], [ 75.303650329872383, 32.317580921878189 ] ] } },
{ "type": "Feature", "properties": { "featurecla": "International boundary (verify)" }, "geometry": { "type": "LineString", "coordinates": [ [ 72.0, 36.579346220720588 ], [ 72.095579054659936, 36.633759060201186 ], [ 72.156763950493513, 36.700886745748335 ], [ 72.249833205051175, 36.734734808899503 ], [ 72.326986118462941, 36.742408759094843 ], [ 72.43116580596336, 36.76581818292307 ], [ 72.531366408177291, 36.80201752374353 ], [ 72.622833693333916, 36.82958690037124 ], [ 72.76623579294386, 36.835012925761887 ], [ 72.993715447892697, 36.851601060527571 ], [ 73.116757033179624, 36.868550930319316 ], [ 73.411157667946441, 36.881702582337596 ], [ 73.731809930317525, 36.887774563131885 ] ] } },
{ "type": "Feature", "properties": { "featurecla": "Line of control (please verify)" }, "geometry": { "type": "LineString", "coordinates": [ [ 75.319255951243875, 34.582414901148368 ], [ 75.264067824203863, 34.601350816377945 ], [ 75.187535027979578, 34.639022935518724 ], [ 75.118443638005346, 34.636826687146325 ], [ 74.951890496728652, 34.6458700627974 ], [ 74.788747999983201, 34.677728583305338 ], [ 74.594134555972005, 34.715762437472165 ], [ 74.497964715476826, 34.732040513644094 ], [ 74.30040571482499, 34.765397650688499 ], [ 74.171938104147387, 34.720878404269058 ], [ 74.055872837219852, 34.680674139945978 ], [ 73.961201613261153, 34.653466498344301 ], [ 73.883118524068124, 34.529055487601624 ], [ 73.850097283833605, 34.48528554945041 ], [ 73.812115106099071, 34.422343654918905 ], [ 73.794493442687553, 34.378237819957789 ], [ 73.809944695942818, 34.325321153290915 ], [ 73.924563022766193, 34.287829901663159 ], [ 73.972363722636175, 34.236618557261906 ], [ 73.97944339386018, 34.191298326141933 ], [ 73.938308953755836, 34.144763698863102 ], [ 73.903892449849451, 34.10799591728744 ], [ 73.904099155578621, 34.075672308888869 ], [ 73.92239261260994, 34.043090318328836 ], [ 73.949884474589226, 34.018802395151667 ], [ 74.112561883444044, 34.003687038706289 ], [ 74.208990106100686, 34.003402818328681 ], [ 74.246507195944559, 33.990173651661962 ], [ 74.250899692689387, 33.946093654916993 ], [ 74.215604689434031, 33.886562404916759 ], [ 74.078403761699121, 33.838658352182193 ], [ 74.000992466125894, 33.788170477833035 ], [ 73.97649783721954, 33.721275336231201 ], [ 73.977583042297653, 33.667816067025257 ], [ 74.003989699198797, 33.632443549121476 ], [ 74.069773797506372, 33.591696682259325 ], [ 74.131268751933703, 33.545084540332056 ], [ 74.149975620423362, 33.506999009732951 ], [ 74.142585890605602, 33.455348415657227 ], [ 74.117781203105523, 33.384112453742873 ], [ 74.050395135396911, 33.301249294562851 ], [ 73.994222853495643, 33.242208970669395 ], [ 73.989830356750844, 33.221176662726592 ], [ 74.003782993469656, 33.189447333299384 ], [ 74.049154901021893, 33.143429470343477 ], [ 74.126256138001395, 33.075423285447371 ], [ 74.222064243470527, 33.020310370408083 ], [ 74.283559197897858, 33.005117499314267 ], [ 74.303609653627092, 32.991810817999109 ], [ 74.32272993357509, 32.927990424118647 ], [ 74.329964634095944, 32.860836900355366 ], [ 74.305521681621883, 32.810426540654646 ] ] } },
{ "type": "Feature", "properties": { "featurecla": "Disputed (please verify)" }, "geometry": { "type": "LineString", "coordinates": [ [ 77.799365268875448, 35.495921535782571 ], [ 77.810889113276545, 35.48452688246222 ], [ 77.851506789057964, 35.460781561824092 ], [ 77.894914992183118, 35.448999335261547 ], [ 77.945867954422908, 35.471633612605387 ], [ 78.009481642574201, 35.490237128230461 ], [ 78.042709588537889, 35.479798488907505 ], [ 78.047412143876443, 35.44938690850374 ], [ 78.009171583980446, 35.306940822891193 ], [ 78.012220493485671, 35.251026923151386 ], [ 78.075730828772379, 35.134909979791544 ], [ 78.158464796871669, 34.946497707655368 ], [ 78.236186151038652, 34.769815985649458 ], [ 78.281971470049257, 34.653931586234933 ], [ 78.326929966143183, 34.606389268526414 ], [ 78.515755649737685, 34.557942613252777 ], [ 78.67078494661331, 34.518151760388037 ], [ 78.763079054686585, 34.452936102835693 ], [ 78.864829949869289, 34.390355943330235 ], [ 78.93640180859353, 34.351960354137375 ], [ 78.97009484244785, 34.302609361298636 ], [ 78.976916131510364, 34.258115953095327 ], [ 78.970611606770774, 34.228195298798326 ], [ 78.931750929687269, 34.188947048472656 ], [ 78.753053826821969, 34.08768707939673 ], [ 78.731763136717717, 34.055544338511183 ], [ 78.726647169920824, 34.013402207977165 ], [ 78.761735467447011, 33.887595933562594 ], [ 78.783749627603356, 33.808789374317485 ], [ 78.789950799478362, 33.650349432910602 ], [ 78.801836378905506, 33.49971263277979 ], [ 78.865088332030751, 33.431086330696189 ], [ 78.916713087890344, 33.386773790005904 ] ] } },
{ "type": "Feature", "properties": { "featurecla": "Line of control (please verify)" }, "geometry": { "type": "LineString", "coordinates": [ [ 77.048610060539119, 35.109898586562281 ], [ 77.030678338533846, 35.062356268853748 ], [ 77.000912713533722, 34.991998806288365 ], [ 76.891720412100995, 34.938720404595443 ], [ 76.782941522126606, 34.900195624321853 ], [ 76.757516717438989, 34.877845567355621 ], [ 76.749041782543117, 34.847537339816441 ], [ 76.696331821605412, 34.786920884738066 ], [ 76.594425897125831, 34.735864569633691 ], [ 76.509986606760918, 34.740877183566013 ], [ 76.45675988150029, 34.756121731092108 ], [ 76.172436151030411, 34.667729193656868 ], [ 76.04107466014446, 34.669925442029268 ], [ 75.938290236315936, 34.612564602185287 ], [ 75.862067498685406, 34.560268052705908 ], [ 75.709208611966062, 34.503062242158805 ], [ 75.605545688788538, 34.50275218356505 ], [ 75.452480096340025, 34.536703599580818 ], [ 75.319255951243875, 34.582414901148368 ] ] } },
{ "type": "Feature", "properties": { "featurecla": "Indeterminant frontier" }, "geometry": { "type": "LineString", "coordinates": [ [ 77.048610060539119, 35.109898586562281 ], [ 77.168499383456265, 35.171548570286475 ], [ 77.29298790884738, 35.235523993463815 ], [ 77.423419223952067, 35.302600002578671 ], [ 77.571575555332885, 35.378771063776895 ], [ 77.696942580072971, 35.443237413061013 ], [ 77.799365268875448, 35.495921535782571 ] ] } },
{ "type": "Feature", "properties": { "featurecla": "Indeterminant frontier" }, "geometry": { "type": "LineString", "coordinates": [ [ 77.048610060539119, 35.109898586562281 ], [ 77.004478387361843, 35.196353257786583 ], [ 76.978898553377377, 35.246427720677403 ], [ 76.927738885408417, 35.346628322891348 ], [ 76.882263624991566, 35.435718492162536 ], [ 76.812758823558994, 35.571808376603187 ], [ 76.766870151683833, 35.661699530574907 ] ] } },
{ "type": "Feature", "properties": { "featurecla": "Indefinite (please verify)" }, "geometry": { "type": "LineString", "coordinates": [ [ 77.799365268875448, 35.495921535782571 ], [ 77.724072707026181, 35.480573635391892 ], [ 77.572557407546412, 35.471840318334557 ], [ 77.520054152337877, 35.473416449519462 ], [ 77.446518589186553, 35.475612697891862 ], [ 77.294848260409879, 35.508143012019602 ], [ 77.090002882804896, 35.552042141251547 ], [ 76.878852980460323, 35.613304551733563 ], [ 76.766870151683833, 35.661699530574907 ], [ 76.766870151683804, 35.661699530574914 ] ] } },
{ "type": "Feature", "properties": { "featurecla": "Indefinite (please verify)" }, "geometry": { "type": "LineString", "coordinates": [ [ 76.766870151683804, 35.661699530574914 ], [ 76.727544386709695, 35.678675238582784 ], [ 76.631839634105148, 35.729369818661112 ], [ 76.563420037750717, 35.77298472751545 ], [ 76.551276076162111, 35.887060451799755 ], [ 76.50202843618797, 35.87822378187785 ], [ 76.385756463531266, 35.837141018205813 ], [ 76.251656121733845, 35.810915228817692 ], [ 76.177810499988766, 35.810527655575498 ], [ 76.147838169259472, 35.829027818335987 ], [ 76.103293084623886, 35.949227199846888 ], [ 76.070840285144584, 35.982997748349618 ], [ 76.010482212227657, 35.996356106097068 ], [ 75.945111525378451, 36.017595119769027 ], [ 75.912296990873102, 36.048962714170202 ], [ 75.904855584623078, 36.088469346657334 ], [ 75.934104445300278, 36.133918768858038 ], [ 75.968624302071248, 36.168852037087348 ], [ 75.974412062487943, 36.382430731749665 ] ] } },
{ "type": "Feature", "properties": { "featurecla": "International boundary (verify)" }, "geometry": { "type": "LineString", "coordinates": [ [ 97.322514683016038, 28.217993679308151 ], [ 97.310267368562876, 28.155206814073523 ], [ 97.30277428588056, 28.085986233018559 ], [ 97.339154494214029, 28.030873317979271 ], [ 97.343546990958856, 27.982349148057196 ], [ 97.335123732495276, 27.937726548773171 ], [ 97.306184930411831, 27.90708242442409 ], [ 97.226086460359426, 27.89005503998392 ], [ 97.157821893301843, 27.836879991155584 ], [ 97.049714796947256, 27.760011298121412 ], [ 96.962795037832308, 27.698283799748779 ], [ 96.89969811400394, 27.643868516545425 ], [ 96.876857130930944, 27.58674022064676 ], [ 96.883626743561166, 27.514858303328765 ], [ 96.901920200592485, 27.439591579695659 ], [ 97.103768345124564, 27.163329372663298 ], [ 97.102063022858914, 27.115425319928733 ], [ 97.038087599681575, 27.102041123965137 ], [ 96.9533899271552, 27.13327952728558 ], [ 96.880267775462187, 27.177824611921167 ], [ 96.797792189524358, 27.296215318301847 ], [ 96.731646356190765, 27.331510321557204 ], [ 96.665758905018635, 27.339261786400982 ], [ 96.274206577543112, 27.278361110945013 ], [ 96.190800815824019, 27.261282050072552 ], [ 96.061454705797473, 27.217098700462998 ], [ 95.970917596422112, 27.128086045840249 ], [ 95.905288527411415, 27.046643988548254 ], [ 95.837282342515323, 27.01380361582676 ], [ 95.738373651108674, 26.950422471620783 ], [ 95.463816766341949, 26.756041571554903 ], [ 95.305066766341326, 26.672248236593632 ], [ 95.201455519596095, 26.641397406515381 ], [ 95.128695102929157, 26.597291571554265 ], [ 95.089421014387312, 26.525513007100855 ], [ 95.059810418684094, 26.473991604105862 ], [ 95.05087039589759, 26.347280992126187 ], [ 95.06895714719974, 26.191140651956289 ], [ 95.108437941470726, 26.091430975849121 ], [ 95.129315220116666, 26.070398667906318 ], [ 95.132467482486447, 26.041253160093703 ], [ 95.092935011783169, 25.987302964780994 ], [ 95.040741815168388, 25.94131094004122 ], [ 95.015213657616187, 25.912940578712991 ], [ 94.991959263084851, 25.770468654884297 ], [ 94.945760532615907, 25.700240383399631 ], [ 94.861114536521825, 25.597197577409645 ], [ 94.785873651104851, 25.519321193945785 ], [ 94.667741326885647, 25.458859768164288 ], [ 94.622886183656306, 25.410025539648473 ], [ 94.579943068421755, 25.319850165299158 ], [ 94.554414910869554, 25.243446560155618 ], [ 94.553019647197686, 25.215722154231031 ], [ 94.566507196025867, 25.191511745702286 ], [ 94.615651483135423, 25.164588324478217 ], [ 94.675286086000256, 25.138569240819265 ], [ 94.703759800193069, 25.097848212173261 ], [ 94.70758385618268, 25.048755601495984 ], [ 94.663297153708527, 24.930985012302813 ], [ 94.584077183005093, 24.767248236586013 ], [ 94.493178338603684, 24.637643744397991 ], [ 94.399437290426221, 24.514059556571979 ], [ 94.377268100973026, 24.473751939384314 ], [ 94.293035516337255, 24.321874904878499 ], [ 94.219706658915101, 24.113179633067759 ], [ 94.170252313211762, 23.972645575450017 ], [ 94.127670933003259, 23.876475734954838 ], [ 94.074754266336384, 23.872083238210024 ], [ 94.010830519591337, 23.902934068288275 ], [ 93.855491164121986, 23.943913479095727 ], [ 93.755859002663243, 23.976908881114099 ], [ 93.683356968157739, 24.006519476817346 ], [ 93.633282505266919, 24.005356757090766 ], [ 93.564036085995809, 23.986081447845905 ], [ 93.493807814511143, 23.972852281179186 ], [ 93.452156610083904, 23.987399196869347 ], [ 93.355573358130385, 24.074112250255112 ], [ 93.326272821020893, 24.064190375255066 ], [ 93.307359246802065, 24.021867377208025 ], [ 93.37252322792213, 23.774156399016931 ], [ 93.414949578833756, 23.682094834888957 ], [ 93.40807661333892, 23.528047390226888 ], [ 93.391281772844081, 23.33917003020008 ], [ 93.366011997453342, 23.132515977464891 ], [ 93.349372186255351, 23.084947821540212 ], [ 93.308031040421866, 23.030377509039994 ], [ 93.253460727921635, 23.015494696539932 ], [ 93.203851352921447, 23.036992092373353 ], [ 93.164163852921291, 23.032031154873337 ], [ 93.150934686254573, 22.997304592373197 ], [ 93.162510207087962, 22.907956040940547 ], [ 93.114244419327349, 22.80571421965108 ], [ 93.07869103391053, 22.718226019780928 ], [ 93.088199497452223, 22.633244126876946 ], [ 93.105046014379383, 22.547099514246398 ], [ 93.161993442765038, 22.360185858646688 ], [ 93.162406854223377, 22.291895453372973 ], [ 93.151141391983742, 22.230633042890958 ], [ 93.121479119848203, 22.205182399987223 ], [ 93.070577834040705, 22.209419867435145 ], [ 93.042982619196835, 22.183995062747542 ], [ 93.021950311254045, 22.145676988203121 ], [ 92.964537794977787, 22.003773505129644 ], [ 92.909450718154659, 21.988916530845728 ], [ 92.85431196489921, 22.010129706301541 ], [ 92.771422967503042, 22.104800930260254 ], [ 92.720986769586176, 22.132447821536402 ], [ 92.688947381565214, 22.130975043216083 ], [ 92.674684686252675, 22.105989488202965 ], [ 92.652618849664037, 22.049300441978787 ], [ 92.63034630734623, 22.011318264244252 ], [ 92.574897495497055, 21.978090318280579 ] ] } },
{ "type": "Feature", "properties": { "featurecla": "International boundary (verify)" }, "geometry": { "type": "LineString", "coordinates": [ [ 91.631905959034953, 27.75995962168912 ], [ 91.629373813852652, 27.800861517848148 ], [ 91.641879510467277, 27.923257147731448 ], [ 91.605602654998393, 27.951705023708115 ], [ 91.49336144406044, 27.981780707301994 ], [ 91.367581007862015, 28.021649074815173 ], [ 91.306809523486777, 28.064023749294506 ], [ 91.273013136767901, 28.078389797471644 ], [ 91.225884230517693, 28.071258449815375 ], [ 91.149919875048653, 28.026765041612066 ], [ 91.077779575569195, 27.974468492132686 ], [ 91.020780470751248, 27.970075995387887 ], [ 90.962541131558311, 27.994570624294226 ], [ 90.906627231818504, 28.02653249766675 ], [ 90.715734490932334, 28.071723537705992 ], [ 90.630054966192404, 28.078544826768521 ], [ 90.477299432337617, 28.070845038357035 ], [ 90.352759230514209, 28.080224310818011 ], [ 90.333122186243287, 28.0939960800238 ], [ 90.333702713847941, 28.117531636662154 ] ] } },
{ "type": "Feature", "properties": { "featurecla": "Disputed (please verify)" }, "geometry": { "type": "LineString", "coordinates": [ [ 91.631905959034953, 27.75995962168912 ], [ 91.712572869842575, 27.759830430608389 ], [ 91.824710727915942, 27.746420396428647 ], [ 91.909408400442317, 27.729677232366086 ], [ 91.977672967499871, 27.730349025985888 ], [ 92.101282993542043, 27.807631130478384 ], [ 92.157558628307896, 27.812256171168499 ], [ 92.222257521537301, 27.826932277939392 ], [ 92.250524530000973, 27.841479193629553 ], [ 92.270058221407311, 27.830213731389932 ], [ 92.341061639376335, 27.820756944280518 ], [ 92.414855584689121, 27.824606838486261 ], [ 92.48069135942896, 27.845949205022805 ], [ 92.546733839897996, 27.879177150986479 ], [ 92.664349399794304, 27.948940334580499 ], [ 92.687758823622517, 27.988989569606701 ], [ 92.687448765028762, 28.025731512966232 ], [ 92.665589634169294, 28.049864406846538 ], [ 92.643472121148363, 28.061543280544498 ], [ 92.652567173231745, 28.093375962836291 ], [ 92.701866489638178, 28.147119452419844 ], [ 92.881855503310788, 28.228122260037352 ], [ 93.034972772191594, 28.327651068631496 ], [ 93.170881156082913, 28.362464845775953 ], [ 93.188774790825249, 28.433940620833063 ], [ 93.242026629959057, 28.501083053130273 ], [ 93.310544615955408, 28.598310328535522 ], [ 93.360534295630401, 28.654065253203115 ], [ 93.664908481829542, 28.690238755807428 ], [ 93.760768263730967, 28.729771226510707 ], [ 93.897363779349689, 28.742717440499469 ], [ 93.97362348834119, 28.860796820586756 ], [ 94.066544664220032, 28.890947762834571 ], [ 94.265580999361617, 28.969337133056435 ], [ 94.30538826638994, 29.056366845585522 ], [ 94.293293898498717, 29.144629624949872 ], [ 94.46806359250985, 29.216201483674112 ], [ 94.62298953652089, 29.312423000601584 ], [ 94.67704308469817, 29.297023423778612 ], [ 94.733370395896316, 29.251599839794054 ], [ 94.76313602089644, 29.201292832957918 ], [ 94.769440545636058, 29.175868028270315 ], [ 94.96751631061079, 29.144061184194655 ], [ 94.998883905011951, 29.149177150991562 ], [ 95.144714796939638, 29.104063625600745 ], [ 95.279073520898493, 29.049544989532819 ], [ 95.353074171940477, 29.035902411407776 ], [ 95.389247674544777, 29.037401027944242 ], [ 95.420201857487598, 29.05429922130368 ], [ 95.456530389388803, 29.102280788686684 ], [ 95.493789097071243, 29.137007351186824 ], [ 95.516940138737993, 29.151192531850938 ], [ 95.51580325722756, 29.206331285106373 ], [ 95.713570337516657, 29.243232049478763 ], [ 95.768305329680587, 29.338705884076198 ], [ 95.877775314008446, 29.34738089644701 ], [ 96.047182122757107, 29.367006126186158 ], [ 96.128479038480037, 29.381385199495085 ], [ 96.194779901110508, 29.272451280223819 ], [ 96.234984165433588, 29.245786241161213 ], [ 96.337200148506895, 29.261004950471175 ], [ 96.355803664131969, 29.249067694611753 ], [ 96.339732293689195, 29.209793606069923 ], [ 96.270537550850378, 29.161217759715569 ], [ 96.180827264391695, 29.11765452729351 ], [ 96.183404063029343, 29.074169716974573 ], [ 96.201209358613525, 28.96498372357452 ], [ 96.346863641345493, 29.027427476511903 ], [ 96.435695428455205, 29.050681871043253 ], [ 96.467063022856365, 29.022285671498864 ], [ 96.477139927153303, 28.959317938751212 ], [ 96.550003696684826, 28.829610093698605 ], [ 96.580906203195383, 28.763670966094182 ], [ 96.484836136190268, 28.607382679282207 ], [ 96.329862095121456, 28.496813869738943 ], [ 96.32614139199643, 28.468546861275286 ], [ 96.278909132881665, 28.428187567655343 ], [ 96.281492954496258, 28.412064520780277 ], [ 96.319836867256839, 28.386510525011943 ], [ 96.366449009184095, 28.367261053983214 ], [ 96.389083286527949, 28.367932847603015 ], [ 96.427685581449964, 28.40601837820212 ], [ 96.602661981190266, 28.45991689708255 ], [ 96.652839796945671, 28.449736639921056 ], [ 96.775829705800334, 28.367054348254058 ], [ 96.833035516347422, 28.362403469347782 ], [ 96.980881789134486, 28.337702134712274 ], [ 97.075346307364015, 28.368966376248849 ], [ 97.145161167390341, 28.340311794543013 ], [ 97.289493442781549, 28.236829738878527 ], [ 97.322514683016038, 28.217993679308151 ] ] } },
{ "type": "Feature", "properties": { "featurecla": "Line of control (please verify)" }, "geometry": { "type": "LineString", "coordinates": [ [ 128.374624465041336, 38.623456732735193 ], [ 128.339484491082828, 38.607876288399183 ], [ 128.279333123895071, 38.523772894844157 ], [ 128.223109165561539, 38.416983547513013 ], [ 128.168642205925892, 38.359312649075278 ], [ 128.106268752149617, 38.327324937486608 ], [ 128.038934360873327, 38.308540554348511 ], [ 127.905299106966538, 38.300427354478686 ], [ 127.784634637564977, 38.3076878932157 ], [ 127.745515578320067, 38.319263414049075 ], [ 127.579479201366269, 38.312493801418839 ], [ 127.532712030142136, 38.305000718736522 ], [ 127.29407026581822, 38.313268947903211 ], [ 127.169581740427134, 38.304535630845891 ], [ 127.090310093291407, 38.283865057929134 ], [ 127.009643182483785, 38.240508531236259 ], [ 126.940086704618921, 38.17560293227767 ], [ 126.878850132353023, 38.106072292628951 ], [ 126.754309930529644, 37.978974107407083 ], [ 126.666821730659478, 37.917169094386011 ], [ 126.666511672065724, 37.827923895817946 ], [ 126.664547967638612, 37.800742092432415 ], [ 126.633852166857253, 37.781854356429733 ] ] } },
{ "type": "Feature", "properties": { "featurecla": "International boundary (verify)" }, "geometry": { "type": "LineString", "coordinates": [ [ 130.526947869997855, 42.535388495446142 ], [ 130.498215773643551, 42.570528469404621 ], [ 130.450311720908985, 42.581690578779671 ], [ 130.360704787314887, 42.630834865889241 ], [ 130.295592482627114, 42.684940090498827 ], [ 130.246706577678992, 42.744833075525108 ], [ 130.248825311402982, 42.87262889258291 ], [ 130.240350376507081, 42.891775010747054 ], [ 130.151260207235907, 42.917949123702883 ], [ 130.12480187390247, 42.955982977869709 ], [ 130.082633905152306, 42.974173082036444 ], [ 130.02227583223538, 42.962597561203069 ], [ 129.977007277547727, 42.974844875656245 ], [ 129.941247186401768, 42.995670477869865 ], [ 129.898252394734925, 42.998150946619873 ], [ 129.861045363484777, 42.965078029953077 ], [ 129.841511672078411, 42.894229641280916 ], [ 129.779189894734429, 42.776562404952315 ], [ 129.773402134317735, 42.705455634118707 ], [ 129.746530389525958, 42.603808091800587 ], [ 129.719761997598766, 42.474978746096951 ], [ 129.697799513874713, 42.448132839521321 ], [ 129.627984653848387, 42.444282945315578 ], [ 129.603903436400401, 42.435911363284291 ], [ 129.567523228066932, 42.392089748700784 ], [ 129.523701613483411, 42.38464834245076 ], [ 129.484840936399905, 42.410279852867518 ], [ 129.423656040566357, 42.435911363284291 ], [ 129.365778436399467, 42.439218654950977 ], [ 129.313688592649214, 42.413587144534205 ], [ 129.252503696815666, 42.357879950523568 ], [ 129.217777134315497, 42.312714748700472 ], [ 129.205374790565486, 42.270546779950294 ], [ 129.195452915565454, 42.218456936200084 ], [ 129.133699578976632, 42.168511664389996 ], [ 129.077217238481637, 42.142389227866445 ], [ 128.960635207231178, 42.068801988282829 ], [ 128.92342817598103, 42.03820954036604 ], [ 128.83981570853274, 42.037847805339993 ], [ 128.748968540563624, 42.040690009116048 ], [ 128.626702101761055, 42.02084625911597 ], [ 128.427231073114456, 42.010717678386754 ], [ 128.307858514520206, 42.025652167319109 ], [ 128.160167271030048, 42.011596177735726 ], [ 128.045238885612889, 41.987514960287712 ], [ 128.028702427279484, 41.951625678061006 ], [ 128.032939894727463, 41.898476467448802 ], [ 128.056090936394185, 41.863749904948676 ], [ 128.084202915560979, 41.840598863281912 ], [ 128.131900262566376, 41.769130357422256 ], [ 128.181768019728054, 41.700038967448009 ], [ 128.25783572806165, 41.655390529947837 ], [ 128.28925499889516, 41.607434800780979 ], [ 128.290908644728461, 41.562786363280793 ], [ 128.254941847853331, 41.506562404947246 ], [ 128.200268182488514, 41.433001003579761 ], [ 128.149418573113337, 41.387732448892081 ], [ 128.111229689649633, 41.389256903644693 ], [ 128.052783644727526, 41.415611884113545 ], [ 128.013096144727342, 41.448684800780342 ], [ 127.918683302930106, 41.461138820962688 ], [ 127.68763797415312, 41.440003160155314 ], [ 127.572192824413094, 41.454756781574645 ], [ 127.517002394725409, 41.481757717447138 ], [ 127.420367466339599, 41.483773098306528 ], [ 127.270815871286914, 41.519843248046257 ], [ 127.179658644724043, 41.53136709244734 ], [ 127.1366638530572, 41.554518134114105 ], [ 127.128395623890469, 41.607434800780979 ], [ 127.085400832223627, 41.643815009114462 ], [ 127.061267938343349, 41.687352403320361 ], [ 127.006904331572287, 41.74205190690131 ], [ 126.954762811389799, 41.769492092448289 ], [ 126.903499790556282, 41.781067613281678 ], [ 126.847275832222692, 41.747994696614867 ], [ 126.787744582222444, 41.718229071614758 ], [ 126.743096144722301, 41.724843654948117 ], [ 126.72159874888888, 41.716575425781414 ], [ 126.697000767117913, 41.691874091145905 ], [ 126.601244338081074, 41.640972805338407 ], [ 126.578351678575814, 41.594360663411138 ], [ 126.540111118679818, 41.495555324869073 ], [ 126.513549432481796, 41.394011135415539 ], [ 126.490398390815017, 41.358070176756542 ], [ 126.451434360866926, 41.351843166665375 ], [ 126.411850213731384, 41.321328233397026 ], [ 126.328702834173725, 41.225700995440903 ], [ 126.253616978053685, 41.137799384112427 ], [ 126.144476353053221, 41.078268134112193 ], [ 126.093213332219705, 41.023697821611975 ], [ 126.066754998886267, 40.974088446611773 ], [ 125.989033644719257, 40.904635321611494 ], [ 125.874932082218834, 40.892232977861454 ], [ 125.784033237817425, 40.872027492835329 ], [ 125.728274367374468, 40.866704820309266 ], [ 125.688225132348293, 40.838670355790924 ], [ 125.659234653832527, 40.795882269853252 ], [ 125.645075311384574, 40.778958238277667 ], [ 125.593812290551, 40.778958238277667 ], [ 125.542549269717483, 40.742578029944184 ], [ 125.416872186383671, 40.659895738277186 ], [ 125.314449497581165, 40.644625352534945 ], [ 125.185878534038977, 40.589383246414926 ], [ 125.072913853048931, 40.547447821610078 ], [ 125.025991652527921, 40.523883368484974 ], [ 125.013382603048683, 40.497838446609876 ], [ 124.996846144715278, 40.46476552994308 ], [ 124.942275832215103, 40.45815094660972 ], [ 124.889359165548228, 40.459804592443049 ], [ 124.77195031138109, 40.38373688410941 ], [ 124.712419061380842, 40.319244696609161 ], [ 124.481011997577809, 40.181656195632044 ], [ 124.386650832212865, 40.104270738274963 ], [ 124.362156203306483, 40.004044297844871 ] ] } },
{ "type": "Feature", "properties": { "featurecla": "International boundary (verify)" }, "geometry": { "type": "LineString", "coordinates": [ [ 130.526947869997855, 42.535388495446142 ], [ 130.554129673383386, 42.474694525719343 ], [ 130.618001743696141, 42.415602525393581 ], [ 130.651539748253526, 42.372504380862168 ], [ 130.65794762585773, 42.327778428713543 ], [ 130.687351515831836, 42.302534491538964 ] ] } },
{ "type": "Feature", "properties": { "featurecla": "International boundary (verify)" }, "geometry": { "type": "LineString", "coordinates": [ [ 116.683296746895593, 49.823780829459679 ], [ 116.589710728015007, 49.684797064810681 ], [ 116.402125278795495, 49.406183580109044 ], [ 116.243375278794872, 49.170384019561226 ], [ 116.159659458482025, 49.037472235706531 ], [ 116.098267856919279, 48.936134751982166 ], [ 116.034395786606524, 48.84001658791928 ], [ 116.025507440252341, 48.782294013049267 ], [ 115.953780552231194, 48.689379787788468 ], [ 115.820558709782745, 48.577241929715115 ], [ 115.791671584131592, 48.455698960964625 ], [ 115.796580845199315, 48.34635163023502 ], [ 115.785522088688879, 48.248218085312757 ], [ 115.639484491032022, 48.186206366562502 ], [ 115.525072869937816, 48.130860907577912 ], [ 115.557629022281702, 47.945032457056328 ], [ 115.616385125797564, 47.874804185571676 ], [ 115.711676466943771, 47.798943182967207 ], [ 115.811670363428561, 47.738223375024248 ], [ 115.898228387517435, 47.686934515974571 ], [ 115.993881463689689, 47.711325792016339 ], [ 116.074858433091066, 47.789538072290085 ], [ 116.231179640773973, 47.858216050805979 ], [ 116.317169224107658, 47.859843858423176 ], [ 116.378250767076651, 47.844056708358011 ], [ 116.513436313952184, 47.839560858748612 ], [ 116.651929152494404, 47.864520575545598 ], [ 116.760553013171943, 47.869791571639368 ], [ 116.901164585438124, 47.853074245792939 ], [ 116.951652459787283, 47.836563625675694 ], [ 117.069733107574223, 47.806384589217231 ], [ 117.197063836741393, 47.740290432315931 ], [ 117.285895623851133, 47.666341457706253 ], [ 117.350801222809707, 47.652182115258285 ], [ 117.383977492341103, 47.675746568383374 ], [ 117.455135939607004, 47.741375637394057 ], [ 117.555336541820935, 47.804679266951595 ], [ 117.676672804842269, 47.908290513696812 ], [ 117.768398472160328, 47.987872219426293 ], [ 117.840487095207493, 47.999861151718008 ], [ 117.979186639478883, 47.999628607772692 ], [ 118.04187015184894, 48.018929755233714 ], [ 118.147031691562887, 48.028903306666038 ], [ 118.239687534662238, 47.999499416691961 ], [ 118.498379754715359, 47.983996487004404 ], [ 118.567781203283317, 47.9432754583584 ], [ 118.690512729976518, 47.822249253930835 ], [ 118.759914178544506, 47.757602037133708 ], [ 118.880320265784576, 47.725097561222114 ], [ 118.953132358883835, 47.702928371768905 ], [ 119.017572869951806, 47.685358384789666 ], [ 119.081961704587485, 47.654145819685368 ], [ 119.097257928545872, 47.616266994815433 ], [ 119.122941115394923, 47.558492743513114 ], [ 119.162421909665909, 47.525213121117147 ], [ 119.235234002765168, 47.49255361590869 ], [ 119.29083784391122, 47.472632351260174 ], [ 119.308562860187322, 47.430722764671458 ], [ 119.325926141437407, 47.410181382835447 ], [ 119.376672397948028, 47.380880845725954 ], [ 119.526947463052807, 47.255927232444193 ], [ 119.600172967610376, 47.222440904319058 ], [ 119.711173944173311, 47.14999054624586 ], [ 119.75726932177767, 47.090045884787287 ], [ 119.759853143392263, 47.027000637391197 ], [ 119.788533563314246, 46.978812364279023 ], [ 119.862689243653108, 46.906594550151141 ], [ 119.897829217611559, 46.857811998067604 ], [ 119.884134963054208, 46.791433620788695 ], [ 119.895865513184475, 46.732858384785857 ], [ 119.867236769694784, 46.67219025327519 ], [ 119.747450799642223, 46.627180080748971 ], [ 119.706626418131634, 46.606018581725451 ], [ 119.620223423339638, 46.603951524433782 ], [ 119.474082472818196, 46.626663316426061 ], [ 119.331868931150979, 46.613795884785375 ], [ 119.162060174639862, 46.638678086933922 ], [ 119.028528273597686, 46.692189032572145 ], [ 118.957163120602587, 46.734847927429087 ], [ 118.843940057451107, 46.760221055684397 ], [ 118.790299920732139, 46.747095241882263 ], [ 118.722913853023528, 46.691878973978405 ], [ 118.648706496252402, 46.701645819681559 ], [ 118.580441929194848, 46.691878973978405 ], [ 118.404380324376433, 46.703170274434171 ], [ 118.308675571771886, 46.717045396504545 ], [ 118.156850213698362, 46.678572292663247 ], [ 118.071274041823017, 46.666583360371533 ], [ 117.910456984530697, 46.619325263040608 ], [ 117.81351199755116, 46.53770233823559 ], [ 117.741268345207118, 46.518142808613121 ], [ 117.671040073722452, 46.522096055683448 ], [ 117.620500522941001, 46.551990871764303 ], [ 117.546861606925091, 46.588267727233188 ], [ 117.438134393382967, 46.586252346373811 ], [ 117.405578241039109, 46.570878607766986 ], [ 117.392142368643221, 46.537573147154873 ], [ 117.356382277497232, 46.436649074888834 ], [ 117.356899041820157, 46.391303005552714 ], [ 117.333437941559652, 46.362028306659369 ], [ 117.269049106923973, 46.352261460956214 ], [ 117.155981073069341, 46.355103664732255 ], [ 116.978782586740522, 46.361769924497906 ], [ 116.859048293120253, 46.38794403745375 ], [ 116.787011346505381, 46.376678575214115 ], [ 116.688877801583118, 46.321979071633166 ], [ 116.619373000150546, 46.313090725278968 ], [ 116.562580601061768, 46.289810492531473 ], [ 116.516691929186578, 46.209066067075426 ], [ 116.444810011868583, 46.158784898455437 ], [ 116.357631870592201, 46.096566473976026 ], [ 116.264562616034539, 45.963034572933822 ], [ 116.212989536607239, 45.886889349951744 ], [ 116.229112583482305, 45.845729071631268 ], [ 116.240584751451109, 45.795990505550336 ], [ 116.197641636216559, 45.739378973974596 ], [ 116.109843377752668, 45.686694851253023 ], [ 116.039563429835709, 45.676928005549868 ], [ 115.9341435079603, 45.626155910823101 ], [ 115.789139438949292, 45.534791978531061 ], [ 115.681032342594705, 45.458259182306804 ], [ 115.539438918114968, 45.439500637384853 ], [ 115.43949669806247, 45.419966945978516 ], [ 115.217494744936602, 45.396195787124256 ], [ 115.162614373842615, 45.390252997410698 ], [ 114.91921837774791, 45.37828990333513 ], [ 114.738764276184668, 45.419605210952483 ], [ 114.644299757955139, 45.413274847996718 ], [ 114.560170526183953, 45.389994615249236 ], [ 114.517227410949431, 45.364621486993926 ], [ 114.50224124558477, 45.31630402280102 ], [ 114.487255080220137, 45.271733099949287 ], [ 114.41909386602714, 45.202590033542762 ], [ 114.281066115375552, 45.110890204440821 ], [ 114.167429640765732, 45.049860337904121 ], [ 114.080303175921642, 44.971157131523597 ], [ 114.030332065895379, 44.942580064466199 ], [ 113.930906610165835, 44.912297675143151 ], [ 113.877059767717697, 44.896174628268099 ], [ 113.752157830868242, 44.825920518567287 ], [ 113.652629022274084, 44.76346955014256 ], [ 113.586999953263415, 44.745718695650297 ], [ 113.50793501185683, 44.762332668632141 ], [ 113.455638462377465, 44.767448635429034 ], [ 113.300919224095594, 44.791633205741633 ], [ 113.196119419407665, 44.794837144543735 ], [ 113.049461704563328, 44.810340074231291 ], [ 112.706743605603634, 44.883462225924291 ], [ 112.59677615768652, 44.917672024101506 ], [ 112.499314406384059, 45.010922146172192 ], [ 112.411309442190998, 45.058180243503116 ], [ 112.292091912893653, 45.063037828138548 ], [ 112.112929722137721, 45.062934475273963 ], [ 112.032676222788439, 45.081615505547475 ], [ 111.89800744023583, 45.06404551856825 ], [ 111.751039666797737, 44.969555162122546 ], [ 111.681483188932873, 44.899171861341017 ], [ 111.621280145312824, 44.827134914726145 ], [ 111.547434523567745, 44.672906602551052 ], [ 111.514775018359273, 44.569812120128759 ], [ 111.48945356653627, 44.511572780935822 ], [ 111.410905389452608, 44.419201158214108 ], [ 111.402223748827595, 44.367266343760761 ], [ 111.429560581509975, 44.322359524099127 ], [ 111.486197951301875, 44.271613267588506 ], [ 111.519735955859289, 44.191876532562148 ], [ 111.602624953255457, 44.107127183603481 ], [ 111.683756951953711, 44.041136379566751 ], [ 111.836925897266809, 43.934682929045493 ], [ 111.880334100391991, 43.878924058602564 ], [ 111.931752150522414, 43.814948635425225 ], [ 111.942862583465171, 43.752420152352059 ], [ 111.933147414194281, 43.711440741544607 ], [ 111.878163690235738, 43.680176500008017 ], [ 111.771141798959263, 43.664596055672021 ], [ 111.719723748828841, 43.621162014330693 ], [ 111.640762160286869, 43.563181057299218 ], [ 111.54733117070316, 43.496311753913531 ], [ 111.503509556119667, 43.492797756517689 ], [ 111.451109653775688, 43.474917710944695 ], [ 111.186836379035043, 43.391977037116249 ], [ 111.086480747524234, 43.368774319017191 ], [ 111.007209100388508, 43.341385809902491 ], [ 110.913313022914167, 43.25686900488914 ], [ 110.839570754033673, 43.194107977870658 ], [ 110.748516880335387, 43.110805569016165 ], [ 110.708570998173769, 43.073882758143611 ], [ 110.627490675907808, 42.990528672856826 ], [ 110.520933872521965, 42.89526316992675 ], [ 110.4617126811155, 42.844155178390096 ], [ 110.429621616662246, 42.813588568689454 ], [ 110.400424432417338, 42.773668524743982 ], [ 110.288906691531452, 42.742740180017293 ], [ 110.196819289187346, 42.710003160160383 ], [ 110.058016392051371, 42.660600490889351 ], [ 109.858752069133914, 42.606262722334449 ], [ 109.698038364706179, 42.55378530534206 ], [ 109.595563999471409, 42.510532131513756 ], [ 109.443170200642669, 42.455961819013538 ], [ 109.339817336058928, 42.438365993818152 ], [ 109.131664666787259, 42.440562242190566 ], [ 108.874522739702883, 42.426454576174876 ], [ 108.68735070194171, 42.416119289716505 ], [ 108.546480747514067, 42.429322618167078 ], [ 108.333935581497599, 42.436789862633248 ], [ 108.171206496210488, 42.447331854820803 ], [ 108.062324253371514, 42.42717804622697 ], [ 107.805957472771524, 42.405835679690426 ], [ 107.748699985792143, 42.400978095054981 ], [ 107.292345412222602, 42.349249986330818 ], [ 107.090755649852014, 42.321551418622377 ], [ 106.906064080840849, 42.308864854494715 ], [ 106.770051711048637, 42.288736884117043 ], [ 106.693208856230626, 42.263570461590888 ], [ 106.579055617297882, 42.227345282554296 ], [ 106.518800897245541, 42.211583970705263 ], [ 106.317211134874952, 42.140580552736239 ], [ 105.867574497503369, 41.99400035254034 ], [ 105.566404250106331, 41.875118720052882 ], [ 105.517053257267577, 41.854732367513733 ], [ 105.314326613386555, 41.77088735612017 ], [ 105.197124464948587, 41.738046983398689 ], [ 105.115475701927437, 41.663297024088493 ], [ 105.050570102968834, 41.615935573892997 ], [ 104.982047153749818, 41.595523383137703 ], [ 104.860297479270173, 41.643737494466023 ], [ 104.773687778748979, 41.641179511067577 ], [ 104.498252394633312, 41.65869782161451 ], [ 104.498252394633312, 41.876979071615395 ], [ 104.30518924359086, 41.84615407975329 ], [ 103.997301059995891, 41.796983954427574 ], [ 103.711116977963485, 41.751301988281554 ], [ 103.449737583431187, 41.855843410808006 ], [ 103.247889438899136, 41.936561998047921 ], [ 103.072809686294249, 42.005963446615908 ], [ 102.806882765720275, 42.052007147787961 ], [ 102.575217319755808, 42.092108059246456 ], [ 102.156689894623923, 42.158098863283186 ], [ 101.972928501394023, 42.215873114585492 ], [ 101.879910923268653, 42.292328396161324 ], [ 101.713822869882563, 42.465806179365146 ], [ 101.659976027434453, 42.500041815758507 ], [ 101.579102410897661, 42.523554592451305 ], [ 101.49528323772023, 42.538747463545121 ], [ 101.313743931078903, 42.537868964196164 ], [ 101.091948683682176, 42.551304836592038 ], [ 100.772588332118403, 42.587788397790106 ], [ 100.519063755294468, 42.61680471452199 ], [ 100.086325311282309, 42.670729071618567 ], [ 99.983799269615247, 42.677343654951926 ], [ 99.757456496176843, 42.629465440433506 ], [ 99.467861769613165, 42.568203029951491 ], [ 98.946859979246511, 42.616210435550641 ], [ 98.716279738360157, 42.638741360029897 ], [ 98.24824629109267, 42.684500840824356 ], [ 97.718924595127021, 42.736280625980811 ], [ 97.205674269604117, 42.789791571619034 ], [ 96.83298383991513, 42.760232652348094 ], [ 96.625296258534092, 42.743851223311566 ], [ 96.385465936267508, 42.720338446618769 ], [ 96.352393019600726, 42.746796779952206 ], [ 96.342471144600665, 42.849322821619282 ], [ 96.299476352933823, 42.928697821619593 ], [ 96.168424920641655, 43.014480699224109 ], [ 96.080316603584009, 43.096129462245273 ], [ 95.912523227932297, 43.206510321620712 ], [ 95.859606561265394, 43.275963446620992 ], [ 95.842036574286169, 43.383708807949546 ], [ 95.687317336004298, 43.664053453132951 ], [ 95.591199171941412, 43.853628444995692 ], [ 95.56716963092569, 43.892256578133868 ], [ 95.525570102930743, 43.953958238290369 ], [ 95.471309849024266, 43.986178493824355 ], [ 95.356433140039428, 44.00597056739214 ], [ 95.325530633528899, 44.039353542652691 ], [ 95.325530633528899, 44.104879258798775 ], [ 95.343669061263341, 44.19539052995799 ], [ 95.366820102930092, 44.261536363291597 ], [ 95.350283644596715, 44.278072821624988 ], [ 95.049836867251742, 44.259417629567622 ], [ 94.865972121157256, 44.303342597015714 ], [ 94.711976352927479, 44.350833238291955 ], [ 94.494315220114117, 44.472531236339307 ], [ 94.364710727926081, 44.519505113292624 ], [ 94.199346144592113, 44.645182196626465 ], [ 93.957913852924463, 44.674947821626589 ], [ 93.868151890033488, 44.724195461600743 ], [ 93.755238885475734, 44.831940822929297 ], [ 93.65643354693367, 44.900980536471238 ], [ 93.516235386125828, 44.944466254244844 ], [ 93.294388462296808, 44.983171902031458 ], [ 92.916065301488004, 45.020172227552436 ], [ 92.787856072971863, 45.0357268336723 ], [ 92.578928257215836, 45.01099966082063 ], [ 92.423795607475626, 45.008932603528962 ], [ 92.172596470104821, 45.035235907565522 ], [ 92.029762811250095, 45.068515529961488 ], [ 91.852822707082709, 45.069342352878166 ], [ 91.737790968800994, 45.068954779635973 ], [ 91.584363641326433, 45.076525376966728 ], [ 91.510052931690723, 45.098229478529319 ], [ 91.441064894581075, 45.124739488295049 ], [ 91.312080519580547, 45.118124904961689 ], [ 91.221801792366648, 45.144505723646688 ], [ 91.137724237027754, 45.193934231133866 ], [ 91.049977654996155, 45.217447007826664 ], [ 90.953601108771835, 45.215896714857919 ], [ 90.913965285203943, 45.193934231133866 ], [ 90.87727501827672, 45.19610464129012 ], [ 90.853245477260998, 45.262870591811222 ], [ 90.763173455776268, 45.370667629572068 ], [ 90.749582554083503, 45.418933417332681 ], [ 90.694443800828083, 45.474640611343318 ], [ 90.661835972051904, 45.525231838557062 ], [ 90.670724318406116, 45.595150051447973 ], [ 90.709636671921885, 45.730800686214138 ], [ 90.795936313849325, 45.853532212907339 ], [ 90.85247033077664, 45.885416571631424 ], [ 90.887093540412195, 45.92164175066803 ], [ 90.959750604214548, 45.985074571306299 ], [ 91.001711867235571, 46.035769151384628 ], [ 90.996802606167819, 46.104989732439591 ], [ 90.947554966193678, 46.177310899432072 ], [ 90.911536492886228, 46.270638536151196 ], [ 90.918254429084186, 46.324252834654018 ], [ 90.971429477912523, 46.387969875669896 ], [ 91.033906284553382, 46.528994859394416 ], [ 91.028893670621073, 46.566072699563833 ], [ 91.004244012417871, 46.595734971699372 ], [ 90.99788781124596, 46.661079820332446 ], [ 90.98569217322509, 46.749033108093215 ], [ 90.9105546406727, 46.883236802755206 ], [ 90.869936964891281, 46.954498602885707 ], [ 90.799036899786842, 46.985142727234788 ], [ 90.715527785203165, 47.003849595724446 ], [ 90.643387485723707, 47.10030365659722 ], [ 90.552953729212931, 47.213991807639346 ], [ 90.496213006556445, 47.285176093121393 ], [ 90.476472609420966, 47.328816840191891 ], [ 90.46748091020217, 47.408166001976056 ], [ 90.425209588587421, 47.504077460309773 ], [ 90.380664503951834, 47.556632391950615 ], [ 90.347488234420439, 47.596991685570558 ], [ 90.330641717493279, 47.655153510115071 ], [ 90.313330112675516, 47.67618581805786 ], [ 90.190960321008362, 47.702101548852227 ], [ 90.103213738976763, 47.745406399112824 ], [ 90.066575148481803, 47.803542385441176 ], [ 90.053862746138009, 47.850490424178346 ], [ 90.027869500695203, 47.877698065780024 ], [ 89.958674757856386, 47.886328029972759 ], [ 89.910460646528065, 47.844315090519473 ], [ 89.831344028689216, 47.82330862079283 ], [ 89.77816897986088, 47.827003485701695 ], [ 89.725614048220024, 47.852479966821591 ], [ 89.693212925173043, 47.879145005884197 ], [ 89.638487583375934, 47.909065660181184 ], [ 89.560972934938121, 48.003943589869067 ], [ 89.479220819052387, 48.029058335962915 ], [ 89.329875929728871, 48.024872544947272 ], [ 89.196344028686667, 47.980895901066887 ], [ 89.115677117879045, 47.987717190129416 ], [ 89.047670932982953, 48.002548326197186 ], [ 88.971138136758697, 48.049935614608827 ], [ 88.917808058633483, 48.089002997421488 ], [ 88.838329705768558, 48.101715399765297 ], [ 88.681853468788773, 48.170548407578067 ], [ 88.576020135455025, 48.220183620794415 ], [ 88.566821730507058, 48.317412828151575 ], [ 88.517109002642286, 48.384488837266417 ], [ 88.413962843787715, 48.403428249701392 ], [ 88.309989862016465, 48.472080390001153 ], [ 88.158164503942942, 48.509080715522131 ], [ 88.06256310420298, 48.537838650092553 ], [ 87.979725783239104, 48.555124416694184 ], [ 87.967375115921328, 48.581065985704711 ], [ 87.972232700556759, 48.603338528022505 ], [ 88.010628289749633, 48.640416368191921 ], [ 88.050160760452911, 48.675039577827476 ], [ 88.060082635452943, 48.707156480496877 ], [ 88.027939894567425, 48.735604356473559 ], [ 87.942157016962909, 48.76529246682523 ], [ 87.831827834019748, 48.791647447294096 ], [ 87.809141880243629, 48.835727444039065 ], [ 87.743202752639178, 48.881616115914241 ], [ 87.754726597040275, 48.918564765002927 ], [ 87.806868117222763, 48.945488186226996 ], [ 87.859836460321958, 48.965538641956243 ], [ 87.872187127639705, 49.000136013375652 ], [ 87.834670037795803, 49.031917019235152 ], [ 87.816324904332191, 49.080260321644204 ], [ 87.825213250686403, 49.116330471383932 ], [ 87.814102817743645, 49.163304348337249 ] ] } },
{ "type": "Feature", "properties": { "featurecla": "International boundary (verify)" }, "geometry": { "type": "LineString", "coordinates": [ [ 116.683296746895593, 49.823780829459679 ], [ 116.888968947417254, 49.737791246126008 ], [ 117.021622349110487, 49.692987779328945 ], [ 117.24563968309576, 49.624852403352108 ], [ 117.47715009976335, 49.60942698831299 ], [ 117.698480259269445, 49.535839748729359 ], [ 117.812581821769896, 49.513515529979273 ], [ 117.873456659009719, 49.513489691763127 ], [ 118.186615838698486, 49.692781073599775 ], [ 118.451509230626613, 49.844503078808714 ], [ 118.755986769690338, 49.962842108757116 ], [ 118.979539015784979, 49.978861802767597 ], [ 119.147487420733569, 50.013381659538567 ], [ 119.259831984536106, 50.066401679070026 ], [ 119.326081170734284, 50.154923407585997 ], [ 119.346234979328102, 50.278946845086494 ], [ 119.30158654182793, 50.353929348342007 ], [ 119.191929152504571, 50.379845079136388 ], [ 119.16371382047322, 50.406019192092216 ], [ 119.216733840004679, 50.432529201857946 ], [ 119.255801222817325, 50.48417979593367 ], [ 119.280709263182018, 50.560996812535549 ], [ 119.344064569171849, 50.633912258499379 ], [ 119.445660435057675, 50.702848619176734 ], [ 119.501781040526652, 50.779226386104128 ], [ 119.512323032714193, 50.863123073929984 ], [ 119.573404575683185, 50.946761379594378 ], [ 119.684922316569043, 51.030115464881177 ], [ 119.746003859538035, 51.107733466183561 ], [ 119.756649204590161, 51.179486192420825 ], [ 119.813183221517477, 51.267051906939415 ], [ 119.966972284018084, 51.422107042031172 ], [ 120.066914504070581, 51.600674953815741 ], [ 120.236981642743132, 51.722993069050617 ], [ 120.510504998864008, 51.848515123087566 ], [ 120.681502313317822, 51.973055324910987 ], [ 120.749818556807696, 52.096510321656268 ], [ 120.744495884281633, 52.20547007914368 ], [ 120.665430942875048, 52.299882920940945 ], [ 120.650341424645831, 52.395923570355379 ], [ 120.699227329593953, 52.493592027387024 ], [ 120.656129185062525, 52.566662502647731 ], [ 120.521150343916133, 52.615031643272928 ], [ 120.360023228030087, 52.627020575564643 ], [ 120.17274783740433, 52.602474270225997 ], [ 120.067534621258091, 52.632911688845923 ], [ 120.044280226726727, 52.718229478559806 ], [ 120.094509718914452, 52.787217515669454 ], [ 120.218119744956596, 52.839875800174866 ], [ 120.421311476728249, 52.968085028691007 ], [ 120.704084914229384, 53.171845201217863 ], [ 120.985463088058623, 53.284577338262579 ], [ 121.405437453294695, 53.317055975958027 ], [ 121.743918084806467, 53.383615220749959 ], [ 122.088806593922413, 53.451466376349188 ], [ 122.337783644704672, 53.485004380906616 ], [ 122.380158319184005, 53.462525132859653 ], [ 122.515860630382463, 53.456995754604421 ], [ 122.744787225435459, 53.468519599005504 ], [ 122.95759077361339, 53.497716783250425 ], [ 123.154064569187085, 53.544587307339143 ], [ 123.309610630385635, 53.555594387417315 ], [ 123.424022251479869, 53.530763861701075 ], [ 123.489496291193632, 53.529446112677633 ], [ 123.534713169449049, 53.5264488796047 ], [ 123.559724562678298, 53.526681423550016 ], [ 123.607783644709741, 53.546525173550094 ], [ 123.740953810725898, 53.510997626349436 ], [ 123.994685093278974, 53.405629380906305 ], [ 124.154313592628569, 53.358681342169135 ], [ 124.219942661639266, 53.370101833705633 ], [ 124.291462843931242, 53.340852973028433 ], [ 124.369132521665904, 53.270934760137536 ], [ 124.465922479348592, 53.229645290736329 ], [ 124.639865350443017, 53.210654201869062 ], [ 124.812361281433311, 53.133837185267197 ], [ 124.882124465027346, 53.129728908899992 ], [ 124.906619093933671, 53.172672024134528 ], [ 124.970956252137057, 53.197321682337758 ], [ 125.07503258677292, 53.203677883509656 ], [ 125.225566034039105, 53.16579905863972 ], [ 125.422453241071196, 53.083736884160217 ], [ 125.545959914248726, 53.047615057988196 ], [ 125.595982700707282, 53.05748525655595 ], [ 125.649054396671033, 53.042266547245987 ], [ 125.691687453311829, 53.003690090540104 ], [ 125.695356480004534, 52.956302802128462 ], [ 125.680783726098241, 52.930826321008567 ], [ 125.72811933807759, 52.890725409550072 ], [ 125.782793003442407, 52.890725409550072 ], [ 125.871883172713581, 52.871527614953649 ], [ 125.941646356307615, 52.800705064497635 ], [ 126.004329868677644, 52.767890529992286 ], [ 126.048151483261165, 52.739468492231765 ], [ 126.056006300969557, 52.715878200890515 ], [ 126.060140415552894, 52.691977850955524 ], [ 126.047014601750732, 52.673477688195035 ], [ 126.023243442896501, 52.643014431358978 ], [ 126.015957065943326, 52.61022573506979 ], [ 126.045929396672648, 52.573354600629528 ], [ 126.156620314641827, 52.546637885134629 ], [ 126.194447463079484, 52.519146023155358 ], [ 126.202974074407621, 52.483825181683855 ], [ 126.237597284043204, 52.444809475303501 ], [ 126.312838169460122, 52.39974762634499 ], [ 126.34167361867901, 52.362023830771918 ], [ 126.324206984564341, 52.331663926800445 ], [ 126.346324497585272, 52.306264960328988 ], [ 126.38353152883542, 52.286498724977349 ], [ 126.391489699408396, 52.214487616578623 ], [ 126.394796991075054, 52.173017279664393 ], [ 126.45556847545032, 52.126456814169416 ], [ 126.468074172064917, 52.031294664103925 ], [ 126.510552199408835, 51.925823065796209 ], [ 126.653695916857316, 51.781284084675846 ], [ 126.700824823107553, 51.703045966185954 ], [ 126.688732537951239, 51.609925035195985 ], [ 126.709196405138812, 51.566284288125502 ], [ 126.774515415555754, 51.545071112669689 ], [ 126.805417922066283, 51.505641994830995 ], [ 126.80180057180587, 51.448048611041699 ], [ 126.827328729358044, 51.412262681679579 ], [ 126.847740920113324, 51.37417715108046 ], [ 126.833839959826832, 51.314878445025542 ], [ 126.85440717987899, 51.261367499387305 ], [ 126.887738478707263, 51.230129096066861 ], [ 126.911509637561494, 51.172329006548409 ], [ 126.924842157092826, 51.10013703063666 ], [ 127.020391880400496, 50.985880438839331 ], [ 127.198262160349088, 50.829455878291824 ], [ 127.306989373891213, 50.707964585973627 ], [ 127.346831903188217, 50.621354885452448 ], [ 127.347193638214264, 50.550093085321961 ], [ 127.308229608266231, 50.494179185582155 ], [ 127.306059198109949, 50.453509833368443 ], [ 127.340785760610117, 50.42808502868084 ], [ 127.351172723500781, 50.393616848342162 ], [ 127.33722008678194, 50.350156968784702 ], [ 127.395252720245708, 50.298583889357417 ], [ 127.590279575715272, 50.208976955763305 ], [ 127.512351515819091, 50.071672675163796 ], [ 127.491784295766934, 49.975037746778 ], [ 127.502429640819059, 49.873416042676027 ], [ 127.550798781444257, 49.801792507519494 ], [ 127.636685011913357, 49.760192979524533 ], [ 127.690170119335448, 49.716758938183204 ], [ 127.711150750845945, 49.671542059927816 ], [ 127.814296909700545, 49.622139390656784 ], [ 127.99960859589919, 49.568602606802415 ], [ 128.237061802280323, 49.559300848989878 ], [ 128.526759881708585, 49.594234117219173 ], [ 128.704010044469726, 49.600125230500453 ], [ 128.769018996292914, 49.576974188833688 ], [ 128.791033156449203, 49.541834214875223 ], [ 128.770259230667875, 49.494705308625029 ], [ 128.819351841345167, 49.463751125682194 ], [ 128.938310988481078, 49.448919989614424 ], [ 129.020269810095954, 49.419257717478899 ], [ 129.065124953325324, 49.374660956411006 ], [ 129.120108677283895, 49.362051906931796 ], [ 129.185117629107026, 49.38137889260895 ], [ 129.248421258664621, 49.37864004169748 ], [ 129.309864536659632, 49.353835354197386 ], [ 129.35006880098274, 49.362361965525537 ], [ 129.384692010618267, 49.389440416046483 ], [ 129.440709263222686, 49.389440416046483 ], [ 129.498173455931237, 49.388820298858974 ], [ 129.533726841348027, 49.323423773793621 ], [ 129.591397739785748, 49.286655992217945 ], [ 129.671082798379814, 49.278491115915827 ], [ 129.792522414265761, 49.198857733754053 ], [ 130.0370552918709, 48.972256578154187 ], [ 130.196011997600692, 48.891641343778872 ], [ 130.355278761924239, 48.866371568388146 ], [ 130.55314782116983, 48.861203925158961 ], [ 130.617174920779462, 48.773173122749753 ], [ 130.565601841352134, 48.680129706408223 ], [ 130.552114292523981, 48.60251170510584 ], [ 130.597279494347106, 48.574658108100522 ], [ 130.659239536665041, 48.483397528673066 ], [ 130.746882765832027, 48.430377509141607 ], [ 130.763419224165432, 48.388416246120599 ], [ 130.804243605676049, 48.341494045599589 ], [ 130.78719038301972, 48.254574286484655 ], [ 130.71205285046733, 48.12765696877581 ], [ 130.732568394087195, 48.019239813827454 ], [ 130.84863366101473, 47.929426174504187 ], [ 130.915399611535861, 47.842919826847591 ], [ 130.93286624565053, 47.759798285506108 ], [ 130.961960077030824, 47.709310411156949 ], [ 131.002784458541385, 47.691456203800101 ], [ 131.12184695854188, 47.697631537458989 ], [ 131.319354282761424, 47.727810573917438 ], [ 131.464254998907847, 47.722617092472106 ], [ 131.556755812710264, 47.682025254906847 ], [ 131.785268996304978, 47.680500800154235 ], [ 132.149794549691819, 47.717966213565845 ], [ 132.380168084849004, 47.729490057966927 ], [ 132.47628624891189, 47.714968980492912 ], [ 132.561862420787236, 47.768505764347296 ], [ 132.63689660047504, 47.890100409530064 ], [ 132.707176548391999, 47.947254543644874 ], [ 132.772805617402639, 47.940071519556312 ], [ 132.877088657767672, 47.979087225936681 ], [ 133.020129022351568, 48.064405015650564 ], [ 133.144049106987495, 48.105642808619479 ], [ 133.301145461154761, 48.101534532252273 ], [ 133.468370396051284, 48.097167873723606 ], [ 133.573273553603769, 48.133031317734165 ], [ 133.671768833552107, 48.207703762395923 ], [ 133.842197707250705, 48.273746242864931 ], [ 134.205896437720867, 48.359890855495493 ], [ 134.293384637591032, 48.373430080755966 ], [ 134.334932489153687, 48.368830878281983 ], [ 134.456165399310407, 48.355343329453802 ], [ 134.563549025612929, 48.321727810247936 ], [ 134.665196567931048, 48.253928331080999 ], [ 134.68080285048319, 48.210442613307393 ], [ 134.669330682514385, 48.153340155624875 ], [ 134.647213169493511, 48.120163886093493 ], [ 134.605355259337045, 48.082905178411053 ], [ 134.565977817930673, 48.022495429061848 ], [ 134.591299269753677, 47.975211493514777 ], [ 134.650313755431, 47.874287421248752 ], [ 134.698579543191613, 47.801423651717215 ], [ 134.752323032775166, 47.715408230167384 ], [ 134.728086786030246, 47.684479885440709 ], [ 134.695789015847822, 47.624871120792022 ], [ 134.596156854389108, 47.523869533877559 ], [ 134.54189660048263, 47.485163886090945 ], [ 134.483502231992816, 47.447388414085594 ], [ 134.382526483294498, 47.438241685569935 ], [ 134.339428338763071, 47.4295083685126 ], [ 134.290852492408703, 47.413592027366704 ], [ 134.260053338762759, 47.377728583356145 ], [ 134.225223423398063, 47.352613837262297 ], [ 134.167655877824927, 47.30217763934543 ], [ 134.162953322486317, 47.258717759787956 ], [ 134.189256626522933, 47.194225572287706 ], [ 134.202124058163577, 47.128053900737953 ], [ 134.136908400611219, 47.069013576844497 ], [ 134.086420526262089, 46.978114732443089 ], [ 134.071382684465163, 46.950777899760681 ], [ 134.04600955620981, 46.881996568380202 ], [ 134.038568149959815, 46.858173733093651 ], [ 134.022600132381626, 46.713169664082656 ], [ 133.957539504126146, 46.614235134459861 ], [ 133.866588983292445, 46.499125881529707 ], [ 133.886742791886263, 46.430551255878399 ], [ 133.902762485896744, 46.366937567727106 ], [ 133.880231561417531, 46.336035061216563 ], [ 133.874753859594591, 46.309059963560202 ], [ 133.861317987198674, 46.24777171486204 ], [ 133.83279259657354, 46.224258938169243 ], [ 133.750213657771155, 46.185915025408661 ], [ 133.700707635635524, 46.139767971372024 ], [ 133.71114627495848, 46.069643052751957 ], [ 133.685721470270892, 46.008949083025144 ], [ 133.64779096896865, 45.955231431657751 ], [ 133.608000116103938, 45.920298163428441 ], [ 133.551156040582839, 45.897818915381478 ], [ 133.513122186416012, 45.878801988298065 ], [ 133.48470014865552, 45.810434068375912 ], [ 133.47581180230128, 45.757646592789769 ], [ 133.449146763238673, 45.705065822932781 ], [ 133.465579868707493, 45.651218980484657 ], [ 133.436434360894907, 45.604710191421972 ], [ 133.355509067925823, 45.572205715510378 ], [ 133.309517043186077, 45.553059597346234 ], [ 133.266935662977573, 45.545282294286309 ], [ 133.186010370008489, 45.494846096369443 ], [ 133.113353306206079, 45.321419989597914 ], [ 133.096920200737259, 45.220470079115742 ], [ 133.113456659070664, 45.130733954440899 ], [ 133.011757440320252, 45.074561672539645 ], [ 132.935999790580411, 45.029913235039459 ], [ 132.888767531465646, 45.046062120130671 ], [ 132.838641392142506, 45.061125800143756 ], [ 132.723144565970188, 45.080556138685495 ], [ 132.665628696829287, 45.093707790703775 ], [ 132.549046665578828, 45.122801622084097 ], [ 132.363011509328089, 45.159982815118113 ], [ 132.18136884982215, 45.203287665378696 ], [ 132.067422316618604, 45.225973619154828 ], [ 131.977505324430751, 45.24398285580854 ], [ 131.909240757373141, 45.273722642592517 ], [ 131.851828241096882, 45.326846014988561 ], [ 131.794880812711256, 45.305296942722848 ], [ 131.742067498908966, 45.242613430352804 ], [ 131.654010858283584, 45.205354722670364 ], [ 131.61396162325741, 45.136573391289886 ], [ 131.57876997286661, 45.083656724623012 ], [ 131.487509393439154, 45.013118394544605 ], [ 131.446891717657763, 44.984024563164283 ], [ 131.268297967657077, 44.936120510429717 ], [ 131.227990350469383, 44.920152492851528 ], [ 131.08231448783863, 44.910023912122313 ], [ 131.032963494999876, 44.888888251314938 ], [ 130.981700474166303, 44.844317328463191 ], [ 130.967747837447519, 44.799953111340628 ], [ 131.003921340051818, 44.753237616548773 ], [ 131.060662062708332, 44.659677435884333 ], [ 131.086913690312599, 44.595676174490848 ], [ 131.125774367396048, 44.469198106456489 ], [ 131.255275506719499, 44.071573798186662 ], [ 131.213314243698505, 44.002921657886915 ], [ 131.17424686088583, 43.704748643562809 ], [ 131.183651971562938, 43.650875962898525 ], [ 131.180034621302525, 43.5671084661534 ], [ 131.182463413620269, 43.505587673509922 ], [ 131.209180129115168, 43.490420640632266 ], [ 131.24390669161528, 43.469026597663429 ], [ 131.261786737188288, 43.433059800788286 ], [ 131.257342564011196, 43.378076076829728 ], [ 131.239359165573603, 43.337665106777479 ], [ 131.211867303594317, 43.257773342454243 ], [ 131.175642124557726, 43.142199001633472 ], [ 131.135592889531551, 43.097628078781725 ], [ 131.108979526901237, 43.062436428390967 ], [ 131.086190220260505, 43.038096828781491 ], [ 131.083503045781299, 42.956293036463464 ], [ 131.068568556848959, 42.902265326502302 ], [ 131.005574985885175, 42.883119208338158 ], [ 130.942839797082854, 42.851751613936997 ], [ 130.868529087447143, 42.863327134770373 ], [ 130.803261753462493, 42.856815904301598 ], [ 130.722491489790286, 42.835835272791101 ], [ 130.577280715050108, 42.81159902604621 ], [ 130.492944777549781, 42.77909455013463 ], [ 130.452740513226729, 42.755426744144941 ], [ 130.424783563356812, 42.727030544600566 ], [ 130.419977655153673, 42.699874579431182 ], [ 130.439201287966227, 42.68553436947019 ], [ 130.520591668825944, 42.674320583662848 ], [ 130.576557244998014, 42.623238430342326 ], [ 130.584463739138698, 42.567324530602519 ], [ 130.526947869997855, 42.535388495446142 ] ] } },
{ "type": "Feature", "properties": { "featurecla": "International boundary (verify)" }, "geometry": { "type": "LineString", "coordinates": [ [ 87.818288608759275, 49.162089952178391 ], [ 87.934767287145149, 49.164570420928399 ], [ 87.988045688838071, 49.186894639678485 ], [ 88.02845665889032, 49.219786688832258 ], [ 88.115738153031316, 49.256296088246472 ], [ 88.134289992224097, 49.29843821878049 ], [ 88.135530226599087, 49.381482245473535 ], [ 88.192581007849327, 49.451710516958187 ], [ 88.337791782589477, 49.472561957387967 ], [ 88.393343947303237, 49.482845567414046 ], [ 88.452410109412853, 49.472691148468698 ], [ 88.544394158892402, 49.482561347036437 ], [ 88.633174269569821, 49.486152859080718 ], [ 88.682680291705452, 49.46452627216658 ], [ 88.747895949257781, 49.446232815135247 ], [ 88.831663446002921, 49.448454901723807 ], [ 88.860343865924904, 49.481527818390603 ], [ 88.86385786332076, 49.527623195994948 ], [ 88.900134718789644, 49.539715481151248 ], [ 88.945403273477325, 49.507676093130286 ], [ 88.97056969600348, 49.483749904979149 ], [ 89.008396844441137, 49.472794501333269 ], [ 89.109475946004039, 49.501371568390681 ], [ 89.180014276082431, 49.532248236685078 ], [ 89.202906935587748, 49.595681057323347 ], [ 89.243989699259771, 49.627048651724522 ], [ 89.299180128947484, 49.611132310578625 ], [ 89.395608351604125, 49.611545722036951 ], [ 89.474983351604436, 49.660534979849658 ], [ 89.579163039104856, 49.699705715526889 ], [ 89.654093865928076, 49.717456570019152 ], [ 89.669493442751047, 49.750503648469802 ], [ 89.634250115928012, 49.823289903352901 ], [ 89.643861932334289, 49.90305247659542 ], [ 89.744217563845098, 49.948114325553931 ], [ 89.878007847048764, 49.953540350944579 ], [ 89.977329949913752, 49.984339504590537 ], [ 90.004976841189915, 50.069295559278373 ], [ 90.053759393273424, 50.09373851175242 ], [ 90.103730503299687, 50.103298651726419 ], [ 90.224498325565776, 50.116708685906161 ], [ 90.31131473181614, 50.151151028028693 ], [ 90.364851515670523, 50.166912339877712 ], [ 90.516883579473188, 50.213317776075826 ], [ 90.655066359421681, 50.222386989943047 ], [ 90.714390903692731, 50.259413153680171 ], [ 90.76069298702626, 50.305973619175148 ], [ 90.838052606167196, 50.323750311883558 ], [ 90.917169224006045, 50.364135443719647 ], [ 91.021555617235634, 50.415475979201631 ], [ 91.062793410204563, 50.422607326857914 ], [ 91.233842401090641, 50.45239879007417 ], [ 91.300608351611743, 50.463380031936197 ], [ 91.340812615934823, 50.470046291701848 ], [ 91.415019972705949, 50.468030910842458 ], [ 91.446490919971723, 50.522187811884351 ], [ 91.521680128956376, 50.562030341181384 ], [ 91.596921014373351, 50.575517890009564 ], [ 91.634128045623498, 50.615153713577428 ], [ 91.706371697967541, 50.665538235062002 ], [ 91.804246860728341, 50.69359853779649 ], [ 91.956537306692496, 50.697629299515256 ], [ 92.104021844453513, 50.691996568395439 ], [ 92.192336867240329, 50.700574856155896 ], [ 92.265303989636436, 50.775195624385361 ], [ 92.278998244193787, 50.812221788122486 ], [ 92.295793084688654, 50.849816392614827 ], [ 92.354807570365978, 50.864182440791964 ], [ 92.426327752657926, 50.803075059606826 ], [ 92.486427443413362, 50.76506704365616 ], [ 92.578928257215836, 50.725431220088282 ], [ 92.626625604221232, 50.688301703486573 ], [ 92.681350946018313, 50.68318573668968 ], [ 92.738660109430015, 50.710935980830413 ], [ 92.779329461643698, 50.778657945348911 ], [ 92.856482375055464, 50.789096584671867 ], [ 92.941283400446451, 50.77821869567444 ], [ 92.963555942764231, 50.744913235062327 ], [ 92.970687290420528, 50.712512112015318 ], [ 93.00985802609776, 50.654531154983829 ], [ 93.103082309952299, 50.603914089553939 ], [ 93.222558221411106, 50.606523749384692 ], [ 93.270513950577964, 50.615592963251913 ], [ 93.386785923234669, 50.608487453811776 ], [ 93.501094191464318, 50.597480373733603 ], [ 93.625634393287726, 50.585568956090327 ], [ 93.662014601621195, 50.583682766311682 ], [ 93.795391473366521, 50.577636623733525 ], [ 93.989901564513133, 50.568851630243913 ], [ 94.075787794982233, 50.572830715530387 ], [ 94.251074253316261, 50.556397610061566 ], [ 94.286989373759127, 50.511387437535348 ], [ 94.319338820373815, 50.404908148797944 ], [ 94.346882358785393, 50.303415635776702 ], [ 94.354685500061464, 50.221844387403976 ], [ 94.400160760478315, 50.179650580437666 ], [ 94.458503452535837, 50.165723781935 ], [ 94.49689904172871, 50.132831732781227 ], [ 94.564595168031047, 50.08795075133574 ], [ 94.614721307354188, 50.023716945996938 ], [ 94.675492791729425, 50.028083604525605 ], [ 94.718074171937928, 50.043250637403261 ], [ 94.811246779360175, 50.048185736687145 ], [ 94.930309279360642, 50.043767401726186 ], [ 95.012939894595348, 50.008239854525527 ], [ 95.044359165428801, 49.961550197949819 ], [ 95.111435174543658, 49.935453599642415 ], [ 95.166263869205352, 49.943825181673702 ], [ 95.329509718815359, 49.944135240267457 ], [ 95.385630324284335, 49.941189683626817 ], [ 95.441750929753312, 49.915506496777752 ], [ 95.522676222722396, 49.911217352897523 ], [ 95.567221307357983, 49.943825181673702 ], [ 95.707781203191871, 49.965994371126911 ], [ 95.789326613348464, 50.012503160189596 ], [ 95.851906772853908, 50.012916571647935 ], [ 95.899449090562428, 49.990566514681703 ], [ 95.93572594603134, 49.959999904981061 ], [ 95.989521112047186, 49.973590806673826 ], [ 96.018563266995216, 49.998757229199967 ], [ 96.065537143948518, 49.998705552767674 ], [ 96.11168419798517, 49.982479153028024 ], [ 96.229713169339817, 49.954082953483635 ], [ 96.315082635485993, 49.901140448600614 ], [ 96.381125115955001, 49.896024481803721 ], [ 96.466391229236592, 49.911527411491278 ], [ 96.505768670642993, 49.918710435579854 ], [ 96.543285760486896, 49.892510484407865 ], [ 96.598424513742316, 49.878402818392189 ], [ 96.640179071034169, 49.897833156933928 ], [ 96.711699253326117, 49.911553249707424 ], [ 96.985739373769917, 49.882795315137002 ], [ 97.04914635619204, 49.829878648470114 ], [ 97.097670526114115, 49.805048122753874 ], [ 97.136944614655931, 49.761717434277145 ], [ 97.208568149812464, 49.730789089550456 ], [ 97.359773390698479, 49.741434434602581 ], [ 97.41832278848517, 49.773034572949058 ], [ 97.540847609449202, 49.843107815136847 ], [ 97.589371779371277, 49.911475735058985 ], [ 97.650918410230901, 49.933593248079916 ], [ 97.720681593824935, 49.944652004590367 ], [ 97.785587192783538, 49.944548651725782 ], [ 97.853955112705677, 49.946770738314342 ], [ 97.936637404372675, 49.996793524772869 ], [ 98.003920119216701, 50.014260158887524 ], [ 98.103397251378539, 50.077822170606524 ], [ 98.12194909057132, 50.106605943393106 ], [ 98.170163201899641, 50.180580756218916 ], [ 98.200032179764349, 50.227683824252964 ], [ 98.250261671952046, 50.302459621779306 ], [ 98.2772884460407, 50.423020738316239 ], [ 98.292688022863672, 50.486944485061287 ], [ 98.279458856196953, 50.533246568394816 ], [ 98.220496046951922, 50.557198594762099 ], [ 98.144996779373514, 50.568541571650158 ], [ 98.078850946039921, 50.603810736689368 ], [ 98.029810011794922, 50.644635118199943 ], [ 98.001181268305231, 50.702047634476216 ], [ 97.961958856195679, 50.769149481807204 ], [ 97.964180942784253, 50.817699489945426 ], [ 97.95317386270608, 50.855164903357036 ], [ 97.919842563877808, 50.887178453161852 ], [ 97.85612552286193, 50.94335073506312 ], [ 97.825274692783694, 50.985260321651822 ], [ 97.83571333210665, 51.051664537146877 ], [ 97.910850864659039, 51.16517182067598 ], [ 97.917878859450724, 51.217881781613698 ], [ 97.927387322992416, 51.250722154335179 ], [ 97.923253208409079, 51.280487779335303 ], [ 97.946921014398754, 51.34841644958297 ], [ 97.98914065958121, 51.377071031288807 ], [ 98.037613153070993, 51.449934800820344 ], [ 98.103087192784784, 51.483524481810065 ], [ 98.18468427937367, 51.485746568398625 ], [ 98.219927606196734, 51.505616156614849 ], [ 98.237445916743667, 51.578402411497947 ], [ 98.276823358150068, 51.63454885518307 ], [ 98.303074985754336, 51.674288031615518 ], [ 98.352787713619136, 51.717618720092261 ], [ 98.640522088620287, 51.801179511108217 ], [ 98.760101352943678, 51.905100816447174 ], [ 98.802579380287597, 51.957449042358846 ], [ 98.848674757891956, 52.070051988322831 ], [ 98.893116489662958, 52.11728424743761 ], [ 98.958125441486146, 52.101729641317746 ], [ 99.034296502684356, 52.03540294047113 ], [ 99.091347283934596, 52.034860337932059 ], [ 99.176148309325555, 51.998867702840769 ], [ 99.407090285237928, 51.923549302775371 ], [ 99.532353957113429, 51.899881496785696 ], [ 99.612865838624174, 51.892517605184096 ], [ 99.719267612713139, 51.871614488322038 ], [ 99.78789391479674, 51.827534491577069 ], [ 99.921632521568114, 51.755523383178343 ], [ 100.034545526125868, 51.737100735066292 ], [ 100.230399204512054, 51.729814358113131 ], [ 100.468885939539064, 51.726093654988119 ], [ 100.536220330815354, 51.713458767292764 ], [ 100.710783319097317, 51.661575629271724 ], [ 100.903639764410599, 51.60424062764389 ], [ 101.085385776781095, 51.553029283242637 ], [ 101.223206821703542, 51.513264268594043 ], [ 101.304545526130937, 51.474739488320452 ], [ 101.381233351652071, 51.452621975299522 ], [ 101.464329054777409, 51.471483873086058 ], [ 101.570885858163251, 51.467194729205843 ], [ 101.821154819752792, 51.421047675169191 ], [ 101.979233026133642, 51.382212836301846 ], [ 102.111524692800828, 51.353454901731425 ], [ 102.155656365978103, 51.313767401731269 ], [ 102.160048862722903, 51.260850735064381 ], [ 102.1423238464468, 51.216047268267332 ], [ 102.151935662853077, 51.107526760454391 ], [ 102.19451704306158, 51.050682684933335 ], [ 102.210226678478307, 50.974304918005942 ], [ 102.226194696056496, 50.901441148474404 ], [ 102.215084263113738, 50.829430040075678 ], [ 102.235031365978415, 50.791215318395842 ], [ 102.27657921754107, 50.768684393916587 ], [ 102.31657677613498, 50.71845490172889 ], [ 102.303347609468261, 50.665538235062002 ], [ 102.285725946056743, 50.634687404983751 ], [ 102.288413120535921, 50.585129706415856 ], [ 102.336420526135072, 50.544253648472974 ], [ 102.406855503348879, 50.536192125035441 ], [ 102.469435662854352, 50.525701809280193 ], [ 102.546330194104655, 50.461312974644528 ], [ 102.683324416110423, 50.38715729430568 ], [ 102.765438267022205, 50.36653839782123 ], [ 102.859696079522564, 50.333258775425264 ], [ 103.039426711033713, 50.300625108432939 ], [ 103.161744826268574, 50.290729071649054 ], [ 103.233833449315739, 50.264270738315602 ], [ 103.30437177939416, 50.200295315138263 ], [ 103.421212192806081, 50.187066148471544 ], [ 103.496246372493886, 50.164948635450628 ], [ 103.632878859473578, 50.138593654981776 ], [ 103.72320926311977, 50.15383820250787 ], [ 103.802635939552403, 50.176059068393386 ], [ 103.856121046974465, 50.171821600945449 ], [ 103.958492059344678, 50.157274685255288 ], [ 104.078743117287871, 50.154225775750064 ], [ 104.179667189553896, 50.169444485060026 ], [ 104.259920688903179, 50.214454657586245 ], [ 104.353868442809812, 50.275277818393775 ], [ 104.466316359476906, 50.306128648472026 ], [ 104.596385939555574, 50.317187404982491 ], [ 104.685372755962163, 50.341837063185707 ], [ 104.976982863385217, 50.382893988641598 ], [ 105.09470177614611, 50.389947821649443 ], [ 105.185962355573537, 50.429609483433453 ], [ 105.266680942813451, 50.460486151727849 ], [ 105.383573032657665, 50.473715318394568 ], [ 105.541651239038515, 50.441262518915281 ], [ 105.692546421330775, 50.414184068394334 ], [ 105.875222609482563, 50.405373236688575 ], [ 105.996507196071576, 50.367907823276965 ], [ 106.082496779405261, 50.332586981805463 ], [ 106.217837355577672, 50.304578355503267 ], [ 106.368422479276205, 50.317600816440816 ], [ 106.574456414823885, 50.328788764032012 ], [ 106.711088901803606, 50.312588202508508 ], [ 106.853767531361484, 50.248302720737414 ], [ 106.941307407663913, 50.196677964877836 ], [ 107.040216099070562, 50.086452134799273 ], [ 107.143052199331379, 50.033018703809475 ], [ 107.233279250112986, 49.989403794955138 ], [ 107.34701907758739, 49.986664944043667 ], [ 107.630981073031251, 49.983099270215519 ], [ 107.786837192823526, 49.959999904981061 ], [ 107.916545037876148, 49.947804266960176 ], [ 107.947809279412724, 49.924704901725704 ], [ 107.934838494907467, 49.849024766634258 ], [ 107.938765903761634, 49.740736802766634 ], [ 107.936750522902258, 49.690998236685715 ], [ 107.965430942824241, 49.653532823274105 ], [ 108.009510939569225, 49.6468924017246 ], [ 108.033798862746409, 49.593975735057725 ], [ 108.09803266808521, 49.562659817088843 ], [ 108.213064406366897, 49.524780992218894 ], [ 108.406954380326027, 49.396365057973597 ], [ 108.522502882930638, 49.341484686879625 ], [ 108.613660109493509, 49.322803656606112 ], [ 108.733032668087731, 49.335645250030637 ], [ 108.919894647255148, 49.335361029653043 ], [ 109.236671177204329, 49.334895941762412 ], [ 109.45371219283021, 49.296345323272675 ], [ 109.528694696085722, 49.269886989939238 ], [ 109.750334914185572, 49.239320380238595 ], [ 109.994557733196956, 49.20562734638429 ], [ 110.199919875124863, 49.170409857777372 ], [ 110.321359491010753, 49.215859279978076 ], [ 110.427812941532011, 49.219993394561428 ], [ 110.529615513147007, 49.187075507191508 ], [ 110.631108026168249, 49.137595323272038 ], [ 110.709811232548759, 49.142969672230393 ], [ 110.827943556767991, 49.166146552113304 ], [ 111.204199660285127, 49.304277655629477 ], [ 111.33664635624919, 49.355850735056762 ], [ 111.42925052291622, 49.342621568390044 ], [ 111.511881138150926, 49.360915025421363 ], [ 111.574823032682446, 49.376417955108934 ], [ 111.735588413542445, 49.397760321645478 ], [ 111.833411899870981, 49.403599758494451 ], [ 111.934491001433884, 49.416027940460651 ], [ 112.079701776174034, 49.424218654978915 ], [ 112.37513593958667, 49.5146007350574 ], [ 112.49492190963926, 49.532325751333516 ], [ 112.697338494926527, 49.507262681671961 ], [ 112.80642744349467, 49.523592434276182 ], [ 112.914792922010719, 49.56922272398991 ], [ 113.055559523573777, 49.616248277375519 ], [ 113.092094761204123, 49.692522691438327 ], [ 113.164183384251288, 49.797193305045511 ], [ 113.319057651830036, 49.87432038024113 ], [ 113.445509881648263, 49.941603095085156 ], [ 113.574184198055008, 50.007025458366655 ], [ 113.732417433732735, 50.061544094434595 ], [ 113.881142205868741, 50.10110240335402 ], [ 114.070691359515337, 50.204739488315369 ], [ 114.221793247536766, 50.257268581740064 ], [ 114.29703413295374, 50.274399319044818 ], [ 114.386331007954112, 50.25548574482599 ], [ 114.553969354308947, 50.241455593458753 ], [ 114.674892205871913, 50.245693060906675 ], [ 114.743156772929495, 50.233678290398814 ], [ 114.879582554180047, 50.183035386752778 ], [ 115.003347609519068, 50.138593654981776 ], [ 115.098018833477795, 50.05942536071062 ], [ 115.274545526186813, 49.948863633822157 ], [ 115.36497928269759, 49.911759955436594 ], [ 115.429213088036391, 49.896489569694339 ], [ 115.587963088037043, 49.886050930371383 ], [ 115.717722609521928, 49.880624904980735 ], [ 115.795237257959741, 49.90589468037146 ], [ 115.926030308090475, 49.952145087272697 ], [ 116.134544712388191, 50.010797837923974 ], [ 116.21681359259685, 50.009273383171362 ], [ 116.351120640123412, 49.97808665628321 ], [ 116.551160109525256, 49.920312404980905 ], [ 116.631568638171416, 49.8770592311526 ], [ 116.683296746895593, 49.823780829459679 ] ] } },
{ "type": "Feature", "properties": { "featurecla": "Disputed (please verify)" }, "geometry": { "type": "LineString", "coordinates": [ [ 79.910361460330421, 30.898435149582504 ], [ 79.916600376305809, 30.894186916623539 ], [ 80.081499871749173, 30.781919867469441 ], [ 80.149454380212973, 30.789852199826242 ], [ 80.194309523442314, 30.759208075477162 ], [ 80.207125278650722, 30.683734646114885 ], [ 80.186248000004781, 30.60531566011197 ], [ 80.191159415694557, 30.568787005919202 ] ] } },
{ "type": "Feature", "properties": { "featurecla": "International boundary (verify)" }, "geometry": { "type": "LineString", "coordinates": [ [ 79.370482276442928, 31.079222786554283 ], [ 79.388467238282857, 31.064202378863797 ], [ 79.493163690106172, 30.993715725217683 ], [ 79.565459018882507, 30.949093125933658 ], [ 79.664264357424571, 30.965216172808724 ], [ 79.794592319664673, 30.968265082313934 ], [ 79.871900262373316, 30.92462433524345 ], [ 79.910361460330421, 30.898435149582504 ] ] } },
{ "type": "Feature", "properties": { "featurecla": "Disputed (please verify)" }, "geometry": { "type": "LineString", "coordinates": [ [ 78.842929750321275, 31.301264107295186 ], [ 78.844521111978594, 31.301500555948081 ], [ 78.899504835937137, 31.33136953381279 ], [ 78.946013624999836, 31.337208970661763 ], [ 78.973918898437432, 31.32863068290132 ], [ 79.011074253255288, 31.414103501912081 ], [ 79.043785434896051, 31.426221625284526 ], [ 79.107140740885882, 31.402657172159422 ], [ 79.232611118490553, 31.241762600218678 ], [ 79.338754510418056, 31.105698553994173 ], [ 79.369657016928613, 31.079912014280524 ], [ 79.370482276442928, 31.079222786554283 ] ] } },
{ "type": "Feature", "properties": { "featurecla": "International boundary (verify)" }, "geometry": { "type": "LineString", "coordinates": [ [ 78.71672679503645, 31.880259602949476 ], [ 78.687011346352961, 31.805500800090726 ], [ 78.693470900389457, 31.740362657186822 ], [ 78.753880649738647, 31.668351548788095 ], [ 78.802973260415911, 31.618070380168106 ], [ 78.755069207681345, 31.550270901001156 ], [ 78.726698846353116, 31.471826076782094 ], [ 78.758634881509494, 31.436582749959044 ], [ 78.743493686847984, 31.323798936482021 ], [ 78.757808058592815, 31.302482408161623 ], [ 78.791656121744012, 31.293645738239718 ], [ 78.842929750321275, 31.301264107295186 ] ] } },
{ "type": "Feature", "properties": { "featurecla": "Disputed (please verify)" }, "geometry": { "type": "LineString", "coordinates": [ [ 78.487390078691362, 32.233521265183875 ], [ 78.495911899737621, 32.215759996055908 ], [ 78.677709588540409, 32.023032741823371 ], [ 78.725561964842711, 31.983810329713833 ], [ 78.735483839842743, 31.957946275351745 ], [ 78.719670851561432, 31.8876663274348 ], [ 78.71672679503645, 31.880259602949476 ] ] } },
{ "type": "Feature", "properties": { "featurecla": "International boundary (verify)" }, "geometry": { "type": "LineString", "coordinates": [ [ 79.218767868707829, 32.501017823841494 ], [ 79.169875929688232, 32.4972156845336 ], [ 79.127397902344313, 32.475769965132471 ], [ 79.067039829427387, 32.38817841239775 ], [ 78.997690057291692, 32.365156561811716 ], [ 78.918986850911182, 32.35818024345231 ], [ 78.83790652864522, 32.411975409468155 ], [ 78.771243930988703, 32.468070176720985 ], [ 78.753467238280308, 32.499256903609123 ], [ 78.736724074217733, 32.558374742151031 ], [ 78.700860630207188, 32.597002875289206 ], [ 78.631562534503786, 32.578941962203189 ], [ 78.526349318357518, 32.570777085901071 ], [ 78.412557814450821, 32.557702948531229 ], [ 78.391732212237201, 32.544732164025973 ], [ 78.389665154945533, 32.519875800093587 ], [ 78.417467075518545, 32.46670075126525 ], [ 78.441341587237389, 32.397350979129556 ], [ 78.455294223956201, 32.300328477501552 ], [ 78.486093377602145, 32.236223863243495 ], [ 78.487390078691362, 32.233521265183875 ] ] } },
{ "type": "Feature", "properties": { "featurecla": "Disputed (please verify)" }, "geometry": { "type": "LineString", "coordinates": [ [ 79.116879561787869, 33.225250986961719 ], [ 79.355084263022292, 33.169810289028476 ], [ 79.376168247397374, 33.146297512335678 ], [ 79.340201450522244, 33.034004624965434 ], [ 79.334827101563889, 32.975506903611034 ], [ 79.435906203126791, 32.834042670212028 ], [ 79.499106479819744, 32.730069688440778 ], [ 79.493525425132219, 32.688289292932794 ], [ 79.469857619142545, 32.64338247327116 ], [ 79.384591505860953, 32.570053615848991 ], [ 79.291573927735584, 32.506646633426868 ], [ 79.219381951823834, 32.501065578739343 ], [ 79.218767868707829, 32.501017823841494 ] ] } },
{ "type": "Feature", "properties": { "featurecla": "International boundary (verify)" }, "geometry": { "type": "LineString", "coordinates": [ [ 78.916713087890344, 33.386773790005904 ], [ 78.948494093749844, 33.346543687466678 ], [ 79.01262454622406, 33.29145661064355 ], [ 79.066523065104491, 33.250373846971499 ], [ 79.112515089844237, 33.226266791307353 ], [ 79.116879561787869, 33.225250986961719 ] ] } },
{ "type": "Feature", "properties": { "featurecla": "International boundary (verify)" }, "geometry": { "type": "LineString", "coordinates": [ [ 80.209347365239267, 42.190034898439563 ], [ 80.233066847661235, 42.207811591147959 ], [ 80.259111769536332, 42.235406805991829 ], [ 80.25508100781758, 42.274164130210721 ], [ 80.205781691411119, 42.399427802086223 ], [ 80.179323358077681, 42.518335272789827 ], [ 80.161856723963041, 42.625538031579325 ], [ 80.165008986332822, 42.665509751957089 ], [ 80.20221601758297, 42.73447195085059 ], [ 80.250275099614413, 42.797284654301365 ], [ 80.424011264979697, 42.855782375655764 ], [ 80.538939650396827, 42.873507391931881 ], [ 80.543693882167673, 42.91169627539557 ], [ 80.450676304042304, 42.935544948898269 ], [ 80.383341912765985, 42.973759670578104 ], [ 80.371301304041992, 42.995618801437573 ], [ 80.374505242844094, 43.02039765072152 ], [ 80.390214878260821, 43.043135280929945 ], [ 80.50700361524045, 43.085768337570741 ], [ 80.617022739589856, 43.128272203130805 ], [ 80.751226434251834, 43.102511501633316 ], [ 80.777788120449856, 43.118944607102122 ], [ 80.785746291022804, 43.161551825526772 ], [ 80.757014194668528, 43.204339911464444 ], [ 80.729780714850705, 43.274283962571502 ], [ 80.667768996100477, 43.310069891933622 ], [ 80.665391880215054, 43.352987168952026 ], [ 80.703839145840192, 43.427065334642421 ], [ 80.650819126308733, 43.56416290951276 ], [ 80.593458286464767, 43.685085761075754 ], [ 80.495996535162277, 43.89210154883699 ], [ 80.431556024094306, 43.951761989917955 ], [ 80.395795932948346, 44.047182522144908 ], [ 80.355229933599219, 44.097282823251874 ], [ 80.358950636724245, 44.17130931250999 ], [ 80.36535851432842, 44.223295803395615 ], [ 80.354919875005464, 44.326493638682479 ], [ 80.33631635938039, 44.43839895281053 ], [ 80.355023227870049, 44.551983750988072 ], [ 80.3910417011775, 44.626811224946707 ], [ 80.381481561203486, 44.655414130220251 ], [ 80.400550164719192, 44.676911526053672 ], [ 80.45543053581315, 44.684068711926102 ], [ 80.481527134120569, 44.714635321626744 ], [ 80.45543053581315, 44.746080430676344 ], [ 80.360810988286744, 44.770290839205089 ], [ 80.255029331385288, 44.808117987642746 ], [ 80.127853631514967, 44.803777167330225 ], [ 79.997163934248817, 44.797214260429158 ], [ 79.932103305993365, 44.825171210299061 ], [ 79.875259230472295, 44.86082794858045 ], [ 79.871848585941024, 44.883772284518045 ], [ 79.950190057295515, 44.944078681002665 ], [ 80.059227329431366, 45.006452134778954 ], [ 80.228209263025803, 45.033995673190518 ], [ 80.414967889328636, 45.075104275078701 ], [ 80.509225701828996, 45.104999091159556 ], [ 80.634799432298252, 45.126496486992977 ], [ 80.780113559902986, 45.135565700860198 ], [ 80.853339064460584, 45.129312852552886 ], [ 81.04035607292488, 45.169129543633773 ], [ 81.334705031259375, 45.2462049423971 ], [ 81.602078891937538, 45.31082632097808 ], [ 81.692047560557683, 45.349376939467817 ], [ 81.758865187511077, 45.31082632097808 ], [ 81.789664341157049, 45.226025295587121 ], [ 81.867489048188588, 45.182100328139029 ], [ 81.944900343761816, 45.16086131446707 ], [ 81.989238722668262, 45.161843166680612 ], [ 82.122770623710466, 45.194864406915116 ], [ 82.266586134778748, 45.219100653660007 ], [ 82.323378533867498, 45.205871486993288 ], [ 82.396655714857388, 45.162463283868121 ], [ 82.478717889336878, 45.123576768568483 ], [ 82.521454298842258, 45.125488796563275 ], [ 82.55897138868616, 45.155435289076422 ], [ 82.597005242852987, 45.215948391290198 ], [ 82.621086460301001, 45.293101304701977 ], [ 82.625789015639555, 45.374414170913241 ], [ 82.611629673191572, 45.424256089858744 ], [ 82.58253584181125, 45.442601223322356 ], [ 82.451639438815931, 45.47195343686414 ], [ 82.326634149101892, 45.519935004247145 ], [ 82.312216424492476, 45.56370494239836 ], [ 82.31521365756538, 45.594943345718804 ], [ 82.348131544935313, 45.671527818375367 ], [ 82.429728631524171, 45.811932684912378 ], [ 82.511687453139103, 46.005796820655348 ], [ 82.555095656264257, 46.158681545590852 ], [ 82.692244907566902, 46.386677964862599 ], [ 82.800041945327735, 46.624441229837501 ], [ 82.974914992203452, 46.96602244728679 ], [ 83.004060500016067, 47.033511867859971 ], [ 83.020080194026548, 47.141463934917695 ], [ 83.029433628271363, 47.185957343121004 ], [ 83.090308465511214, 47.209366766949216 ], [ 83.193092889339738, 47.186551622092352 ], [ 83.443516880226156, 47.108649400412361 ], [ 83.634099562518571, 47.043201198914701 ], [ 83.713939650409515, 47.021057847677639 ], [ 83.832640415383963, 46.997855129578582 ], [ 84.016040073587817, 46.970518296896188 ], [ 84.122028436218443, 46.978631496765999 ], [ 84.215149367208397, 46.994702867208773 ], [ 84.338862746115154, 46.996149807312946 ], [ 84.532442661480502, 46.975789292989958 ], [ 84.592283970074504, 46.97496247007328 ], [ 84.666646356142508, 46.972378648458687 ], [ 84.719563022809382, 46.939331570008036 ], [ 84.746021356142819, 46.86437490496867 ], [ 84.786173944033607, 46.830733547546657 ], [ 84.858262567080772, 46.843187567729004 ], [ 85.012206658878256, 46.909230048198026 ], [ 85.110598585961981, 46.961216539083651 ], [ 85.233485141952059, 47.036354071636026 ], [ 85.355338169296289, 47.04674103452669 ], [ 85.484787632187448, 47.063510036805411 ], [ 85.529746128281374, 47.100794582703998 ], [ 85.577236769557601, 47.188489488303304 ], [ 85.656611769557912, 47.254635321636897 ], [ 85.669840936224631, 47.338402818382022 ], [ 85.641832309922449, 47.397417304059346 ], [ 85.586641880234737, 47.493664659202963 ], [ 85.588295526068066, 47.558492743513114 ], [ 85.561630487005459, 47.746465765974804 ], [ 85.525973748724056, 47.915628567082251 ], [ 85.562250604192968, 48.051873480819779 ], [ 85.626381056667185, 48.203983059270911 ], [ 85.651547479193312, 48.250543524765888 ], [ 85.692216831407023, 48.31183177346405 ], [ 85.749370965521848, 48.38508311623778 ], [ 85.829831170600272, 48.408053290391521 ], [ 86.056122267606412, 48.423711249375955 ], [ 86.265566847685363, 48.454562079454206 ], [ 86.372537062529545, 48.486239732449121 ], [ 86.483279656931018, 48.505360012397119 ], [ 86.549425490264611, 48.528614406928455 ], [ 86.663733758494232, 48.635532945340344 ], [ 86.717942335968417, 48.697182929064553 ], [ 86.757836541697742, 48.860738837268329 ], [ 86.728587681020542, 48.939338690784268 ], [ 86.753133986359188, 49.008817654000694 ], [ 86.808324416046901, 49.049693711943561 ], [ 86.885994093781591, 49.090569769886429 ], [ 86.93798058466723, 49.097571926461981 ], [ 87.048516473339532, 49.109922593779743 ], [ 87.229952427116302, 49.105840155628684 ], [ 87.322814975944794, 49.085789699899436 ] ] } },
{ "type": "Feature", "properties": { "featurecla": "International boundary (verify)" }, "geometry": { "type": "LineString", "coordinates": [ [ 87.322814975944794, 49.085789699899436 ], [ 87.416711053419135, 49.076591294951484 ], [ 87.476190626987091, 49.0914482692354 ], [ 87.515878126987246, 49.122428290394367 ], [ 87.576597934930192, 49.132350165394413 ], [ 87.66832360224825, 49.147232977894475 ], [ 87.762478061884053, 49.165810655303403 ], [ 87.818288608759275, 49.162089952178391 ] ] } },
{ "type": "Feature", "properties": { "featurecla": "International boundary (verify)" }, "geometry": { "type": "LineString", "coordinates": [ [ 75.974412062487943, 36.382430731749665 ], [ 75.951881138008673, 36.45811086684111 ], [ 75.951328589839548, 36.459969850818318 ], [ 75.933019240222166, 36.521569525695526 ], [ 75.885011834623015, 36.600711981750536 ], [ 75.84026004425823, 36.649701239563228 ], [ 75.772202182929846, 36.694918117818617 ], [ 75.667195672512747, 36.741969509420372 ], [ 75.573713006496746, 36.759306952454295 ], [ 75.460231561183804, 36.725045477844773 ], [ 75.424161411444061, 36.738222968079214 ], [ 75.376877475897004, 36.883717963196972 ], [ 75.346646763006277, 36.91345774998095 ], [ 75.145212029932537, 36.973221543926499 ], [ 75.053951450505082, 36.987148342429165 ], [ 74.949151645817182, 36.968338121074922 ], [ 74.889310337223179, 36.952421779929026 ], [ 74.841251255191736, 36.979086818991632 ], [ 74.766010369774762, 37.012728176413646 ], [ 74.692216424461975, 37.035724188783519 ], [ 74.600645786440793, 37.036654364564782 ], [ 74.541372918602008, 37.022184963523046 ] ] } },
{ "type": "Feature", "properties": { "featurecla": "International boundary (verify)" }, "geometry": { "type": "LineString", "coordinates": [ [ 73.731809930317525, 36.887774563131885 ], [ 73.769120314432257, 36.888472194967832 ], [ 73.907871535135939, 36.85294464776716 ], [ 74.001819289042544, 36.823075669902465 ], [ 74.038922967428107, 36.825711167949351 ], [ 74.194675734355826, 36.896869615215252 ], [ 74.431043735658847, 36.983711859681748 ], [ 74.541372918602008, 37.022184963523046 ] ] } },
{ "type": "Feature", "properties": { "featurecla": "International boundary (verify)" }, "geometry": { "type": "LineString", "coordinates": [ [ 74.891325718082555, 37.231629543602011 ], [ 74.840217726545916, 37.225066636700944 ], [ 74.767353957014365, 37.249173692365105 ], [ 74.738983595686136, 37.285631415347027 ], [ 74.726684604800653, 37.29074738214392 ], [ 74.66896202993064, 37.266692002912052 ], [ 74.558942905581233, 37.236616319318173 ], [ 74.372132602846108, 37.15773224542464 ], [ 74.376163364564889, 37.137371731101638 ], [ 74.497913039044533, 37.05722158461694 ], [ 74.526438429669639, 37.030659898418918 ], [ 74.541372918602008, 37.022184963523046 ] ] } },
{ "type": "Feature", "properties": { "featurecla": "International boundary (verify)" }, "geometry": { "type": "LineString", "coordinates": [ [ 72.0, 36.80323670492767 ], [ 72.153508335259119, 36.900538641907985 ], [ 72.358818800754733, 36.982936713197375 ], [ 72.657405226537179, 37.029057929017867 ], [ 72.757089064428186, 37.172692572573126 ], [ 72.895530226538114, 37.267544664044863 ], [ 73.211169874976889, 37.408517971337091 ], [ 73.382942335915089, 37.462261460920644 ], [ 73.481334262998814, 37.471666571597765 ], [ 73.604634230447203, 37.446060899397139 ], [ 73.632642856749413, 37.437224229475234 ], [ 73.657137485655767, 37.430480455061144 ], [ 73.720596144510182, 37.418749904930891 ], [ 73.733825311176901, 37.375755113264049 ], [ 73.717288852843495, 37.329453029930534 ], [ 73.648817580056772, 37.291186631818405 ], [ 73.627578566384813, 37.261576036115159 ], [ 73.653468458963033, 37.23938100844579 ], [ 73.749638299458212, 37.231784572898889 ], [ 73.948799269511085, 37.283150946597019 ], [ 74.077783644511612, 37.316223863263815 ], [ 74.167080519511956, 37.329453029930534 ], [ 74.203460727845453, 37.372447821597376 ], [ 74.259684686178986, 37.415442613264204 ], [ 74.348981561179357, 37.418749904930891 ], [ 74.444893019513074, 37.395598863264127 ], [ 74.524268019513386, 37.382369696597408 ], [ 74.659401889956627, 37.394487819969854 ], [ 74.730560337222556, 37.357022406558244 ], [ 74.830502557275025, 37.285915635724621 ], [ 74.875357700504367, 37.241964830060382 ], [ 74.891325718082555, 37.231629543602011 ] ] } },
{ "type": "Feature", "properties": { "featurecla": "International boundary (verify)" }, "geometry": { "type": "LineString", "coordinates": [ [ 74.891325718082555, 37.231629543602011 ], [ 74.918145786442039, 37.250026353497915 ], [ 75.008372837223675, 37.293537909487682 ], [ 75.079014520166652, 37.344051622052987 ], [ 75.118805373031392, 37.385676988264095 ], [ 75.097514682927141, 37.451254380842471 ], [ 74.986410353499622, 37.530396836897481 ], [ 74.915820346988909, 37.572823187809107 ], [ 74.894271274723195, 37.601426093082665 ], [ 74.912358026025373, 37.687312323551751 ], [ 74.938299595035886, 37.77252676040105 ], [ 74.921246372379557, 37.805005398096498 ], [ 74.90026574086906, 37.832729804021085 ], [ 74.89080895375966, 37.925799058578747 ], [ 74.842491489566754, 38.038091945948992 ], [ 74.789678175764465, 38.10361766209509 ], [ 74.775105421858143, 38.191906846665745 ], [ 74.772108188785211, 38.274744167629621 ], [ 74.835980259097965, 38.404322821601497 ], [ 74.812260776675998, 38.460314235989742 ], [ 74.745029738264265, 38.510026963854529 ], [ 74.514036085919599, 38.60002147069082 ], [ 74.277461378887409, 38.659759426420223 ], [ 74.187337680970387, 38.657511501615531 ], [ 74.131372104798288, 38.66118052830825 ], [ 74.065329624329252, 38.608496405586692 ], [ 74.025590447896803, 38.539818427070784 ], [ 73.970038283183044, 38.533694769844203 ], [ 73.869114210917019, 38.562866115872964 ], [ 73.801624790343823, 38.606894436185641 ], [ 73.754134149067596, 38.698930162097469 ], [ 73.716823764952863, 38.817217515613564 ], [ 73.696049839171536, 38.854321193999127 ], [ 73.706798537088247, 38.886205552723212 ], [ 73.73000125518729, 38.914679266916039 ], [ 73.794493442687553, 38.941292629546354 ], [ 73.805293817036556, 38.968629462228762 ], [ 73.795578647765694, 39.002167466786176 ], [ 73.743747186176932, 39.044542141265524 ], [ 73.690417108051719, 39.104538479156375 ], [ 73.607321404926381, 39.229207872060528 ], [ 73.623134393207692, 39.297834174144128 ], [ 73.636363559874411, 39.396691189118485 ], [ 73.631661004535857, 39.448858547517133 ] ] } },
{ "type": "Feature", "properties": { "featurecla": "International boundary (verify)" }, "geometry": { "type": "LineString", "coordinates": [ [ 72.0, 39.351126053642609 ], [ 72.042817417289911, 39.352171942699044 ], [ 72.084210239555716, 39.310624091136376 ], [ 72.147358839816377, 39.260756333974712 ], [ 72.229989455051083, 39.207529608714083 ], [ 72.249781528618882, 39.215694485016201 ], [ 72.2871952655982, 39.273727118479982 ], [ 72.357733595676592, 39.336849880524497 ], [ 72.490231968072976, 39.357391262360522 ], [ 72.563354119765961, 39.377209174144454 ], [ 72.63993859242251, 39.385994167634067 ], [ 72.872482537735948, 39.36038849543344 ], [ 72.949377068986252, 39.357081203766768 ], [ 73.109263950497308, 39.361938788402199 ], [ 73.234941033831149, 39.374547837881423 ], [ 73.336175164690928, 39.412374986319065 ], [ 73.387386509092181, 39.442709052074406 ], [ 73.470430535785226, 39.460589097647386 ], [ 73.575592075499173, 39.4576177027906 ], [ 73.631661004535857, 39.448858547517133 ] ] } },
{ "type": "Feature", "properties": { "featurecla": "International boundary (verify)" }, "geometry": { "type": "LineString", "coordinates": [ [ 73.631661004535857, 39.448858547517133 ], [ 73.715738559874751, 39.462268581696875 ], [ 73.822915480448074, 39.488959458975629 ], [ 73.872783237609752, 39.53329783788206 ], [ 73.907148065083845, 39.578514716137448 ], [ 73.914692824198454, 39.606471666007351 ], [ 73.882550083312907, 39.714552924145806 ], [ 73.839761997375234, 39.762844550122551 ], [ 73.835369500630435, 39.800154934237284 ], [ 73.856246779276347, 39.828680324862404 ], [ 73.884617140604576, 39.877927964836559 ], [ 73.938774041646468, 39.978826198886438 ], [ 73.991587355448758, 40.043137518873678 ], [ 74.020526157532203, 40.059363918613329 ], [ 74.085121697897051, 40.074298407545683 ], [ 74.242683139954977, 40.092023423821786 ], [ 74.411923455710848, 40.137188625644882 ], [ 74.613048130190833, 40.272167466791259 ], [ 74.679865757144228, 40.310614732416411 ], [ 74.767767368472704, 40.32986420344514 ], [ 74.830502557275025, 40.328494777989405 ], [ 74.84176801951466, 40.344979559890504 ], [ 74.801253696597826, 40.428540350906474 ], [ 74.811123895165593, 40.458771063797215 ], [ 74.835101759749023, 40.482593899083767 ], [ 74.865590854801212, 40.493497626297355 ], [ 75.004548781234064, 40.449495144200824 ], [ 75.111312290349076, 40.454120184890954 ], [ 75.241020135401669, 40.480294297846783 ], [ 75.520796339829872, 40.627546291662469 ], [ 75.555574578762304, 40.625195013993192 ], [ 75.583531528632221, 40.605325425776968 ], [ 75.617431268215682, 40.516596991531827 ], [ 75.655981886705405, 40.329269924473778 ], [ 75.6771692239451, 40.305808824213273 ], [ 75.871989373685437, 40.303199164382534 ], [ 76.004281040352652, 40.371437893223955 ], [ 76.062313673816419, 40.387535101882875 ], [ 76.156623162749099, 40.37647634537241 ], [ 76.20607750845241, 40.408386542312641 ], [ 76.258322381499482, 40.430736599278873 ], [ 76.318525425119532, 40.352265936843665 ], [ 76.396350132151099, 40.389808864903713 ], [ 76.480169305328502, 40.449520982416971 ], [ 76.520942010406799, 40.511248480789618 ], [ 76.577889438792454, 40.577885240229989 ], [ 76.622176141266578, 40.662376207027194 ], [ 76.639797804678096, 40.742216294918137 ], [ 76.661191847646933, 40.779655870113601 ], [ 76.708424106761726, 40.818128973954899 ], [ 76.824075962230921, 40.982304999346184 ], [ 76.907740106111476, 41.024188747718753 ], [ 76.986650018221155, 41.03914907486724 ], [ 77.18209028514903, 41.010727037106719 ], [ 77.283996209628611, 41.014344387367146 ], [ 77.581755812494379, 40.992769476885286 ], [ 77.719318475255335, 41.024292100583338 ], [ 77.815229933589052, 41.055608018552206 ], [ 77.956409946610449, 41.050698757484483 ], [ 78.123428175777775, 41.075632636065308 ], [ 78.346256951820351, 41.281459865883846 ], [ 78.348840773434944, 41.325203965818915 ], [ 78.362379998695417, 41.371609402017015 ], [ 78.442891880206162, 41.417549750324483 ], [ 78.543144158852385, 41.45958852799393 ], [ 78.742615187499013, 41.560047512369323 ], [ 79.148430210287103, 41.719133409179861 ], [ 79.29358930859496, 41.782824611979592 ], [ 79.354412469402519, 41.781067613281678 ], [ 79.50386071159059, 41.821013495443296 ], [ 79.76611860547186, 41.898864040690995 ], [ 79.840429315107571, 41.995731513022108 ], [ 79.909675734378681, 42.015006822266983 ], [ 80.216220330734075, 42.032421779949345 ], [ 80.235133904952903, 42.043480536459811 ], [ 80.246192661463368, 42.059810289064032 ], [ 80.229191115239331, 42.129831854819528 ], [ 80.209347365239267, 42.190034898439563 ] ] } },
{ "type": "Feature", "properties": { "featurecla": "International boundary (verify)" }, "geometry": { "type": "LineString", "coordinates": [ [ 72.0, 40.325192888502372 ], [ 72.012586704399183, 40.340742092442582 ], [ 72.131235792941311, 40.438617255203383 ], [ 72.19288577666552, 40.454430243484694 ], [ 72.232779982394845, 40.454378567052402 ], [ 72.234692010389637, 40.438617255203383 ], [ 72.253967319634512, 40.424199530593953 ], [ 72.3576819192443, 40.401668606114697 ], [ 72.389307895806922, 40.427377631179908 ], [ 72.405947707004913, 40.463060207677444 ], [ 72.369774204400613, 40.519749253901622 ], [ 72.369050734348519, 40.543468736323589 ], [ 72.382589959608993, 40.565146999670034 ], [ 72.402020298150745, 40.578091945959159 ], [ 72.567488234349327, 40.524348456375606 ], [ 72.604075148411965, 40.525433661453732 ], [ 72.679626092422666, 40.555612697912181 ], [ 72.748872511693776, 40.608684393875947 ], [ 72.773883904923053, 40.650387274735479 ], [ 73.112881300757749, 40.786037909501644 ], [ 73.136962518205763, 40.810635891272582 ], [ 73.132104933570332, 40.828515936845577 ], [ 72.989994744767671, 40.860116075192053 ], [ 72.926019321590331, 40.842442735348229 ], [ 72.866591424454668, 40.842313544267498 ], [ 72.830986362605586, 40.862157294267575 ], [ 72.658335402318414, 40.8699345973275 ], [ 72.620404901016201, 40.883809719397874 ], [ 72.505941603489703, 40.981684882158689 ], [ 72.427393426406041, 41.018943589841129 ], [ 72.364038120416211, 41.043438218747468 ], [ 72.294946730441978, 41.039924221351626 ], [ 72.213091261691659, 41.014241034502561 ], [ 72.187356398410287, 41.025945746416667 ], [ 72.180638462212357, 41.066847642575695 ], [ 72.180948520806112, 41.118472398435273 ], [ 72.164257033175829, 41.173740342771424 ], [ 72.115371128227707, 41.186581936195964 ], [ 72.052429233696216, 41.164748643552642 ], [ 72.0, 41.17719265584082 ] ] } },
{ "type": "Feature", "properties": { "featurecla": "International boundary (verify)" }, "geometry": { "type": "LineString", "coordinates": [ [ 80.209347365239267, 42.190034898439563 ], [ 80.071319614587651, 42.302999579429596 ], [ 79.9210445494829, 42.413122056643573 ], [ 79.803428989586592, 42.438469346682737 ], [ 79.59837690625244, 42.45663361263334 ], [ 79.490114780600976, 42.457563788414589 ], [ 79.428258091147597, 42.483505357425102 ], [ 79.367796665366114, 42.547222398440994 ], [ 79.295449660157487, 42.604841620446422 ], [ 79.203000522787306, 42.666000678063853 ], [ 79.164811639323631, 42.759018256189236 ], [ 79.126674432292219, 42.775735582035651 ], [ 79.059856805338825, 42.763798326176229 ], [ 78.947977329426919, 42.766692206384576 ], [ 78.885138787760013, 42.77488292090284 ], [ 78.791501092447135, 42.790825100264883 ], [ 78.642259555988204, 42.828729763350964 ], [ 78.524230584633557, 42.864670722009961 ], [ 78.37591922395589, 42.87149201107249 ], [ 78.29003299348679, 42.864334825200075 ], [ 78.023124220699259, 42.857513536137546 ], [ 77.801690708328579, 42.895237331710604 ], [ 77.622476841140355, 42.902239488286156 ], [ 77.512199334629514, 42.900069078129903 ], [ 77.45928266796264, 42.90474579525231 ], [ 77.368590529290401, 42.904461574874702 ], [ 77.235523716138829, 42.91262645117682 ], [ 77.057343377596453, 42.970659084640602 ], [ 76.988096958325343, 42.973604641281241 ], [ 76.944068638012652, 42.971485907557266 ], [ 76.646515740876055, 42.928801174484178 ], [ 76.50915978384424, 42.918879299484146 ], [ 76.218118117176431, 42.923736884119577 ], [ 75.932192417305487, 42.928491115890424 ], [ 75.840363397122815, 42.93748281510922 ], [ 75.789565464179901, 42.93293528906753 ], [ 75.681768426419069, 42.830486762048892 ], [ 75.635673048814709, 42.814596259119142 ], [ 75.366180454412586, 42.83697215430152 ], [ 75.047646925765491, 42.904384060226263 ], [ 74.817531772769769, 42.978152167322918 ], [ 74.622246535138771, 43.056183580083655 ], [ 74.363864373679405, 43.179431871099766 ], [ 74.209093458965242, 43.240358384771881 ], [ 74.186820916647463, 43.205295925461854 ], [ 74.145893182272289, 43.194082139654512 ], [ 74.086258579407485, 43.188604437831572 ], [ 73.949161004537132, 43.195038153651907 ], [ 73.886064080708763, 43.132561347011034 ], [ 73.718529087218513, 43.087887071294716 ], [ 73.612023960264963, 43.047915350916952 ], [ 73.556265089822006, 43.002801825526149 ], [ 73.450225050759087, 42.703026841800991 ], [ 73.421906365863151, 42.593524481774509 ], [ 73.492961460264468, 42.409039618492514 ], [ 73.411622755837072, 42.419762478193078 ], [ 73.315969679664818, 42.466994737307857 ], [ 73.282896762998007, 42.504124253909566 ], [ 73.190809360653901, 42.526861884117992 ], [ 72.855119256485892, 42.5611233587275 ], [ 72.792435744115835, 42.603472194990687 ], [ 72.752954949844849, 42.637914537113218 ], [ 72.666086867162221, 42.660419623376342 ], [ 72.543200311172143, 42.677757066410265 ], [ 72.27582645049398, 42.757674668949647 ], [ 72.161828240858114, 42.760671902022565 ], [ 72.0, 42.78952997882628 ] ] } },
{ "type": "Feature", "properties": { "featurecla": "International boundary (verify)" }, "geometry": { "type": "LineString", "coordinates": [ [ 72.0, 54.206288006437248 ], [ 72.004473504529358, 54.205683905649082 ], [ 72.065606723930642, 54.231625474659609 ], [ 72.105397576795383, 54.30846832947762 ], [ 72.186012811170713, 54.32562490499852 ], [ 72.269160190728314, 54.272113959360283 ], [ 72.329466587212949, 54.18144765890419 ], [ 72.387292514947546, 54.12302745219823 ], [ 72.383055047499624, 54.053651841846388 ], [ 72.404294061171584, 53.964458319710616 ], [ 72.446772088515502, 53.941824042366775 ], [ 72.53028120309915, 53.975775458382543 ], [ 72.585988397109816, 53.995929266976376 ], [ 72.599165887344242, 54.0230593939296 ], [ 72.575601434219124, 54.056494045622443 ], [ 72.564284295547225, 54.090445461638211 ], [ 72.582681105443129, 54.121606350310202 ], [ 72.622316929010992, 54.134344590870157 ], [ 72.741069370417705, 54.124500230518549 ], [ 72.914030389298603, 54.107343654997649 ], [ 73.119289178361925, 53.980736395882559 ], [ 73.22992841989884, 53.95781789816111 ], [ 73.276592238258388, 53.955621649788711 ], [ 73.380720249326515, 53.962856350309565 ], [ 73.50562218617597, 53.999339911507633 ], [ 73.589958123676325, 54.044970201221361 ], [ 73.617966749978507, 54.067397772836031 ], [ 73.66643924346829, 54.06347036398185 ], [ 73.712431268208064, 54.042386379606768 ], [ 73.715531854145581, 53.99621348735397 ], [ 73.678944940082914, 53.929447536832868 ], [ 73.554198032530337, 53.868288479215437 ], [ 73.399375441383881, 53.811496080126673 ], [ 73.305686069638739, 53.707213039761669 ], [ 73.28568729034177, 53.598408311571134 ], [ 73.326873406878406, 53.543166205451115 ], [ 73.361858351539979, 53.506191718146283 ], [ 73.371831902972332, 53.454386094773682 ], [ 73.406920200498519, 53.447538967495007 ], [ 73.469965447894594, 53.468907172247697 ], [ 73.642926466775492, 53.576264960334072 ], [ 73.731138136697723, 53.602774970099802 ], [ 73.858933953755525, 53.619724839891532 ], [ 74.068636915995938, 53.611404934292537 ], [ 74.209971958314213, 53.576471666063227 ], [ 74.277306349590532, 53.527740790411997 ], [ 74.351513706361658, 53.487639878953502 ], [ 74.402776727195203, 53.504434719448355 ], [ 74.429286736960933, 53.550736802781884 ], [ 74.430423618471337, 53.603705145881051 ], [ 74.451921014304759, 53.64724254008695 ], [ 74.681467726545264, 53.754393622444155 ], [ 74.834119907535467, 53.825707099006934 ], [ 74.886829868473171, 53.834027004605929 ], [ 74.988942498681922, 53.819247544970452 ], [ 75.052194451807168, 53.82668895122049 ], [ 75.220194533188049, 53.893816636767625 ], [ 75.377032505193881, 53.970142727262726 ], [ 75.392328729152268, 54.021741644906157 ], [ 75.398116489568963, 54.068482977914158 ], [ 75.437183872381638, 54.089670315153825 ], [ 75.656808709622084, 54.10600006775806 ], [ 75.692878859361826, 54.114785061247673 ], [ 75.880619337878187, 54.16796011007601 ], [ 76.140551792306326, 54.258548895883663 ], [ 76.266590610666185, 54.311982326873462 ], [ 76.496499057932738, 54.335701809295443 ], [ 76.539183791005826, 54.351049709686123 ], [ 76.615509881500913, 54.387119859425852 ], [ 76.759377069001488, 54.436884263722931 ], [ 76.83730512889764, 54.442361965545857 ], [ 76.788987664704734, 54.321878363657362 ], [ 76.70304975780337, 54.182455349333893 ], [ 76.654577264313588, 54.145274156299877 ], [ 76.421723260406395, 54.151527004607203 ], [ 76.42203331900015, 54.113518988656523 ], [ 76.458568556630496, 54.055253811247439 ], [ 76.484768507802471, 54.02254262960669 ], [ 76.513087192698436, 53.993216254281052 ], [ 76.575719028636172, 53.942521674202723 ], [ 76.82066531769965, 53.822658189501723 ], [ 77.132429233716522, 53.670135199592252 ], [ 77.469256219394964, 53.498776150112406 ], [ 77.704383986322995, 53.379171047572854 ], [ 77.799365268875448, 53.317417710984074 ], [ 77.859981723953808, 53.269177761439607 ], [ 78.033511183589923, 53.09495066996756 ], [ 78.19804894400724, 52.929689439498148 ], [ 78.475499708982312, 52.638441067101141 ], [ 78.721427850259346, 52.357011216839609 ], [ 78.992057326171903, 52.047391872762844 ], [ 79.148740268880857, 51.868100490926196 ], [ 79.468824090496724, 51.49311046000021 ], [ 79.554348585939749, 51.378001207070056 ], [ 79.71645755403938, 51.16003001566294 ], [ 79.859652947920154, 50.95544302021942 ], [ 79.986208530602937, 50.774575507197852 ], [ 80.065945265629324, 50.758219916377485 ], [ 80.072043084639745, 50.807286688838616 ], [ 80.086357456384604, 50.839997870479365 ], [ 80.127233514327486, 50.858368842159138 ], [ 80.220251092452855, 50.911776434932776 ], [ 80.270377231775967, 50.924592190141169 ], [ 80.345204705734602, 50.919114488318229 ], [ 80.423597853521358, 50.946270453487614 ], [ 80.452278273443369, 50.997610988969583 ], [ 80.433623081386003, 51.092643947954343 ], [ 80.421530796229689, 51.136362209673266 ], [ 80.448092482427711, 51.183361924842728 ], [ 80.491035597662261, 51.201732896522486 ], [ 80.550670200527094, 51.216589870806402 ], [ 80.605498895188759, 51.224212144569449 ], [ 80.650457391282686, 51.27736135518164 ], [ 80.735258416673645, 51.293406887408267 ], [ 80.813134800137504, 51.283485012408221 ], [ 80.877316929044014, 51.281443793332699 ], [ 80.934057651700499, 51.242763983762231 ], [ 80.965580275398537, 51.189795640663064 ], [ 81.026765171232114, 51.185713202512005 ], [ 81.1272758320398, 51.191061713254214 ], [ 81.14097008659715, 51.146568305050906 ], [ 81.112393019539752, 51.072386786495926 ], [ 81.077511427742735, 51.014922593787361 ], [ 81.071465285164578, 50.968749701534577 ], [ 81.124588657560622, 50.946270453487614 ], [ 81.319098748707233, 50.966398423865286 ], [ 81.388241815113759, 50.956476548865254 ], [ 81.410152622405519, 50.9097610540734 ], [ 81.43774783724939, 50.871055406286786 ], [ 81.451597121103589, 50.823668117875144 ], [ 81.431391636077478, 50.771139024450449 ], [ 81.465911492848448, 50.739848944697712 ], [ 81.63391157422933, 50.739125474645633 ], [ 81.752043898448562, 50.764395250036358 ], [ 81.933686557954502, 50.766358954463456 ], [ 82.098069289074942, 50.710858466181975 ], [ 82.211912469413932, 50.719436753942432 ], [ 82.32637576694043, 50.741916001989395 ], [ 82.493962436862972, 50.72760163024455 ], [ 82.611733026056157, 50.771474921260349 ], [ 82.693020054051289, 50.826329454138175 ], [ 82.71849653517117, 50.869505113318027 ], [ 82.760819533218211, 50.893353786820725 ], [ 82.919052768895938, 50.893121242875409 ], [ 83.019201694677577, 50.897255357458761 ], [ 83.092788934261222, 50.960610663448605 ], [ 83.160226678402097, 50.98921356872215 ], [ 83.273708123715068, 50.994562079464359 ], [ 83.357320591163301, 50.994562079464359 ], [ 83.581389601580867, 50.935754299516205 ], [ 83.717763706399126, 50.887178453161852 ], [ 83.859822218769494, 50.818035386755326 ], [ 83.945088332051085, 50.774653021846291 ], [ 84.002397495462759, 50.676881211950075 ], [ 84.099290806010032, 50.604715074254472 ], [ 84.175926955098873, 50.520534166051007 ], [ 84.194478794291655, 50.43743846292567 ], [ 84.257834100281485, 50.288222764682885 ], [ 84.323256463563013, 50.239155992221754 ], [ 84.400926141297703, 50.239155992221754 ], [ 84.499008009787673, 50.218743801466474 ], [ 84.607321811871429, 50.202388210646092 ], [ 84.838987257835896, 50.091309719434705 ], [ 84.924046665388317, 50.087976589551886 ], [ 84.989469028669845, 50.061414903353864 ], [ 84.999700962263631, 50.01028107360105 ], [ 84.975206333357278, 49.951059882194556 ], [ 85.000786167341772, 49.894164130241208 ], [ 85.07649214064935, 49.821610419303425 ], [ 85.136540154972522, 49.750710354198972 ], [ 85.210127394556139, 49.664849961946018 ], [ 85.232606642603116, 49.615809027701033 ], [ 85.291879510441873, 49.599453436880651 ], [ 85.371616245468232, 49.623948065787005 ], [ 85.498481886744798, 49.605396226594223 ], [ 85.880474074246308, 49.556561998078408 ], [ 85.933597446642352, 49.550438340851812 ], [ 85.974421828152941, 49.499330349315159 ], [ 86.029612257840654, 49.50343862568235 ], [ 86.092967563830513, 49.505479844757886 ], [ 86.180869175158989, 49.499330349315159 ], [ 86.242157423857151, 49.546330064484607 ], [ 86.29243859247714, 49.587516181021229 ], [ 86.417960646514103, 49.63846914326102 ], [ 86.522243686879108, 49.707767238964422 ], [ 86.610145298207584, 49.769133002311023 ], [ 86.675515985056791, 49.77729787861314 ], [ 86.728691033885127, 49.748694973339582 ], [ 86.730706414744503, 49.695545762727392 ], [ 86.665335727895297, 49.656710923860047 ], [ 86.614227736358629, 49.609711208690598 ], [ 86.626475050811791, 49.562685655304989 ], [ 86.714376662140268, 49.55860321715393 ], [ 86.812096795604219, 49.487909857778646 ], [ 86.952966750031862, 49.322054348337886 ], [ 87.000922479198721, 49.287327785837746 ], [ 87.07058230992817, 49.254590765980836 ], [ 87.14804528193369, 49.239811306345359 ], [ 87.233673130241328, 49.216143500355685 ], [ 87.296873406934282, 49.147646389352815 ], [ 87.322814975944794, 49.085789699899436 ] ] } }
]
}
