{
"type": "FeatureCollection",
"name": "yrd_provinces",
"crs": { "type": "name", "properties": { "name": "urn:ogc:def:crs:OGC:1.3:CRS84" } },
"features": [
{ "type": "Feature", "properties": { "name": "Anhui", "name_en": "Anhui", "name_zh": "安徽省", "adm1_code": "CHN-1179", "iso_3166_2": "CN-AH", "type_en": "Province" }, "geometry": { "type": "Polygon", "coordinates": [ [ [ 119.629783562561329, 31.132880357042836 ], [ 119.620740187809361, 31.049164537113654 ], [ 119.576505162383341, 30.879226589235657 ], [ 119.579295689444507, 30.867418524944924 ], [ 119.579657423751087, 30.862302557916678 ], [ 119.578262159770816, 30.855197047705587 ], [ 119.574954868772124, 30.847058010518765 ], [ 119.567410109888669, 30.836154282893801 ], [ 119.557281528619569, 30.824527085756358 ], [ 119.55004682809863, 30.813416653455761 ], [ 119.541365187653241, 30.796285916561772 ], [ 119.537437779030256, 30.790420640700006 ], [ 119.532993605570368, 30.786389879289459 ], [ 119.52338178913817, 30.780498765905293 ], [ 119.500540806013305, 30.769388332705375 ], [ 119.49759525022057, 30.767192083947521 ], [ 119.494804722260028, 30.761946925710049 ], [ 119.492634311923894, 30.754195462150847 ], [ 119.492479283192324, 30.740268663468044 ], [ 119.491239047943623, 30.729597479839811 ], [ 119.488138461620679, 30.718538723483277 ], [ 119.464522333039213, 30.678231105780867 ], [ 119.451448195078115, 30.648129583713285 ], [ 119.447624139242635, 30.642961940740975 ], [ 119.443128289838683, 30.639215400170542 ], [ 119.437547234816975, 30.637277532931762 ], [ 119.430880975076889, 30.637044989834408 ], [ 119.423852981030223, 30.637897651455432 ], [ 119.417548455596716, 30.639938870582398 ], [ 119.412380812624406, 30.642781074487004 ], [ 119.408505079945485, 30.646501777534979 ], [ 119.406024611246721, 30.65112681724878 ], [ 119.404319288904048, 30.656191108332962 ], [ 119.401683790574452, 30.66675893827437 ], [ 119.399823440399359, 30.671719876571046 ], [ 119.397498000432279, 30.676241563497342 ], [ 119.393932326115873, 30.680220648963768 ], [ 119.389281447081089, 30.683269558443328 ], [ 119.383545363327812, 30.68525910072691 ], [ 119.377189161950241, 30.685594998410409 ], [ 119.371143019834449, 30.684638984001879 ], [ 119.360290969052926, 30.680453192960442 ], [ 119.350627475777287, 30.675363064353917 ], [ 119.345976596742503, 30.672339993296021 ], [ 119.341894159387948, 30.668929347711185 ], [ 119.338690220277385, 30.664226792732279 ], [ 119.323600701611099, 30.631980698750226 ], [ 119.320241733768967, 30.627174790983815 ], [ 119.316210972358476, 30.623531602301568 ], [ 119.311198358117736, 30.620844428027908 ], [ 119.305927362357806, 30.618725694535158 ], [ 119.277401972323105, 30.610534980504951 ], [ 119.272286005294859, 30.608261217381255 ], [ 119.268720330978454, 30.602861030412214 ], [ 119.266704950273152, 30.595135403476093 ], [ 119.268255242984992, 30.579554959293944 ], [ 119.265309686292994, 30.572526964347901 ], [ 119.26127892488239, 30.567824408469676 ], [ 119.250530226888372, 30.563896999846634 ], [ 119.245879347853588, 30.560951443154579 ], [ 119.242933791161477, 30.556584784060533 ], [ 119.241538528080582, 30.550848700307256 ], [ 119.241848586443098, 30.545086778132259 ], [ 119.242623732798961, 30.539634915219153 ], [ 119.244845819079273, 30.534699815344197 ], [ 119.248669874914754, 30.52935130521854 ], [ 119.254457636410734, 30.523796087719234 ], [ 119.265929803917288, 30.516613064041678 ], [ 119.274301386000161, 30.513796699458112 ], [ 119.281587763364541, 30.513357448987051 ], [ 119.305513951207786, 30.518628444746923 ], [ 119.31109500533023, 30.519300239214658 ], [ 119.315745884365015, 30.519145209583712 ], [ 119.320810175449196, 30.518163356753519 ], [ 119.326287875884759, 30.514959418542333 ], [ 119.330008579831997, 30.509378364419945 ], [ 119.331713902174783, 30.498552151160823 ], [ 119.331868930906353, 30.483100898187899 ], [ 119.334039341242601, 30.475969550454352 ], [ 119.338225132283924, 30.46845062909324 ], [ 119.347991978347068, 30.457004299109087 ], [ 119.353418002838566, 30.44896861381045 ], [ 119.35750044199176, 30.440984605355254 ], [ 119.35750044199176, 30.420804958981648 ], [ 119.358740676341085, 30.412123318536317 ], [ 119.362874791438458, 30.40447520596598 ], [ 119.375173781244939, 30.394760036746277 ], [ 119.390521682329677, 30.38576833793843 ], [ 119.394397414109335, 30.382150986778584 ], [ 119.397187942069877, 30.378972886989118 ], [ 119.392382033404033, 30.36843089457011 ], [ 119.342824335374758, 30.372539171245762 ], [ 119.33109378455049, 30.372384142514136 ], [ 119.320396763399913, 30.36881846819773 ], [ 119.306857538344616, 30.362307237189214 ], [ 119.280037469753324, 30.346313380957724 ], [ 119.269030389340969, 30.336856594156473 ], [ 119.261744012875852, 30.329182644063735 ], [ 119.247326287777923, 30.304584661752699 ], [ 119.242933791161477, 30.300889797126445 ], [ 119.237817824133231, 30.298641873323788 ], [ 119.229136183687842, 30.300424710032303 ], [ 119.223865187928027, 30.303654487564529 ], [ 119.215803664207669, 30.311328436757947 ], [ 119.210687697179424, 30.313731391090812 ], [ 119.204331495801853, 30.314429023080947 ], [ 119.197820265692712, 30.314170641561816 ], [ 119.172653842600653, 30.310320746405296 ], [ 119.165522495766481, 30.310320746405296 ], [ 119.118341912748974, 30.315410875011878 ], [ 119.057518751888892, 30.311871039117136 ], [ 119.050387404155344, 30.312956243835572 ], [ 119.044341262039552, 30.315100815750043 ], [ 119.03410932798306, 30.320914414768424 ], [ 119.004912144379887, 30.331895656759116 ], [ 118.98010745739316, 30.34760529215049 ], [ 118.974784783890641, 30.350240790480086 ], [ 118.968583612143902, 30.352359523972837 ], [ 118.961607294041301, 30.353909817583997 ], [ 118.95432091667692, 30.354788315828102 ], [ 118.947189568943372, 30.354736639883981 ], [ 118.940781691621737, 30.353754787953108 ], [ 118.934683872662504, 30.352126979976106 ], [ 118.899078810838432, 30.336469021428172 ], [ 118.88977705276875, 30.3308362904624 ], [ 118.881095412323361, 30.324350897875604 ], [ 118.877839797268734, 30.318614814122327 ], [ 118.8756693869326, 30.311483466388836 ], [ 118.876392857344399, 30.298951930786984 ], [ 118.877839797268734, 30.292208157580376 ], [ 118.879235061249005, 30.287557278545535 ], [ 118.89799360611994, 30.25104787915626 ], [ 118.909465773626494, 30.222212428960404 ], [ 118.905435012216003, 30.213685818145962 ], [ 118.89628828287789, 30.202601223367765 ], [ 118.860269809903798, 30.173042304558692 ], [ 118.852725051020229, 30.159270535506778 ], [ 118.867142776118158, 30.156531684389677 ], [ 118.873602330283234, 30.154671332416058 ], [ 118.87814985563125, 30.151699937302226 ], [ 118.880165236336552, 30.147462470316725 ], [ 118.879080030718796, 30.142113959291748 ], [ 118.872878859871435, 30.128368027762235 ], [ 118.870553419904354, 30.121598416133963 ], [ 118.869313185555029, 30.114725449919547 ], [ 118.869003127192514, 30.108524278172865 ], [ 118.869778274447754, 30.10286570878543 ], [ 118.871018507897816, 30.097543036182174 ], [ 118.876392857344399, 30.082479355937494 ], [ 118.893187696554946, 30.00708344214712 ], [ 118.893962843810186, 30.000985623187944 ], [ 118.894272903071965, 29.988686632482086 ], [ 118.893962843810186, 29.982588813522909 ], [ 118.890552199124613, 29.975069892161798 ], [ 118.883524205077947, 29.967008368441441 ], [ 118.850968051834116, 29.942255357398778 ], [ 118.846317172799218, 29.936751816742913 ], [ 118.841356236301181, 29.926649074794966 ], [ 118.8390307963341, 29.918665066339713 ], [ 118.834948358080169, 29.898407904701003 ], [ 118.83251956622496, 29.893136908041868 ], [ 118.827558627928283, 29.886729030720176 ], [ 118.82011722183222, 29.880036933457689 ], [ 118.74131066335633, 29.828360501036286 ], [ 118.73614302038402, 29.82265025480541 ], [ 118.731337110818913, 29.815518907071862 ], [ 118.725911086327528, 29.803142402000219 ], [ 118.724360792716311, 29.794925849548292 ], [ 118.724360792716311, 29.787975368968091 ], [ 118.7300452014249, 29.773221747085927 ], [ 118.73288740443013, 29.76270559308864 ], [ 118.733197462792646, 29.756659450972847 ], [ 118.732732374799184, 29.750406602382782 ], [ 118.731492141349236, 29.744050401005211 ], [ 118.728546583757748, 29.737099921324273 ], [ 118.723740675991394, 29.730201116688193 ], [ 118.648086378883249, 29.658293361949063 ], [ 118.639508091225366, 29.656122952512249 ], [ 118.611241082709739, 29.653823350966832 ], [ 118.605194939694684, 29.652453925408338 ], [ 118.594807976906509, 29.648190619101797 ], [ 118.556929152858061, 29.625220444767706 ], [ 118.496726108722896, 29.56111583133054 ], [ 118.469595981769089, 29.52393463837285 ], [ 118.461224399686216, 29.517113349001818 ], [ 118.421330194033203, 29.494298204298673 ], [ 118.416162551060779, 29.489931546103946 ], [ 118.41047814325168, 29.483988755876339 ], [ 118.398799270170116, 29.465643622155426 ], [ 118.393528274410301, 29.459519964774529 ], [ 118.389497512100434, 29.456316026563343 ], [ 118.373219435928149, 29.452827867512042 ], [ 118.363762649126897, 29.460837714389015 ], [ 118.357044711644107, 29.468615017269201 ], [ 118.351360304734271, 29.477115790561243 ], [ 118.347742955373064, 29.481120714449389 ], [ 118.343557164331628, 29.484867255019765 ], [ 118.338596226034952, 29.487916165398701 ], [ 118.33317020064419, 29.490474148463136 ], [ 118.327124057629135, 29.492050278697377 ], [ 118.319941033951523, 29.491016750822382 ], [ 118.313326451054877, 29.487451077405296 ], [ 118.30681522004636, 29.477968451283004 ], [ 118.306195103321329, 29.471741441114602 ], [ 118.307900424764739, 29.46628957820144 ], [ 118.310380894362766, 29.461793727898225 ], [ 118.312241246336384, 29.456987820131758 ], [ 118.312396275067954, 29.451820177159448 ], [ 118.310535923094335, 29.446910915706155 ], [ 118.283354120196464, 29.434999497728597 ], [ 118.174730258694467, 29.407869370774847 ], [ 118.129565057281525, 29.433164985075962 ], [ 118.119643181587548, 29.446781725396306 ], [ 118.118919712075012, 29.462878933515924 ], [ 118.113907097834272, 29.483471991039551 ], [ 118.113752069102702, 29.490499985985537 ], [ 118.115457391445375, 29.495228380285482 ], [ 118.117782831412455, 29.498613186549278 ], [ 118.118092888875708, 29.502023831234794 ], [ 118.117317743419108, 29.5067522237361 ], [ 118.113442010740187, 29.518663641713658 ], [ 118.109411249329696, 29.52507151903535 ], [ 118.104605340663852, 29.530032457332027 ], [ 118.099179315273091, 29.532590440396461 ], [ 118.049363234825364, 29.544631049583245 ], [ 118.021147902253801, 29.562614448098259 ], [ 118.002337681438803, 29.569952501406817 ], [ 117.993811069725098, 29.571399441331153 ], [ 117.985904575635573, 29.572019558056127 ], [ 117.959342888563356, 29.568970649475887 ], [ 117.941824578941123, 29.56439728390751 ], [ 117.91035363221431, 29.551762397316736 ], [ 117.898571405445978, 29.548971869356251 ], [ 117.870149367299405, 29.553622748391092 ], [ 117.819248082133186, 29.568350531851536 ], [ 117.807155796103075, 29.570159206981771 ], [ 117.800644565993935, 29.569539089357477 ], [ 117.766486444094085, 29.559668891406204 ], [ 117.727057326434419, 29.555250556368037 ], [ 117.707678663939191, 29.555638129096337 ], [ 117.690935499773445, 29.562201036048975 ], [ 117.683597447364264, 29.567730414227242 ], [ 117.670109898253145, 29.580623684135674 ], [ 117.649180943046076, 29.605867620694141 ], [ 117.643909947286147, 29.609588323742116 ], [ 117.637243686646798, 29.612559718855948 ], [ 117.625306431146782, 29.614575100460513 ], [ 117.609441766124519, 29.613825792526256 ], [ 117.603085564746948, 29.612792262852622 ], [ 117.562261184006388, 29.610673530259191 ], [ 117.554974806642008, 29.611345322928287 ], [ 117.540867140805858, 29.614058336522987 ], [ 117.53373579307231, 29.617236436312453 ], [ 117.527379591694739, 29.622352403340699 ], [ 117.520093215229622, 29.632480983710423 ], [ 117.512755161921177, 29.645064195256396 ], [ 117.508931106085583, 29.649818427078742 ], [ 117.503453403851495, 29.654417630169462 ], [ 117.481129184664042, 29.667569282496345 ], [ 117.435653924888697, 29.720072537217789 ], [ 117.424026726851935, 29.743972887538689 ], [ 117.418393995886163, 29.751698513575548 ], [ 117.406921828379609, 29.764850165003111 ], [ 117.402167596557319, 29.773066718354357 ], [ 117.399790480646175, 29.780766505969439 ], [ 117.400100539008577, 29.786916001772056 ], [ 117.406301710755315, 29.831176866519172 ], [ 117.404338006893454, 29.834432481573742 ], [ 117.399790480646175, 29.837481391053359 ], [ 117.389351841014559, 29.838359890196728 ], [ 117.382737258117913, 29.837507229475023 ], [ 117.378086379083129, 29.836344509491482 ], [ 117.355762159895676, 29.824898180406706 ], [ 117.350594516923366, 29.823942165998119 ], [ 117.345013461901658, 29.825647488340906 ], [ 117.339742466141843, 29.833192247224417 ], [ 117.335091587107058, 29.838799139768469 ], [ 117.329665561716297, 29.843165797963195 ], [ 117.319743686921584, 29.84440603321184 ], [ 117.312767368818982, 29.84347585722503 ], [ 117.306101109078895, 29.841822210826365 ], [ 117.286205681746765, 29.832081204084261 ], [ 117.28077965725538, 29.830220852110642 ], [ 117.274268427146126, 29.829471544176386 ], [ 117.267137079412691, 29.829910793748127 ], [ 117.260005730779767, 29.831073512832347 ], [ 117.252822707102155, 29.833088894436912 ], [ 117.245898064943731, 29.835801907132293 ], [ 117.238456658847667, 29.839987698173729 ], [ 117.228534784052954, 29.84727407553811 ], [ 117.22543419773001, 29.852286688879587 ], [ 117.223212111449698, 29.858462022204549 ], [ 117.223677199443159, 29.868590603473535 ], [ 117.22543419773001, 29.874585068745887 ], [ 117.231635370376011, 29.887478339553695 ], [ 117.232668899150326, 29.893576158512872 ], [ 117.229464960039877, 29.901198431762168 ], [ 117.225537551416778, 29.90667613399637 ], [ 117.192361281447916, 29.9264682067423 ], [ 117.181302525091382, 29.92708832436665 ], [ 117.168590123235504, 29.926545722007461 ], [ 117.156187778842877, 29.9242202829397 ], [ 117.139961378614657, 29.918355007077878 ], [ 117.129832798245047, 29.913574936833868 ], [ 117.125181919210149, 29.910551865775972 ], [ 117.118980748362787, 29.902955430948339 ], [ 117.095054558720904, 29.868358059476861 ], [ 117.080016717797207, 29.850400499383511 ], [ 117.067097610366432, 29.84058197737636 ], [ 117.063686964781596, 29.836861274328328 ], [ 117.062446731331534, 29.832701320809292 ], [ 117.06585737511773, 29.827352809784315 ], [ 117.07195519407685, 29.82494985635077 ], [ 117.084977655194621, 29.82148753482187 ], [ 117.089215123079384, 29.818180242923859 ], [ 117.092109002928055, 29.814304511144258 ], [ 117.106681756757666, 29.78637339941281 ], [ 117.10652672712672, 29.779242052578638 ], [ 117.103684524121491, 29.769656074568161 ], [ 117.094744501257651, 29.752396145565626 ], [ 117.092109002928055, 29.742629299502539 ], [ 117.091488886203138, 29.734774482256512 ], [ 117.092574090921516, 29.729270942499966 ], [ 117.092574090921516, 29.72337982821648 ], [ 117.085752801550484, 29.715499172548732 ], [ 117.079086541810398, 29.710202338367196 ], [ 117.023379347978448, 29.687619736761405 ], [ 116.98224490797611, 29.672556057416102 ], [ 116.967207066153151, 29.664727077692476 ], [ 116.962866246380145, 29.661471463537168 ], [ 116.955063104178862, 29.653900865332673 ], [ 116.928398065218516, 29.611810410921692 ], [ 116.888348829934557, 29.560521552127909 ], [ 116.880752395106924, 29.552873440456892 ], [ 116.876204868859531, 29.549772854133892 ], [ 116.870003697112907, 29.547266547013521 ], [ 116.86214887896756, 29.545819607089186 ], [ 116.83300337130845, 29.543804226383941 ], [ 116.824270054019735, 29.545509547827351 ], [ 116.814968295950052, 29.549204413352982 ], [ 116.78794152178375, 29.567962958223916 ], [ 116.782257114873914, 29.570495102866687 ], [ 116.775539179189764, 29.571192734856822 ], [ 116.76577233312662, 29.568117987854862 ], [ 116.762206658810214, 29.5634412703983 ], [ 116.759881219742397, 29.558247789004213 ], [ 116.75889936691226, 29.555043849893764 ], [ 116.756935663050399, 29.550909735695711 ], [ 116.753525018364826, 29.547421575745091 ], [ 116.748564080967526, 29.544863593579976 ], [ 116.742362909220788, 29.543649196752995 ], [ 116.734301386399807, 29.546336371026655 ], [ 116.724689569068346, 29.552847602035172 ], [ 116.711150344013163, 29.570314235713397 ], [ 116.705104200997994, 29.579848537779753 ], [ 116.693011915867146, 29.592560940534952 ], [ 116.665675083338328, 29.609795030216446 ], [ 116.654668002925973, 29.61876089150195 ], [ 116.650947299877885, 29.622895005699945 ], [ 116.648466832078611, 29.62741669442488 ], [ 116.647795037610877, 29.633256130066343 ], [ 116.649086948803642, 29.640206611545864 ], [ 116.657923618879863, 29.655580349253682 ], [ 116.674976841408011, 29.708006090508661 ], [ 116.682004836354054, 29.718754788502679 ], [ 116.689239536875107, 29.724310004203289 ], [ 116.696060826246139, 29.723534857847369 ], [ 116.702158645205259, 29.721545315563844 ], [ 116.712183872787477, 29.716170966117147 ], [ 116.717351515759788, 29.714491482196138 ], [ 116.72262251241898, 29.715189114186273 ], [ 116.72685997940448, 29.718134670878328 ], [ 116.730063917615666, 29.722397976285549 ], [ 116.738952263636065, 29.744489651476215 ], [ 116.74189782122744, 29.749295559242626 ], [ 116.745618524275415, 29.753171291921547 ], [ 116.749804315316851, 29.756271878244547 ], [ 116.755540399070128, 29.757822170956388 ], [ 116.761896600447699, 29.757822170956388 ], [ 116.767787713831922, 29.756246038923564 ], [ 116.772128533604928, 29.753016262290657 ], [ 116.776004266283849, 29.749476427295292 ], [ 116.780086705437043, 29.746815090543976 ], [ 116.785461053984363, 29.746608384968965 ], [ 116.790111932119885, 29.748675442517651 ], [ 116.794142694429752, 29.751982734415662 ], [ 116.797915074321168, 29.755935981460368 ], [ 116.8636991716794, 29.850710557746027 ], [ 116.8852482436115, 29.906805325205596 ], [ 116.886643507591771, 29.913316555314736 ], [ 116.886798537222717, 29.920422065525884 ], [ 116.885403274141709, 29.9284319124028 ], [ 116.883077834174628, 29.934142157734357 ], [ 116.880132276583254, 29.939077256709993 ], [ 116.87346601774243, 29.947009589221125 ], [ 116.791403843312651, 30.022017931182575 ], [ 116.777709588626522, 30.031242173987096 ], [ 116.738642206172813, 30.048941352561371 ], [ 116.716886427766326, 30.051111761998186 ], [ 116.701693557211797, 30.056460273023163 ], [ 116.690841506430274, 30.053979804324513 ], [ 116.662884556277163, 30.052817084340973 ], [ 116.650482211884537, 30.050672512426502 ], [ 116.636839634041849, 30.043411974383105 ], [ 116.6054203632591, 30.017780463297697 ], [ 116.593948194853283, 30.010674953985927 ], [ 116.591984490991422, 30.005791530954355 ], [ 116.588263787943447, 30.002019151062939 ], [ 116.579427117867112, 29.995327052901132 ], [ 116.575396355557359, 29.990857041918957 ], [ 116.567283155892937, 29.976904404814434 ], [ 116.548989699015351, 29.954192612898737 ], [ 116.536897413884503, 29.923315945374554 ], [ 116.527285598351682, 29.906805325205596 ], [ 116.513332961247102, 29.894196275237903 ], [ 116.492507358827538, 29.88471365001493 ], [ 116.466927524585572, 29.880372830241924 ], [ 116.414630975439081, 29.88065705018272 ], [ 116.389516229190576, 29.876057847991262 ], [ 116.356856724058503, 29.858384507838764 ], [ 116.297945591116104, 29.808775132965991 ], [ 116.265492791559041, 29.788931383376621 ], [ 116.236192255168362, 29.781334946750349 ], [ 116.206788365090915, 29.781386624493109 ], [ 116.147257115423486, 29.788776352846412 ], [ 116.134234654305828, 29.820893256518559 ], [ 116.127103305673018, 29.833114731959313 ], [ 116.124002720249337, 29.84037527090203 ], [ 116.118886753221091, 29.876264553566273 ], [ 116.120902133926279, 29.888046780334605 ], [ 116.124932896236146, 29.901353461393114 ], [ 116.125553012961177, 29.904686590813469 ], [ 116.124932896236146, 29.908200588286491 ], [ 116.123227573893359, 29.913549099311467 ], [ 116.118421666126892, 29.924246121361421 ], [ 116.114390903817139, 29.930602321839672 ], [ 116.078062371581154, 29.96871369078417 ], [ 116.076357050137744, 29.970754909911136 ], [ 116.072171259096308, 29.978764756788053 ], [ 116.071086054377815, 29.986361192515005 ], [ 116.071396111841068, 29.996179714522214 ], [ 116.080387810648858, 30.038218492089698 ], [ 116.08085289864232, 30.046796779747581 ], [ 116.075736931614074, 30.078577785736229 ], [ 116.070155878391006, 30.096948756979543 ], [ 116.065194940094329, 30.12942739495827 ], [ 116.063799677013435, 30.134620877251677 ], [ 116.062559441764733, 30.137385565891122 ], [ 116.054446242100312, 30.149141954237791 ], [ 116.043439161687957, 30.212368069430852 ], [ 116.040493605895108, 30.221437283503803 ], [ 116.037496373258932, 30.225700588011705 ], [ 116.030571731100508, 30.233426214947826 ], [ 116.021890089755743, 30.239756577903734 ], [ 115.984166294438864, 30.258308417199657 ], [ 115.980135533028374, 30.261719061885174 ], [ 115.97703494670543, 30.265930691348331 ], [ 115.969283482246851, 30.285722764993579 ], [ 115.966647983917255, 30.290192775975811 ], [ 115.963547397594311, 30.294326891073126 ], [ 115.959361606552875, 30.297737534859323 ], [ 115.937967564251608, 30.308227851334266 ], [ 115.912025994803798, 30.315591742165168 ], [ 115.906289911050521, 30.319984238781558 ], [ 115.901587356071559, 30.32677968973087 ], [ 115.898796828111131, 30.341197414828798 ], [ 115.895747918631514, 30.34894888018664 ], [ 115.892595656364392, 30.355098375089938 ], [ 115.882260370419658, 30.366958116224055 ], [ 115.876627638554623, 30.375691433512827 ], [ 115.875542433836245, 30.381995958047014 ], [ 115.876782668185569, 30.38979909934892 ], [ 115.883810663131499, 30.402873237310018 ], [ 115.889391718153206, 30.409461981785 ], [ 115.894817742644705, 30.414242052029067 ], [ 115.929854363687923, 30.431579495397386 ], [ 115.938691033764144, 30.437858181509853 ], [ 115.942618443286506, 30.441682237345333 ], [ 115.946029087072702, 30.445868028386769 ], [ 115.948302850196342, 30.453076891385422 ], [ 115.949594761389108, 30.462378648555784 ], [ 115.948302850196342, 30.479070135878032 ], [ 115.946649204696996, 30.48829437958193 ], [ 115.940137973688479, 30.50563182205093 ], [ 115.925461867071476, 30.52720673330407 ], [ 115.880503371233544, 30.578418076832747 ], [ 115.871976760419102, 30.584980983785329 ], [ 115.867015822122426, 30.587849026111655 ], [ 115.861073032794138, 30.590174465179416 ], [ 115.853993361004768, 30.591492213894526 ], [ 115.839265578443587, 30.592861640352396 ], [ 115.8330644057977, 30.594050197858337 ], [ 115.829033645286472, 30.597150784181338 ], [ 115.826656529375327, 30.601724147951074 ], [ 115.82278079579703, 30.618028062545022 ], [ 115.820455356729326, 30.622756455945648 ], [ 115.817664829668161, 30.62722646692788 ], [ 115.814099156251018, 30.631128038028521 ], [ 115.797045932823494, 30.645106513554765 ], [ 115.78960452672743, 30.652625434016556 ], [ 115.777150507290003, 30.669394435704646 ], [ 115.76784874922032, 30.6881529814749 ], [ 115.766608513971732, 30.694405829165646 ], [ 115.766143426877647, 30.701743883373524 ], [ 115.766608513971732, 30.71143321417145 ], [ 115.769295689144656, 30.725876776791779 ], [ 115.772499628255218, 30.737814033191057 ], [ 115.775290155316384, 30.754815578875821 ], [ 115.776737095240719, 30.758329576348842 ], [ 115.780561151076199, 30.763497219321209 ], [ 115.786503941303749, 30.768432319196165 ], [ 115.798131138441249, 30.774168402949442 ], [ 115.805572543637936, 30.775486152563872 ], [ 115.810533481934613, 30.775460313242831 ], [ 115.82107547435362, 30.772023831034971 ], [ 115.827896762825276, 30.77078359578627 ], [ 115.835234817033097, 30.7702409943264 ], [ 115.84190107587392, 30.77078359578627 ], [ 115.847792190157406, 30.772256375031645 ], [ 115.853063185917222, 30.774581814099406 ], [ 115.857869093683689, 30.779025987559237 ], [ 115.862209914356072, 30.784839586577618 ], [ 115.865310499779639, 30.795381578097306 ], [ 115.865620559041531, 30.801091824328182 ], [ 115.86438032379283, 30.806647040028849 ], [ 115.85828250483371, 30.820909736395208 ], [ 115.85523359625347, 30.831580919124121 ], [ 115.854303420266547, 30.843104763474059 ], [ 115.856473829703418, 30.855403754179918 ], [ 115.858644240039553, 30.860958970779848 ], [ 115.864535354323152, 30.86793528888245 ], [ 115.873527053130942, 30.875996811703487 ], [ 115.893267449932864, 30.889820258498105 ], [ 115.912646112428092, 30.899974677289492 ], [ 115.931404657299026, 30.903617865971739 ], [ 115.942928500749645, 30.907028509757879 ], [ 115.949904819751623, 30.911963608733515 ], [ 115.981840855371161, 30.939532986158383 ], [ 116.016929152358443, 30.963975937939153 ], [ 116.022510207380151, 30.969608669804245 ], [ 116.033362258161674, 30.983845526849564 ], [ 116.035997755591893, 30.988883979512025 ], [ 116.039046665970773, 31.002784938873788 ], [ 116.035377638866862, 31.030948595501286 ], [ 116.00432010329007, 31.041490587020974 ], [ 115.989282260567848, 31.043195909363703 ], [ 115.964632603212067, 31.038234971966347 ], [ 115.958896518559413, 31.036374619992671 ], [ 115.946442499121986, 31.034049180924967 ], [ 115.939517856963448, 31.035366930539396 ], [ 115.934143508416128, 31.038493354384798 ], [ 115.931663038818101, 31.04583140679398 ], [ 115.931559686030596, 31.058802191967573 ], [ 115.930319451681271, 31.064073187727388 ], [ 115.924893427189886, 31.070171006686564 ], [ 115.900243768035466, 31.09016978590688 ], [ 115.893577509194643, 31.098360500836407 ], [ 115.889701775616459, 31.105543525413339 ], [ 115.888874953316417, 31.1113571235324 ], [ 115.8873246597052, 31.116602280870552 ], [ 115.885154250268442, 31.121485703902067 ], [ 115.882053663945385, 31.125516466211934 ], [ 115.876937696917139, 31.129366360469135 ], [ 115.870116408445483, 31.13233775558291 ], [ 115.85828250483371, 31.134353136288212 ], [ 115.850427687587626, 31.133862209873087 ], [ 115.843761427847539, 31.132234401896085 ], [ 115.827586705362137, 31.125878201417834 ], [ 115.821230503085189, 31.124818834221799 ], [ 115.814357537770093, 31.124353746228394 ], [ 115.806967807618207, 31.124896349486903 ], [ 115.792963494569562, 31.127712714070469 ], [ 115.768365513157846, 31.143551541570389 ], [ 115.711211379401561, 31.193548489171405 ], [ 115.688887160214222, 31.20755280222005 ], [ 115.668733352262393, 31.217216295495632 ], [ 115.656331007869653, 31.221789659265369 ], [ 115.64661583864995, 31.224244290441618 ], [ 115.639381138129011, 31.224450995117309 ], [ 115.633334996013218, 31.223262436712048 ], [ 115.628063999354026, 31.220833644856782 ], [ 115.624033237943536, 31.217216295495632 ], [ 115.617522006935019, 31.20832794947529 ], [ 115.611579217606732, 31.198328559415472 ], [ 115.609098748908082, 31.193005885912896 ], [ 115.605584751435117, 31.181378688775453 ], [ 115.604654576347571, 31.175358385081381 ], [ 115.602794224373952, 31.169544786063 ], [ 115.600107050100291, 31.164764715818933 ], [ 115.595559523852899, 31.161741644761094 ], [ 115.589565056781908, 31.160475571990048 ], [ 115.582743768310252, 31.160423896045927 ], [ 115.57576745020765, 31.161638291973588 ], [ 115.568946160836617, 31.163757026365658 ], [ 115.56072960838469, 31.170991725987335 ], [ 115.549980910390673, 31.182696438389883 ], [ 115.528896925552658, 31.219283352144942 ], [ 115.522850783436866, 31.233210150827801 ], [ 115.518199904401968, 31.239333808208642 ], [ 115.511378615031049, 31.246387641576405 ], [ 115.497374301982404, 31.257963161870407 ], [ 115.481251255441066, 31.26788503756444 ], [ 115.464043003281972, 31.273853665314391 ], [ 115.460632358596399, 31.275791530754532 ], [ 115.457376744441149, 31.279718940276837 ], [ 115.453966098856313, 31.286075140755145 ], [ 115.44559451677344, 31.312972723712221 ], [ 115.442287224875486, 31.319406440354896 ], [ 115.43660281796565, 31.326227728826609 ], [ 115.42383873926633, 31.335684516527181 ], [ 115.415002069190109, 31.340206204352853 ], [ 115.386166619893515, 31.348061020699504 ], [ 115.380378860196174, 31.35051565187581 ], [ 115.374022657919227, 31.366276964110568 ], [ 115.374022657919227, 31.417539985382007 ], [ 115.391282586921761, 31.469888211371824 ], [ 115.392677850002769, 31.48872426970928 ], [ 115.389422234948142, 31.499317938971672 ], [ 115.389267206216573, 31.500558173320997 ], [ 115.389732294209921, 31.511746120886755 ], [ 115.391127557290929, 31.517585558326857 ], [ 115.39422814271461, 31.524148464380119 ], [ 115.399034052279603, 31.531047268116936 ], [ 115.418722772238084, 31.551304429755589 ], [ 115.461717564214155, 31.616726792807242 ], [ 115.46543826726213, 31.620628363907826 ], [ 115.469158970310218, 31.626571153236114 ], [ 115.472724643727247, 31.634710191322256 ], [ 115.480631137816658, 31.667369697353649 ], [ 115.4834216657772, 31.674914456237161 ], [ 115.487452427187691, 31.682924303114078 ], [ 115.500836622612042, 31.699796658488992 ], [ 115.512928907742889, 31.711914781142241 ], [ 115.531532423882254, 31.736383572244051 ], [ 115.537578566897309, 31.738450628893361 ], [ 115.543366326594651, 31.737908027433491 ], [ 115.548740676041348, 31.735608424988811 ], [ 115.554528435738689, 31.734497381848655 ], [ 115.559954462028713, 31.735685940253916 ], [ 115.564450311432665, 31.738553982580186 ], [ 115.5782479189063, 31.750284532505134 ], [ 115.582433709947736, 31.752480781263046 ], [ 115.662945590766299, 31.783951727989859 ], [ 115.687956985126675, 31.789067695018105 ], [ 115.702064650962825, 31.789661974220735 ], [ 115.72490563408769, 31.787801622247059 ], [ 115.731881952190292, 31.788111681508894 ], [ 115.738083123936917, 31.789506943690469 ], [ 115.748160028362577, 31.79454539635293 ], [ 115.753741083384284, 31.79627655711738 ], [ 115.760407343124371, 31.796793321054906 ], [ 115.789914585089946, 31.795785630702255 ], [ 115.833684524321257, 31.787801622247059 ], [ 115.865517206254026, 31.785088609551678 ], [ 115.879159784096714, 31.786251329535219 ], [ 115.891355422015067, 31.78917104690629 ], [ 115.896678094618323, 31.791315618820704 ], [ 115.901328972753845, 31.794493720408866 ], [ 115.904119500714387, 31.804234727150913 ], [ 115.90566979432549, 31.818988349033077 ], [ 115.90086388565976, 31.886141872849123 ], [ 115.913886346777417, 31.975154526959841 ], [ 115.91993248889321, 31.99727204057217 ], [ 115.921172723242535, 31.999209906911631 ], [ 115.92241295759186, 32.001664537188617 ], [ 115.925358514283971, 32.009700222487254 ], [ 115.926908806995812, 32.016288966962236 ], [ 115.928149042244513, 32.024583035578587 ], [ 115.914816521864964, 32.250021470814204 ], [ 115.912646112428092, 32.258341376053636 ], [ 115.910940790085306, 32.263095607875982 ], [ 115.903447707145915, 32.277048244980506 ], [ 115.89605797699403, 32.297460436250105 ], [ 115.893732537926212, 32.308906765334939 ], [ 115.891975538740098, 32.37022085171094 ], [ 115.888461542166397, 32.393862820512709 ], [ 115.881123487958575, 32.407944647927138 ], [ 115.87833296089741, 32.412311306121865 ], [ 115.874922317111213, 32.416393744375796 ], [ 115.863450148705397, 32.427710883150723 ], [ 115.860659620744855, 32.432000026979665 ], [ 115.861073032794138, 32.441637681833527 ], [ 115.863760207067912, 32.455099392522925 ], [ 115.872286818781618, 32.481557725908317 ], [ 115.875697462567814, 32.499437770736506 ], [ 115.875077345842783, 32.500419623566756 ], [ 115.874147169855974, 32.501349799553566 ], [ 115.867480910115887, 32.506362412895044 ], [ 115.863760207067912, 32.510108954364739 ], [ 115.86174482636261, 32.515018214918655 ], [ 115.863450148705397, 32.522382107548196 ], [ 115.86670576375991, 32.527446396833739 ], [ 115.870891554801347, 32.532433173552079 ], [ 115.902104120009085, 32.558736477306581 ], [ 115.922102899229344, 32.567883205745318 ], [ 115.920397576886671, 32.574368598332114 ], [ 115.884534132644035, 32.571681423159134 ], [ 115.843503046328465, 32.542561753921802 ], [ 115.808259718810973, 32.503416856202932 ], [ 115.790069614720892, 32.470705675126794 ], [ 115.768727248363803, 32.49106618955301 ], [ 115.754774611259222, 32.498275050752966 ], [ 115.741907179772511, 32.479232285941237 ], [ 115.726352574012026, 32.481221829124081 ], [ 115.693848097611522, 32.49181549748721 ], [ 115.687440220289886, 32.466674912816927 ], [ 115.64661583864995, 32.402441108170592 ], [ 115.631319615307916, 32.413318997373835 ], [ 115.609357131326533, 32.416367905954075 ], [ 115.585637649058185, 32.412388821386969 ], [ 115.564760369795181, 32.402441108170592 ], [ 115.546673619391981, 32.409184882276463 ], [ 115.532307570238117, 32.41856415471193 ], [ 115.506727735996151, 32.439053860347371 ], [ 115.500681593880358, 32.445074164041444 ], [ 115.498511184443601, 32.447580471161814 ], [ 115.486367221569935, 32.469697983874823 ], [ 115.482801548152906, 32.473651230919529 ], [ 115.474740025331812, 32.480834255496461 ], [ 115.471484410277299, 32.484942532172113 ], [ 115.46543826726213, 32.4996961531549 ], [ 115.464818149637836, 32.500548813876662 ], [ 115.460942416958915, 32.504295356245677 ], [ 115.456911656447687, 32.507395942568678 ], [ 115.429729851751176, 32.520599269940362 ], [ 115.411281366142134, 32.533389187061289 ], [ 115.399499139373688, 32.538117581361291 ], [ 115.39422814271461, 32.540830593157352 ], [ 115.389887322941604, 32.544292913786933 ], [ 115.38720014866783, 32.548711248825043 ], [ 115.379965448146891, 32.554033922327619 ], [ 115.366736280554846, 32.559511624561821 ], [ 115.296921420886861, 32.568193264107833 ], [ 115.289790074052576, 32.570182807290678 ], [ 115.284984166286222, 32.573128363982789 ], [ 115.280643344714576, 32.576539007768986 ], [ 115.261419711850181, 32.583670356401797 ], [ 115.199304640696596, 32.59147349680444 ], [ 115.209433221066206, 32.641470445304776 ], [ 115.210156692377382, 32.656921699177076 ], [ 115.208813104341289, 32.661185004584297 ], [ 115.206642694005041, 32.665629177144808 ], [ 115.20395551973138, 32.670176703392144 ], [ 115.185972121216423, 32.693146877726178 ], [ 115.181321242181525, 32.702216090899867 ], [ 115.180184360619705, 32.714489244083325 ], [ 115.182096389436765, 32.774072171493515 ], [ 115.184266798873637, 32.784071559754636 ], [ 115.187677443559096, 32.788696601267134 ], [ 115.192018264231478, 32.792572333046735 ], [ 115.196359084004484, 32.797507432921691 ], [ 115.195738967279453, 32.803476061570962 ], [ 115.192328321694617, 32.812235216382135 ], [ 115.191243116976239, 32.821226915189982 ], [ 115.192328321694617, 32.846445014225992 ], [ 115.189382765901883, 32.854015611531224 ], [ 115.184731886866984, 32.859054063294366 ], [ 115.167058546714543, 32.866831367073928 ], [ 115.161270787017202, 32.870267849281788 ], [ 115.14669803318759, 32.883626207183681 ], [ 115.142822299609406, 32.886442573565887 ], [ 115.139670038241661, 32.888277086218523 ], [ 115.130419957015306, 32.892385361994855 ], [ 115.10390994678653, 32.899361680996776 ], [ 115.079983758943285, 32.908482571013849 ], [ 115.073420851990704, 32.910136217412457 ], [ 115.051768427271099, 32.911557318915129 ], [ 115.045205520318518, 32.913107612526289 ], [ 115.039521111609929, 32.91540721317233 ], [ 115.034198439906049, 32.918146064289431 ], [ 115.029702589602834, 32.921246649713112 ], [ 115.02143436120673, 32.928455511812388 ], [ 115.016990187746956, 32.931762803710399 ], [ 115.012029250349542, 32.934630846036669 ], [ 114.925212844097473, 32.958246975517511 ], [ 114.919373406657314, 32.960572415484592 ], [ 114.914102410897499, 32.963388780068101 ], [ 114.899219597806109, 32.974240830849624 ], [ 114.886042107956882, 32.986488144712098 ], [ 114.879840936210144, 32.993412786870579 ], [ 114.876533645211566, 32.99847707795476 ], [ 114.876120233162169, 32.999846503513311 ], [ 114.875913526687896, 33.001086737862636 ], [ 114.876533645211566, 33.013489081355999 ], [ 114.878083937923407, 33.019406033161886 ], [ 114.880150994572659, 33.024832058552647 ], [ 114.885732049594367, 33.034753933347304 ], [ 114.888057488662071, 33.040024929107176 ], [ 114.889762811004857, 33.045657660072948 ], [ 114.890382928629151, 33.051677965565659 ], [ 114.890072870266749, 33.057724106782075 ], [ 114.886558872793671, 33.083407293811547 ], [ 114.946245152092047, 33.118934841269891 ], [ 114.969189488004417, 33.123740749935621 ], [ 114.986294387376006, 33.11622182947383 ], [ 115.018850538821312, 33.093949286230554 ], [ 115.032803175925778, 33.090357774391748 ], [ 115.105563593185252, 33.083329780345082 ], [ 115.142822299609406, 33.084259955432572 ], [ 115.188142530653181, 33.107850247390957 ], [ 115.196359084004484, 33.110330715190344 ], [ 115.250981073117941, 33.12064016451194 ], [ 115.258267449583059, 33.123120632311327 ], [ 115.273822056242807, 33.132809964008629 ], [ 115.279093052002736, 33.138029282925061 ], [ 115.283123814312489, 33.143222765218411 ], [ 115.285759311742822, 33.148235379459152 ], [ 115.292580601113855, 33.172342434455743 ], [ 115.29862674412891, 33.204123440444391 ], [ 115.300642123934836, 33.209833685775948 ], [ 115.304827915875535, 33.21569896073845 ], [ 115.310253941266296, 33.221667589387721 ], [ 115.338210891419408, 33.243707586835626 ], [ 115.344722120629285, 33.249986273847412 ], [ 115.345342238253693, 33.250606391471763 ], [ 115.347822706952343, 33.25613576875071 ], [ 115.349217970932614, 33.263344630849986 ], [ 115.349062942200931, 33.27445506404996 ], [ 115.347977735683912, 33.2794676782907 ], [ 115.347512648589827, 33.283989366116316 ], [ 115.346685826289786, 33.286056422765682 ], [ 115.340846388849741, 33.334167181769999 ], [ 115.337900832157629, 33.345096746917307 ], [ 115.335885450553064, 33.350031846792263 ], [ 115.332939894760329, 33.354372667464588 ], [ 115.328702426875452, 33.357938340881731 ], [ 115.318005405724875, 33.363261013484987 ], [ 115.315059849032764, 33.367756862888882 ], [ 115.315679965757795, 33.373983873057284 ], [ 115.326428663751813, 33.390727037222973 ], [ 115.327978957362916, 33.397186591388049 ], [ 115.326842075801096, 33.4024059112038 ], [ 115.323638136690647, 33.412741197148534 ], [ 115.323948195053163, 33.419510810575446 ], [ 115.326842075801096, 33.427572333396427 ], [ 115.346427443871448, 33.453048813951568 ], [ 115.347822706952343, 33.458991604179175 ], [ 115.347822706952343, 33.465037747194231 ], [ 115.342086623199066, 33.500746160906601 ], [ 115.344722120629285, 33.508652655895332 ], [ 115.349993117288477, 33.516869208347259 ], [ 115.355574172310185, 33.520098984980166 ], [ 115.361310256063462, 33.519814765039371 ], [ 115.365651075836467, 33.516662502772249 ], [ 115.375624628373885, 33.504776923216411 ], [ 115.380688917659427, 33.500772000227585 ], [ 115.381825800120509, 33.50012604418157 ], [ 115.388130323755377, 33.49898916351907 ], [ 115.39500328996985, 33.498911648253966 ], [ 115.398568964286255, 33.499660956188166 ], [ 115.400429315360611, 33.500177721025011 ], [ 115.402754755327692, 33.503123276817746 ], [ 115.412521599592083, 33.518548692268325 ], [ 115.428799676663743, 33.538134060338621 ], [ 115.436086054028124, 33.544025172823467 ], [ 115.442597284137264, 33.548081773554998 ], [ 115.465748325624645, 33.555729885226015 ], [ 115.496960890832383, 33.56102672030687 ], [ 115.592200555111503, 33.568493963925278 ], [ 115.625893589017892, 33.578441677141655 ], [ 115.631009556046138, 33.581154689837035 ], [ 115.634575230362543, 33.584772040097562 ], [ 115.634885288725059, 33.588027656051452 ], [ 115.634730259094113, 33.591825873465268 ], [ 115.623103061956726, 33.627740994551232 ], [ 115.609615512845608, 33.656912339732685 ], [ 115.599693638050894, 33.70091482206135 ], [ 115.594060907085122, 33.716159369459319 ], [ 115.591218703180516, 33.720629381340871 ], [ 115.58072838760495, 33.732566636840772 ], [ 115.577782830912838, 33.736855781569034 ], [ 115.575457390945758, 33.741351630073666 ], [ 115.573907098233917, 33.745589097958486 ], [ 115.573545363028074, 33.750188300149887 ], [ 115.574062127864863, 33.752100328067684 ], [ 115.575457390945758, 33.755924383903164 ], [ 115.578713006899648, 33.76259064454257 ], [ 115.5832088563036, 33.766724757841303 ], [ 115.588789911325307, 33.769231064961673 ], [ 115.594629347866089, 33.768921007498477 ], [ 115.599693638050894, 33.766621405953117 ], [ 115.603414341098869, 33.762538966799866 ], [ 115.608168572921272, 33.75954173416369 ], [ 115.614989862292305, 33.75840485350119 ], [ 115.619382358908638, 33.761350409293925 ], [ 115.622482945231695, 33.766156317959712 ], [ 115.624188266675105, 33.772331651284674 ], [ 115.629924351327759, 33.83876170468892 ], [ 115.629304233703351, 33.844601142128965 ], [ 115.627288852998163, 33.849717109157268 ], [ 115.623671502737579, 33.853592840936813 ], [ 115.618452182921828, 33.856357530475634 ], [ 115.611475864819226, 33.857571926403239 ], [ 115.604137810611405, 33.857752794455905 ], [ 115.583984002659577, 33.856280016109849 ], [ 115.578713006899648, 33.85648672078554 ], [ 115.574217156596433, 33.857416896772349 ], [ 115.569411248830079, 33.85974233673943 ], [ 115.566155633775452, 33.863566393474287 ], [ 115.563985223439317, 33.867881374825572 ], [ 115.562589960358309, 33.872222195497898 ], [ 115.561349725109721, 33.898137926524043 ], [ 115.565535516151158, 33.924518743745011 ], [ 115.573131951878054, 33.951984768382317 ], [ 115.586154412995711, 33.979579983329529 ], [ 115.59716149340818, 33.994204413103148 ], [ 115.610855748094309, 34.00464305273465 ], [ 115.65364383269673, 34.048412991066641 ], [ 115.66170535731635, 34.054097397976534 ], [ 115.666356236351135, 34.055647690688374 ], [ 115.675089552740587, 34.057042955567908 ], [ 115.70330488531215, 34.05691376435874 ], [ 115.711211379401561, 34.058231513073849 ], [ 115.732967156908671, 34.065569566382351 ], [ 115.737152947950108, 34.066241359950766 ], [ 115.742113886246784, 34.066267198372486 ], [ 115.748160028362577, 34.065259508019835 ], [ 115.769915805869687, 34.055596014744253 ], [ 115.815029332237827, 34.027587389546397 ], [ 115.830273878736421, 34.012394518092492 ], [ 115.835028110558824, 34.009087226194538 ], [ 115.84112593041732, 34.006916815858347 ], [ 115.850427687587626, 34.007071845489236 ], [ 115.857093947327712, 34.009087226194538 ], [ 115.862209914356072, 34.012342841249108 ], [ 115.86670576375991, 34.015753485934624 ], [ 115.871615025213146, 34.018388984264163 ], [ 115.879263136884219, 34.018078925002385 ], [ 115.890321893240753, 34.015133368310273 ], [ 115.9065999703123, 34.006916815858347 ], [ 115.921741164023501, 34.003816230434666 ], [ 115.931559686030596, 34.003247788754436 ], [ 115.945408970347671, 34.005728258352406 ], [ 115.953315464437082, 34.00407461195374 ], [ 115.96137698815744, 34.000147203330755 ], [ 115.97036868696523, 33.990767930895288 ], [ 115.974089390013319, 33.983714098426901 ], [ 115.976414829980399, 33.977202867418384 ], [ 115.976518181868528, 33.964852199869085 ], [ 115.973934361281749, 33.952243149901449 ], [ 115.965046014361974, 33.929970608456813 ], [ 115.963702427225144, 33.924027818229206 ], [ 115.963702427225144, 33.918188380789104 ], [ 115.964942661574582, 33.912762356297662 ], [ 115.967733188635748, 33.908421536524656 ], [ 115.970678746227122, 33.904804186264187 ], [ 116.029331495851807, 33.86067251182692 ], [ 116.040493605895108, 33.849045314689477 ], [ 116.048761835190476, 33.835635280843519 ], [ 116.05930382671022, 33.809151109036407 ], [ 116.067365350430578, 33.795353502462149 ], [ 116.079612665192258, 33.778351955878065 ], [ 116.121057163557225, 33.736442369519693 ], [ 116.134699742299176, 33.726468817881596 ], [ 116.140280796421621, 33.72326487877109 ], [ 116.146947056161707, 33.720345160500756 ], [ 116.157282343005704, 33.717890530223769 ], [ 116.166170689025989, 33.716701971818509 ], [ 116.182035354048253, 33.718329779795454 ], [ 116.381454706369595, 33.778687853561564 ], [ 116.420677117554874, 33.790831813737213 ], [ 116.42372602703449, 33.792304592083212 ], [ 116.427188347664014, 33.794785060781919 ], [ 116.431064081242312, 33.79866079436016 ], [ 116.434474725028508, 33.803673407701581 ], [ 116.437110223358104, 33.811244005006813 ], [ 116.4397457216877, 33.827082830708036 ], [ 116.445326775810031, 33.845014553278986 ], [ 116.449667597381676, 33.850543932356572 ], [ 116.456230503434995, 33.855866604060509 ], [ 116.468632846928244, 33.861964423019685 ], [ 116.485220982362421, 33.866822008528857 ], [ 116.491422154109046, 33.867881374825572 ], [ 116.496589797081469, 33.869276637906466 ], [ 116.500103793655057, 33.870826931517627 ], [ 116.512402785260292, 33.878113307982744 ], [ 116.517828810651054, 33.880412909528104 ], [ 116.523719924035277, 33.882169907814955 ], [ 116.546044143222616, 33.883100083801821 ], [ 116.552710402063326, 33.884185289419577 ], [ 116.559221633071843, 33.888267726774131 ], [ 116.565939568755994, 33.894778957782648 ], [ 116.576016473181653, 33.906922918857617 ], [ 116.583767937640118, 33.911522121948337 ], [ 116.591157667792118, 33.912684841032558 ], [ 116.607952508801191, 33.905191758992487 ], [ 116.613998650916983, 33.90309886302208 ], [ 116.6205098819255, 33.901626085575344 ], [ 116.627072788878081, 33.901781114306971 ], [ 116.632498814268843, 33.904571642267456 ], [ 116.636064487685871, 33.909610094030597 ], [ 116.637924838760227, 33.91855011689438 ], [ 116.641180454714117, 33.953225002731642 ], [ 116.634204135712253, 33.970484930834857 ], [ 116.602629836197934, 34.008415431726746 ], [ 116.57090050705267, 34.078747057130954 ], [ 116.551160110250862, 34.105980535972947 ], [ 116.542943556899559, 34.120915025008401 ], [ 116.54263349763778, 34.125927639249142 ], [ 116.542788527268726, 34.131663723002418 ], [ 116.543873732886368, 34.138123277167495 ], [ 116.545424025598209, 34.14416942018255 ], [ 116.547749464666026, 34.149672959939153 ], [ 116.55064334541396, 34.154711411702294 ], [ 116.554260694775166, 34.158742174012104 ], [ 116.558498162660044, 34.162359524272631 ], [ 116.563149041694828, 34.16538259533047 ], [ 116.567489862367211, 34.168819078437707 ], [ 116.57090050705267, 34.173211575054097 ], [ 116.573536005382266, 34.17830170276136 ], [ 116.574776238832328, 34.183805243417225 ], [ 116.575241326825676, 34.188766180814582 ], [ 116.575086298094106, 34.192125149555977 ], [ 116.573380974852057, 34.20199534840657 ], [ 116.567489862367211, 34.223234361076891 ], [ 116.56609459838694, 34.234861559113654 ], [ 116.56609459838694, 34.24075267249782 ], [ 116.567179804004695, 34.248865872162241 ], [ 116.574001093375728, 34.270621650568671 ], [ 116.574621210100759, 34.274471543926609 ], [ 116.573380974852057, 34.278812363699615 ], [ 116.56935021434083, 34.282817288487081 ], [ 116.560048456271147, 34.285607815548246 ], [ 116.552090285338295, 34.286848048998252 ], [ 116.480105015334175, 34.281370348562689 ], [ 116.467857700572381, 34.278373115027193 ], [ 116.461346469563864, 34.277572130249609 ], [ 116.440365839311994, 34.280543525363385 ], [ 116.433337844365951, 34.28064687815089 ], [ 116.414786005070027, 34.276486925531174 ], [ 116.40098839669713, 34.275014146285798 ], [ 116.393857049862959, 34.275246690282529 ], [ 116.386518995655024, 34.276486925531174 ], [ 116.378302444102474, 34.280233466101549 ], [ 116.369310744395307, 34.286072903541651 ], [ 116.315308872906144, 34.336819159076924 ], [ 116.267198113901827, 34.368290106703057 ], [ 116.222084589332326, 34.389167385066742 ], [ 116.203274366718574, 34.402215685505439 ], [ 116.187151320177236, 34.42017324469947 ], [ 116.156713902224737, 34.447303372552597 ], [ 116.153768344633363, 34.455261541686752 ], [ 116.152063023189953, 34.466888739723515 ], [ 116.15702395968799, 34.50512929897792 ], [ 116.160176222854375, 34.514250189894312 ], [ 116.16276004434053, 34.519366156922558 ], [ 116.163380161964824, 34.527608546896886 ], [ 116.163380161964824, 34.534739895529754 ], [ 116.151287875934713, 34.566727607093355 ], [ 116.186531202552942, 34.583109036053145 ], [ 116.193972610447531, 34.58434927040247 ], [ 116.204669630698845, 34.58300568326564 ], [ 116.210199008877112, 34.579724228890029 ], [ 116.215366651849422, 34.576003525841998 ], [ 116.223324822782274, 34.568691310955217 ], [ 116.227975701817172, 34.565435695900646 ], [ 116.243323602002533, 34.568329575749317 ], [ 116.266888054639935, 34.576701157832133 ], [ 116.344040969415119, 34.616026922704293 ], [ 116.377217237585455, 34.639539700296893 ], [ 116.398817987260259, 34.640573228171945 ], [ 116.412770624364725, 34.642846992194904 ], [ 116.419901972098273, 34.642640285720574 ], [ 116.428118523650937, 34.63969472902852 ], [ 116.443776483098191, 34.625690415979875 ], [ 116.484290806375611, 34.598818671444519 ], [ 116.493127475552456, 34.590938014877452 ], [ 116.498553500943217, 34.583935859252506 ], [ 116.500620559391223, 34.578974920955829 ], [ 116.50310102719061, 34.574324041920988 ], [ 116.505994907938657, 34.570086574935488 ], [ 116.509715610986632, 34.566159166312445 ], [ 116.571520623777701, 34.52652334217845 ], [ 116.578962029873765, 34.519676215285074 ], [ 116.583767937640118, 34.513475043538392 ], [ 116.590589227011151, 34.50053009678652 ], [ 116.592449578984883, 34.498308010506264 ], [ 116.598030634006477, 34.494768175510842 ], [ 116.606867304082812, 34.490582384469462 ], [ 116.624850701698506, 34.485001329447755 ], [ 116.715336135054599, 34.468077297229456 ], [ 116.769544712118773, 34.451825060378212 ], [ 116.776159295914681, 34.447975165221692 ], [ 116.782980585285713, 34.44079214154408 ], [ 116.789801873757369, 34.429785061131668 ], [ 116.802255894094174, 34.400071112691649 ], [ 116.807061801860641, 34.395626939231818 ], [ 116.814503207956591, 34.392087104236452 ], [ 116.829386021047981, 34.389632473060146 ], [ 116.838997836580802, 34.389219061910183 ], [ 116.847731153869631, 34.389761664269372 ], [ 116.906177198818568, 34.40089793589101 ], [ 116.921421747115915, 34.400691230315999 ], [ 116.928863153211864, 34.399606024698244 ], [ 116.935684441683634, 34.397797350467329 ], [ 116.942505731054553, 34.394128323363418 ], [ 116.949482050056531, 34.389296576275967 ], [ 116.964364862248544, 34.374387926561553 ], [ 116.977749057672781, 34.356094468784704 ], [ 116.979609409646514, 34.351030177700522 ], [ 116.980229527270808, 34.345449124477511 ], [ 116.979144321653052, 34.339558010193969 ], [ 116.977439000209642, 34.333718574552563 ], [ 116.970462681207778, 34.317259630327669 ], [ 116.966121861434658, 34.297751777522478 ], [ 116.966121861434658, 34.285814521123257 ], [ 116.967517125414929, 34.280491848520001 ], [ 116.969532505220855, 34.275401719913418 ], [ 116.972323033181397, 34.270983384875308 ], [ 116.978989292022106, 34.265428168275321 ], [ 117.007359654224615, 34.248168240172106 ], [ 117.015162794627258, 34.242380479575445 ], [ 117.019503615299527, 34.237574570909715 ], [ 117.019968703292989, 34.232587795989957 ], [ 117.014077589908766, 34.192848619068513 ], [ 117.014077589908766, 34.186440741746821 ], [ 117.014697706633797, 34.18062714272844 ], [ 117.016092970614068, 34.175278631703463 ], [ 117.018418409681772, 34.170653591090343 ], [ 117.025704787046266, 34.162721259478531 ], [ 117.033921340397455, 34.155538234901599 ], [ 117.136964145978482, 34.107375799953161 ], [ 117.159443393897504, 34.091175239046038 ], [ 117.178511998030217, 34.084457302462511 ], [ 117.22925825356549, 34.074147854040234 ], [ 117.244812860225238, 34.073708604468493 ], [ 117.321293979633424, 34.07885040901914 ], [ 117.331680943320862, 34.077403469094804 ], [ 117.348630813061504, 34.069962062998798 ], [ 117.370334913725287, 34.055673530009358 ], [ 117.379171583801508, 34.047560330344936 ], [ 117.391728956925817, 34.031256414851669 ], [ 117.398240187934334, 34.027794094222031 ], [ 117.406921828379609, 34.025003567160866 ], [ 117.423406610126904, 34.023504950393146 ], [ 117.432863396928155, 34.024409287958235 ], [ 117.440614862285997, 34.026243801510191 ], [ 117.476788364891036, 34.044692288018666 ], [ 117.48236941901348, 34.046862698354801 ], [ 117.488260533296966, 34.048309638279136 ], [ 117.503453403851495, 34.049756578203528 ], [ 117.508931106085583, 34.049291490210067 ], [ 117.518232863256003, 34.047250271083101 ], [ 117.525157505414541, 34.044304714391046 ], [ 117.532805617085501, 34.039834703408815 ], [ 117.547533401445321, 34.026708889503652 ], [ 117.55032392760711, 34.0233499207622 ], [ 117.557300245709712, 34.010637518906378 ], [ 117.566808710253781, 33.996736559544559 ], [ 117.572389764376112, 33.990457872532772 ], [ 117.576265497055033, 33.988442490928207 ], [ 117.582621698432604, 33.986556301432131 ], [ 117.594248894670727, 33.986142890282167 ], [ 117.601845331297, 33.987512314941341 ], [ 117.60835656140614, 33.989863593330142 ], [ 117.612232294085061, 33.993222561172217 ], [ 117.615177849877796, 33.996478176226844 ], [ 117.616108025864605, 33.998958644925494 ], [ 117.616263054596288, 34.000147203330755 ], [ 117.616263054596288, 34.001542467310969 ], [ 117.616728142589636, 34.004177964741245 ], [ 117.619208612187663, 34.007278551064246 ], [ 117.623859491222447, 34.008260402995177 ], [ 117.634453159585632, 34.00138743678076 ], [ 117.641894565681582, 33.995186265933398 ], [ 117.645253534422977, 33.991465561986104 ], [ 117.648250767059153, 33.987124742213041 ], [ 117.650886265388749, 33.9824738631782 ], [ 117.662823520888765, 33.940228380035705 ], [ 117.665148959956468, 33.935525825056743 ], [ 117.66809451664858, 33.931159165962697 ], [ 117.675432569957138, 33.923407701504175 ], [ 117.678326450705072, 33.919066880831849 ], [ 117.680806919403722, 33.914545193006234 ], [ 117.683287388102485, 33.897259426481298 ], [ 117.685044387288599, 33.892143460352372 ], [ 117.687524855987249, 33.887595934105036 ], [ 117.690935499773445, 33.883513494951785 ], [ 117.696051466801691, 33.880206203953151 ], [ 117.703182815434502, 33.878035794516279 ], [ 117.714913365359507, 33.878345851979475 ], [ 117.722716505762037, 33.879896144691315 ], [ 117.734963819624568, 33.883978582945247 ], [ 117.740544874646162, 33.884495347782035 ], [ 117.745557488886902, 33.88227326150178 ], [ 117.74865807520996, 33.875710354549199 ], [ 117.748813103941529, 33.869044093909793 ], [ 117.744937372161985, 33.843102525361246 ], [ 117.744162224906745, 33.823207098928435 ], [ 117.747572869592204, 33.776388251116884 ], [ 117.746797723236341, 33.763624172417622 ], [ 117.745712517618585, 33.757707221511055 ], [ 117.744317255436954, 33.753237210528823 ], [ 117.743232049819198, 33.751144314558474 ], [ 117.742405226619894, 33.750188300149887 ], [ 117.731139763788974, 33.740757350871036 ], [ 117.727367384796935, 33.737062486244724 ], [ 117.725662063353525, 33.732514959997388 ], [ 117.726902296803473, 33.727915757805931 ], [ 117.736204054873156, 33.725125229845446 ], [ 117.752223748627102, 33.724350084388846 ], [ 117.831340367264147, 33.734633694389458 ], [ 117.839866978078476, 33.733858547134218 ], [ 117.864878370640213, 33.726365465094091 ], [ 117.871079543286214, 33.726598009090822 ], [ 117.878831007744793, 33.727993272171773 ], [ 117.889683059425579, 33.732463284053324 ], [ 117.899191522171009, 33.734271959183559 ], [ 117.925546502768839, 33.733961899921724 ], [ 117.940274286229283, 33.73814769096316 ], [ 117.948180780318694, 33.74176504212295 ], [ 117.962133417423274, 33.750084947362438 ], [ 117.965544061209357, 33.751583564130158 ], [ 118.061558872743717, 33.757087103886704 ], [ 118.090962762821164, 33.765897936440581 ], [ 118.104760370294798, 33.767629096305711 ], [ 118.112976922746725, 33.767551581040607 ], [ 118.123673943897302, 33.766001288328766 ], [ 118.131011998105237, 33.763624172417622 ], [ 118.144189487954463, 33.755614325540648 ], [ 118.163258091187913, 33.736752427882209 ], [ 118.169459262934538, 33.725641995581611 ], [ 118.173645053975974, 33.715565090256689 ], [ 118.17628055230557, 33.704790553840951 ], [ 118.176900669030601, 33.698899441356104 ], [ 118.176745640299032, 33.692620755243638 ], [ 118.173800082707658, 33.683448188383181 ], [ 118.168374058216159, 33.672596136702339 ], [ 118.156436801816881, 33.654431871033978 ], [ 118.143724399961002, 33.639135646792624 ], [ 118.135146112303232, 33.632004299059133 ], [ 118.12739464694539, 33.624252835499931 ], [ 118.124190707834828, 33.618516750847334 ], [ 118.121503533561167, 33.611256211904617 ], [ 118.110496454048075, 33.530770169507718 ], [ 118.112201776390862, 33.50030691223418 ], [ 118.112615188440145, 33.498291531528935 ], [ 118.115612421076321, 33.489790758236893 ], [ 118.115457391445375, 33.484442247211916 ], [ 118.112821893115779, 33.47948130981456 ], [ 118.103985223039558, 33.475605577135639 ], [ 118.097318964198848, 33.475993149863939 ], [ 118.090962762821164, 33.477931017102719 ], [ 118.080730828764672, 33.483744615221781 ], [ 118.069413689989801, 33.488369655834902 ], [ 118.063315871030568, 33.489015610981653 ], [ 118.052928908242507, 33.476923325850805 ], [ 118.039596388762334, 33.454728297872634 ], [ 117.992519159431595, 33.348946642073827 ], [ 117.983114047675144, 33.2995181343544 ], [ 117.978773227902138, 33.294350491382033 ], [ 117.948800897043725, 33.269519965074323 ], [ 117.941049431685883, 33.261690986250017 ], [ 117.938052199049707, 33.25747935588754 ], [ 117.933763055220766, 33.250115465056638 ], [ 117.932057732877979, 33.245877997171817 ], [ 117.931437616153062, 33.240632838934346 ], [ 117.931851027302969, 33.2351292991778 ], [ 117.935158319201037, 33.229393215424523 ], [ 117.941824578941123, 33.224613145180513 ], [ 117.968386265113963, 33.213890286507478 ], [ 117.978928256633708, 33.204433498806907 ], [ 117.982907342999397, 33.198490709478619 ], [ 117.984974399648763, 33.193736476756953 ], [ 117.985904575635573, 33.190170803339868 ], [ 117.986369663629034, 33.185545762726747 ], [ 117.98823001470339, 33.17906037013995 ], [ 117.990968865820491, 33.17464203510184 ], [ 117.99644656805458, 33.167820745730808 ], [ 118.013809848945357, 33.161774604514392 ], [ 118.080730828764672, 33.149553128174318 ], [ 118.085330030956129, 33.155082506352585 ], [ 118.091272821183679, 33.159268297393965 ], [ 118.094993524231768, 33.161335354043331 ], [ 118.127084588582875, 33.17347931601762 ], [ 118.151475865318844, 33.177665107058999 ], [ 118.15488650910504, 33.179112046983334 ], [ 118.156436801816881, 33.18135997168531 ], [ 118.157056919441288, 33.185184028420167 ], [ 118.156746861078773, 33.188723863415532 ], [ 118.157211949072121, 33.19660451908328 ], [ 118.160467564126748, 33.207146511502287 ], [ 118.163671503237197, 33.210634671452908 ], [ 118.166462030298362, 33.212339992896318 ], [ 118.16976932219643, 33.2131926545174 ], [ 118.177675816285841, 33.212572536893049 ], [ 118.185582310375253, 33.210247096925968 ], [ 118.196796096362732, 33.204898586800311 ], [ 118.209043410225149, 33.193969020753684 ], [ 118.214779493978426, 33.186682644288567 ], [ 118.218035109932316, 33.179913031760975 ], [ 118.219275344281641, 33.174538683213655 ], [ 118.220670608261912, 33.164358425101227 ], [ 118.220515577731703, 33.160456854899905 ], [ 118.218035109932316, 33.142912705956576 ], [ 118.216484817220476, 33.117152005460639 ], [ 118.217259962677076, 33.105137233796256 ], [ 118.224081252048109, 33.077903754055001 ], [ 118.24842085194075, 33.013411566990214 ], [ 118.25374352364463, 33.004936632119836 ], [ 118.259996373134072, 32.998942165948165 ], [ 118.294826287703017, 32.974628404477244 ], [ 118.299063754688518, 32.967962143837838 ], [ 118.298857050012771, 32.963052883283922 ], [ 118.254053582906522, 32.939204209806405 ], [ 118.245010207255177, 32.932925522794619 ], [ 118.241496209782213, 32.928843085440008 ], [ 118.239015741083563, 32.923701279990041 ], [ 118.237465448371722, 32.911247260552614 ], [ 118.237568801159227, 32.905252794380942 ], [ 118.239325800345341, 32.893935654706695 ], [ 118.242529737657264, 32.884039618333702 ], [ 118.2459403832421, 32.877373359492935 ], [ 118.250642938220949, 32.870112820550219 ], [ 118.253898554174839, 32.866082058240352 ], [ 118.257774285954497, 32.862309679248256 ], [ 118.279013300423458, 32.848150336568779 ], [ 118.284129265653064, 32.843034369540476 ], [ 118.287694939969469, 32.838047593721456 ], [ 118.289710320674658, 32.8331124938465 ], [ 118.290485467929898, 32.827531439724169 ], [ 118.290485467929898, 32.821278591134046 ], [ 118.28909020394974, 32.808049425340698 ], [ 118.28909020394974, 32.79556956658223 ], [ 118.290485467929898, 32.790246893978974 ], [ 118.292552524579264, 32.785285956581617 ], [ 118.295756463689827, 32.781177679905966 ], [ 118.299683873212189, 32.77740530001455 ], [ 118.362832473140088, 32.749939277175883 ], [ 118.36386600101514, 32.745004177300927 ], [ 118.365312941838738, 32.740560003841097 ], [ 118.367328321644663, 32.735728258552285 ], [ 118.372754347934801, 32.731930040239149 ], [ 118.381435988380076, 32.729837144268799 ], [ 118.399109327633369, 32.730896511464834 ], [ 118.408617792177324, 32.73332530421942 ], [ 118.420710077308172, 32.739190579181866 ], [ 118.430786980834455, 32.740327459844366 ], [ 118.576359491297467, 32.726736558845118 ], [ 118.581940546319061, 32.728519395553633 ], [ 118.586746454085528, 32.731284085092454 ], [ 118.599613885572353, 32.741645209458852 ], [ 118.604729851701222, 32.744074002213438 ], [ 118.610775994716391, 32.745598456503558 ], [ 118.625038690183374, 32.744900825412742 ], [ 118.708547805436865, 32.732085068970719 ], [ 118.720175001674988, 32.732136745814159 ], [ 118.728701613388694, 32.737795315201595 ], [ 118.74131066335633, 32.749474189182479 ], [ 118.742860956068171, 32.751489569887724 ], [ 118.744204543205115, 32.753892524220589 ], [ 118.745444777554439, 32.75719981521928 ], [ 118.744721307142527, 32.761721503044896 ], [ 118.738468458552461, 32.776165066564545 ], [ 118.737383253834082, 32.781177679905966 ], [ 118.738003370559113, 32.786396999721717 ], [ 118.740070429007005, 32.791642157959188 ], [ 118.745134719191924, 32.801615708697966 ], [ 118.746271599854367, 32.807506822082132 ], [ 118.748235304615605, 32.838538520136581 ], [ 118.749785598226708, 32.843706163108948 ], [ 118.752162714137853, 32.847142646216128 ], [ 118.754488153205671, 32.849468085283888 ], [ 118.758208856253646, 32.852206936400989 ], [ 118.762394647295082, 32.85414480184113 ], [ 118.766735467967465, 32.85546255145556 ], [ 118.787664423174533, 32.859674180918717 ], [ 118.793245477296864, 32.861741238467346 ], [ 118.797741326700816, 32.865074367887757 ], [ 118.800428500974476, 32.870009466863394 ], [ 118.802082147373198, 32.876184801087675 ], [ 118.805699497633668, 32.908870143742092 ], [ 118.807249791244772, 32.91522634511972 ], [ 118.809730259044159, 32.920704047353865 ], [ 118.81267581573627, 32.925122382392033 ], [ 118.816086460421729, 32.928636379864997 ], [ 118.819032017113841, 32.930910142988694 ], [ 118.826473423209904, 32.935173448395915 ], [ 118.830349155888825, 32.93850657781627 ], [ 118.832984654218421, 32.942821560066932 ], [ 118.837945590716345, 32.961425076206297 ], [ 118.841356236301181, 32.965791734401023 ], [ 118.84585208480587, 32.968918158246368 ], [ 118.857375930055127, 32.972302965409483 ], [ 118.865127395412969, 32.971863714938479 ], [ 118.87411909422076, 32.969512437448998 ], [ 118.888795200837762, 32.961864324878661 ], [ 118.898613722844971, 32.95855703387997 ], [ 118.906468540990318, 32.957006741168129 ], [ 118.91039594871404, 32.957316799530645 ], [ 118.950910271991461, 32.966670234443768 ], [ 118.965069614670938, 32.967342027112863 ], [ 118.980365838912235, 32.965946764031912 ], [ 118.987238804227331, 32.964318956054967 ], [ 118.992974887980608, 32.962045192931271 ], [ 118.997005650290475, 32.959073797817496 ], [ 118.999796177351641, 32.956386624443155 ], [ 119.002121617318721, 32.953751126113559 ], [ 119.004447056386539, 32.949410305441234 ], [ 119.006307408360158, 32.943700060109677 ], [ 119.006462437091727, 32.934837550712359 ], [ 119.004757114749054, 32.920549017722976 ], [ 119.005532261104918, 32.914580389973025 ], [ 119.008942905790377, 32.909541938209884 ], [ 119.01653934061801, 32.905381984690848 ], [ 119.030698684196864, 32.900343532927707 ], [ 119.035659620694901, 32.897242947504026 ], [ 119.039690383004768, 32.89308299398499 ], [ 119.047286818731664, 32.883031927981051 ], [ 119.050232375423775, 32.88013804813238 ], [ 119.076794060697353, 32.861353664839726 ], [ 119.081754998993915, 32.8566252714391 ], [ 119.095087517574825, 32.841018988835231 ], [ 119.101908806945858, 32.836290595434605 ], [ 119.109505242672753, 32.83388764110174 ], [ 119.148004185244872, 32.828539130076763 ], [ 119.153378533792306, 32.824534207087993 ], [ 119.156530796059315, 32.81825552007615 ], [ 119.154670444984959, 32.805103867749267 ], [ 119.150949741936984, 32.789110012417098 ], [ 119.151518181818574, 32.780893459965171 ], [ 119.15436038572318, 32.771307481055374 ], [ 119.161801791819244, 32.755416978510709 ], [ 119.166917758847489, 32.747303778846288 ], [ 119.172033725875735, 32.741490179827906 ], [ 119.185004511049328, 32.73099986425234 ], [ 119.188208449260514, 32.722964178953703 ], [ 119.190378859596649, 32.711233629028754 ], [ 119.191929153207752, 32.667231146700033 ], [ 119.199473912091321, 32.639687607696942 ], [ 119.202161086364981, 32.623822944473261 ], [ 119.199370559303816, 32.593721422405679 ], [ 119.168933139552678, 32.575169583109755 ], [ 119.162886998336262, 32.569071764150578 ], [ 119.156530796059315, 32.560002550077627 ], [ 119.146608921264601, 32.540908108422457 ], [ 119.143146599735701, 32.530133572006719 ], [ 119.141492955135732, 32.521296901930441 ], [ 119.14004601431202, 32.503830268252273 ], [ 119.139425896687726, 32.501349799553566 ], [ 119.138805779962695, 32.500109565204241 ], [ 119.136221957577277, 32.49641470057793 ], [ 119.130899285873284, 32.490652778402989 ], [ 119.090281609808358, 32.453161526183465 ], [ 119.080514763745327, 32.446081855293357 ], [ 119.066200393233544, 32.445358384881558 ], [ 119.063719923635517, 32.462334093043921 ], [ 119.062324659655246, 32.467605088803793 ], [ 119.059534132594081, 32.47199758631956 ], [ 119.056226840696127, 32.47620921488334 ], [ 119.042790969327712, 32.486027736890549 ], [ 119.039070266279737, 32.489955146412854 ], [ 119.036434767950141, 32.493908393457559 ], [ 119.033954299251491, 32.499411933214105 ], [ 119.033282504783756, 32.500316269879931 ], [ 119.029871860997559, 32.503520208990437 ], [ 119.021190219652908, 32.509411323273923 ], [ 119.015454135899631, 32.51165924707658 ], [ 119.009563023414785, 32.51320953978842 ], [ 119.003981968393077, 32.513364570318629 ], [ 118.989874301657665, 32.51165924707658 ], [ 118.983518101179357, 32.512279364700873 ], [ 118.97778201742608, 32.514243069462054 ], [ 118.972511020767001, 32.51705943494494 ], [ 118.968273553781387, 32.520470078731137 ], [ 118.961762322772984, 32.528634955238999 ], [ 118.948274773661865, 32.550959174426339 ], [ 118.944864129875668, 32.554912421471045 ], [ 118.940678338834232, 32.558348904578281 ], [ 118.935407343074417, 32.5605968292802 ], [ 118.929051140797469, 32.561165269161847 ], [ 118.916287062997526, 32.560157578809196 ], [ 118.910085891250787, 32.560855210799332 ], [ 118.905745069679142, 32.563697414703881 ], [ 118.903109572248923, 32.568038235376264 ], [ 118.902334425892946, 32.573438422345305 ], [ 118.903264601879869, 32.579407050095256 ], [ 118.904814894591709, 32.584678045855128 ], [ 118.905124952954225, 32.589638984151804 ], [ 118.902799513886407, 32.593643907140574 ], [ 118.897476841283151, 32.595530097535971 ], [ 118.891327346379853, 32.59568512626754 ], [ 118.847247348786027, 32.587623603446502 ], [ 118.840271030683425, 32.587830309021513 ], [ 118.833604770943339, 32.588631292899834 ], [ 118.828333775183523, 32.591189276863588 ], [ 118.824768100867118, 32.59490997991162 ], [ 118.8224426617993, 32.599535020524741 ], [ 118.819032017113841, 32.603229885151052 ], [ 118.814071079716541, 32.605167752389832 ], [ 118.807559848708024, 32.604082546772077 ], [ 118.790454950235699, 32.597545478241216 ], [ 118.782961867296308, 32.597390449509589 ], [ 118.776657342762064, 32.599147446897121 ], [ 118.763014764020113, 32.610464586571368 ], [ 118.758673944247107, 32.61266083442996 ], [ 118.751852654876075, 32.612505804799014 ], [ 118.743791132055094, 32.610128688887869 ], [ 118.732577346067615, 32.602997341154378 ], [ 118.724360792716311, 32.600129298828051 ], [ 118.71629926989533, 32.599457506158956 ], [ 118.709788038886813, 32.600826930818187 ], [ 118.701726516065833, 32.600284329358317 ], [ 118.693664992345475, 32.597519639819495 ], [ 118.68214114799548, 32.590465807351109 ], [ 118.673924594644291, 32.587623603446502 ], [ 118.666173130185712, 32.587391059449828 ], [ 118.660385369589108, 32.589690660095869 ], [ 118.655631137766704, 32.592584539944539 ], [ 118.649740025281858, 32.594212347921484 ], [ 118.642918735910939, 32.593902289558969 ], [ 118.620697870410368, 32.582688504470866 ], [ 118.614496697764366, 32.580879828441311 ], [ 118.607985467655112, 32.581344916434716 ], [ 118.602559442264351, 32.583670356401797 ], [ 118.592637566570374, 32.589561468886643 ], [ 118.586901482817098, 32.59204193848467 ], [ 118.580183547132947, 32.593488878409005 ], [ 118.573052199399399, 32.593359687199779 ], [ 118.56623091002848, 32.591499335226104 ], [ 118.558892856719922, 32.587468573815613 ], [ 118.554552036946916, 32.581758328484057 ], [ 118.551813185829815, 32.574446112697899 ], [ 118.552433302554846, 32.561630357155252 ], [ 118.555068800884442, 32.554499010321024 ], [ 118.559254591925878, 32.549305528027674 ], [ 118.580803663857978, 32.538195094827756 ], [ 118.585351190105257, 32.534913642250785 ], [ 118.589226922784178, 32.531218776725154 ], [ 118.591862421113774, 32.526722927321202 ], [ 118.593257684194668, 32.521374417195602 ], [ 118.593877801819076, 32.515586655699565 ], [ 118.592792597100583, 32.50008372678252 ], [ 118.593412713825614, 32.4954845236918 ], [ 118.594807976906509, 32.491272895127963 ], [ 118.597340123347976, 32.486854560089853 ], [ 118.601009148653247, 32.482952988989211 ], [ 118.605815057318978, 32.479826565143867 ], [ 118.611809524389969, 32.477681993229396 ], [ 118.649895054013541, 32.473470363766239 ], [ 118.656406285021944, 32.471196601541919 ], [ 118.661367222419358, 32.468225206428087 ], [ 118.664932895836387, 32.463858547334098 ], [ 118.666793247810119, 32.458871772414341 ], [ 118.667878453427875, 32.453213202127529 ], [ 118.668963658146254, 32.429261175862564 ], [ 118.667723422897552, 32.403681342519917 ], [ 118.669118686877823, 32.392235012535764 ], [ 118.674389682637752, 32.372081204583878 ], [ 118.681676060002133, 32.356345729871521 ], [ 118.682916294351458, 32.351023058167584 ], [ 118.684053175913277, 32.339240831399252 ], [ 118.682451207257373, 32.333298041171645 ], [ 118.678265416215936, 32.327355251843358 ], [ 118.667413365434413, 32.320740668047392 ], [ 118.661522251150927, 32.31567637786253 ], [ 118.655941197028596, 32.300018419314597 ], [ 118.650360142006889, 32.289037177323848 ], [ 118.650050082745111, 32.284463813554112 ], [ 118.653150669068054, 32.280846463293642 ], [ 118.66508792456807, 32.276634832931165 ], [ 118.668808627616045, 32.272965806726575 ], [ 118.669583774871285, 32.267178046129914 ], [ 118.668498570152792, 32.261054388749017 ], [ 118.665397983829848, 32.249737249974089 ], [ 118.650360142006889, 32.237877508839915 ], [ 118.609535761266329, 32.215604967395336 ], [ 118.598993767947945, 32.211574205085469 ], [ 118.542253046241058, 32.201238919140792 ], [ 118.514399448875452, 32.199766139895416 ], [ 118.507888217866935, 32.19751821519344 ], [ 118.503082310100467, 32.192867337057919 ], [ 118.499361607052492, 32.183488063723132 ], [ 118.498741490327461, 32.17630504004552 ], [ 118.500911899764333, 32.15186208826475 ], [ 118.500291783039302, 32.141345934267406 ], [ 118.49982669504584, 32.139950670287192 ], [ 118.4990515477906, 32.137676907163495 ], [ 118.493315464037437, 32.131579088204319 ], [ 118.483031854036767, 32.124137682108312 ], [ 118.411511672025995, 32.088661811493409 ], [ 118.397869094183307, 32.078145657496066 ], [ 118.383141310722863, 32.05396108723437 ], [ 118.381125930017561, 32.042437241985112 ], [ 118.380660842024213, 32.037088730960136 ], [ 118.382056106004484, 32.030319119331864 ], [ 118.385311721058997, 32.024040432320078 ], [ 118.39213301043003, 32.016469835014846 ], [ 118.397559034921528, 32.011663927248435 ], [ 118.401434767600449, 32.007193915366884 ], [ 118.402830030681343, 32.003240668322178 ], [ 118.398954298901685, 31.998331406868886 ], [ 118.393993360605009, 31.995256658967605 ], [ 118.377715285332101, 31.988280340865003 ], [ 118.373219435928149, 31.984895535500527 ], [ 118.370273879236038, 31.980503037984818 ], [ 118.368568556893365, 31.974973659806551 ], [ 118.367948440168334, 31.969340928840779 ], [ 118.366553176188063, 31.964018256237523 ], [ 118.363142530603227, 31.960349229133612 ], [ 118.352600539083596, 31.956111762148112 ], [ 118.350223423172338, 31.95239105910008 ], [ 118.351980422358565, 31.946680812869204 ], [ 118.375234816633451, 31.925390123355498 ], [ 118.380815870755782, 31.921617743464083 ], [ 118.39616377184052, 31.914718939727265 ], [ 118.406137322579298, 31.908621120768089 ], [ 118.422570429281791, 31.895986233277995 ], [ 118.431562128089695, 31.893066515007661 ], [ 118.438383416561351, 31.89322154373923 ], [ 118.443344353958764, 31.895753689281321 ], [ 118.44861534971858, 31.897071437996431 ], [ 118.454971551995527, 31.895081894813586 ], [ 118.460397577386289, 31.890663561574115 ], [ 118.466495396345408, 31.882214464226138 ], [ 118.475487095153312, 31.866143092729544 ], [ 118.481068150174906, 31.858701687532857 ], [ 118.481378207638159, 31.845705063937544 ], [ 118.472386508830255, 31.803976344732519 ], [ 118.476882359133469, 31.790230414102325 ], [ 118.484168735598587, 31.784442654404984 ], [ 118.511143832921562, 31.767699490239238 ], [ 118.518585239916888, 31.764082139978768 ], [ 118.530264112998339, 31.760180568878127 ], [ 118.53553510965753, 31.757467556182746 ], [ 118.539720900698967, 31.754496161068971 ], [ 118.546852248432515, 31.745659490992693 ], [ 118.550883009843005, 31.742688096778238 ], [ 118.555998976871251, 31.739768378507847 ], [ 118.56871137872713, 31.735608424988811 ], [ 118.637441033676737, 31.725376491831639 ], [ 118.675268181781121, 31.712612413132319 ], [ 118.680125767290292, 31.709537665231039 ], [ 118.683433059188246, 31.705713609395559 ], [ 118.684363235175169, 31.700856024785708 ], [ 118.680900913646155, 31.694809881770595 ], [ 118.67712853375474, 31.690003974004185 ], [ 118.668498570152792, 31.682769273483188 ], [ 118.664622836574608, 31.678893540804268 ], [ 118.661522251150927, 31.674371852978595 ], [ 118.660385369589108, 31.66853241643787 ], [ 118.661677280781873, 31.661995347906952 ], [ 118.667878453427875, 31.65421804502671 ], [ 118.673924594644291, 31.649773871566879 ], [ 118.680745884015323, 31.646750800509039 ], [ 118.709633010155244, 31.639671128719613 ], [ 118.722810500004471, 31.638120836007772 ], [ 118.729786819006449, 31.638198351272877 ], [ 118.735987989853811, 31.639206040726151 ], [ 118.741000604094552, 31.641764023790643 ], [ 118.745031366404419, 31.645458889316274 ], [ 118.748442011089878, 31.649928901197825 ], [ 118.754023065212209, 31.659928290358266 ], [ 118.757227004322772, 31.664424139762218 ], [ 118.761154412945757, 31.668274034019419 ], [ 118.765495232718763, 31.671555488395029 ], [ 118.770921259008901, 31.673622545044395 ], [ 118.777277460386472, 31.674165147403585 ], [ 118.783943720126558, 31.672020575489171 ], [ 118.789369744617943, 31.667369697353649 ], [ 118.793245477296864, 31.658016262440526 ], [ 118.79608768120147, 31.637965807276146 ], [ 118.7974312683383, 31.632824001826179 ], [ 118.79991173703695, 31.628147284369675 ], [ 118.804252556809956, 31.625020860524273 ], [ 118.81035037576919, 31.623470566913113 ], [ 118.816396518784245, 31.623858141440053 ], [ 118.821977573805952, 31.625563462883463 ], [ 118.832054478231498, 31.630601915545924 ], [ 118.837945590716345, 31.632178045780165 ], [ 118.844146763362346, 31.632901516192021 ], [ 118.850813023102432, 31.631971340205155 ], [ 118.856239047593931, 31.629930121078189 ], [ 118.860476516378071, 31.627372138013754 ], [ 118.863060336964963, 31.624633286896653 ], [ 118.865747512137887, 31.620680039851948 ], [ 118.86745283358141, 31.613522853696736 ], [ 118.868538039199052, 31.607089137953324 ], [ 118.86838300956822, 31.581793525450792 ], [ 118.869158155924083, 31.576109116742316 ], [ 118.870553419904354, 31.570786445038379 ], [ 118.872413771877973, 31.565851345163424 ], [ 118.879855177974036, 31.552234604843136 ], [ 118.881405470685877, 31.547196153079994 ], [ 118.88218061704174, 31.535362250367541 ], [ 118.880940382692415, 31.522443142037332 ], [ 118.827248569565768, 31.397541205262371 ], [ 118.819652133838872, 31.387903551307829 ], [ 118.810040318306051, 31.379661160434182 ], [ 118.803012323360008, 31.375191148552631 ], [ 118.796707797926501, 31.371961371020461 ], [ 118.75102583167677, 31.357957057971817 ], [ 118.746064895178733, 31.354753118861311 ], [ 118.742034132868866, 31.349611314310664 ], [ 118.738933547445185, 31.341239732227848 ], [ 118.737383253834082, 31.333875841396946 ], [ 118.736608108377482, 31.326925360816745 ], [ 118.736608108377482, 31.320750027491783 ], [ 118.740690545732036, 31.306435655181303 ], [ 118.755728387554996, 31.280804144995273 ], [ 118.763479852013461, 31.274913032510426 ], [ 118.767510614323328, 31.272380886069016 ], [ 118.784873895213991, 31.258609117017102 ], [ 118.787664423174533, 31.254888413969127 ], [ 118.790713331754773, 31.249643255731655 ], [ 118.796707797926501, 31.235303045898831 ], [ 118.799291620312033, 31.230884710860721 ], [ 118.803632440085039, 31.227629095806094 ], [ 118.816086460421729, 31.226337185512705 ], [ 119.074727004047986, 31.238842881793516 ], [ 119.096017693561635, 31.24705943514482 ], [ 119.162886998336262, 31.287444566313638 ], [ 119.17590945765528, 31.288555610353114 ], [ 119.23606082584638, 31.264887804028888 ], [ 119.254457636410734, 31.262148952911843 ], [ 119.264379511205448, 31.263079128898653 ], [ 119.276781853799434, 31.266567287949954 ], [ 119.283448114438897, 31.267109890309143 ], [ 119.304687128008482, 31.264939479973009 ], [ 119.311198358117736, 31.265042832760514 ], [ 119.316831089083394, 31.2667223175809 ], [ 119.321636997749238, 31.269487006220345 ], [ 119.325667759159728, 31.273156033324256 ], [ 119.332644078161593, 31.281165880201172 ], [ 119.336054721947789, 31.284421495255799 ], [ 119.340085484257656, 31.286591904692614 ], [ 119.344581332762232, 31.2875220815788 ], [ 119.348922154333877, 31.285816759236013 ], [ 119.352642857381966, 31.280235704214363 ], [ 119.355433384443131, 31.274990545976891 ], [ 119.35750044199176, 31.269487006220345 ], [ 119.358740676341085, 31.264190172038809 ], [ 119.359464145853622, 31.258815823491432 ], [ 119.359670852327895, 31.254035753247422 ], [ 119.356570266004951, 31.219205837779157 ], [ 119.35729373641675, 31.207320258223319 ], [ 119.358533969866812, 31.201971747198343 ], [ 119.360290969052926, 31.196984972278642 ], [ 119.362771437751576, 31.192359930766145 ], [ 119.369902784585747, 31.188355006878055 ], [ 119.381374952991678, 31.184220893579379 ], [ 119.406644728871129, 31.180370999322122 ], [ 119.466692743375347, 31.161095688715022 ], [ 119.479146762812775, 31.155075385021007 ], [ 119.493099399917355, 31.15104462271114 ], [ 119.526895786611249, 31.155307929017681 ], [ 119.537024366980859, 31.146729641359855 ], [ 119.548031447393328, 31.141303615969093 ], [ 119.574954868772124, 31.13311290103951 ], [ 119.592421503349669, 31.13078746197175 ], [ 119.629783562561329, 31.132880357042836 ] ] ] } },
{ "type": "Feature", "properties": { "name": "Jiangsu", "name_en": "Jiangsu", "name_zh": "江苏省", "adm1_code": "CHN-1818", "iso_3166_2": "CN-JS", "type_en": "Province" }, "geometry": { "type": "MultiPolygon", "coordinates": [ [ [ [ 119.880707227000016, 32.125189520000049 ], [ 119.901377800000091, 32.082464911000045 ], [ 119.901866082000083, 32.073391018000052 ], [ 119.89031009200005, 32.075384833000044 ], [ 119.858734571000014, 32.101548570000034 ], [ 119.843516472000033, 32.10814036700009 ], [ 119.815196160000028, 32.115220445000034 ], [ 119.804860873000052, 32.120306708000044 ], [ 119.795176629000025, 32.12055084800005 ], [ 119.792002800000091, 32.121771552000041 ], [ 119.787119988000086, 32.129584052000041 ], [ 119.78834069100003, 32.133612372000073 ], [ 119.791270379000025, 32.136867580000057 ], [ 119.792002800000091, 32.142279364000046 ], [ 119.791026238000086, 32.16547272300005 ], [ 119.798838738000086, 32.178697007000039 ], [ 119.809906446000014, 32.189113674000055 ], [ 119.819346550000091, 32.20376211100006 ], [ 119.789317254000025, 32.211493231000077 ], [ 119.749847852000016, 32.228013414000088 ], [ 119.719493035000028, 32.249579169000071 ], [ 119.716156446000014, 32.272650458000044 ], [ 119.750824415000011, 32.293117580000057 ], [ 119.785329623000052, 32.291693427000041 ], [ 119.814300977000016, 32.275580145000049 ], [ 119.832855665000011, 32.252142645000049 ], [ 119.875010613000086, 32.155218817000048 ], [ 119.880707227000016, 32.125189520000049 ] ] ], [ [ [ 119.280284050000091, 35.076605536000045 ], [ 119.250498894000089, 35.068182684000078 ], [ 119.229095899000072, 35.066107489000046 ], [ 119.221202019000089, 35.064032294000071 ], [ 119.212657097000033, 35.058010158000059 ], [ 119.207286004000025, 35.048407294000071 ], [ 119.203949415000011, 35.024969794000071 ], [ 119.199310743000069, 35.016669012000079 ], [ 119.192881707000083, 35.000433661000045 ], [ 119.192881707000083, 34.974025783000059 ], [ 119.197032097000033, 34.947699286000045 ], [ 119.203379754000025, 34.931626695000034 ], [ 119.18869763400005, 34.856274168000084 ], [ 119.193125847000033, 34.809881903000075 ], [ 119.201914910000028, 34.784979559000078 ], [ 119.189056837000066, 34.766546942000048 ], [ 119.195323113000086, 34.759711005000042 ], [ 119.190277540000011, 34.749253648000035 ], [ 119.18873131600003, 34.73305898600006 ], [ 119.192230665000011, 34.71820709800005 ], [ 119.203379754000025, 34.711900132000039 ], [ 119.209808790000011, 34.718573309000078 ], [ 119.220957879000025, 34.749416408000059 ], [ 119.229340040000011, 34.759711005000042 ], [ 119.241791212000066, 34.761664130000042 ], [ 119.291351759, 34.753485419000071 ], [ 119.31177819100003, 34.755072333000044 ], [ 119.324961785000028, 34.759995835000041 ], [ 119.335052931000064, 34.768500067000048 ], [ 119.346690300000091, 34.780829169000071 ], [ 119.358002149000072, 34.774603583000044 ], [ 119.375580274000072, 34.759344794000071 ], [ 119.387705925000091, 34.753485419000071 ], [ 119.401459181000064, 34.751125393000052 ], [ 119.428233269000089, 34.749945380000042 ], [ 119.442230665000011, 34.746039130000042 ], [ 119.463226759, 34.732367255000042 ], [ 119.474213087000066, 34.715277411000045 ], [ 119.472748243000069, 34.698146877000056 ], [ 119.456553582000083, 34.684556382000039 ], [ 119.531748894000089, 34.615708726000037 ], [ 119.588715040000011, 34.582220770000049 ], [ 119.599864129000025, 34.568548895000049 ], [ 119.609222852000016, 34.562730210000041 ], [ 119.640961134, 34.550523179000038 ], [ 119.640961134, 34.545721747000073 ], [ 119.641449415000011, 34.540838934000078 ], [ 119.643402540000011, 34.53656647300005 ], [ 119.64771569100003, 34.53384023600006 ], [ 119.658457879000025, 34.53156159100007 ], [ 119.685313347000033, 34.53384023600006 ], [ 119.705332879000025, 34.531154690000051 ], [ 119.728851759, 34.524115302000041 ], [ 119.75123131600003, 34.514227606000077 ], [ 119.795258009, 34.481675523000035 ], [ 119.826182488000086, 34.470404364000046 ], [ 119.862071160000028, 34.465806382000039 ], [ 119.905039910000028, 34.464911200000074 ], [ 119.939952019000089, 34.457912502000056 ], [ 119.982920769000089, 34.440741278000075 ], [ 120.022959832000083, 34.41937897300005 ], [ 120.078705274000072, 34.377508856000077 ], [ 120.118174675000091, 34.359605210000041 ], [ 120.239756707000083, 34.32367584800005 ], [ 120.25709069100003, 34.311835028000075 ], [ 120.264008009, 34.290757554000038 ], [ 120.266693556000064, 34.266302802000041 ], [ 120.274180535000028, 34.244533596000053 ], [ 120.298838738000086, 34.204250393000052 ], [ 120.309374279000053, 34.174071349000087 ], [ 120.317212315, 34.152123405000054 ], [ 120.324965542000086, 34.136451072000057 ], [ 120.325223759000096, 34.111297999000044 ], [ 120.348236524000072, 34.076849677000041 ], [ 120.353526238000086, 34.060777085000041 ], [ 120.358490431000064, 34.05345286700009 ], [ 120.365326368000069, 34.04564036700009 ], [ 120.371348504000025, 34.036037502000056 ], [ 120.385020379000025, 33.970404364000046 ], [ 120.407969597000033, 33.916815497000073 ], [ 120.41334069100003, 33.897365627000056 ], [ 120.412608269000089, 33.887518622000073 ], [ 120.398448113000086, 33.878973700000074 ], [ 120.39966881600003, 33.869330145000049 ], [ 120.407074415000011, 33.859767971000053 ], [ 120.418955925000091, 33.855373440000051 ], [ 120.431407097000033, 33.84601471600007 ], [ 120.443369988000086, 33.824693101000037 ], [ 120.450938347000033, 33.80149974200009 ], [ 120.449717644000089, 33.786444403000075 ], [ 120.46412194100003, 33.774969794000071 ], [ 120.482432488000086, 33.765122789000088 ], [ 120.498301629000025, 33.753322658000059 ], [ 120.504893425000091, 33.735581773000035 ], [ 120.505869988000086, 33.697170315000051 ], [ 120.511729363000086, 33.656724351000037 ], [ 120.502696160000028, 33.66156647300005 ], [ 120.495127800000091, 33.662176825000074 ], [ 120.489024285000028, 33.658392645000049 ], [ 120.483734571000014, 33.649969794000071 ], [ 120.525970899000072, 33.610663153000075 ], [ 120.539073113000086, 33.594671942000048 ], [ 120.563243035000028, 33.548000393000052 ], [ 120.573252800000091, 33.533270575000074 ], [ 120.627777540000011, 33.478013414000088 ], [ 120.634369337000066, 33.466945705000057 ], [ 120.652110222000033, 33.428127346000053 ], [ 120.655772332000083, 33.413153387000079 ], [ 120.661957227000016, 33.338039455000057 ], [ 120.66724694100003, 33.325100002000056 ], [ 120.680023634, 33.308010158000059 ], [ 120.695078972000033, 33.293158270000049 ], [ 120.707286004000025, 33.286810614000046 ], [ 120.720469597000033, 33.284979559000078 ], [ 120.737884962000066, 33.279282945000034 ], [ 120.750254754000025, 33.269598700000074 ], [ 120.747569207000083, 33.255804755000042 ], [ 120.742686394000089, 33.25267161700009 ], [ 120.737071160000028, 33.250921942000048 ], [ 120.732188347000033, 33.248236395000049 ], [ 120.730235222000033, 33.242132880000042 ], [ 120.732513868000069, 33.237127997000073 ], [ 120.742523634, 33.227769273000035 ], [ 120.744395379000025, 33.224107164000088 ], [ 120.743500196000014, 33.208644924000055 ], [ 120.740082227000016, 33.205511786000045 ], [ 120.730235222000033, 33.204901434000078 ], [ 120.785248243000069, 33.165025132000039 ], [ 120.806976759, 33.137762762000079 ], [ 120.79224694100003, 33.108710028000075 ], [ 120.812510613000086, 33.10578034100007 ], [ 120.818939649000072, 33.092189846000053 ], [ 120.81959069100003, 33.054103908000059 ], [ 120.825938347000033, 33.030178127000056 ], [ 120.833750847000033, 33.025620835000041 ], [ 120.846446160000028, 33.029852606000077 ], [ 120.867442254000025, 33.032375393000052 ], [ 120.890147332000083, 33.02610911700009 ], [ 120.89576256600003, 33.013576565000051 ], [ 120.888519727000016, 32.977728583000044 ], [ 120.888682488000086, 32.962713934000078 ], [ 120.907806837000066, 32.843898830000057 ], [ 120.904795769000089, 32.812648830000057 ], [ 120.880308214000024, 32.772031829000071 ], [ 120.852386915000011, 32.756008205000057 ], [ 120.861420118000069, 32.719671942000048 ], [ 120.860443556000064, 32.68976471600007 ], [ 120.850189649000072, 32.696600653000075 ], [ 120.843109571000014, 32.703924872000073 ], [ 120.841400587000066, 32.711086330000057 ], [ 120.84693444100003, 32.717678127000056 ], [ 120.840098504000025, 32.724514065000051 ], [ 120.830170118000069, 32.709418036000045 ], [ 120.830332879000025, 32.697658596000053 ], [ 120.863868238, 32.67105755700004 ], [ 120.906614115000025, 32.659710273000087 ], [ 120.911199327000077, 32.630121296000084 ], [ 120.94388695400005, 32.605224163000059 ], [ 120.975020967000091, 32.59511507700006 ], [ 121.020705514000042, 32.568521788000055 ], [ 121.042782071000033, 32.557541816000082 ], [ 121.066254102000016, 32.544012762000079 ], [ 121.086192254000025, 32.536037502000056 ], [ 121.098724806000064, 32.521144924000055 ], [ 121.10084069100003, 32.497951565000051 ], [ 121.107676629000025, 32.497951565000051 ], [ 121.120209181000064, 32.507391669000071 ], [ 121.157256416, 32.495595517000083 ], [ 121.173799982000105, 32.487625079000054 ], [ 121.191507408, 32.478652535000037 ], [ 121.21510394400002, 32.472664414000064 ], [ 121.271709936000093, 32.447734492000052 ], [ 121.354139656000029, 32.41482275900006 ], [ 121.38940888400009, 32.384947575000069 ], [ 121.401117309000028, 32.352131949000068 ], [ 121.416026238000086, 32.268947658000059 ], [ 121.417735222000033, 32.255275783000059 ], [ 121.419281446000014, 32.25031159100007 ], [ 121.415782097000033, 32.248602606000077 ], [ 121.401703321000014, 32.244696356000077 ], [ 121.377207879000025, 32.24164459800005 ], [ 121.366709832000083, 32.238959052000041 ], [ 121.360850457000083, 32.231634833000044 ], [ 121.368011915000011, 32.227362372000073 ], [ 121.398692254000025, 32.168931382000039 ], [ 121.425140821000014, 32.164048570000034 ], [ 121.431162957000083, 32.151353257000039 ], [ 121.432139519000089, 32.133856512000079 ], [ 121.443369988000086, 32.114325262000079 ], [ 121.449473504000025, 32.11273834800005 ], [ 121.456146681000064, 32.11554596600007 ], [ 121.462412957000083, 32.119696356000077 ], [ 121.467295769000089, 32.121771552000041 ], [ 121.472992384, 32.119614976000037 ], [ 121.481944207000083, 32.110256252000056 ], [ 121.488047722000033, 32.10814036700009 ], [ 121.496592644000089, 32.110256252000056 ], [ 121.53081178900004, 32.108518596000067 ], [ 121.554237991000036, 32.102498235000041 ], [ 121.594248894000089, 32.087062893000052 ], [ 121.655365431000064, 32.062933661000045 ], [ 121.683116082000083, 32.042629299000055 ], [ 121.717784050000091, 32.025580145000049 ], [ 121.727305535000028, 32.016587632000039 ], [ 121.764365901000019, 31.995286882000073 ], [ 121.798643983000034, 31.970474858000046 ], [ 121.821945116000052, 31.952486444000044 ], [ 121.825205925000091, 31.927720445000034 ], [ 121.847833115000071, 31.904607285000054 ], [ 121.874960199000043, 31.863722900000084 ], [ 121.874687220000055, 31.825903471000061 ], [ 121.901776280000036, 31.786487458000067 ], [ 121.922057183000106, 31.754378129000088 ], [ 121.93038277800008, 31.726714179000055 ], [ 121.914842041000043, 31.706434259000048 ], [ 121.871997941000018, 31.690681688000041 ], [ 121.817306249000012, 31.690949425000042 ], [ 121.749045061000061, 31.711633711000047 ], [ 121.702910182000096, 31.720554647000085 ], [ 121.675554272, 31.723572594000075 ], [ 121.655059970000025, 31.732380486000068 ], [ 121.607194388000039, 31.748550791000071 ], [ 121.574310743000069, 31.765529690000051 ], [ 121.551605665000011, 31.77374909100007 ], [ 121.529063347000033, 31.779201565000051 ], [ 121.517425977000016, 31.783433335000041 ], [ 121.507904493000069, 31.792873440000051 ], [ 121.500498894000089, 31.80219147300005 ], [ 121.494883660000028, 31.806463934000078 ], [ 121.480235222000033, 31.810980536000045 ], [ 121.416026238000086, 31.840643622000073 ], [ 121.317396834000078, 31.883248006000088 ], [ 121.286418364000042, 31.890589166000041 ], [ 121.227864326000031, 31.865903812000056 ], [ 121.185150587000066, 31.836737372000073 ], [ 121.115087061000054, 31.796333603000051 ], [ 121.086623620000069, 31.801835915000083 ], [ 121.062413435000053, 31.813500849000036 ], [ 121.039934906000099, 31.819332284000041 ], [ 121.005365083000015, 31.820779027000071 ], [ 120.977816792, 31.814365316000078 ], [ 120.950628362000089, 31.825236128000086 ], [ 120.940564094000024, 31.844647237000061 ], [ 120.943125847000033, 31.86790599200009 ], [ 120.943125847000033, 31.87531159100007 ], [ 120.944834832000083, 31.884588934000078 ], [ 120.941416863000086, 31.892523505000042 ], [ 120.925791863000086, 31.895900783000059 ], [ 120.919281446000014, 31.899359442000048 ], [ 120.910899285000028, 31.917669989000046 ], [ 120.90552819100003, 31.925970770000049 ], [ 120.84693444100003, 31.991441148000035 ], [ 120.810801629000025, 32.022609768000052 ], [ 120.743644416000052, 32.03604475700007 ], [ 120.634376476000057, 32.077009598000075 ], [ 120.565487622000092, 32.076713345000087 ], [ 120.522360562000017, 32.082601237000063 ], [ 120.490757629000086, 32.08245338200004 ], [ 120.42782102700005, 32.052929987000084 ], [ 120.361582879000025, 32.025580145000049 ], [ 120.300303582000083, 31.971665757000039 ], [ 120.267100457000083, 31.94867584800005 ], [ 120.223724806000064, 31.936835028000075 ], [ 120.175873243000069, 31.936672268000052 ], [ 120.131358269000089, 31.943182684000078 ], [ 120.090098504000025, 31.955023505000042 ], [ 120.052338087000066, 31.970933335000041 ], [ 120.020030144000089, 31.990790106000077 ], [ 119.992035352000016, 32.015855210000041 ], [ 119.921397332000083, 32.108547268000052 ], [ 119.912201368000069, 32.123724677000041 ], [ 119.908457879000025, 32.138861395000049 ], [ 119.910980665000011, 32.158148505000042 ], [ 119.92115319100003, 32.196478583000044 ], [ 119.922129754000025, 32.21743398600006 ], [ 119.900482618000069, 32.198187567000048 ], [ 119.887543165000011, 32.213853257000039 ], [ 119.87427819100003, 32.265122789000088 ], [ 119.862152540000011, 32.281154690000051 ], [ 119.842133009, 32.299058335000041 ], [ 119.818369988000086, 32.313706773000035 ], [ 119.795176629000025, 32.31976959800005 ], [ 119.781993035000028, 32.321234442000048 ], [ 119.758067254000025, 32.326971747000073 ], [ 119.743907097000033, 32.327215887000079 ], [ 119.692393425000091, 32.31976959800005 ], [ 119.676849806000064, 32.32843659100007 ], [ 119.660899285000028, 32.345770575000074 ], [ 119.640879754000025, 32.35883209800005 ], [ 119.612884962000066, 32.354559637000079 ], [ 119.649017774000072, 32.336086330000057 ], [ 119.660736524000072, 32.327215887000079 ], [ 119.678558790000011, 32.306219794000071 ], [ 119.685394727000016, 32.29242584800005 ], [ 119.678477410000028, 32.286281643000052 ], [ 119.676036004000025, 32.27806224200009 ], [ 119.654551629000025, 32.234767971000053 ], [ 119.649017774000072, 32.219549872000073 ], [ 119.635752800000091, 32.211004950000074 ], [ 119.619883660000028, 32.204901434000078 ], [ 119.606049024000072, 32.196926174000055 ], [ 119.627696160000028, 32.189398505000042 ], [ 119.645274285000028, 32.195217190000051 ], [ 119.659759962000066, 32.207912502000056 ], [ 119.671641472000033, 32.220770575000074 ], [ 119.690440300000091, 32.235337632000039 ], [ 119.701426629000025, 32.233465887000079 ], [ 119.71216881600003, 32.222601630000042 ], [ 119.730235222000033, 32.210598049000055 ], [ 119.75513756600003, 32.205877997000073 ], [ 119.77857506600003, 32.204657294000071 ], [ 119.788584832000083, 32.198635158000059 ], [ 119.763763868000069, 32.162502346000053 ], [ 119.764414910000028, 32.143744208000044 ], [ 119.772471550000091, 32.126776434000078 ], [ 119.784922722000033, 32.114325262000079 ], [ 119.855560743000069, 32.086981512000079 ], [ 119.866953972000033, 32.077093817000048 ], [ 119.907162517000074, 32.04538471300009 ], [ 119.938502075000088, 32.018042851000075 ], [ 119.961222406000047, 31.990615801000047 ], [ 119.97868014300002, 31.968956602000048 ], [ 120.006395532000056, 31.950304999000082 ], [ 120.038828972000033, 31.943060614000046 ], [ 120.130951368000069, 31.912298895000049 ], [ 120.178314649000072, 31.904201565000051 ], [ 120.229991082000083, 31.908880927000041 ], [ 120.341170856000076, 31.95632050800009 ], [ 120.418223504000025, 31.969671942000048 ], [ 120.432220899000072, 31.975165106000077 ], [ 120.455781043, 31.982518923000043 ], [ 120.454157138000028, 32.003185570000085 ], [ 120.455412335, 32.021428442000058 ], [ 120.469493035000028, 32.025132554000038 ], [ 120.517832879000025, 32.018744208000044 ], [ 120.604258660000028, 31.991441148000035 ], [ 120.670013868000069, 31.998846747000073 ], [ 120.689952019000089, 31.998236395000049 ], [ 120.750353874000098, 31.97833627600005 ], [ 120.779818159, 31.915882668000052 ], [ 120.807447033000017, 31.873769896000056 ], [ 120.824798601, 31.828702466000038 ], [ 120.807752238000035, 31.809740522000084 ], [ 120.751475457000083, 31.824693101000037 ], [ 120.738536004000025, 31.836818752000056 ], [ 120.727631056000064, 31.850653387000079 ], [ 120.717133009, 31.861070054000038 ], [ 120.720795118000069, 31.831935940000051 ], [ 120.731455925000091, 31.813869533000059 ], [ 120.748383009, 31.802232164000088 ], [ 120.83189898, 31.777766057000065 ], [ 120.895362851000073, 31.76332027400008 ], [ 120.94849694100003, 31.757879950000074 ], [ 120.980723504000025, 31.751206773000035 ], [ 121.013764364000053, 31.74303425700009 ], [ 121.067026293000026, 31.724085562000084 ], [ 121.144402290000016, 31.684658291000062 ], [ 121.211680535000028, 31.627630927000041 ], [ 121.244720899000072, 31.600409247000073 ], [ 121.320323113000086, 31.504828192000048 ], [ 121.340912306000064, 31.49095286700009 ], [ 121.325338982807807, 31.492315782447406 ], [ 121.306115349943411, 31.486863919534244 ], [ 121.291542597013176, 31.485055243504689 ], [ 121.261725294886446, 31.486657213059914 ], [ 121.248702833768675, 31.485365301867148 ], [ 121.238780958974075, 31.482213040499403 ], [ 121.23599043191291, 31.480791938097468 ], [ 121.214751418343212, 31.46733022740807 ], [ 121.209170363321618, 31.464720567500194 ], [ 121.192065463949916, 31.459682114837733 ], [ 121.186794468190101, 31.457511705400862 ], [ 121.18043826681253, 31.451233019288395 ], [ 121.173151890347413, 31.441414496381867 ], [ 121.150982700790905, 31.400176702692647 ], [ 121.139923944434486, 31.387903551307829 ], [ 121.135583123762103, 31.37441600219671 ], [ 121.139923944434486, 31.340542101137032 ], [ 121.141474237146326, 31.329250799884505 ], [ 121.141474237146326, 31.324186509699643 ], [ 121.140544061159403, 31.317571925903621 ], [ 121.137546827623964, 31.307520859899739 ], [ 121.134032831050263, 31.299691881075432 ], [ 121.132327508707476, 31.294265854785351 ], [ 121.130312128002288, 31.283362128059764 ], [ 121.128865188077953, 31.280261541736763 ], [ 121.126281365692421, 31.276954250738072 ], [ 121.119253370746378, 31.275636502022905 ], [ 121.114189080561573, 31.276489162744667 ], [ 121.10561079290369, 31.279176337018328 ], [ 121.099409621157065, 31.279925644952527 ], [ 121.093053419779494, 31.279563909746628 ], [ 121.086697219301186, 31.278349513818966 ], [ 121.061272413790789, 31.266618963894075 ], [ 121.058946974723085, 31.260521144934899 ], [ 121.058171828367108, 31.254500841240827 ], [ 121.05863691636057, 31.24840302228165 ], [ 121.070419143128902, 31.176262721747207 ], [ 121.069799026403871, 31.170164902788031 ], [ 121.068093703161821, 31.164196275038023 ], [ 121.066078321557256, 31.158615220915692 ], [ 121.062977736133575, 31.153680121040736 ], [ 121.052074009407988, 31.14858999333353 ], [ 121.034710727617949, 31.143758246246023 ], [ 120.958229608209763, 31.135024928957307 ], [ 120.882988723151016, 31.140037543198048 ], [ 120.876167433779983, 31.139598294525626 ], [ 120.870224643552433, 31.138151352802652 ], [ 120.865212030210955, 31.135722560947386 ], [ 120.86242150314979, 31.130399889243449 ], [ 120.860767856751181, 31.125671494943504 ], [ 120.866348911772775, 31.107429714010095 ], [ 120.88918989489764, 31.079085191128627 ], [ 120.896114537056178, 31.062135322287247 ], [ 120.909343702849583, 31.011724961737571 ], [ 120.894254185082559, 30.997565619058037 ], [ 120.888259718910831, 30.995240179990276 ], [ 120.878131137641844, 30.993896592853446 ], [ 120.870224643552433, 30.994904283206097 ], [ 120.844179722216381, 31.000717882224478 ], [ 120.833792759428206, 31.001725572577072 ], [ 120.78149621028183, 30.996790472702116 ], [ 120.773124628198957, 30.994310004003466 ], [ 120.746046177189328, 30.982372748503508 ], [ 120.735504184770207, 30.979349677445612 ], [ 120.726409133174911, 30.977902737521276 ], [ 120.698142124659284, 30.977592678259498 ], [ 120.692095981644229, 30.976559150384446 ], [ 120.686514926622522, 30.973381048796341 ], [ 120.682174106849516, 30.96875600818322 ], [ 120.680003697412644, 30.959454251012858 ], [ 120.682587517999536, 30.954312446462211 ], [ 120.686980014615983, 30.95025584573068 ], [ 120.691630893650768, 30.947026069097774 ], [ 120.695661655960635, 30.943357041993863 ], [ 120.6984521830218, 30.939067898164922 ], [ 120.70077762298888, 30.934494534395242 ], [ 120.70666873637299, 30.913823960707191 ], [ 120.709459263434269, 30.89108633126915 ], [ 120.708425734659841, 30.885970364240904 ], [ 120.70532514923616, 30.881655381990242 ], [ 120.695816684692204, 30.880311794853412 ], [ 120.643830193908229, 30.860183824423927 ], [ 120.634528435838547, 30.858039252509457 ], [ 120.619955682009049, 30.858426825237757 ], [ 120.604297722561796, 30.860287177211433 ], [ 120.592360467961157, 30.855636298176591 ], [ 120.577891066919165, 30.84579193774772 ], [ 120.534276158218063, 30.800859280331508 ], [ 120.490971306980214, 30.76370392489622 ], [ 120.476243524419033, 30.803313909709118 ], [ 120.475158318801277, 30.80858490726763 ], [ 120.446942987129091, 30.889691067288879 ], [ 120.442292108094307, 30.897649238221732 ], [ 120.437796258690355, 30.901163234795433 ], [ 120.432163527724583, 30.902816881194099 ], [ 120.423378533592427, 30.901240750060538 ], [ 120.413870069947734, 30.893334255071807 ], [ 120.409219191812213, 30.89046621274548 ], [ 120.403483108058936, 30.888890082511296 ], [ 120.390305617310332, 30.88741730416524 ], [ 120.3834843279393, 30.888347480152049 ], [ 120.37697309783016, 30.891215522478376 ], [ 120.371495395595957, 30.899225369355293 ], [ 120.369221633371581, 30.905839952251995 ], [ 120.368084750910498, 30.912506211992081 ], [ 120.367464634185467, 30.930463772085375 ], [ 120.365294223849332, 30.935243842329442 ], [ 120.361676873588749, 30.938757838903143 ], [ 120.354907261061157, 30.938421943018227 ], [ 120.304161004626621, 30.930308743353805 ], [ 120.213417189751453, 30.920541897290718 ], [ 120.128616164204573, 30.943176173941254 ], [ 120.051308221597083, 30.994542548000197 ], [ 120.025573357724284, 31.022241115734857 ], [ 119.962424757796271, 31.067716376409635 ], [ 119.94309777214437, 31.086578274068074 ], [ 119.938963657946374, 31.098670559198922 ], [ 119.936948277241186, 31.11288157782252 ], [ 119.936276482773451, 31.138383896799382 ], [ 119.931935663000445, 31.150036933257866 ], [ 119.909404738237981, 31.164919745449879 ], [ 119.89746748273808, 31.16820119892617 ], [ 119.880259230578986, 31.169622301328104 ], [ 119.854162632399493, 31.168769639707079 ], [ 119.835559117159505, 31.166392523795935 ], [ 119.81773074827538, 31.161199042401847 ], [ 119.803726434327473, 31.158692735281477 ], [ 119.78884362213546, 31.160165514526852 ], [ 119.780006952059125, 31.165152289446553 ], [ 119.772255486701283, 31.171224269984066 ], [ 119.764038934249356, 31.176495265743881 ], [ 119.754065382611316, 31.177838852880711 ], [ 119.740112746406112, 31.176495265743881 ], [ 119.721044143172662, 31.16938975733143 ], [ 119.700218540752985, 31.166082465433419 ], [ 119.674328648148503, 31.166211655743325 ], [ 119.662701451011117, 31.162904364744634 ], [ 119.653089633679656, 31.159080308909097 ], [ 119.629783562561329, 31.132880357042836 ], [ 119.592421503349669, 31.13078746197175 ], [ 119.574954868772124, 31.13311290103951 ], [ 119.548031447393328, 31.141303615969093 ], [ 119.537024366980859, 31.146729641359855 ], [ 119.526895786611249, 31.155307929017681 ], [ 119.493099399917355, 31.15104462271114 ], [ 119.479146762812775, 31.155075385021007 ], [ 119.466692743375347, 31.161095688715022 ], [ 119.406644728871129, 31.180370999322122 ], [ 119.381374952991678, 31.184220893579379 ], [ 119.369902784585747, 31.188355006878055 ], [ 119.362771437751576, 31.192359930766145 ], [ 119.360290969052926, 31.196984972278642 ], [ 119.358533969866812, 31.201971747198343 ], [ 119.35729373641675, 31.207320258223319 ], [ 119.356570266004951, 31.219205837779157 ], [ 119.359670852327895, 31.254035753247422 ], [ 119.359464145853622, 31.258815823491432 ], [ 119.358740676341085, 31.264190172038809 ], [ 119.35750044199176, 31.269487006220345 ], [ 119.355433384443131, 31.274990545976891 ], [ 119.352642857381966, 31.280235704214363 ], [ 119.348922154333877, 31.285816759236013 ], [ 119.344581332762232, 31.2875220815788 ], [ 119.340085484257656, 31.286591904692614 ], [ 119.336054721947789, 31.284421495255799 ], [ 119.332644078161593, 31.281165880201172 ], [ 119.325667759159728, 31.273156033324256 ], [ 119.321636997749238, 31.269487006220345 ], [ 119.316831089083394, 31.2667223175809 ], [ 119.311198358117736, 31.265042832760514 ], [ 119.304687128008482, 31.264939479973009 ], [ 119.283448114438897, 31.267109890309143 ], [ 119.276781853799434, 31.266567287949954 ], [ 119.264379511205448, 31.263079128898653 ], [ 119.254457636410734, 31.262148952911843 ], [ 119.23606082584638, 31.264887804028888 ], [ 119.17590945765528, 31.288555610353114 ], [ 119.162886998336262, 31.287444566313638 ], [ 119.096017693561635, 31.24705943514482 ], [ 119.074727004047986, 31.238842881793516 ], [ 118.816086460421729, 31.226337185512705 ], [ 118.803632440085039, 31.227629095806094 ], [ 118.799291620312033, 31.230884710860721 ], [ 118.796707797926501, 31.235303045898831 ], [ 118.790713331754773, 31.249643255731655 ], [ 118.787664423174533, 31.254888413969127 ], [ 118.784873895213991, 31.258609117017102 ], [ 118.767510614323328, 31.272380886069016 ], [ 118.763479852013461, 31.274913032510426 ], [ 118.755728387554996, 31.280804144995273 ], [ 118.740690545732036, 31.306435655181303 ], [ 118.736608108377482, 31.320750027491783 ], [ 118.736608108377482, 31.326925360816745 ], [ 118.737383253834082, 31.333875841396946 ], [ 118.738933547445185, 31.341239732227848 ], [ 118.742034132868866, 31.349611314310664 ], [ 118.746064895178733, 31.354753118861311 ], [ 118.75102583167677, 31.357957057971817 ], [ 118.796707797926501, 31.371961371020461 ], [ 118.803012323360008, 31.375191148552631 ], [ 118.810040318306051, 31.379661160434182 ], [ 118.819652133838872, 31.387903551307829 ], [ 118.827248569565768, 31.397541205262371 ], [ 118.880940382692415, 31.522443142037332 ], [ 118.88218061704174, 31.535362250367541 ], [ 118.881405470685877, 31.547196153079994 ], [ 118.879855177974036, 31.552234604843136 ], [ 118.872413771877973, 31.565851345163424 ], [ 118.870553419904354, 31.570786445038379 ], [ 118.869158155924083, 31.576109116742316 ], [ 118.86838300956822, 31.581793525450792 ], [ 118.868538039199052, 31.607089137953324 ], [ 118.86745283358141, 31.613522853696736 ], [ 118.865747512137887, 31.620680039851948 ], [ 118.863060336964963, 31.624633286896653 ], [ 118.860476516378071, 31.627372138013754 ], [ 118.856239047593931, 31.629930121078189 ], [ 118.850813023102432, 31.631971340205155 ], [ 118.844146763362346, 31.632901516192021 ], [ 118.837945590716345, 31.632178045780165 ], [ 118.832054478231498, 31.630601915545924 ], [ 118.821977573805952, 31.625563462883463 ], [ 118.816396518784245, 31.623858141440053 ], [ 118.81035037576919, 31.623470566913113 ], [ 118.804252556809956, 31.625020860524273 ], [ 118.79991173703695, 31.628147284369675 ], [ 118.7974312683383, 31.632824001826179 ], [ 118.79608768120147, 31.637965807276146 ], [ 118.793245477296864, 31.658016262440526 ], [ 118.789369744617943, 31.667369697353649 ], [ 118.783943720126558, 31.672020575489171 ], [ 118.777277460386472, 31.674165147403585 ], [ 118.770921259008901, 31.673622545044395 ], [ 118.765495232718763, 31.671555488395029 ], [ 118.761154412945757, 31.668274034019419 ], [ 118.757227004322772, 31.664424139762218 ], [ 118.754023065212209, 31.659928290358266 ], [ 118.748442011089878, 31.649928901197825 ], [ 118.745031366404419, 31.645458889316274 ], [ 118.741000604094552, 31.641764023790643 ], [ 118.735987989853811, 31.639206040726151 ], [ 118.729786819006449, 31.638198351272877 ], [ 118.722810500004471, 31.638120836007772 ], [ 118.709633010155244, 31.639671128719613 ], [ 118.680745884015323, 31.646750800509039 ], [ 118.673924594644291, 31.649773871566879 ], [ 118.667878453427875, 31.65421804502671 ], [ 118.661677280781873, 31.661995347906952 ], [ 118.660385369589108, 31.66853241643787 ], [ 118.661522251150927, 31.674371852978595 ], [ 118.664622836574608, 31.678893540804268 ], [ 118.668498570152792, 31.682769273483188 ], [ 118.67712853375474, 31.690003974004185 ], [ 118.680900913646155, 31.694809881770595 ], [ 118.684363235175169, 31.700856024785708 ], [ 118.683433059188246, 31.705713609395559 ], [ 118.680125767290292, 31.709537665231039 ], [ 118.675268181781121, 31.712612413132319 ], [ 118.637441033676737, 31.725376491831639 ], [ 118.56871137872713, 31.735608424988811 ], [ 118.555998976871251, 31.739768378507847 ], [ 118.550883009843005, 31.742688096778238 ], [ 118.546852248432515, 31.745659490992693 ], [ 118.539720900698967, 31.754496161068971 ], [ 118.53553510965753, 31.757467556182746 ], [ 118.530264112998339, 31.760180568878127 ], [ 118.518585239916888, 31.764082139978768 ], [ 118.511143832921562, 31.767699490239238 ], [ 118.484168735598587, 31.784442654404984 ], [ 118.476882359133469, 31.790230414102325 ], [ 118.472386508830255, 31.803976344732519 ], [ 118.481378207638159, 31.845705063937544 ], [ 118.481068150174906, 31.858701687532857 ], [ 118.475487095153312, 31.866143092729544 ], [ 118.466495396345408, 31.882214464226138 ], [ 118.460397577386289, 31.890663561574115 ], [ 118.454971551995527, 31.895081894813586 ], [ 118.44861534971858, 31.897071437996431 ], [ 118.443344353958764, 31.895753689281321 ], [ 118.438383416561351, 31.89322154373923 ], [ 118.431562128089695, 31.893066515007661 ], [ 118.422570429281791, 31.895986233277995 ], [ 118.406137322579298, 31.908621120768089 ], [ 118.39616377184052, 31.914718939727265 ], [ 118.380815870755782, 31.921617743464083 ], [ 118.375234816633451, 31.925390123355498 ], [ 118.351980422358565, 31.946680812869204 ], [ 118.350223423172338, 31.95239105910008 ], [ 118.352600539083596, 31.956111762148112 ], [ 118.363142530603227, 31.960349229133612 ], [ 118.366553176188063, 31.964018256237523 ], [ 118.367948440168334, 31.969340928840779 ], [ 118.368568556893365, 31.974973659806551 ], [ 118.370273879236038, 31.980503037984818 ], [ 118.373219435928149, 31.984895535500527 ], [ 118.377715285332101, 31.988280340865003 ], [ 118.393993360605009, 31.995256658967605 ], [ 118.398954298901685, 31.998331406868886 ], [ 118.402830030681343, 32.003240668322178 ], [ 118.401434767600449, 32.007193915366884 ], [ 118.397559034921528, 32.011663927248435 ], [ 118.39213301043003, 32.016469835014846 ], [ 118.385311721058997, 32.024040432320078 ], [ 118.382056106004484, 32.030319119331864 ], [ 118.380660842024213, 32.037088730960136 ], [ 118.381125930017561, 32.042437241985112 ], [ 118.383141310722863, 32.05396108723437 ], [ 118.397869094183307, 32.078145657496066 ], [ 118.411511672025995, 32.088661811493409 ], [ 118.483031854036767, 32.124137682108312 ], [ 118.493315464037437, 32.131579088204319 ], [ 118.4990515477906, 32.137676907163495 ], [ 118.49982669504584, 32.139950670287192 ], [ 118.500291783039302, 32.141345934267406 ], [ 118.500911899764333, 32.15186208826475 ], [ 118.498741490327461, 32.17630504004552 ], [ 118.499361607052492, 32.183488063723132 ], [ 118.503082310100467, 32.192867337057919 ], [ 118.507888217866935, 32.19751821519344 ], [ 118.514399448875452, 32.199766139895416 ], [ 118.542253046241058, 32.201238919140792 ], [ 118.598993767947945, 32.211574205085469 ], [ 118.609535761266329, 32.215604967395336 ], [ 118.650360142006889, 32.237877508839915 ], [ 118.665397983829848, 32.249737249974089 ], [ 118.668498570152792, 32.261054388749017 ], [ 118.669583774871285, 32.267178046129914 ], [ 118.668808627616045, 32.272965806726575 ], [ 118.66508792456807, 32.276634832931165 ], [ 118.653150669068054, 32.280846463293642 ], [ 118.650050082745111, 32.284463813554112 ], [ 118.650360142006889, 32.289037177323848 ], [ 118.655941197028596, 32.300018419314597 ], [ 118.661522251150927, 32.31567637786253 ], [ 118.667413365434413, 32.320740668047392 ], [ 118.678265416215936, 32.327355251843358 ], [ 118.682451207257373, 32.333298041171645 ], [ 118.684053175913277, 32.339240831399252 ], [ 118.682916294351458, 32.351023058167584 ], [ 118.681676060002133, 32.356345729871521 ], [ 118.674389682637752, 32.372081204583878 ], [ 118.669118686877823, 32.392235012535764 ], [ 118.667723422897552, 32.403681342519917 ], [ 118.668963658146254, 32.429261175862564 ], [ 118.667878453427875, 32.453213202127529 ], [ 118.666793247810119, 32.458871772414341 ], [ 118.664932895836387, 32.463858547334098 ], [ 118.661367222419358, 32.468225206428087 ], [ 118.656406285021944, 32.471196601541919 ], [ 118.649895054013541, 32.473470363766239 ], [ 118.611809524389969, 32.477681993229396 ], [ 118.605815057318978, 32.479826565143867 ], [ 118.601009148653247, 32.482952988989211 ], [ 118.597340123347976, 32.486854560089853 ], [ 118.594807976906509, 32.491272895127963 ], [ 118.593412713825614, 32.4954845236918 ], [ 118.592792597100583, 32.50008372678252 ], [ 118.593877801819076, 32.515586655699565 ], [ 118.593257684194668, 32.521374417195602 ], [ 118.591862421113774, 32.526722927321202 ], [ 118.589226922784178, 32.531218776725154 ], [ 118.585351190105257, 32.534913642250785 ], [ 118.580803663857978, 32.538195094827756 ], [ 118.559254591925878, 32.549305528027674 ], [ 118.555068800884442, 32.554499010321024 ], [ 118.552433302554846, 32.561630357155252 ], [ 118.551813185829815, 32.574446112697899 ], [ 118.554552036946916, 32.581758328484057 ], [ 118.558892856719922, 32.587468573815613 ], [ 118.56623091002848, 32.591499335226104 ], [ 118.573052199399399, 32.593359687199779 ], [ 118.580183547132947, 32.593488878409005 ], [ 118.586901482817098, 32.59204193848467 ], [ 118.592637566570374, 32.589561468886643 ], [ 118.602559442264351, 32.583670356401797 ], [ 118.607985467655112, 32.581344916434716 ], [ 118.614496697764366, 32.580879828441311 ], [ 118.620697870410368, 32.582688504470866 ], [ 118.642918735910939, 32.593902289558969 ], [ 118.649740025281858, 32.594212347921484 ], [ 118.655631137766704, 32.592584539944539 ], [ 118.660385369589108, 32.589690660095869 ], [ 118.666173130185712, 32.587391059449828 ], [ 118.673924594644291, 32.587623603446502 ], [ 118.68214114799548, 32.590465807351109 ], [ 118.693664992345475, 32.597519639819495 ], [ 118.701726516065833, 32.600284329358317 ], [ 118.709788038886813, 32.600826930818187 ], [ 118.71629926989533, 32.599457506158956 ], [ 118.724360792716311, 32.600129298828051 ], [ 118.732577346067615, 32.602997341154378 ], [ 118.743791132055094, 32.610128688887869 ], [ 118.751852654876075, 32.612505804799014 ], [ 118.758673944247107, 32.61266083442996 ], [ 118.763014764020113, 32.610464586571368 ], [ 118.776657342762064, 32.599147446897121 ], [ 118.782961867296308, 32.597390449509589 ], [ 118.790454950235699, 32.597545478241216 ], [ 118.807559848708024, 32.604082546772077 ], [ 118.814071079716541, 32.605167752389832 ], [ 118.819032017113841, 32.603229885151052 ], [ 118.8224426617993, 32.599535020524741 ], [ 118.824768100867118, 32.59490997991162 ], [ 118.828333775183523, 32.591189276863588 ], [ 118.833604770943339, 32.588631292899834 ], [ 118.840271030683425, 32.587830309021513 ], [ 118.847247348786027, 32.587623603446502 ], [ 118.891327346379853, 32.59568512626754 ], [ 118.897476841283151, 32.595530097535971 ], [ 118.902799513886407, 32.593643907140574 ], [ 118.905124952954225, 32.589638984151804 ], [ 118.904814894591709, 32.584678045855128 ], [ 118.903264601879869, 32.579407050095256 ], [ 118.902334425892946, 32.573438422345305 ], [ 118.903109572248923, 32.568038235376264 ], [ 118.905745069679142, 32.563697414703881 ], [ 118.910085891250787, 32.560855210799332 ], [ 118.916287062997526, 32.560157578809196 ], [ 118.929051140797469, 32.561165269161847 ], [ 118.935407343074417, 32.5605968292802 ], [ 118.940678338834232, 32.558348904578281 ], [ 118.944864129875668, 32.554912421471045 ], [ 118.948274773661865, 32.550959174426339 ], [ 118.961762322772984, 32.528634955238999 ], [ 118.968273553781387, 32.520470078731137 ], [ 118.972511020767001, 32.51705943494494 ], [ 118.97778201742608, 32.514243069462054 ], [ 118.983518101179357, 32.512279364700873 ], [ 118.989874301657665, 32.51165924707658 ], [ 119.003981968393077, 32.513364570318629 ], [ 119.009563023414785, 32.51320953978842 ], [ 119.015454135899631, 32.51165924707658 ], [ 119.021190219652908, 32.509411323273923 ], [ 119.029871860997559, 32.503520208990437 ], [ 119.033282504783756, 32.500316269879931 ], [ 119.033954299251491, 32.499411933214105 ], [ 119.036434767950141, 32.493908393457559 ], [ 119.039070266279737, 32.489955146412854 ], [ 119.042790969327712, 32.486027736890549 ], [ 119.056226840696127, 32.47620921488334 ], [ 119.059534132594081, 32.47199758631956 ], [ 119.062324659655246, 32.467605088803793 ], [ 119.063719923635517, 32.462334093043921 ], [ 119.066200393233544, 32.445358384881558 ], [ 119.080514763745327, 32.446081855293357 ], [ 119.090281609808358, 32.453161526183465 ], [ 119.130899285873284, 32.490652778402989 ], [ 119.136221957577277, 32.49641470057793 ], [ 119.138805779962695, 32.500109565204241 ], [ 119.139425896687726, 32.501349799553566 ], [ 119.14004601431202, 32.503830268252273 ], [ 119.141492955135732, 32.521296901930441 ], [ 119.143146599735701, 32.530133572006719 ], [ 119.146608921264601, 32.540908108422457 ], [ 119.156530796059315, 32.560002550077627 ], [ 119.162886998336262, 32.569071764150578 ], [ 119.168933139552678, 32.575169583109755 ], [ 119.199370559303816, 32.593721422405679 ], [ 119.202161086364981, 32.623822944473261 ], [ 119.199473912091321, 32.639687607696942 ], [ 119.191929153207752, 32.667231146700033 ], [ 119.190378859596649, 32.711233629028754 ], [ 119.188208449260514, 32.722964178953703 ], [ 119.185004511049328, 32.73099986425234 ], [ 119.172033725875735, 32.741490179827906 ], [ 119.166917758847489, 32.747303778846288 ], [ 119.161801791819244, 32.755416978510709 ], [ 119.15436038572318, 32.771307481055374 ], [ 119.151518181818574, 32.780893459965171 ], [ 119.150949741936984, 32.789110012417098 ], [ 119.154670444984959, 32.805103867749267 ], [ 119.156530796059315, 32.81825552007615 ], [ 119.153378533792306, 32.824534207087993 ], [ 119.148004185244872, 32.828539130076763 ], [ 119.109505242672753, 32.83388764110174 ], [ 119.101908806945858, 32.836290595434605 ], [ 119.095087517574825, 32.841018988835231 ], [ 119.081754998993915, 32.8566252714391 ], [ 119.076794060697353, 32.861353664839726 ], [ 119.050232375423775, 32.88013804813238 ], [ 119.047286818731664, 32.883031927981051 ], [ 119.039690383004768, 32.89308299398499 ], [ 119.035659620694901, 32.897242947504026 ], [ 119.030698684196864, 32.900343532927707 ], [ 119.01653934061801, 32.905381984690848 ], [ 119.008942905790377, 32.909541938209884 ], [ 119.005532261104918, 32.914580389973025 ], [ 119.004757114749054, 32.920549017722976 ], [ 119.006462437091727, 32.934837550712359 ], [ 119.006307408360158, 32.943700060109677 ], [ 119.004447056386539, 32.949410305441234 ], [ 119.002121617318721, 32.953751126113559 ], [ 118.999796177351641, 32.956386624443155 ], [ 118.997005650290475, 32.959073797817496 ], [ 118.992974887980608, 32.962045192931271 ], [ 118.987238804227331, 32.964318956054967 ], [ 118.980365838912235, 32.965946764031912 ], [ 118.965069614670938, 32.967342027112863 ], [ 118.950910271991461, 32.966670234443768 ], [ 118.91039594871404, 32.957316799530645 ], [ 118.906468540990318, 32.957006741168129 ], [ 118.898613722844971, 32.95855703387997 ], [ 118.888795200837762, 32.961864324878661 ], [ 118.87411909422076, 32.969512437448998 ], [ 118.865127395412969, 32.971863714938479 ], [ 118.857375930055127, 32.972302965409483 ], [ 118.84585208480587, 32.968918158246368 ], [ 118.841356236301181, 32.965791734401023 ], [ 118.837945590716345, 32.961425076206297 ], [ 118.832984654218421, 32.942821560066932 ], [ 118.830349155888825, 32.93850657781627 ], [ 118.826473423209904, 32.935173448395915 ], [ 118.819032017113841, 32.930910142988694 ], [ 118.816086460421729, 32.928636379864997 ], [ 118.81267581573627, 32.925122382392033 ], [ 118.809730259044159, 32.920704047353865 ], [ 118.807249791244772, 32.91522634511972 ], [ 118.805699497633668, 32.908870143742092 ], [ 118.802082147373198, 32.876184801087675 ], [ 118.800428500974476, 32.870009466863394 ], [ 118.797741326700816, 32.865074367887757 ], [ 118.793245477296864, 32.861741238467346 ], [ 118.787664423174533, 32.859674180918717 ], [ 118.766735467967465, 32.85546255145556 ], [ 118.762394647295082, 32.85414480184113 ], [ 118.758208856253646, 32.852206936400989 ], [ 118.754488153205671, 32.849468085283888 ], [ 118.752162714137853, 32.847142646216128 ], [ 118.749785598226708, 32.843706163108948 ], [ 118.748235304615605, 32.838538520136581 ], [ 118.746271599854367, 32.807506822082132 ], [ 118.745134719191924, 32.801615708697966 ], [ 118.740070429007005, 32.791642157959188 ], [ 118.738003370559113, 32.786396999721717 ], [ 118.737383253834082, 32.781177679905966 ], [ 118.738468458552461, 32.776165066564545 ], [ 118.744721307142527, 32.761721503044896 ], [ 118.745444777554439, 32.75719981521928 ], [ 118.744204543205115, 32.753892524220589 ], [ 118.742860956068171, 32.751489569887724 ], [ 118.74131066335633, 32.749474189182479 ], [ 118.728701613388694, 32.737795315201595 ], [ 118.720175001674988, 32.732136745814159 ], [ 118.708547805436865, 32.732085068970719 ], [ 118.625038690183374, 32.744900825412742 ], [ 118.610775994716391, 32.745598456503558 ], [ 118.604729851701222, 32.744074002213438 ], [ 118.599613885572353, 32.741645209458852 ], [ 118.586746454085528, 32.731284085092454 ], [ 118.581940546319061, 32.728519395553633 ], [ 118.576359491297467, 32.726736558845118 ], [ 118.430786980834455, 32.740327459844366 ], [ 118.420710077308172, 32.739190579181866 ], [ 118.408617792177324, 32.73332530421942 ], [ 118.399109327633369, 32.730896511464834 ], [ 118.381435988380076, 32.729837144268799 ], [ 118.372754347934801, 32.731930040239149 ], [ 118.367328321644663, 32.735728258552285 ], [ 118.365312941838738, 32.740560003841097 ], [ 118.36386600101514, 32.745004177300927 ], [ 118.362832473140088, 32.749939277175883 ], [ 118.299683873212189, 32.77740530001455 ], [ 118.295756463689827, 32.781177679905966 ], [ 118.292552524579264, 32.785285956581617 ], [ 118.290485467929898, 32.790246893978974 ], [ 118.28909020394974, 32.79556956658223 ], [ 118.28909020394974, 32.808049425340698 ], [ 118.290485467929898, 32.821278591134046 ], [ 118.290485467929898, 32.827531439724169 ], [ 118.289710320674658, 32.8331124938465 ], [ 118.287694939969469, 32.838047593721456 ], [ 118.284129265653064, 32.843034369540476 ], [ 118.279013300423458, 32.848150336568779 ], [ 118.257774285954497, 32.862309679248256 ], [ 118.253898554174839, 32.866082058240352 ], [ 118.250642938220949, 32.870112820550219 ], [ 118.2459403832421, 32.877373359492935 ], [ 118.242529737657264, 32.884039618333702 ], [ 118.239325800345341, 32.893935654706695 ], [ 118.237568801159227, 32.905252794380942 ], [ 118.237465448371722, 32.911247260552614 ], [ 118.239015741083563, 32.923701279990041 ], [ 118.241496209782213, 32.928843085440008 ], [ 118.245010207255177, 32.932925522794619 ], [ 118.254053582906522, 32.939204209806405 ], [ 118.298857050012771, 32.963052883283922 ], [ 118.299063754688518, 32.967962143837838 ], [ 118.294826287703017, 32.974628404477244 ], [ 118.259996373134072, 32.998942165948165 ], [ 118.25374352364463, 33.004936632119836 ], [ 118.24842085194075, 33.013411566990214 ], [ 118.224081252048109, 33.077903754055001 ], [ 118.217259962677076, 33.105137233796256 ], [ 118.216484817220476, 33.117152005460639 ], [ 118.218035109932316, 33.142912705956576 ], [ 118.220515577731703, 33.160456854899905 ], [ 118.220670608261912, 33.164358425101227 ], [ 118.219275344281641, 33.174538683213655 ], [ 118.218035109932316, 33.179913031760975 ], [ 118.214779493978426, 33.186682644288567 ], [ 118.209043410225149, 33.193969020753684 ], [ 118.196796096362732, 33.204898586800311 ], [ 118.185582310375253, 33.210247096925968 ], [ 118.177675816285841, 33.212572536893049 ], [ 118.16976932219643, 33.2131926545174 ], [ 118.166462030298362, 33.212339992896318 ], [ 118.163671503237197, 33.210634671452908 ], [ 118.160467564126748, 33.207146511502287 ], [ 118.157211949072121, 33.19660451908328 ], [ 118.156746861078773, 33.188723863415532 ], [ 118.157056919441288, 33.185184028420167 ], [ 118.156436801816881, 33.18135997168531 ], [ 118.15488650910504, 33.179112046983334 ], [ 118.151475865318844, 33.177665107058999 ], [ 118.127084588582875, 33.17347931601762 ], [ 118.094993524231768, 33.161335354043331 ], [ 118.091272821183679, 33.159268297393965 ], [ 118.085330030956129, 33.155082506352585 ], [ 118.080730828764672, 33.149553128174318 ], [ 118.013809848945357, 33.161774604514392 ], [ 117.99644656805458, 33.167820745730808 ], [ 117.990968865820491, 33.17464203510184 ], [ 117.98823001470339, 33.17906037013995 ], [ 117.986369663629034, 33.185545762726747 ], [ 117.985904575635573, 33.190170803339868 ], [ 117.984974399648763, 33.193736476756953 ], [ 117.982907342999397, 33.198490709478619 ], [ 117.978928256633708, 33.204433498806907 ], [ 117.968386265113963, 33.213890286507478 ], [ 117.941824578941123, 33.224613145180513 ], [ 117.935158319201037, 33.229393215424523 ], [ 117.931851027302969, 33.2351292991778 ], [ 117.931437616153062, 33.240632838934346 ], [ 117.932057732877979, 33.245877997171817 ], [ 117.933763055220766, 33.250115465056638 ], [ 117.938052199049707, 33.25747935588754 ], [ 117.941049431685883, 33.261690986250017 ], [ 117.948800897043725, 33.269519965074323 ], [ 117.978773227902138, 33.294350491382033 ], [ 117.983114047675144, 33.2995181343544 ], [ 117.992519159431595, 33.348946642073827 ], [ 118.039596388762334, 33.454728297872634 ], [ 118.052928908242507, 33.476923325850805 ], [ 118.063315871030568, 33.489015610981653 ], [ 118.069413689989801, 33.488369655834902 ], [ 118.080730828764672, 33.483744615221781 ], [ 118.090962762821164, 33.477931017102719 ], [ 118.097318964198848, 33.475993149863939 ], [ 118.103985223039558, 33.475605577135639 ], [ 118.112821893115779, 33.47948130981456 ], [ 118.115457391445375, 33.484442247211916 ], [ 118.115612421076321, 33.489790758236893 ], [ 118.112615188440145, 33.498291531528935 ], [ 118.112201776390862, 33.50030691223418 ], [ 118.110496454048075, 33.530770169507718 ], [ 118.121503533561167, 33.611256211904617 ], [ 118.124190707834828, 33.618516750847334 ], [ 118.12739464694539, 33.624252835499931 ], [ 118.135146112303232, 33.632004299059133 ], [ 118.143724399961002, 33.639135646792624 ], [ 118.156436801816881, 33.654431871033978 ], [ 118.168374058216159, 33.672596136702339 ], [ 118.173800082707658, 33.683448188383181 ], [ 118.176745640299032, 33.692620755243638 ], [ 118.176900669030601, 33.698899441356104 ], [ 118.17628055230557, 33.704790553840951 ], [ 118.173645053975974, 33.715565090256689 ], [ 118.169459262934538, 33.725641995581611 ], [ 118.163258091187913, 33.736752427882209 ], [ 118.144189487954463, 33.755614325540648 ], [ 118.131011998105237, 33.763624172417622 ], [ 118.123673943897302, 33.766001288328766 ], [ 118.112976922746725, 33.767551581040607 ], [ 118.104760370294798, 33.767629096305711 ], [ 118.090962762821164, 33.765897936440581 ], [ 118.061558872743717, 33.757087103886704 ], [ 117.965544061209357, 33.751583564130158 ], [ 117.962133417423274, 33.750084947362438 ], [ 117.948180780318694, 33.74176504212295 ], [ 117.940274286229283, 33.73814769096316 ], [ 117.925546502768839, 33.733961899921724 ], [ 117.899191522171009, 33.734271959183559 ], [ 117.889683059425579, 33.732463284053324 ], [ 117.878831007744793, 33.727993272171773 ], [ 117.871079543286214, 33.726598009090822 ], [ 117.864878370640213, 33.726365465094091 ], [ 117.839866978078476, 33.733858547134218 ], [ 117.831340367264147, 33.734633694389458 ], [ 117.752223748627102, 33.724350084388846 ], [ 117.736204054873156, 33.725125229845446 ], [ 117.726902296803473, 33.727915757805931 ], [ 117.725662063353525, 33.732514959997388 ], [ 117.727367384796935, 33.737062486244724 ], [ 117.731139763788974, 33.740757350871036 ], [ 117.742405226619894, 33.750188300149887 ], [ 117.743232049819198, 33.751144314558474 ], [ 117.744317255436954, 33.753237210528823 ], [ 117.745712517618585, 33.757707221511055 ], [ 117.746797723236341, 33.763624172417622 ], [ 117.747572869592204, 33.776388251116884 ], [ 117.744162224906745, 33.823207098928435 ], [ 117.744937372161985, 33.843102525361246 ], [ 117.748813103941529, 33.869044093909793 ], [ 117.74865807520996, 33.875710354549199 ], [ 117.745557488886902, 33.88227326150178 ], [ 117.740544874646162, 33.884495347782035 ], [ 117.734963819624568, 33.883978582945247 ], [ 117.722716505762037, 33.879896144691315 ], [ 117.714913365359507, 33.878345851979475 ], [ 117.703182815434502, 33.878035794516279 ], [ 117.696051466801691, 33.880206203953151 ], [ 117.690935499773445, 33.883513494951785 ], [ 117.687524855987249, 33.887595934105036 ], [ 117.685044387288599, 33.892143460352372 ], [ 117.683287388102485, 33.897259426481298 ], [ 117.680806919403722, 33.914545193006234 ], [ 117.678326450705072, 33.919066880831849 ], [ 117.675432569957138, 33.923407701504175 ], [ 117.66809451664858, 33.931159165962697 ], [ 117.665148959956468, 33.935525825056743 ], [ 117.662823520888765, 33.940228380035705 ], [ 117.650886265388749, 33.9824738631782 ], [ 117.648250767059153, 33.987124742213041 ], [ 117.645253534422977, 33.991465561986104 ], [ 117.641894565681582, 33.995186265933398 ], [ 117.634453159585632, 34.00138743678076 ], [ 117.623859491222447, 34.008260402995177 ], [ 117.619208612187663, 34.007278551064246 ], [ 117.616728142589636, 34.004177964741245 ], [ 117.616263054596288, 34.001542467310969 ], [ 117.616263054596288, 34.000147203330755 ], [ 117.616108025864605, 33.998958644925494 ], [ 117.615177849877796, 33.996478176226844 ], [ 117.612232294085061, 33.993222561172217 ], [ 117.60835656140614, 33.989863593330142 ], [ 117.601845331297, 33.987512314941341 ], [ 117.594248894670727, 33.986142890282167 ], [ 117.582621698432604, 33.986556301432131 ], [ 117.576265497055033, 33.988442490928207 ], [ 117.572389764376112, 33.990457872532772 ], [ 117.566808710253781, 33.996736559544559 ], [ 117.557300245709712, 34.010637518906378 ], [ 117.55032392760711, 34.0233499207622 ], [ 117.547533401445321, 34.026708889503652 ], [ 117.532805617085501, 34.039834703408815 ], [ 117.525157505414541, 34.044304714391046 ], [ 117.518232863256003, 34.047250271083101 ], [ 117.508931106085583, 34.049291490210067 ], [ 117.503453403851495, 34.049756578203528 ], [ 117.488260533296966, 34.048309638279136 ], [ 117.48236941901348, 34.046862698354801 ], [ 117.476788364891036, 34.044692288018666 ], [ 117.440614862285997, 34.026243801510191 ], [ 117.432863396928155, 34.024409287958235 ], [ 117.423406610126904, 34.023504950393146 ], [ 117.406921828379609, 34.025003567160866 ], [ 117.398240187934334, 34.027794094222031 ], [ 117.391728956925817, 34.031256414851669 ], [ 117.379171583801508, 34.047560330344936 ], [ 117.370334913725287, 34.055673530009358 ], [ 117.348630813061504, 34.069962062998798 ], [ 117.331680943320862, 34.077403469094804 ], [ 117.321293979633424, 34.07885040901914 ], [ 117.244812860225238, 34.073708604468493 ], [ 117.22925825356549, 34.074147854040234 ], [ 117.178511998030217, 34.084457302462511 ], [ 117.159443393897504, 34.091175239046038 ], [ 117.136964145978482, 34.107375799953161 ], [ 117.033921340397455, 34.155538234901599 ], [ 117.025704787046266, 34.162721259478531 ], [ 117.018418409681772, 34.170653591090343 ], [ 117.016092970614068, 34.175278631703463 ], [ 117.014697706633797, 34.18062714272844 ], [ 117.014077589908766, 34.186440741746821 ], [ 117.014077589908766, 34.192848619068513 ], [ 117.019968703292989, 34.232587795989957 ], [ 117.019503615299527, 34.237574570909715 ], [ 117.015162794627258, 34.242380479575445 ], [ 117.007359654224615, 34.248168240172106 ], [ 116.978989292022106, 34.265428168275321 ], [ 116.972323033181397, 34.270983384875308 ], [ 116.969532505220855, 34.275401719913418 ], [ 116.967517125414929, 34.280491848520001 ], [ 116.966121861434658, 34.285814521123257 ], [ 116.966121861434658, 34.297751777522478 ], [ 116.970462681207778, 34.317259630327669 ], [ 116.977439000209642, 34.333718574552563 ], [ 116.979144321653052, 34.339558010193969 ], [ 116.980229527270808, 34.345449124477511 ], [ 116.979609409646514, 34.351030177700522 ], [ 116.977749057672781, 34.356094468784704 ], [ 116.964364862248544, 34.374387926561553 ], [ 116.949482050056531, 34.389296576275967 ], [ 116.942505731054553, 34.394128323363418 ], [ 116.935684441683634, 34.397797350467329 ], [ 116.928863153211864, 34.399606024698244 ], [ 116.921421747115915, 34.400691230315999 ], [ 116.906177198818568, 34.40089793589101 ], [ 116.847731153869631, 34.389761664269372 ], [ 116.838997836580802, 34.389219061910183 ], [ 116.829386021047981, 34.389632473060146 ], [ 116.814503207956591, 34.392087104236452 ], [ 116.807061801860641, 34.395626939231818 ], [ 116.802255894094174, 34.400071112691649 ], [ 116.789801873757369, 34.429785061131668 ], [ 116.782980585285713, 34.44079214154408 ], [ 116.776159295914681, 34.447975165221692 ], [ 116.769544712118773, 34.451825060378212 ], [ 116.715336135054599, 34.468077297229456 ], [ 116.624850701698506, 34.485001329447755 ], [ 116.606867304082812, 34.490582384469462 ], [ 116.598030634006477, 34.494768175510842 ], [ 116.592449578984883, 34.498308010506264 ], [ 116.590589227011151, 34.50053009678652 ], [ 116.583767937640118, 34.513475043538392 ], [ 116.578962029873765, 34.519676215285074 ], [ 116.571520623777701, 34.52652334217845 ], [ 116.509715610986632, 34.566159166312445 ], [ 116.505994907938657, 34.570086574935488 ], [ 116.50310102719061, 34.574324041920988 ], [ 116.500620559391223, 34.578974920955829 ], [ 116.498553500943217, 34.583935859252506 ], [ 116.493127475552456, 34.590938014877452 ], [ 116.484290806375611, 34.598818671444519 ], [ 116.443776483098191, 34.625690415979875 ], [ 116.428118523650937, 34.63969472902852 ], [ 116.419901972098273, 34.642640285720574 ], [ 116.412770624364725, 34.642846992194904 ], [ 116.398817987260259, 34.640573228171945 ], [ 116.377217237585455, 34.639539700296893 ], [ 116.384348586218266, 34.651812853480408 ], [ 116.387449171641947, 34.668530178325057 ], [ 116.387035761391189, 34.68305125621049 ], [ 116.385588819668214, 34.691448675815707 ], [ 116.38248823514391, 34.703153388218254 ], [ 116.38248823514391, 34.708450222399847 ], [ 116.384348586218266, 34.712791043072173 ], [ 116.39013634681487, 34.720568345952358 ], [ 116.40021325124053, 34.729146632710922 ], [ 116.407809686068163, 34.734107571007598 ], [ 116.410393507554318, 34.736458849396342 ], [ 116.415716180157574, 34.758033758850843 ], [ 116.420212029561412, 34.834256496739897 ], [ 116.453698357892904, 34.881643785332415 ], [ 116.470028110908515, 34.898257758288878 ], [ 116.499380324142635, 34.910634264259841 ], [ 116.504754672689955, 34.912184556971681 ], [ 116.516898634664244, 34.914044908046037 ], [ 116.5472327007285, 34.914406643251937 ], [ 116.575086298094106, 34.920349433479544 ], [ 116.631878696644435, 34.937945258366938 ], [ 116.646761508836562, 34.938384507938679 ], [ 116.724689569068346, 34.929082749868996 ], [ 116.777296176577238, 34.934302070584067 ], [ 116.790938755319303, 34.937557684739318 ], [ 116.799620395764578, 34.941665961414969 ], [ 116.803031041349413, 34.945774238090621 ], [ 116.80892215383426, 34.954765936898468 ], [ 116.812952916144127, 34.959390978410909 ], [ 116.818533970266458, 34.962078151785249 ], [ 116.827629021861867, 34.958305771893833 ], [ 116.941420526336174, 34.87962840372785 ], [ 116.951342401130887, 34.871101792913407 ], [ 116.959300572063739, 34.862936917304864 ], [ 116.967672154146499, 34.851516424843112 ], [ 116.968912387596561, 34.849139308931967 ], [ 116.969687534851801, 34.847278957857611 ], [ 116.972168002651188, 34.838028875731993 ], [ 116.976353793692624, 34.805834459492701 ], [ 116.983175083063543, 34.789013780061907 ], [ 116.993251988388465, 34.774001777559988 ], [ 116.997747836893154, 34.769660955988286 ], [ 117.016248000245014, 34.755553290152193 ], [ 117.043223097567875, 34.730231839227997 ], [ 117.060586379357915, 34.709457912752441 ], [ 117.140374790664055, 34.564350491182211 ], [ 117.143630405718568, 34.556030585043459 ], [ 117.144715611336323, 34.551095486067823 ], [ 117.144250523342976, 34.546522122298086 ], [ 117.143010288993651, 34.542646388719845 ], [ 117.142338495425179, 34.538770656940244 ], [ 117.141770053744949, 34.532414456461993 ], [ 117.144715611336323, 34.501615302404275 ], [ 117.149831578364569, 34.487197577306347 ], [ 117.156187778842877, 34.475363673694574 ], [ 117.165799595275075, 34.46257375747291 ], [ 117.181819289028908, 34.450145575557826 ], [ 117.193911574159756, 34.445959784516447 ], [ 117.204143508216248, 34.444693711745401 ], [ 117.210448032750492, 34.445494697422305 ], [ 117.216545851709611, 34.447510077228287 ], [ 117.221351760375342, 34.449964708404536 ], [ 117.228948195202975, 34.455209865742688 ], [ 117.235459426211492, 34.461256007858481 ], [ 117.239076775572698, 34.468180650016961 ], [ 117.239851922827938, 34.473916733770238 ], [ 117.237526482860858, 34.517505804948939 ], [ 117.238560011635172, 34.52479218231332 ], [ 117.241712273902294, 34.530554104488317 ], [ 117.24434777223189, 34.534326484379733 ], [ 117.259643995573924, 34.548072415009926 ], [ 117.273906691940283, 34.563678696714476 ], [ 117.277989130194101, 34.566262519099951 ], [ 117.283311801898094, 34.568122870174307 ], [ 117.290856560781663, 34.569776516572972 ], [ 117.326099888299154, 34.58455597597748 ], [ 117.331060825696454, 34.586106268689321 ], [ 117.336951939080677, 34.588612575809691 ], [ 117.34625369715036, 34.585822047849206 ], [ 117.373642205623241, 34.563988755976311 ], [ 117.444232211647204, 34.492881985115503 ], [ 117.46903690043257, 34.475337836172173 ], [ 117.546603224559135, 34.462444566263684 ], [ 117.566291945416879, 34.462599595894631 ], [ 117.574250116349731, 34.464201565449855 ], [ 117.580761347358248, 34.466268622099221 ], [ 117.585877312587854, 34.468697414853807 ], [ 117.590683222152961, 34.471591294702478 ], [ 117.65321170535583, 34.526109931028486 ], [ 117.660808140183462, 34.529778958132397 ], [ 117.671195102971524, 34.532827866712637 ], [ 117.692795851747064, 34.534998277048828 ], [ 117.713569777323301, 34.533809719542887 ], [ 117.759768508409934, 34.522079168718619 ], [ 117.768501824799273, 34.523241888702159 ], [ 117.77330773256574, 34.52654918149949 ], [ 117.773617791827633, 34.530347398013987 ], [ 117.774392938183496, 34.534145616327123 ], [ 117.774702997445274, 34.545902005573055 ], [ 117.787467076144594, 34.60230683049582 ], [ 117.788397251232141, 34.608973090235907 ], [ 117.786846957620924, 34.639074612303489 ], [ 117.790050896731486, 34.651166897434337 ], [ 117.80591556175375, 34.663672593715205 ], [ 117.851855910421932, 34.663259182565184 ], [ 117.890768264144072, 34.669977118249392 ], [ 117.914694451987316, 34.676953437251314 ], [ 117.921205682096456, 34.677909450760524 ], [ 117.928130324254994, 34.677831936394739 ], [ 117.942599725296986, 34.675041409333573 ], [ 117.998616978390828, 34.656437893194209 ], [ 118.05044844044312, 34.651476955796852 ], [ 118.064091018285808, 34.648221339842962 ], [ 118.070447218764116, 34.645017402531096 ], [ 118.076958448873256, 34.640754096224555 ], [ 118.084141472550868, 34.631374823789088 ], [ 118.087707146867274, 34.622202256928574 ], [ 118.089412470109323, 34.583522447203165 ], [ 118.090601027615321, 34.577011217093968 ], [ 118.094218377875791, 34.570965074078913 ], [ 118.101969843233633, 34.564092108763759 ], [ 118.1082743668685, 34.560578111290795 ], [ 118.113752069102702, 34.55856272968623 ], [ 118.138453404201186, 34.552309881995427 ], [ 118.144809604679494, 34.550087795715172 ], [ 118.150390659701088, 34.547503974229016 ], [ 118.152871128399852, 34.541509508057345 ], [ 118.153129510818189, 34.533680528333718 ], [ 118.148685337358415, 34.519288642556774 ], [ 118.141398959993921, 34.506472887014127 ], [ 118.134836053940717, 34.500116686535819 ], [ 118.132355585242067, 34.496034247382568 ], [ 118.132355585242067, 34.484303697457676 ], [ 118.146049839028819, 34.465080063693961 ], [ 118.160157504864856, 34.456295071360444 ], [ 118.163671503237197, 34.452626044256533 ], [ 118.167598911860296, 34.447665106859176 ], [ 118.169459262934538, 34.442807522249325 ], [ 118.170234410189778, 34.437123115339489 ], [ 118.169614291666221, 34.430766913062541 ], [ 118.165738559886563, 34.411491604254138 ], [ 118.165273471893215, 34.405238756563335 ], [ 118.165428500624785, 34.399244290391664 ], [ 118.175143670743751, 34.397228908787099 ], [ 118.197726272349541, 34.399709378385069 ], [ 118.248110792678858, 34.411982529769887 ], [ 118.310690952725281, 34.419914863180395 ], [ 118.33890628529673, 34.41826121678173 ], [ 118.342782017076388, 34.418571275144188 ], [ 118.35663130139335, 34.423687242172491 ], [ 118.391047804812274, 34.443737698236191 ], [ 118.409858025627386, 34.471694648389303 ], [ 118.414612258349052, 34.48259837511489 ], [ 118.419469842958847, 34.50399241831542 ], [ 118.422725458013474, 34.578483995440024 ], [ 118.42551598507464, 34.591790676498476 ], [ 118.429856804847645, 34.603392035214256 ], [ 118.433422479164051, 34.609257311076021 ], [ 118.450475701692199, 34.628377590253592 ], [ 118.453421259283687, 34.634191189271974 ], [ 118.454351434371119, 34.639591376241015 ], [ 118.453989699165277, 34.645172431262665 ], [ 118.452336053665931, 34.656308701984983 ], [ 118.452336053665931, 34.661967271372475 ], [ 118.453886347277034, 34.667548326394126 ], [ 118.4566768743382, 34.672354234160537 ], [ 118.460087518124396, 34.676824246042088 ], [ 118.464014926747382, 34.680880845874299 ], [ 118.469699334556594, 34.685066636915735 ], [ 118.477192416596722, 34.689200751113731 ], [ 118.531814405710179, 34.705323798554446 ], [ 118.557859327945607, 34.708682766396521 ], [ 118.581010370332251, 34.709070339124821 ], [ 118.596358269618349, 34.70749420799126 ], [ 118.652685581973969, 34.68687531204597 ], [ 118.666638218179173, 34.683774725722969 ], [ 118.673769565912721, 34.68341299141639 ], [ 118.680745884015323, 34.683852240988131 ], [ 118.693148228407949, 34.686668606471017 ], [ 118.704517043126998, 34.690673530359106 ], [ 118.713508741934902, 34.696952216471573 ], [ 118.724670851978203, 34.706848252844566 ], [ 118.745961542391228, 34.730076808697731 ], [ 118.759449090602971, 34.748628647993712 ], [ 118.759914178596432, 34.750153103183152 ], [ 118.760379265690517, 34.753718777499557 ], [ 118.760224236958948, 34.757439480547589 ], [ 118.760844353683979, 34.760565904392934 ], [ 118.763634881644407, 34.769454251312652 ], [ 118.772781610083143, 34.791571764025662 ], [ 118.774331902794984, 34.797566230197333 ], [ 118.774952020419391, 34.80350902042494 ], [ 118.774331902794984, 34.822164212508369 ], [ 118.775107050050224, 34.82774526573138 ], [ 118.776657342762064, 34.833636380014923 ], [ 118.798258090638342, 34.875752671948248 ], [ 118.833604770943339, 34.919315903805909 ], [ 118.839650913958508, 34.929082749868996 ], [ 118.842286412288104, 34.934560452103142 ], [ 118.856755813330096, 34.98370473898251 ], [ 118.8556189308689, 35.015382392183653 ], [ 118.855928990130792, 35.020446682368458 ], [ 118.856755813330096, 35.025459295709936 ], [ 118.858926222766968, 35.029645086751316 ], [ 118.861820102615638, 35.032745673074317 ], [ 118.866781040912315, 35.036311347390722 ], [ 118.879855177974036, 35.041840725568989 ], [ 118.894272903071965, 35.04535472304201 ], [ 118.954010858314405, 35.050754910011051 ], [ 119.076277296759827, 35.049824734024241 ], [ 119.102063836576804, 35.060134182446518 ], [ 119.175599400192141, 35.105919501483811 ], [ 119.193582797807835, 35.110027778159406 ], [ 119.228671095694494, 35.112585761223897 ], [ 119.238437941757525, 35.112327378805446 ], [ 119.246086054327861, 35.111190497243626 ], [ 119.253010694687759, 35.10912343969494 ], [ 119.265929803917288, 35.103904119879189 ], [ 119.273216180382406, 35.099304917687789 ], [ 119.277401972323105, 35.093362128359502 ], [ 119.28019249938427, 35.088297838174697 ], [ 119.280284050000091, 35.076605536000045 ] ] ] ] } },
{ "type": "Feature", "properties": { "name": "Shanghai", "name_en": "Shanghai", "name_zh": "上海市", "adm1_code": "CHN-1819", "iso_3166_2": "CN-SH", "type_en": "Municipality" }, "geometry": { "type": "MultiPolygon", "coordinates": [ [ [ [ 121.837738477000016, 31.375148830000057 ], [ 121.853770379000025, 31.372992255000042 ], [ 121.867849155000044, 31.366197007000039 ], [ 121.877940300000091, 31.354315497000073 ], [ 121.881846550000091, 31.336615302000041 ], [ 121.877452019000089, 31.319647528000075 ], [ 121.866221550000091, 31.304185289000088 ], [ 121.851084832000083, 31.293931382000039 ], [ 121.834727410000028, 31.292547919000071 ], [ 121.823415561000047, 31.302394924000055 ], [ 121.813243035000028, 31.320786851000037 ], [ 121.79420006600003, 31.368801174000055 ], [ 121.804453972000033, 31.374701239000046 ], [ 121.837738477000016, 31.375148830000057 ] ] ], [ [ [ 121.340912306000064, 31.49095286700009 ], [ 121.360850457000083, 31.477484442000048 ], [ 121.417735222000033, 31.452785549000055 ], [ 121.448008660000028, 31.42649974200009 ], [ 121.546234571000014, 31.366115627000056 ], [ 121.631602410000028, 31.335760809000078 ], [ 121.669932488000086, 31.313055731000077 ], [ 121.725163995, 31.281567150000058 ], [ 121.777501713000106, 31.214393784000038 ], [ 121.877024548, 31.099135878000084 ], [ 121.950820062000048, 30.982080909000047 ], [ 121.97738292300005, 30.914923436000038 ], [ 121.960075378000056, 30.874256782000089 ], [ 121.907399241, 30.85708552400007 ], [ 121.810808542000018, 30.853230646000043 ], [ 121.732834633000039, 30.846316906000084 ], [ 121.631132255000011, 30.83655553300008 ], [ 121.542937038000105, 30.816494909000085 ], [ 121.492037449, 30.797734233000085 ], [ 121.456406123000079, 30.783278050000035 ], [ 121.410597586000108, 30.767388095000058 ], [ 121.350596550000091, 30.713446356000077 ], [ 121.333506707000083, 30.703070380000042 ], [ 121.274807312923841, 30.691240300890588 ], [ 121.265911085927769, 30.725644232795105 ], [ 121.256144239864739, 30.744066880881803 ], [ 121.240641310947694, 30.762256984971884 ], [ 121.235215284657556, 30.767295436735026 ], [ 121.226378614581336, 30.773961697374432 ], [ 121.210513951357711, 30.782539985032258 ], [ 121.20431277871171, 30.784762071312514 ], [ 121.197491490240054, 30.786338202446075 ], [ 121.190360141607243, 30.787165024746059 ], [ 121.183383824403904, 30.786932480749385 ], [ 121.170981480011278, 30.785149644040814 ], [ 121.162868280346856, 30.78530467457108 ], [ 121.153773227852184, 30.786544908021085 ], [ 121.140337355584393, 30.791118271790765 ], [ 121.133722771788484, 30.795665798038101 ], [ 121.129795363165385, 30.800730089122283 ], [ 121.125816277698959, 30.808352363270956 ], [ 121.104370558554365, 30.834345607763566 ], [ 121.09413862539725, 30.840779324406299 ], [ 121.085301955320915, 30.84387990982998 ], [ 121.078945753943344, 30.842949733843113 ], [ 121.073054640559121, 30.841502793918778 ], [ 121.067938674430252, 30.839074002063512 ], [ 121.064062941751331, 30.835379137437201 ], [ 121.06096235632765, 30.830521551928086 ], [ 121.055846389299404, 30.819902045143238 ], [ 121.052590774244777, 30.815354518895901 ], [ 121.048870070297426, 30.811556301482085 ], [ 121.043702427325115, 30.809282538358445 ], [ 121.037811313940892, 30.808455715159084 ], [ 121.031145054200806, 30.809385891145951 ], [ 120.992852818103074, 30.821374824388613 ], [ 120.984894647170222, 30.826490790517539 ], [ 120.981018915390564, 30.832046007117526 ], [ 120.982259148840626, 30.837368678821463 ], [ 120.984894647170222, 30.842097073121408 ], [ 120.995333286801724, 30.855507106967366 ], [ 120.99719363787608, 30.860984809201568 ], [ 120.997038609144397, 30.866927599429175 ], [ 120.994093051553023, 30.872663683182395 ], [ 120.980708856128786, 30.888140774577039 ], [ 120.979003533785999, 30.892300727196755 ], [ 120.979003533785999, 30.897184150228327 ], [ 120.980553827397216, 30.902506821932263 ], [ 120.983551060033392, 30.907183539388825 ], [ 120.990165642930037, 30.915891018255877 ], [ 120.992646111628687, 30.920722765343328 ], [ 120.993472934827992, 30.9263554963091 ], [ 120.992852818103074, 30.931781520800541 ], [ 120.981587356171531, 30.961262926143092 ], [ 120.981018915390564, 30.966921495530585 ], [ 120.981484003384026, 30.972915960802936 ], [ 120.984274530445191, 30.985395820460724 ], [ 120.984274530445191, 30.992372138563326 ], [ 120.980708856128786, 31.001234646161947 ], [ 120.97559288910054, 31.006195584458624 ], [ 120.969185011778791, 31.009451199513251 ], [ 120.954663933893357, 31.012319240940201 ], [ 120.939729444857903, 31.013481960923741 ], [ 120.909343702849583, 31.011724961737571 ], [ 120.896114537056178, 31.062135322287247 ], [ 120.88918989489764, 31.079085191128627 ], [ 120.866348911772775, 31.107429714010095 ], [ 120.860767856751181, 31.125671494943504 ], [ 120.86242150314979, 31.130399889243449 ], [ 120.865212030210955, 31.135722560947386 ], [ 120.870224643552433, 31.138151352802652 ], [ 120.876167433779983, 31.139598294525626 ], [ 120.882988723151016, 31.140037543198048 ], [ 120.958229608209763, 31.135024928957307 ], [ 121.034710727617949, 31.143758246246023 ], [ 121.052074009407988, 31.14858999333353 ], [ 121.062977736133575, 31.153680121040736 ], [ 121.066078321557256, 31.158615220915692 ], [ 121.068093703161821, 31.164196275038023 ], [ 121.069799026403871, 31.170164902788031 ], [ 121.070419143128902, 31.176262721747207 ], [ 121.05863691636057, 31.24840302228165 ], [ 121.058171828367108, 31.254500841240827 ], [ 121.058946974723085, 31.260521144934899 ], [ 121.061272413790789, 31.266618963894075 ], [ 121.086697219301186, 31.278349513818966 ], [ 121.093053419779494, 31.279563909746628 ], [ 121.099409621157065, 31.279925644952527 ], [ 121.10561079290369, 31.279176337018328 ], [ 121.114189080561573, 31.276489162744667 ], [ 121.119253370746378, 31.275636502022905 ], [ 121.126281365692421, 31.276954250738072 ], [ 121.128865188077953, 31.280261541736763 ], [ 121.130312128002288, 31.283362128059764 ], [ 121.132327508707476, 31.294265854785351 ], [ 121.134032831050263, 31.299691881075432 ], [ 121.137546827623964, 31.307520859899739 ], [ 121.140544061159403, 31.317571925903621 ], [ 121.141474237146326, 31.324186509699643 ], [ 121.141474237146326, 31.329250799884505 ], [ 121.139923944434486, 31.340542101137032 ], [ 121.135583123762103, 31.37441600219671 ], [ 121.139923944434486, 31.387903551307829 ], [ 121.150982700790905, 31.400176702692647 ], [ 121.173151890347413, 31.441414496381867 ], [ 121.18043826681253, 31.451233019288395 ], [ 121.186794468190101, 31.457511705400862 ], [ 121.192065463949916, 31.459682114837733 ], [ 121.209170363321618, 31.464720567500194 ], [ 121.214751418343212, 31.46733022740807 ], [ 121.23599043191291, 31.480791938097468 ], [ 121.238780958974075, 31.482213040499403 ], [ 121.248702833768675, 31.485365301867148 ], [ 121.261725294886446, 31.486657213059914 ], [ 121.291542597013176, 31.485055243504689 ], [ 121.306115349943411, 31.486863919534244 ], [ 121.325338982807807, 31.492315782447406 ], [ 121.340912306000064, 31.49095286700009 ] ] ], [ [ [ 121.844075352, 31.607946968000078 ], [ 121.91896634, 31.578462856000044 ], [ 121.980085675000055, 31.540295811000078 ], [ 121.98659839600009, 31.503897262000066 ], [ 121.977850604000082, 31.477771002000054 ], [ 121.912889695000104, 31.456332207000059 ], [ 121.851373504000094, 31.439178905000063 ], [ 121.81732579100003, 31.446650375000047 ], [ 121.783352090000108, 31.465686100000084 ], [ 121.730235222000033, 31.484767971000053 ], [ 121.710167576, 31.495077027000036 ], [ 121.684629824000012, 31.506807045000073 ], [ 121.614688630000046, 31.52158167500005 ], [ 121.57154381600003, 31.529364325000074 ], [ 121.541341352000018, 31.553785129000062 ], [ 121.517456364000054, 31.568391911000049 ], [ 121.484629754000025, 31.579901434000078 ], [ 121.40461395300008, 31.613714639000079 ], [ 121.375523033000036, 31.634133802000065 ], [ 121.344737175000091, 31.641302802000041 ], [ 121.314463738000086, 31.655585028000075 ], [ 121.302907748000052, 31.671454169000071 ], [ 121.285899285000028, 31.704046942000048 ], [ 121.224511103000054, 31.737666620000084 ], [ 121.20557825800006, 31.756618803000038 ], [ 121.186630534000074, 31.774115982000069 ], [ 121.176287604000095, 31.784322892000034 ], [ 121.181443091, 31.795980353000061 ], [ 121.195160352000016, 31.805243231000077 ], [ 121.219300745000055, 31.829472772000088 ], [ 121.26406453300001, 31.84107679400006 ], [ 121.322563521, 31.82933065800006 ], [ 121.362088705000019, 31.817608154000084 ], [ 121.386133171000097, 31.811735768000062 ], [ 121.423885038000094, 31.795639063000067 ], [ 121.475304021000056, 31.770769919000088 ], [ 121.500965579000081, 31.750328782000054 ], [ 121.535175816000105, 31.728409827000064 ], [ 121.571091230000093, 31.713752432000035 ], [ 121.605243048000034, 31.691824392000058 ], [ 121.625701771000081, 31.675756153000066 ], [ 121.641053101000011, 31.66552035400008 ], [ 121.663222595000093, 31.652351670000087 ], [ 121.721226702000081, 31.630312791000051 ], [ 121.844075352, 31.607946968000078 ] ] ], [ [ [ 121.762380405000044, 31.37376536700009 ], [ 121.774180535000028, 31.359198309000078 ], [ 121.782237175000091, 31.341782945000034 ], [ 121.780039910000028, 31.325181382000039 ], [ 121.766368035000028, 31.32062409100007 ], [ 121.75163821700005, 31.330511786000045 ], [ 121.720469597000033, 31.35773346600007 ], [ 121.598806186000047, 31.42914459800005 ], [ 121.584483269000089, 31.441392320000034 ], [ 121.591156446000014, 31.445868231000077 ], [ 121.602549675000091, 31.444240627000056 ], [ 121.618174675000091, 31.443793036000045 ], [ 121.691254102000016, 31.419175523000035 ], [ 121.725596550000091, 31.402736721000053 ], [ 121.745941602000016, 31.388495184000078 ], [ 121.762380405000044, 31.37376536700009 ] ] ] ] } },
{ "type": "Feature", "properties": { "name": "Zhejiang", "name_en": "Zhejiang", "name_zh": "浙江省", "adm1_code": "CHN-1820", "iso_3166_2": "CN-ZJ", "type_en": "Province" }, "geometry": { "type": "MultiPolygon", "coordinates": [ [ [ [ 121.25553061200003, 28.140000892000046 ], [ 121.264535719000037, 28.121594912000035 ], [ 121.285352420000095, 28.101945631000035 ], [ 121.279144727000016, 28.085435289000088 ], [ 121.267832879000025, 28.084540106000077 ], [ 121.25709069100003, 28.085150458000044 ], [ 121.247243686000047, 28.087795315000051 ], [ 121.238129102000016, 28.092922268000052 ], [ 121.235687696000014, 28.085516669000071 ], [ 121.23365319100003, 28.082424221000053 ], [ 121.233897332000083, 28.079087632000039 ], [ 121.238129102000016, 28.071193752000056 ], [ 121.231455925000091, 28.065008856000077 ], [ 121.219248894000089, 28.067857164000088 ], [ 121.2185124, 28.058463349000078 ], [ 121.202441708000038, 28.054753871000059 ], [ 121.186400477, 28.043700183000055 ], [ 121.166898872000047, 28.043081974000074 ], [ 121.151572802000032, 28.041232470000068 ], [ 121.146733938000011, 28.057810957000072 ], [ 121.155235235000077, 28.07136814200004 ], [ 121.152351456000019, 28.078073949000043 ], [ 121.142751498000052, 28.082586981000077 ], [ 121.137461785000028, 28.094183661000045 ], [ 121.130625847000033, 28.103461005000042 ], [ 121.132329198000093, 28.114314296000089 ], [ 121.127359298000101, 28.126556316000062 ], [ 121.12037194100003, 28.135687567000048 ], [ 121.125010613000086, 28.14008209800005 ], [ 121.134938998000052, 28.143052476000037 ], [ 121.165283255000077, 28.150533523000036 ], [ 121.187531124000088, 28.168901841000036 ], [ 121.204069835000041, 28.189707446000057 ], [ 121.208975572000099, 28.200131985000041 ], [ 121.210948113000086, 28.208970445000091 ], [ 121.230587604000107, 28.219732518000058 ], [ 121.256402506000086, 28.214798309000059 ], [ 121.268893416000083, 28.193941892000055 ], [ 121.270240569000066, 28.18229047300008 ], [ 121.261839759000054, 28.168809099000043 ], [ 121.25553061200003, 28.140000892000046 ] ] ], [ [ [ 122.238780144000089, 30.31313711100006 ], [ 122.203868035000028, 30.291408596000053 ], [ 122.203868035000028, 30.285142320000034 ], [ 122.223806186000047, 30.278876044000071 ], [ 122.231944207000083, 30.277736721000053 ], [ 122.219574415000011, 30.270453192000048 ], [ 122.217051629000025, 30.262518622000073 ], [ 122.217539910000028, 30.254584052000041 ], [ 122.21452884200005, 30.247300523000035 ], [ 122.202321811000047, 30.241929429000038 ], [ 122.187998894000089, 30.243638414000088 ], [ 122.174082879000025, 30.247992255000042 ], [ 122.137705925000091, 30.25462474200009 ], [ 122.114024285000028, 30.26508209800005 ], [ 122.073578321000014, 30.291408596000053 ], [ 122.083994988000086, 30.302435614000046 ], [ 122.087901238000086, 30.305650132000039 ], [ 122.095713738000086, 30.310695705000057 ], [ 122.104177280000044, 30.314154364000046 ], [ 122.122080925000091, 30.319281317000048 ], [ 122.147227410000028, 30.321478583000044 ], [ 122.152842644000089, 30.322699286000045 ], [ 122.166026238000086, 30.331691799000055 ], [ 122.194672071000014, 30.338568427000041 ], [ 122.211436394000089, 30.346625067000048 ], [ 122.225108269000089, 30.33234284100007 ], [ 122.218760613000086, 30.326076565000051 ], [ 122.220469597000033, 30.320705471000053 ], [ 122.227875196000014, 30.316351630000042 ], [ 122.238780144000089, 30.31313711100006 ] ] ], [ [ [ 122.398936394000089, 30.45648834800005 ], [ 122.410980665000011, 30.452134507000039 ], [ 122.416514519000089, 30.441595770000049 ], [ 122.42310631600003, 30.414943752000056 ], [ 122.404063347000033, 30.418646552000041 ], [ 122.363780144000089, 30.433417059000078 ], [ 122.347992384, 30.435980536000045 ], [ 122.306000196000014, 30.423163153000075 ], [ 122.285411004000025, 30.422064520000049 ], [ 122.272797071000014, 30.435980536000045 ], [ 122.277354363000086, 30.436712958000044 ], [ 122.287119988000086, 30.442206122000073 ], [ 122.278005405000044, 30.445746161000045 ], [ 122.273773634, 30.451361395000049 ], [ 122.272797071000014, 30.45929596600007 ], [ 122.272797071000014, 30.46946849200009 ], [ 122.27662194100003, 30.479803778000075 ], [ 122.280039910000028, 30.482611395000049 ], [ 122.287119988000086, 30.48314036700009 ], [ 122.290782097000033, 30.471665757000039 ], [ 122.299489780000044, 30.47134023600006 ], [ 122.311289910000028, 30.472642320000034 ], [ 122.337412957000083, 30.458482164000088 ], [ 122.348806186000047, 30.460638739000046 ], [ 122.369151238000086, 30.476996161000045 ], [ 122.368500196000014, 30.46320221600007 ], [ 122.37468509200005, 30.45734284100007 ], [ 122.385427280000044, 30.456203518000052 ], [ 122.398936394000089, 30.45648834800005 ] ] ], [ [ [ 121.274807312923841, 30.691240300890588 ], [ 121.264659050000091, 30.689195054000038 ], [ 121.22193444100003, 30.674994208000044 ], [ 121.202891472000033, 30.665106512000079 ], [ 121.177744988000086, 30.645656643000052 ], [ 121.158946160000028, 30.636704820000034 ], [ 121.148529493000069, 30.627834377000056 ], [ 121.141612175000091, 30.617743231000077 ], [ 121.136566602000016, 30.60814036700009 ], [ 121.130869988000086, 30.599758205000057 ], [ 121.121348504000025, 30.593003648000035 ], [ 121.102386915000011, 30.589056708000044 ], [ 121.047400391, 30.58275702800006 ], [ 121.020225663000019, 30.571071146000065 ], [ 120.99814597, 30.557924187000083 ], [ 120.977758677, 30.543317594000087 ], [ 120.948890736000067, 30.506815232000065 ], [ 120.931651238000086, 30.473049221000053 ], [ 120.928802931000064, 30.453070380000042 ], [ 120.932383660000028, 30.439398505000042 ], [ 120.938487175000091, 30.430731512000079 ], [ 120.939545118000069, 30.421942450000074 ], [ 120.928802931000064, 30.408107815000051 ], [ 120.921641472000033, 30.405218817000048 ], [ 120.901703321000014, 30.403550523000035 ], [ 120.894786004000025, 30.401271877000056 ], [ 120.904551629000025, 30.388617255000042 ], [ 120.909027540000011, 30.384426174000055 ], [ 120.915131056000064, 30.380764065000051 ], [ 120.915131056000064, 30.374579169000071 ], [ 120.900726759, 30.373602606000077 ], [ 120.888194207000083, 30.368557033000059 ], [ 120.850580163000018, 30.330217528000048 ], [ 120.831791303000045, 30.305250446000059 ], [ 120.810731726000085, 30.296567702000061 ], [ 120.787433195000062, 30.29362528200005 ], [ 120.769619208000108, 30.306027723000057 ], [ 120.753989410000031, 30.327061664000041 ], [ 120.744963021000103, 30.359614429000089 ], [ 120.727118855000072, 30.375846261000049 ], [ 120.698148226000058, 30.393950619000066 ], [ 120.66700167800002, 30.401499973000057 ], [ 120.619192971000075, 30.406095993000065 ], [ 120.479144932000054, 30.403523661000065 ], [ 120.430315379000035, 30.389840062000076 ], [ 120.416024599000025, 30.36770970200007 ], [ 120.407231897000088, 30.354235897000081 ], [ 120.397482239000055, 30.321579641000085 ], [ 120.388831658000072, 30.290844994000054 ], [ 120.37896691200001, 30.273523748000059 ], [ 120.364554841000086, 30.26863725700008 ], [ 120.342275547000099, 30.274246356000049 ], [ 120.316254102000016, 30.290920315000051 ], [ 120.285166863000086, 30.298814195000034 ], [ 120.257904493000069, 30.298081773000035 ], [ 120.239777672000059, 30.288880449000089 ], [ 120.195767260000025, 30.232888446000061 ], [ 120.147094433, 30.198890965000089 ], [ 120.17896569100003, 30.200669664000088 ], [ 120.199961785000028, 30.217840887000079 ], [ 120.230242990000079, 30.236035389000051 ], [ 120.250010613000086, 30.270086981000077 ], [ 120.274387135000097, 30.277618205000067 ], [ 120.295522525000024, 30.278726003000088 ], [ 120.314568696000038, 30.26351106900006 ], [ 120.331367696000029, 30.249238020000064 ], [ 120.350337835, 30.240734061000069 ], [ 120.368120847, 30.240851155000087 ], [ 120.384720043000016, 30.24958816600008 ], [ 120.395030144000089, 30.264715887000079 ], [ 120.404633009, 30.27993398600006 ], [ 120.420955579000065, 30.305419965000056 ], [ 120.450494314000025, 30.368860059000042 ], [ 120.477133077000076, 30.374754400000086 ], [ 120.524908407, 30.377872730000036 ], [ 120.62160579500005, 30.372562878000053 ], [ 120.651670616000047, 30.359270455000058 ], [ 120.657347481000102, 30.336294046000035 ], [ 120.684941141000081, 30.271780919000037 ], [ 120.698685887000011, 30.251796329000058 ], [ 120.725517665000098, 30.242635629000063 ], [ 120.734401161000051, 30.232213143000081 ], [ 120.691352110000025, 30.197451019000084 ], [ 120.665955661, 30.166241500000069 ], [ 120.643813385000044, 30.145872987000075 ], [ 120.63010994900003, 30.134972164000089 ], [ 120.631789022000021, 30.122387742000058 ], [ 120.65332335800008, 30.102544600000044 ], [ 120.682465040000011, 30.084906317000048 ], [ 120.701019727000016, 30.080755927000041 ], [ 120.723399285000028, 30.079738674000055 ], [ 120.754974806000064, 30.086859442000048 ], [ 120.764984571000014, 30.086615302000041 ], [ 120.771983269000089, 30.083197333000044 ], [ 120.784027540000011, 30.071682033000059 ], [ 120.79224694100003, 30.066066799000055 ], [ 120.783702019000089, 30.08930084800005 ], [ 120.764659050000091, 30.096625067000048 ], [ 120.71412194100003, 30.093329169000071 ], [ 120.687998894000089, 30.097805080000057 ], [ 120.664561394000089, 30.109605210000041 ], [ 120.646250847000033, 30.126939195000034 ], [ 120.662852410000028, 30.141180731000077 ], [ 120.701046398000017, 30.184552056000086 ], [ 120.75142508700003, 30.225625953000076 ], [ 120.813487158000044, 30.213253156000064 ], [ 120.828620425000054, 30.184990129000084 ], [ 120.853215222000017, 30.174436014000037 ], [ 120.892812151000044, 30.169796399000063 ], [ 120.923503959000072, 30.185866239000063 ], [ 120.954193556000064, 30.191961981000077 ], [ 120.96021569100003, 30.195786851000037 ], [ 120.994395379000025, 30.211086330000057 ], [ 121.109141472000033, 30.282782294000071 ], [ 121.128779106000025, 30.30162684000004 ], [ 121.149696726, 30.325753330000055 ], [ 121.185389383000029, 30.337563798000076 ], [ 121.25410242800001, 30.348393234000071 ], [ 121.313217518000101, 30.338191748000042 ], [ 121.377384147000043, 30.325063579000073 ], [ 121.429591945000084, 30.292976266000039 ], [ 121.506846715000052, 30.220026009000037 ], [ 121.554596369000024, 30.160891366000044 ], [ 121.587034202000041, 30.111511939000081 ], [ 121.623321697000051, 30.059874673000081 ], [ 121.643193688, 30.036492668000051 ], [ 121.658305556000073, 30.01838893900009 ], [ 121.677755922000074, 30.000640952000083 ], [ 121.706763029000058, 29.985109125000065 ], [ 121.732343738000054, 29.978602543000079 ], [ 121.72193444100003, 29.960516669000071 ], [ 121.732247875000098, 29.962060135000058 ], [ 121.750110082000106, 29.972505187000081 ], [ 121.767481886000041, 29.973176555000066 ], [ 121.796641472000033, 29.963039455000057 ], [ 121.816429697000103, 29.951481368000088 ], [ 121.849814299000059, 29.940380340000047 ], [ 121.873230527000032, 29.932336897000084 ], [ 121.899252646000036, 29.923139473000049 ], [ 121.914876497000023, 29.91869584300008 ], [ 121.935557488000086, 29.88735586100006 ], [ 121.949590781000097, 29.886934479000047 ], [ 121.962412957000083, 29.888495184000078 ], [ 121.98170006600003, 29.890285549000055 ], [ 122.056244337000066, 29.88735586100006 ], [ 122.06763756600003, 29.889553127000056 ], [ 122.086680535000028, 29.899359442000048 ], [ 122.105886547000068, 29.906953422000072 ], [ 122.129143302000102, 29.903776502000085 ], [ 122.136414564, 29.884535001000074 ], [ 122.114755315000025, 29.871553919000064 ], [ 122.068614129000025, 29.851548570000034 ], [ 122.028168165000011, 29.836004950000074 ], [ 121.983039010000084, 29.823175763000052 ], [ 121.966046811000069, 29.811246582000081 ], [ 121.93677819100003, 29.791693427000041 ], [ 121.924410218000048, 29.773473243000069 ], [ 121.902170865000016, 29.752539493000086 ], [ 121.885324639000032, 29.761283764000041 ], [ 121.873148944000036, 29.753828466000073 ], [ 121.866107184000043, 29.736565399000085 ], [ 121.862448252000036, 29.70800212100005 ], [ 121.834597893000023, 29.687086355000076 ], [ 121.776465323000025, 29.652624736000064 ], [ 121.717726545, 29.588653511000075 ], [ 121.704112175000091, 29.572007554000038 ], [ 121.687347852000016, 29.562648830000057 ], [ 121.667002800000091, 29.556586005000042 ], [ 121.648203972000033, 29.556708075000074 ], [ 121.635898381000061, 29.554350982000074 ], [ 121.623871290000011, 29.554429429000038 ], [ 121.609141472000033, 29.545721747000073 ], [ 121.592539910000028, 29.54360586100006 ], [ 121.574310743000069, 29.552150783000059 ], [ 121.530822295, 29.510014922000039 ], [ 121.522550001000013, 29.512921688000063 ], [ 121.520119206, 29.528061679000075 ], [ 121.516835916000105, 29.546090835000086 ], [ 121.511043465000057, 29.548988326000085 ], [ 121.49927819100003, 29.549261786000045 ], [ 121.484385613000086, 29.544663804000038 ], [ 121.475433790000011, 29.538763739000046 ], [ 121.467865431000064, 29.531195380000042 ], [ 121.458343946000014, 29.525213934000078 ], [ 121.443369988000086, 29.524237372000073 ], [ 121.443369988000086, 29.518011786000045 ], [ 121.448252800000091, 29.514105536000045 ], [ 121.457018714000014, 29.500870888000065 ], [ 121.455323726000074, 29.489355303000082 ], [ 121.441159789000039, 29.481526372000076 ], [ 121.427835604000052, 29.467946956000048 ], [ 121.442711322000036, 29.439767174000053 ], [ 121.442592894000086, 29.415369252000062 ], [ 121.465074159000096, 29.420886452000047 ], [ 121.473461095000062, 29.44893344400009 ], [ 121.47974694100003, 29.474758205000057 ], [ 121.504893425000091, 29.48383209800005 ], [ 121.500091993000069, 29.475897528000075 ], [ 121.491791212000066, 29.455959377000056 ], [ 121.513682488000086, 29.451971747000073 ], [ 121.511729363000086, 29.437567450000074 ], [ 121.497162306000064, 29.42218659100007 ], [ 121.480967644000089, 29.414984442000048 ], [ 121.477631056000064, 29.41274648600006 ], [ 121.476654493000069, 29.407782294000071 ], [ 121.478851759, 29.402899481000077 ], [ 121.484864074000029, 29.390540112000053 ], [ 121.497313784000085, 29.393352530000072 ], [ 121.508929985, 29.398349478000057 ], [ 121.519709767, 29.406974949000073 ], [ 121.53132511900003, 29.417036778000067 ], [ 121.537972791000016, 29.424224223000067 ], [ 121.548796123000102, 29.438601128000073 ], [ 121.553808509000078, 29.450117227000078 ], [ 121.559655548000023, 29.463073242000064 ], [ 121.569641348, 29.474573824000061 ], [ 121.581255792000093, 29.478139107000061 ], [ 121.601994452000099, 29.483113264000053 ], [ 121.642672449000088, 29.495218252000086 ], [ 121.675547722000033, 29.51048411700009 ], [ 121.674300001, 29.520331513000087 ], [ 121.681755579000082, 29.523910369000077 ], [ 121.699799024000072, 29.534328518000052 ], [ 121.710948113000086, 29.538641669000071 ], [ 121.724619988000086, 29.538478908000059 ], [ 121.725352410000028, 29.53546784100007 ], [ 121.725352410000028, 29.529038804000038 ], [ 121.726573113000086, 29.522284247000073 ], [ 121.731293165000011, 29.518011786000045 ], [ 121.737640821000014, 29.51898834800005 ], [ 121.745860222000033, 29.523098049000055 ], [ 121.76399931200001, 29.530761435000045 ], [ 121.766460702000018, 29.520648665000067 ], [ 121.75722263800003, 29.499048921000053 ], [ 121.761289010000041, 29.486046644000055 ], [ 121.764567208000017, 29.476650154000083 ], [ 121.7783813100001, 29.469423078000091 ], [ 121.790326443000026, 29.475795453000046 ], [ 121.81198839800004, 29.490118476000077 ], [ 121.82132673000001, 29.514598607000039 ], [ 121.830577019000089, 29.52806224200009 ], [ 121.847422722000033, 29.524237372000073 ], [ 121.844818556000064, 29.536200262000079 ], [ 121.836517774000072, 29.542385158000059 ], [ 121.825531446000014, 29.546372789000088 ], [ 121.813975457000083, 29.552150783000059 ], [ 121.799815300000091, 29.545599677000041 ], [ 121.782725457000083, 29.543443101000037 ], [ 121.765716993000069, 29.545721747000073 ], [ 121.758273503000055, 29.54809864200007 ], [ 121.744965040000011, 29.544663804000038 ], [ 121.748422079000079, 29.562566943000036 ], [ 121.774322045000076, 29.575436248000074 ], [ 121.79612041300004, 29.600591156000064 ], [ 121.818369988000086, 29.606634833000044 ], [ 121.834527720000096, 29.615570072000082 ], [ 121.854014519000089, 29.615912177000041 ], [ 121.867930535000028, 29.62726471600007 ], [ 121.88013756600003, 29.623521226000037 ], [ 121.899643572000059, 29.627526790000047 ], [ 121.915782097000033, 29.640855210000041 ], [ 121.927256707000083, 29.634466864000046 ], [ 121.94263756600003, 29.611273505000042 ], [ 121.953623894000089, 29.606146552000041 ], [ 121.966319207000083, 29.602484442000048 ], [ 121.971202019000089, 29.593329169000071 ], [ 121.970957879000025, 29.568915106000077 ], [ 121.963715040000011, 29.560207424000055 ], [ 121.949717644000089, 29.556341864000046 ], [ 121.941172722000033, 29.551174221000053 ], [ 121.949799024000072, 29.538478908000059 ], [ 121.922129754000025, 29.531154690000051 ], [ 121.910411004000025, 29.524562893000052 ], [ 121.912364129000025, 29.51430898600006 ], [ 121.922211134, 29.50922272300005 ], [ 121.935557488000086, 29.504380601000037 ], [ 121.944102410000028, 29.497707424000055 ], [ 121.939952019000089, 29.487005927000041 ], [ 121.942718946000014, 29.479722398000035 ], [ 121.970957879000025, 29.449123440000051 ], [ 121.969330274000072, 29.439154364000046 ], [ 121.963226759, 29.43195221600007 ], [ 121.957774285000028, 29.423081773000035 ], [ 121.957286004000025, 29.408148505000042 ], [ 121.947520379000025, 29.421087958000044 ], [ 121.936289910000028, 29.427720445000091 ], [ 121.93005624400007, 29.42531477700004 ], [ 121.922555636000084, 29.418146385000057 ], [ 121.929102045000036, 29.40873509100004 ], [ 121.921577219000028, 29.398634371000071 ], [ 121.915729364000072, 29.39070356600007 ], [ 121.921443270000054, 29.381303450000075 ], [ 121.916348019, 29.363294053000061 ], [ 121.91624575700007, 29.348936661000039 ], [ 121.92701256600003, 29.33860911700009 ], [ 121.929453972000033, 29.339260158000059 ], [ 121.931488477000016, 29.331203518000052 ], [ 121.931407097000033, 29.323879299000055 ], [ 121.92505944100003, 29.31907786700009 ], [ 121.908946160000028, 29.318793036000045 ], [ 121.911631707000083, 29.315008856000077 ], [ 121.915782097000033, 29.305121161000045 ], [ 121.900482618000069, 29.298651434000078 ], [ 121.905853712000066, 29.28461334800005 ], [ 121.922211134, 29.270493882000039 ], [ 121.939952019000089, 29.264146226000037 ], [ 121.949554884, 29.267279364000046 ], [ 121.962657097000033, 29.281439520000049 ], [ 121.974375847000033, 29.28461334800005 ], [ 121.975596550000091, 29.280951239000046 ], [ 121.985850457000083, 29.263332424000055 ], [ 121.99146569100003, 29.257310289000088 ], [ 121.966563347000033, 29.255764065000051 ], [ 121.953216993000069, 29.249660549000055 ], [ 121.950694207000083, 29.237127997000073 ], [ 121.957286004000025, 29.216376044000071 ], [ 121.942963087000066, 29.223211981000077 ], [ 121.939707879000025, 29.210109768000052 ], [ 121.939952019000089, 29.204291083000044 ], [ 121.942963087000066, 29.195868231000077 ], [ 121.922129754000025, 29.195786851000037 ], [ 121.89380944100003, 29.187079169000071 ], [ 121.840586785000028, 29.161118882000039 ], [ 121.812551203, 29.161484647000066 ], [ 121.785346744000094, 29.168085488000088 ], [ 121.788035726000089, 29.20194310800008 ], [ 121.789770367000074, 29.215625263000049 ], [ 121.794901218000064, 29.24370471800006 ], [ 121.795868692, 29.266036602000042 ], [ 121.801820943000052, 29.292667717000086 ], [ 121.799652540000011, 29.305121161000045 ], [ 121.808685743000069, 29.311753648000035 ], [ 121.818369988000086, 29.316229559000078 ], [ 121.828868035000028, 29.318548895000049 ], [ 121.840586785000028, 29.318793036000045 ], [ 121.830658399000072, 29.333889065000051 ], [ 121.816986524000072, 29.332180080000057 ], [ 121.804942254000025, 29.323716539000088 ], [ 121.799652540000011, 29.318793036000045 ], [ 121.788177931000064, 29.328558661000045 ], [ 121.787933790000011, 29.342596747000073 ], [ 121.799652540000011, 29.373968817000048 ], [ 121.786631707000083, 29.374497789000088 ], [ 121.775889519000089, 29.372626044000071 ], [ 121.76685631600003, 29.367743231000077 ], [ 121.758636915000011, 29.359767971000053 ], [ 121.770843946000014, 29.337795315000051 ], [ 121.777880546, 29.296383845000037 ], [ 121.774313759000052, 29.25388736900004 ], [ 121.758636915000011, 29.229396877000056 ], [ 121.745697462000066, 29.201605536000045 ], [ 121.738780144000089, 29.195868231000077 ], [ 121.724328159000038, 29.182034848000058 ], [ 121.704460183000037, 29.174182362000067 ], [ 121.670597432000022, 29.175747914000056 ], [ 121.652457796000022, 29.183020241000065 ], [ 121.641937696000014, 29.202093817000048 ], [ 121.639170769000089, 29.217271226000037 ], [ 121.641612175000091, 29.267564195000091 ], [ 121.64576256600003, 29.281195380000042 ], [ 121.654551629000025, 29.299994208000044 ], [ 121.640391472000033, 29.306626695000091 ], [ 121.624847852000016, 29.301459052000041 ], [ 121.628916863000086, 29.28461334800005 ], [ 121.622894727000016, 29.264105536000045 ], [ 121.632334832000083, 29.210638739000046 ], [ 121.628916863000086, 29.188421942000048 ], [ 121.614756707000083, 29.206000067000048 ], [ 121.606455925000091, 29.227362372000073 ], [ 121.588715040000011, 29.291489976000037 ], [ 121.583994988000086, 29.299872137000079 ], [ 121.574310743000069, 29.305121161000045 ], [ 121.563080274000072, 29.304185289000088 ], [ 121.562022332000083, 29.295843817000048 ], [ 121.567230665000011, 29.285305080000057 ], [ 121.574310743000069, 29.277777411000045 ], [ 121.562754754000025, 29.271877346000053 ], [ 121.550547722000033, 29.271429755000042 ], [ 121.525889519000089, 29.277777411000045 ], [ 121.525889519000089, 29.270982164000088 ], [ 121.53638756600003, 29.258286851000037 ], [ 121.53052819100003, 29.238226630000042 ], [ 121.516937696000014, 29.21906159100007 ], [ 121.504893425000091, 29.208929755000042 ], [ 121.504893425000091, 29.202093817000048 ], [ 121.511729363000086, 29.189276434000078 ], [ 121.503509962000066, 29.178941148000035 ], [ 121.490977410000028, 29.175970770000049 ], [ 121.484385613000086, 29.185288804000038 ], [ 121.480235222000033, 29.197211005000042 ], [ 121.471202019000089, 29.191351630000042 ], [ 121.461517774000072, 29.176459052000041 ], [ 121.456390821000014, 29.161118882000039 ], [ 121.431407097000033, 29.17218659100007 ], [ 121.419769727000016, 29.171454169000071 ], [ 121.408539259, 29.161118882000039 ], [ 121.443369988000086, 29.147406317000048 ], [ 121.439300977000016, 29.145453192000048 ], [ 121.438487175000091, 29.14484284100007 ], [ 121.438080274000072, 29.143866278000075 ], [ 121.436045769000089, 29.140611070000091 ], [ 121.456390821000014, 29.140611070000091 ], [ 121.456390821000014, 29.133775132000039 ], [ 121.441498243000069, 29.131089585000041 ], [ 121.428314649000072, 29.127142645000049 ], [ 121.415375196000014, 29.119696356000077 ], [ 121.401703321000014, 29.106512762000079 ], [ 121.496836785000028, 29.104437567000048 ], [ 121.528656446000014, 29.115057684000078 ], [ 121.621429884, 29.113267320000091 ], [ 121.624522332000083, 29.104396877000056 ], [ 121.624603712000066, 29.088283596000053 ], [ 121.621429884, 29.070868231000077 ], [ 121.614756707000083, 29.05805084800005 ], [ 121.599213087000066, 29.05023834800005 ], [ 121.585052931000064, 29.053615627000056 ], [ 121.571136915000011, 29.06085846600007 ], [ 121.556407097000033, 29.064886786000045 ], [ 121.536875847000033, 29.06118398600006 ], [ 121.530284050000091, 29.051174221000053 ], [ 121.532074415000011, 29.020493882000039 ], [ 121.538096550000091, 29.018052476000037 ], [ 121.548594597000033, 29.021429755000042 ], [ 121.552744988000086, 29.028713283000059 ], [ 121.539561394000089, 29.037583726000037 ], [ 121.557383660000028, 29.049017645000049 ], [ 121.617442254000025, 29.039984442000048 ], [ 121.641937696000014, 29.051255601000037 ], [ 121.681732618000069, 29.026760158000059 ], [ 121.689789259, 29.017075914000088 ], [ 121.675873243000069, 29.013251044000071 ], [ 121.661713087000066, 29.002915757000039 ], [ 121.653819207000083, 28.98859284100007 ], [ 121.65943444100003, 28.972723700000074 ], [ 121.663828972000033, 28.969916083000044 ], [ 121.668955925000091, 28.968980210000041 ], [ 121.680186394000089, 28.969305731000077 ], [ 121.684662306000064, 28.96751536700009 ], [ 121.684174024000072, 28.963446356000077 ], [ 121.68287194100003, 28.958889065000051 ], [ 121.684174024000072, 28.955633856000077 ], [ 121.692149285000028, 28.953355210000041 ], [ 121.709483269000089, 28.951157945000091 ], [ 121.717784050000091, 28.948797919000071 ], [ 121.697520379000025, 28.936835028000075 ], [ 121.689463738000086, 28.927801825000074 ], [ 121.684174024000072, 28.91469961100006 ], [ 121.628509962000066, 28.93195221600007 ], [ 121.605316602000016, 28.942572333000044 ], [ 121.587412957000083, 28.963120835000041 ], [ 121.585297071000014, 28.938299872000073 ], [ 121.570811394000089, 28.930080471000053 ], [ 121.554291212000066, 28.935695705000057 ], [ 121.546478712000066, 28.952215887000079 ], [ 121.537119988000086, 28.955023505000042 ], [ 121.51685631600003, 28.956366278000075 ], [ 121.497813347000033, 28.949652411000045 ], [ 121.491791212000066, 28.92837148600006 ], [ 121.504893425000091, 28.935207424000055 ], [ 121.507660352000016, 28.924994208000044 ], [ 121.511810743000069, 28.916937567000048 ], [ 121.517670118000069, 28.912787177000041 ], [ 121.525889519000089, 28.91469961100006 ], [ 121.535166863000086, 28.903713283000059 ], [ 121.549815300000091, 28.897853908000059 ], [ 121.566172722000033, 28.893377997000073 ], [ 121.580577019000089, 28.886786200000074 ], [ 121.590342644000089, 28.891913153000075 ], [ 121.601654493000069, 28.893622137000079 ], [ 121.610850457000083, 28.891180731000077 ], [ 121.616953972000033, 28.880275783000059 ], [ 121.626719597000033, 28.880845445000091 ], [ 121.628916863000086, 28.877142645000049 ], [ 121.627777540000011, 28.870835679000038 ], [ 121.622650587000066, 28.861273505000042 ], [ 121.621429884, 28.856350002000056 ], [ 121.623545769000089, 28.842271226000037 ], [ 121.628265821000014, 28.84125397300005 ], [ 121.635020379000025, 28.845200914000088 ], [ 121.641937696000014, 28.845851955000057 ], [ 121.656504754000025, 28.838039455000057 ], [ 121.662364129000025, 28.83344147300005 ], [ 121.669932488000086, 28.825344143000052 ], [ 121.653819207000083, 28.81195709800005 ], [ 121.646739129000025, 28.807684637000079 ], [ 121.635752800000091, 28.804836330000057 ], [ 121.635752800000091, 28.798041083000044 ], [ 121.662608269000089, 28.798041083000044 ], [ 121.662608269000089, 28.790594794000071 ], [ 121.651133660000028, 28.787909247000073 ], [ 121.642588738000086, 28.784002997000073 ], [ 121.635508660000028, 28.778509833000044 ], [ 121.628916863000086, 28.770697333000044 ], [ 121.62623131600003, 28.768052476000037 ], [ 121.62232506600003, 28.765529690000051 ], [ 121.618256056000064, 28.761948960000041 ], [ 121.614756707000083, 28.756415106000077 ], [ 121.619720899000072, 28.748277085000041 ], [ 121.622406446000014, 28.741888739000046 ], [ 121.621429884, 28.735907294000071 ], [ 121.605560743000069, 28.724676825000074 ], [ 121.502777540000011, 28.700384833000044 ], [ 121.351166212000066, 28.711859442000048 ], [ 121.334239129000025, 28.717027085000041 ], [ 121.320160352000016, 28.724839585000041 ], [ 121.306162957000083, 28.735907294000071 ], [ 121.298431837000066, 28.743638414000088 ], [ 121.294932488000086, 28.748114325000074 ], [ 121.29029381600003, 28.751613674000055 ], [ 121.278900587000066, 28.756415106000077 ], [ 121.268890821000014, 28.758286851000037 ], [ 121.246429884, 28.76007721600007 ], [ 121.237884962000066, 28.763861395000049 ], [ 121.234711134, 28.769964911000045 ], [ 121.227386915000011, 28.791408596000053 ], [ 121.224375847000033, 28.798041083000044 ], [ 121.214447462000066, 28.807318427000041 ], [ 121.208018425000091, 28.809556382000039 ], [ 121.201019727000016, 28.809515692000048 ], [ 121.190033399000072, 28.811672268000052 ], [ 121.173594597000033, 28.817857164000088 ], [ 121.162852410000028, 28.825344143000052 ], [ 121.157725457000083, 28.83148834800005 ], [ 121.155772332000083, 28.837551174000055 ], [ 121.152110222000033, 28.84251536700009 ], [ 121.142344597000033, 28.845851955000057 ], [ 121.142344597000033, 28.839585679000038 ], [ 121.159678582000083, 28.813544012000079 ], [ 121.171885613000086, 28.80695221600007 ], [ 121.193451368000069, 28.804836330000057 ], [ 121.206065300000091, 28.799058335000041 ], [ 121.218272332000083, 28.78579336100006 ], [ 121.227386915000011, 28.770738023000035 ], [ 121.231211785000028, 28.760158596000053 ], [ 121.240814649000072, 28.752752997000073 ], [ 121.285899285000028, 28.738267320000091 ], [ 121.299327019000089, 28.722886460000041 ], [ 121.298675977000016, 28.701239325000074 ], [ 121.286468946000014, 28.692694403000075 ], [ 121.270355665000011, 28.687445380000042 ], [ 121.258392774000072, 28.675116278000075 ], [ 121.327647332000083, 28.69204336100006 ], [ 121.365000847000033, 28.69603099200009 ], [ 121.381358269000089, 28.68195221600007 ], [ 121.413828972000033, 28.696600653000075 ], [ 121.454844597000033, 28.689520575000074 ], [ 121.490000847000033, 28.665716864000046 ], [ 121.51012813400007, 28.65705930900009 ], [ 121.525556240000014, 28.624654651000071 ], [ 121.530369508000035, 28.599478876000035 ], [ 121.538433274, 28.571445577000077 ], [ 121.54943924500003, 28.551010215000076 ], [ 121.573159822000093, 28.525133728000071 ], [ 121.581619206000028, 28.504690259000085 ], [ 121.550873243000069, 28.502142645000049 ], [ 121.534922722000033, 28.503404039000088 ], [ 121.521006707000083, 28.501044012000079 ], [ 121.511566602000016, 28.489488023000035 ], [ 121.521250847000033, 28.490708726000037 ], [ 121.544926341000064, 28.492473898000071 ], [ 121.584601104000058, 28.489102413000069 ], [ 121.607742701, 28.477202856000076 ], [ 121.60036092900009, 28.46542510900008 ], [ 121.584439428, 28.454214643000057 ], [ 121.583776933000081, 28.44294618400005 ], [ 121.592874309000081, 28.431106205000049 ], [ 121.607463400000029, 28.42031875300006 ], [ 121.615888320000067, 28.397214387000076 ], [ 121.632263046000048, 28.379445683000085 ], [ 121.6285250090001, 28.363901837000071 ], [ 121.631531665000011, 28.35584295600006 ], [ 121.63404381600003, 28.347235419000071 ], [ 121.640879754000025, 28.349676825000074 ], [ 121.64771569100003, 28.348456122000073 ], [ 121.656341993000069, 28.33930084800005 ], [ 121.641693556000064, 28.321844794000071 ], [ 121.621348504000025, 28.285101630000042 ], [ 121.607920769000089, 28.270453192000048 ], [ 121.585541212000066, 28.256822007000039 ], [ 121.578135613000086, 28.260321356000077 ], [ 121.580577019000089, 28.300848700000074 ], [ 121.567488561, 28.304495007000071 ], [ 121.541491225000073, 28.321786815000053 ], [ 121.521960691, 28.326868963000038 ], [ 121.499986486000012, 28.332673020000072 ], [ 121.473086089000049, 28.330602852000084 ], [ 121.456390821000014, 28.318833726000037 ], [ 121.447764519000089, 28.315904039000088 ], [ 121.441254102000016, 28.311712958000044 ], [ 121.437266472000033, 28.305609442000048 ], [ 121.436045769000089, 28.297105210000041 ], [ 121.429779493000069, 28.297105210000041 ], [ 121.420664910000028, 28.304185289000088 ], [ 121.408946160000028, 28.304917710000041 ], [ 121.398936394000089, 28.298488674000055 ], [ 121.395518425000091, 28.284084377000056 ], [ 121.401377800000091, 28.27610911700009 ], [ 121.411468946000014, 28.273911851000037 ], [ 121.418793165000011, 28.269720770000049 ], [ 121.416026238000086, 28.25617096600007 ], [ 121.408050977000016, 28.246283270000049 ], [ 121.398936394000089, 28.243841864000046 ], [ 121.388031446000014, 28.242661851000037 ], [ 121.374522332000083, 28.236273505000042 ], [ 121.364838087000066, 28.225816148000035 ], [ 121.361094597000033, 28.214748440000051 ], [ 121.358897332000083, 28.202215887000079 ], [ 121.354014519000089, 28.187892971000053 ], [ 121.368662957000083, 28.19204336100006 ], [ 121.374522332000083, 28.195257880000042 ], [ 121.376719597000033, 28.184149481000077 ], [ 121.374034050000091, 28.17259349200009 ], [ 121.368174675000091, 28.162014065000051 ], [ 121.360850457000083, 28.15375397300005 ], [ 121.351410352000016, 28.146551825000074 ], [ 121.345795118000069, 28.14516836100006 ], [ 121.340098504000025, 28.146429755000042 ], [ 121.330088738000086, 28.147528387000079 ], [ 121.326182488000086, 28.15180084800005 ], [ 121.309336785000028, 28.174872137000079 ], [ 121.297211134, 28.176459052000041 ], [ 121.287852410000028, 28.180894273000035 ], [ 121.275184342000102, 28.208199163000074 ], [ 121.261694504000047, 28.225790679000056 ], [ 121.225165393, 28.238862571000084 ], [ 121.248871290000011, 28.270209052000041 ], [ 121.236827019000089, 28.30609772300005 ], [ 121.203135613000086, 28.331854559000078 ], [ 121.210297071000014, 28.343736070000091 ], [ 121.217539910000028, 28.352362372000073 ], [ 121.230479363000086, 28.348089911000045 ], [ 121.244151238000086, 28.349107164000088 ], [ 121.256195509, 28.355169989000046 ], [ 121.264659050000091, 28.366034247000073 ], [ 121.230967644000089, 28.359076239000046 ], [ 121.21412194100003, 28.360581773000035 ], [ 121.184092644000089, 28.382147528000075 ], [ 121.168955925000091, 28.384833075000074 ], [ 121.161631707000083, 28.377508856000077 ], [ 121.168955925000091, 28.359767971000053 ], [ 121.144297722000033, 28.343573309000078 ], [ 121.130250038000099, 28.305554447000077 ], [ 121.088470899000072, 28.293198960000041 ], [ 121.072113477000016, 28.291693427000041 ], [ 121.066661004000025, 28.311428127000056 ], [ 121.059092644000089, 28.311428127000056 ], [ 121.034922722000033, 28.308172919000071 ], [ 121.024994337000066, 28.304592190000051 ], [ 121.039561394000089, 28.285345770000049 ], [ 121.058116082000083, 28.27993398600006 ], [ 121.078949415000011, 28.278143622000073 ], [ 121.121803213000021, 28.28436223600005 ], [ 121.130095272000062, 28.265928751000047 ], [ 121.124753056000031, 28.235520137000037 ], [ 121.119466779000049, 28.218936170000063 ], [ 121.108943498000031, 28.199610238000048 ], [ 121.100527378000038, 28.184894263000047 ], [ 121.085836326000049, 28.166503859000045 ], [ 121.05338456700008, 28.148163117000081 ], [ 121.031376138000041, 28.126106653000079 ], [ 121.009378218000052, 28.103132635000065 ], [ 121.002017130000013, 28.085642366000059 ], [ 121.000885503000063, 28.050635666000062 ], [ 120.993512298000041, 28.025779091000061 ], [ 120.980936084000064, 28.005536972000073 ], [ 120.965227775000017, 27.98714491700008 ], [ 120.921397332000083, 27.981675523000035 ], [ 120.898448113000086, 27.992661851000037 ], [ 120.879974806000064, 27.998724677000041 ], [ 120.855804884, 27.99673086100006 ], [ 120.81959069100003, 27.989243882000039 ], [ 120.800791863000086, 27.993394273000035 ], [ 120.781097852000016, 28.002386786000045 ], [ 120.762705925000091, 28.01430898600006 ], [ 120.747569207000083, 28.027085679000038 ], [ 120.731049024000072, 28.035834052000041 ], [ 120.707530144000089, 28.041205145000049 ], [ 120.661957227000016, 28.044501044000071 ], [ 120.620941602000016, 28.039943752000056 ], [ 120.606049024000072, 28.042222398000035 ], [ 120.590179884, 28.054388739000046 ], [ 120.584971550000091, 28.095526434000078 ], [ 120.576996290000011, 28.115627346000053 ], [ 120.559580925000091, 28.112779039000088 ], [ 120.574473504000025, 28.100002346000053 ], [ 120.580170118000069, 28.089789130000042 ], [ 120.580088738000086, 28.046128648000035 ], [ 120.582041863000086, 28.034328518000052 ], [ 120.588959181000064, 28.026678778000075 ], [ 120.604258660000028, 28.023993231000077 ], [ 120.658946160000028, 28.023993231000077 ], [ 120.673594597000033, 28.021714585000041 ], [ 120.707286004000025, 28.009711005000042 ], [ 120.738536004000025, 27.983099677000041 ], [ 120.750580274000072, 27.975572007000039 ], [ 120.835297071000014, 27.955959377000056 ], [ 120.847259962000066, 27.948960679000038 ], [ 120.854258660000028, 27.934637762000079 ], [ 120.863761748, 27.91810565600008 ], [ 120.862611886000082, 27.902874352000083 ], [ 120.868363681, 27.882559233000052 ], [ 120.852271982000048, 27.858191886000043 ], [ 120.827004263000049, 27.849049252000043 ], [ 120.807486256000061, 27.834826693000082 ], [ 120.796018258, 27.805369744000075 ], [ 120.769630014000086, 27.772849369000085 ], [ 120.740960051, 27.733202733000041 ], [ 120.722614496, 27.715909536000083 ], [ 120.704254894000087, 27.712838551000061 ], [ 120.687266472000033, 27.726711330000057 ], [ 120.652679884, 27.753241278000075 ], [ 120.635264519000089, 27.763332424000055 ], [ 120.636729363000086, 27.745835679000038 ], [ 120.645274285000028, 27.734279690000051 ], [ 120.672455274000072, 27.711493231000077 ], [ 120.673594597000033, 27.704250393000052 ], [ 120.680180549000056, 27.686379299000066 ], [ 120.669861212, 27.677213023000036 ], [ 120.667577173000041, 27.668060199000081 ], [ 120.67310631600003, 27.65961334800005 ], [ 120.675629102000016, 27.659654039000088 ], [ 120.666483756000048, 27.625357910000048 ], [ 120.635590040000011, 27.608710028000075 ], [ 120.618331438000041, 27.593725426000049 ], [ 120.606874247000064, 27.581487783000057 ], [ 120.596574425000085, 27.570282778000035 ], [ 120.605784975, 27.549958836000087 ], [ 120.613848528000062, 27.529633207000074 ], [ 120.618459084000051, 27.516421152000078 ], [ 120.633387286000016, 27.507312262000085 ], [ 120.652110222000033, 27.50336334800005 ], [ 120.661957227000016, 27.503241278000075 ], [ 120.676849806000064, 27.494614976000037 ], [ 120.681976759, 27.481594143000052 ], [ 120.678070509, 27.466457424000055 ], [ 120.665619337000066, 27.451727606000077 ], [ 120.656016472000033, 27.446275132000039 ], [ 120.650482618000069, 27.446112372000073 ], [ 120.646494988000086, 27.444484768000052 ], [ 120.637705925000091, 27.424302476000037 ], [ 120.636241082000083, 27.416001695000091 ], [ 120.639414910000028, 27.408270575000074 ], [ 120.648936394000089, 27.400213934000078 ], [ 120.639414910000028, 27.384426174000055 ], [ 120.635264519000089, 27.379706122000073 ], [ 120.622569207000083, 27.380357164000088 ], [ 120.559580925000091, 27.402085679000038 ], [ 120.545909050000091, 27.403265692000048 ], [ 120.544932488000086, 27.385199286000045 ], [ 120.539642774000072, 27.365220445000091 ], [ 120.527354363000086, 27.349798895000049 ], [ 120.504893425000091, 27.344956773000035 ], [ 120.504893425000091, 27.338771877000056 ], [ 120.517181837000066, 27.337225653000075 ], [ 120.534190300000091, 27.333197333000044 ], [ 120.547455274000072, 27.32758209800005 ], [ 120.549327019000089, 27.32103099200009 ], [ 120.54615319100003, 27.315497137000079 ], [ 120.545258009, 27.308498440000051 ], [ 120.545909050000091, 27.294012762000079 ], [ 120.543955925000091, 27.285956122000073 ], [ 120.539398634, 27.28188711100006 ], [ 120.534678582000083, 27.27960846600007 ], [ 120.531586134, 27.276678778000075 ], [ 120.525970899000072, 27.272650458000044 ], [ 120.521494988000086, 27.26829661700009 ], [ 120.517832879000025, 27.263006903000075 ], [ 120.520030144000089, 27.261704820000091 ], [ 120.52271569100003, 27.253810940000051 ], [ 120.525970899000072, 27.238836981000077 ], [ 120.521006707000083, 27.229559637000079 ], [ 120.512054884, 27.223618882000039 ], [ 120.508148634, 27.216009833000044 ], [ 120.517832879000025, 27.201605536000045 ], [ 120.499034050000091, 27.197211005000042 ], [ 120.481455925000091, 27.186346747000073 ], [ 120.468353712000066, 27.182196356000077 ], [ 120.463389519000089, 27.19790273600006 ], [ 120.459727410000028, 27.220445054000038 ], [ 120.450287306000064, 27.22329336100006 ], [ 120.437022332000083, 27.21946849200009 ], [ 120.421722852000016, 27.222072658000059 ], [ 120.418711785000028, 27.209662177000041 ], [ 120.41920006600003, 27.206366278000075 ], [ 120.416505569176593, 27.208649604495633 ], [ 120.413094923591757, 27.265597031777588 ], [ 120.405808547126753, 27.296861273828711 ], [ 120.399452345749069, 27.311330674870703 ], [ 120.388290235705767, 27.329029853444979 ], [ 120.358472935377563, 27.367244574277663 ], [ 120.351341586744752, 27.374970201213785 ], [ 120.34400353433557, 27.379646917771026 ], [ 120.337388951438925, 27.380654609022997 ], [ 120.330877720430408, 27.380551256235492 ], [ 120.306486443694325, 27.376701361978235 ], [ 120.298579949604914, 27.378406684321021 ], [ 120.289226515591167, 27.382566636940737 ], [ 120.266178826891291, 27.401841945749197 ], [ 120.257910597595924, 27.406957912777443 ], [ 120.248918898788133, 27.410161851887949 ], [ 120.234656203321038, 27.413029893314899 ], [ 120.212021925771182, 27.41365001093925 ], [ 120.147736444281463, 27.400214137772195 ], [ 120.12773766506109, 27.391067410232779 ], [ 120.113940056688193, 27.383109239299927 ], [ 120.073580763941095, 27.349131985452743 ], [ 120.064434034602982, 27.343628444796877 ], [ 120.057922805393105, 27.341716416879137 ], [ 120.050171340035263, 27.340217800111361 ], [ 120.03818240769192, 27.339546007442266 ], [ 120.030120883971563, 27.340786240892271 ], [ 120.02329959460053, 27.342853298440957 ], [ 119.998959995607265, 27.35773611153229 ], [ 119.990743443155338, 27.359958197812546 ], [ 119.983922153784306, 27.359984036234266 ], [ 119.978651158024491, 27.3579428171073 ], [ 119.954414910919354, 27.345747179188947 ], [ 119.946818475192458, 27.338434963402847 ], [ 119.94387291939961, 27.333887437155454 ], [ 119.940462273814887, 27.329779161379179 ], [ 119.936121454041768, 27.326471869481168 ], [ 119.93069542865112, 27.324792385560102 ], [ 119.896382278019701, 27.324921575870007 ], [ 119.890181106272962, 27.324094754469343 ], [ 119.877158645155305, 27.319676419431175 ], [ 119.866720004624426, 27.317971096189126 ], [ 119.858038365078414, 27.319573065744351 ], [ 119.847961459753492, 27.324017239204181 ], [ 119.840881788863385, 27.325464179128574 ], [ 119.834783969904265, 27.324766547138438 ], [ 119.830133090869367, 27.322156887230562 ], [ 119.826102330358253, 27.318978787441097 ], [ 119.818040805738519, 27.315568141856261 ], [ 119.806361931757692, 27.313087673157554 ], [ 119.78124718640845, 27.313320217154285 ], [ 119.770085077264412, 27.315878201118096 ], [ 119.763573847155271, 27.320193183368701 ], [ 119.761713495181652, 27.325076606400273 ], [ 119.760886671982234, 27.330735174888389 ], [ 119.760886671982234, 27.336832993847565 ], [ 119.760266555257317, 27.342414048869216 ], [ 119.758612908858595, 27.347426663110014 ], [ 119.755822381797429, 27.351664130095514 ], [ 119.745073683803412, 27.362929592027058 ], [ 119.738252395331756, 27.372386379727629 ], [ 119.732981398672564, 27.378096625059186 ], [ 119.706626418074734, 27.398663845060355 ], [ 119.693397251381953, 27.411040351031374 ], [ 119.688126254722874, 27.420884711460246 ], [ 119.686989374060317, 27.426207384063503 ], [ 119.686575962011034, 27.431995143760844 ], [ 119.690916782683303, 27.47145009984223 ], [ 119.690916782683303, 27.483671576182303 ], [ 119.689056430709684, 27.49976878520124 ], [ 119.686575962011034, 27.511292630450498 ], [ 119.683010288593891, 27.51788137492548 ], [ 119.677429233572184, 27.525529487495817 ], [ 119.663941685360442, 27.537130846211539 ], [ 119.657585483982871, 27.544133001836542 ], [ 119.653864780934896, 27.550747586531884 ], [ 119.653864780934896, 27.556716213382515 ], [ 119.65526004401579, 27.570332952803483 ], [ 119.654329868928244, 27.577567654223856 ], [ 119.647921990707232, 27.586120103459962 ], [ 119.639550408624359, 27.590331732923119 ], [ 119.627044712343604, 27.593949083183645 ], [ 119.619706659035046, 27.597049669506646 ], [ 119.614435663275231, 27.600615342923732 ], [ 119.611645136214065, 27.604878648330953 ], [ 119.610404900965364, 27.609968776937478 ], [ 119.610869988958825, 27.61598908153087 ], [ 119.612420281670666, 27.621854356493316 ], [ 119.614900751268578, 27.627202867518292 ], [ 119.620946893384371, 27.636556301532096 ], [ 119.623427362083021, 27.641775621347847 ], [ 119.624667597331722, 27.646684881901763 ], [ 119.623117303720505, 27.658699653566146 ], [ 119.615830927255388, 27.665572617981923 ], [ 119.611128371377163, 27.667510484321383 ], [ 119.604358758849571, 27.669060777033224 ], [ 119.590871209738452, 27.669990953020033 ], [ 119.564154493934666, 27.675494492776579 ], [ 119.557798292557095, 27.67572703677331 ], [ 119.551442092078787, 27.67456431678977 ], [ 119.542295362740788, 27.668673204304923 ], [ 119.530306431296708, 27.65838959430431 ], [ 119.51170291605672, 27.636711331162985 ], [ 119.504571568323172, 27.624825750707828 ], [ 119.501160922738336, 27.61539480232824 ], [ 119.501005894006767, 27.604336045971706 ], [ 119.499920689288388, 27.600460313292785 ], [ 119.496044956609467, 27.592605496046758 ], [ 119.480386998061476, 27.570746364852823 ], [ 119.478009882150332, 27.565785427455467 ], [ 119.474599236565496, 27.541084093256302 ], [ 119.472738886390403, 27.5352446558162 ], [ 119.467312860100378, 27.525296943499143 ], [ 119.459871454004315, 27.519896754731406 ], [ 119.449329461585307, 27.51385061351499 ], [ 119.417548455596716, 27.502094225168321 ], [ 119.412380812624406, 27.501551621909812 ], [ 119.407109816864477, 27.507675279290709 ], [ 119.402613966561262, 27.510620835982763 ], [ 119.396671177232975, 27.51232615832555 ], [ 119.390366652698845, 27.512610379165665 ], [ 119.382150100246918, 27.510388291986089 ], [ 119.372693313445666, 27.506460883363047 ], [ 119.356260206743059, 27.49783091886178 ], [ 119.347371860722774, 27.491681423059219 ], [ 119.341015660244466, 27.483361517819787 ], [ 119.335744663585274, 27.471140042379034 ], [ 119.330628696557028, 27.466127428138293 ], [ 119.322567172836671, 27.461786607465967 ], [ 119.288564080567767, 27.45336334943903 ], [ 119.282983026445436, 27.450340278381134 ], [ 119.278022089048136, 27.445172634509447 ], [ 119.27306115075146, 27.43519908287135 ], [ 119.265619744655396, 27.424114488093153 ], [ 119.256731398635111, 27.419799505842491 ], [ 119.242933791161477, 27.417551581140515 ], [ 119.215803664207669, 27.416853949150436 ], [ 119.185831333349256, 27.419928697051716 ], [ 119.157616000777807, 27.425819810435883 ], [ 119.133224724941101, 27.434010525365409 ], [ 119.12857384680558, 27.438196316406845 ], [ 119.125008173388437, 27.444087428891692 ], [ 119.121287470340462, 27.454577745366635 ], [ 119.116946648768817, 27.461114813897552 ], [ 119.108109978692482, 27.465972398507347 ], [ 119.101753778214288, 27.465998236929067 ], [ 119.096172723192581, 27.464112047433048 ], [ 119.091676873788629, 27.461347357894226 ], [ 119.086819289178834, 27.459538682763991 ], [ 119.081134882268998, 27.460003769858076 ], [ 119.075347120772904, 27.461734931521846 ], [ 119.059224074231565, 27.469538071924433 ], [ 119.053177932115773, 27.471553453529054 ], [ 119.005273878686467, 27.480054225921776 ], [ 118.995610386310204, 27.480338446761891 ], [ 118.990029332187873, 27.479692490715877 ], [ 118.956646355744624, 27.472147731832365 ], [ 118.948274773661865, 27.471682643838903 ], [ 118.931841668758011, 27.47377553980931 ], [ 118.919077590058691, 27.47682444928887 ], [ 118.9081221855904, 27.481759548264506 ], [ 118.898613722844971, 27.487728176014514 ], [ 118.885074497789788, 27.501241563547296 ], [ 118.883885940283903, 27.504807236964382 ], [ 118.883110793028663, 27.510414130407753 ], [ 118.885436232995744, 27.520361842724867 ], [ 118.889932082399582, 27.524237576303108 ], [ 118.895823194884542, 27.525451972230712 ], [ 118.902024366631167, 27.525762031492548 ], [ 118.907295363290359, 27.527183132095843 ], [ 118.912256300687659, 27.529663600794549 ], [ 118.916287062997526, 27.533358466320124 ], [ 118.919697706783722, 27.537983506933301 ], [ 118.921609734701406, 27.543590400376672 ], [ 118.922694940319161, 27.549998276799045 ], [ 118.894117873441019, 27.651516628989214 ], [ 118.888536819318688, 27.663867296538513 ], [ 118.885281203364798, 27.667743028318057 ], [ 118.88218061704174, 27.672781480081198 ], [ 118.880785353960846, 27.679344387033836 ], [ 118.882025588310171, 27.689886380352164 ], [ 118.884661085740504, 27.696707668823819 ], [ 118.890552199124613, 27.707275498765227 ], [ 118.891017287118075, 27.71427765618887 ], [ 118.889466994406234, 27.722158310957241 ], [ 118.883730909753581, 27.73319122979143 ], [ 118.869313185555029, 27.752776597861669 ], [ 118.861510044253123, 27.766186631707683 ], [ 118.841046177039402, 27.815692653792894 ], [ 118.834534946930262, 27.845225735079566 ], [ 118.829884067895364, 27.885119940732636 ], [ 118.826938511203252, 27.896953844344409 ], [ 118.819807164369081, 27.909950466141083 ], [ 118.814381138079057, 27.916720079567995 ], [ 118.808593378381715, 27.921319281759452 ], [ 118.787509392644324, 27.931809597335018 ], [ 118.778362665104851, 27.937959093137636 ], [ 118.755728387554996, 27.95981822433157 ], [ 118.752576125287874, 27.963926500107902 ], [ 118.749992303801719, 27.968344835146013 ], [ 118.7481319518281, 27.973202419755864 ], [ 118.746271599854367, 28.010745347919453 ], [ 118.749992303801719, 28.086761380233497 ], [ 118.753247918856346, 28.100894884491311 ], [ 118.756658562642542, 28.105209865842596 ], [ 118.760379265690517, 28.109033922577453 ], [ 118.784253777589697, 28.129756171310248 ], [ 118.785959099932484, 28.136267402318765 ], [ 118.785338983207453, 28.144845689077272 ], [ 118.778362665104851, 28.160090237374561 ], [ 118.773246698076605, 28.167815864310683 ], [ 118.768595819041821, 28.173681139273128 ], [ 118.765650263248972, 28.178176987777761 ], [ 118.764565056731954, 28.183447984436896 ], [ 118.766425408705572, 28.190579332170444 ], [ 118.769629347816135, 28.195359402414454 ], [ 118.774021845331845, 28.19897675177566 ], [ 118.788749627892912, 28.206340644405202 ], [ 118.79701785718828, 28.212929388880184 ], [ 118.800221796298842, 28.217244371130789 ], [ 118.802392205735714, 28.222696234943271 ], [ 118.800841913023874, 28.230809435507012 ], [ 118.79608768120147, 28.239930325524085 ], [ 118.782393427414718, 28.25429637287931 ], [ 118.762859735288544, 28.269618435542327 ], [ 118.7530928892254, 28.283648587012635 ], [ 118.735212844397211, 28.325971585420291 ], [ 118.724515822347257, 28.31767751680394 ], [ 118.709788038886813, 28.310081081976307 ], [ 118.705447219113807, 28.307161362806653 ], [ 118.697695753755966, 28.299900823863936 ], [ 118.689737582823113, 28.295611680934314 ], [ 118.677955356954158, 28.291865139464619 ], [ 118.629276158068137, 28.283932806953487 ], [ 118.623178339109018, 28.284397894946892 ], [ 118.616822137731447, 28.288221950782372 ], [ 118.612481317059064, 28.292175197827078 ], [ 118.608915642742659, 28.296464342555339 ], [ 118.602197707058508, 28.298893134410605 ], [ 118.592482537838805, 28.29920319277312 ], [ 118.535380080026584, 28.284785468574512 ], [ 118.529023878649014, 28.281297309523211 ], [ 118.524372999614229, 28.276930650429165 ], [ 118.516001418430619, 28.262280382233826 ], [ 118.498896519059031, 28.262435410965452 ], [ 118.446444940281708, 28.288687038775777 ], [ 118.471456332843445, 28.32039053039864 ], [ 118.473420037604569, 28.326204129417022 ], [ 118.476262242408552, 28.332250271532814 ], [ 118.473936802441472, 28.353747667520793 ], [ 118.466495396345408, 28.37974091201346 ], [ 118.464635044371789, 28.471414902875438 ], [ 118.462774693297433, 28.474463813254374 ], [ 118.459674106974376, 28.477745265831345 ], [ 118.445359734663953, 28.487848009577988 ], [ 118.440243767635707, 28.492757270131904 ], [ 118.439003534185758, 28.49694306117334 ], [ 118.439313593447537, 28.49921682429698 ], [ 118.440088738904137, 28.500147000283789 ], [ 118.448150262624495, 28.505133775203547 ], [ 118.452956171290225, 28.509397081510087 ], [ 118.457917107788262, 28.517381089965284 ], [ 118.457296991063231, 28.522703762568597 ], [ 118.454971551995527, 28.527380479125782 ], [ 118.43435265515086, 28.550583198355923 ], [ 118.431407097559486, 28.554924018128929 ], [ 118.427531365779828, 28.562649644165731 ], [ 118.415852491799001, 28.60404246748584 ], [ 118.414922316711454, 28.612491563035178 ], [ 118.416472610322671, 28.624299628225231 ], [ 118.425671013806209, 28.661920070754661 ], [ 118.428151483404235, 28.679179998857819 ], [ 118.427686395410774, 28.688533433770942 ], [ 118.42551598507464, 28.695199693511029 ], [ 118.422260370020012, 28.699152940555734 ], [ 118.418539666972038, 28.70289948202543 ], [ 118.413992140724645, 28.706077581814952 ], [ 118.408721144964829, 28.708661404200427 ], [ 118.39368330314187, 28.726050523512811 ], [ 118.371669143216309, 28.798604234297954 ], [ 118.346192661761847, 28.813848781695924 ], [ 118.322008090600889, 28.823228054131391 ], [ 118.310019159156809, 28.830204373133313 ], [ 118.302887811423261, 28.835785427255644 ], [ 118.300614048299622, 28.840487983133869 ], [ 118.294206170977986, 28.860926011925869 ], [ 118.292655878266146, 28.872294827544238 ], [ 118.289555291943088, 28.880485541574444 ], [ 118.284284296183273, 28.890459093212542 ], [ 118.271881951790647, 28.908804226034192 ], [ 118.264595575325529, 28.917330837747954 ], [ 118.257929314686066, 28.9231961127104 ], [ 118.251883172570274, 28.925185654993982 ], [ 118.22795698472703, 28.928363756582087 ], [ 118.224546340041456, 28.932239488361688 ], [ 118.224236280779678, 28.93691620491893 ], [ 118.228267043089545, 28.947716579756332 ], [ 118.229042190344785, 28.954537869127364 ], [ 118.227130162426988, 28.958077704122729 ], [ 118.224081252048109, 28.960093084827975 ], [ 118.201912063390978, 28.971461900446343 ], [ 118.128841586869726, 29.024481920004575 ], [ 118.063935987755599, 29.050552679762347 ], [ 118.05215376188653, 29.074918118076653 ], [ 118.043317091810309, 29.08507253686804 ], [ 118.03215498266627, 29.092100531814083 ], [ 118.00962405790392, 29.112616074971868 ], [ 118.002441034226308, 29.125431830514572 ], [ 117.999237095115745, 29.134423530221738 ], [ 117.999547154377638, 29.140702216334205 ], [ 118.000787387827586, 29.143931992967055 ], [ 118.046727735596505, 29.209948635221338 ], [ 118.049983352449658, 29.216434027808134 ], [ 118.055564405672726, 29.241342068481629 ], [ 118.05199873315496, 29.275319322328869 ], [ 118.073857863449575, 29.287230740306427 ], [ 118.115922479438836, 29.291623236922817 ], [ 118.125741001446045, 29.294258735252413 ], [ 118.132355585242067, 29.297927761457004 ], [ 118.138608432932756, 29.306867784320787 ], [ 118.162637973563619, 29.330354723491666 ], [ 118.172559849257595, 29.342033596573231 ], [ 118.180621372977953, 29.356968084709308 ], [ 118.182481724052309, 29.362885037414514 ], [ 118.183618605614129, 29.369112047582917 ], [ 118.183721958401634, 29.375339056851999 ], [ 118.183308547251613, 29.381178494292044 ], [ 118.179277784941746, 29.402184962965634 ], [ 118.174730258694467, 29.407869370774847 ], [ 118.283354120196464, 29.434999497728597 ], [ 118.310535923094335, 29.446910915706155 ], [ 118.312396275067954, 29.451820177159448 ], [ 118.312241246336384, 29.456987820131758 ], [ 118.310380894362766, 29.461793727898225 ], [ 118.307900424764739, 29.46628957820144 ], [ 118.306195103321329, 29.471741441114602 ], [ 118.30681522004636, 29.477968451283004 ], [ 118.313326451054877, 29.487451077405296 ], [ 118.319941033951523, 29.491016750822382 ], [ 118.327124057629135, 29.492050278697377 ], [ 118.33317020064419, 29.490474148463136 ], [ 118.338596226034952, 29.487916165398701 ], [ 118.343557164331628, 29.484867255019765 ], [ 118.347742955373064, 29.481120714449389 ], [ 118.351360304734271, 29.477115790561243 ], [ 118.357044711644107, 29.468615017269201 ], [ 118.363762649126897, 29.460837714389015 ], [ 118.373219435928149, 29.452827867512042 ], [ 118.389497512100434, 29.456316026563343 ], [ 118.393528274410301, 29.459519964774529 ], [ 118.398799270170116, 29.465643622155426 ], [ 118.41047814325168, 29.483988755876339 ], [ 118.416162551060779, 29.489931546103946 ], [ 118.421330194033203, 29.494298204298673 ], [ 118.461224399686216, 29.517113349001818 ], [ 118.469595981769089, 29.52393463837285 ], [ 118.496726108722896, 29.56111583133054 ], [ 118.556929152858061, 29.625220444767706 ], [ 118.594807976906509, 29.648190619101797 ], [ 118.605194939694684, 29.652453925408338 ], [ 118.611241082709739, 29.653823350966832 ], [ 118.639508091225366, 29.656122952512249 ], [ 118.648086378883249, 29.658293361949063 ], [ 118.723740675991394, 29.730201116688193 ], [ 118.728546583757748, 29.737099921324273 ], [ 118.731492141349236, 29.744050401005211 ], [ 118.732732374799184, 29.750406602382782 ], [ 118.733197462792646, 29.756659450972847 ], [ 118.73288740443013, 29.76270559308864 ], [ 118.7300452014249, 29.773221747085927 ], [ 118.724360792716311, 29.787975368968091 ], [ 118.724360792716311, 29.794925849548292 ], [ 118.725911086327528, 29.803142402000219 ], [ 118.731337110818913, 29.815518907071862 ], [ 118.73614302038402, 29.82265025480541 ], [ 118.74131066335633, 29.828360501036286 ], [ 118.82011722183222, 29.880036933457689 ], [ 118.827558627928283, 29.886729030720176 ], [ 118.83251956622496, 29.893136908041868 ], [ 118.834948358080169, 29.898407904701003 ], [ 118.8390307963341, 29.918665066339713 ], [ 118.841356236301181, 29.926649074794966 ], [ 118.846317172799218, 29.936751816742913 ], [ 118.850968051834116, 29.942255357398778 ], [ 118.883524205077947, 29.967008368441441 ], [ 118.890552199124613, 29.975069892161798 ], [ 118.893962843810186, 29.982588813522909 ], [ 118.894272903071965, 29.988686632482086 ], [ 118.893962843810186, 30.000985623187944 ], [ 118.893187696554946, 30.00708344214712 ], [ 118.876392857344399, 30.082479355937494 ], [ 118.871018507897816, 30.097543036182174 ], [ 118.869778274447754, 30.10286570878543 ], [ 118.869003127192514, 30.108524278172865 ], [ 118.869313185555029, 30.114725449919547 ], [ 118.870553419904354, 30.121598416133963 ], [ 118.872878859871435, 30.128368027762235 ], [ 118.879080030718796, 30.142113959291748 ], [ 118.880165236336552, 30.147462470316725 ], [ 118.87814985563125, 30.151699937302226 ], [ 118.873602330283234, 30.154671332416058 ], [ 118.867142776118158, 30.156531684389677 ], [ 118.852725051020229, 30.159270535506778 ], [ 118.860269809903798, 30.173042304558692 ], [ 118.89628828287789, 30.202601223367765 ], [ 118.905435012216003, 30.213685818145962 ], [ 118.909465773626494, 30.222212428960404 ], [ 118.89799360611994, 30.25104787915626 ], [ 118.879235061249005, 30.287557278545535 ], [ 118.877839797268734, 30.292208157580376 ], [ 118.876392857344399, 30.298951930786984 ], [ 118.8756693869326, 30.311483466388836 ], [ 118.877839797268734, 30.318614814122327 ], [ 118.881095412323361, 30.324350897875604 ], [ 118.88977705276875, 30.3308362904624 ], [ 118.899078810838432, 30.336469021428172 ], [ 118.934683872662504, 30.352126979976106 ], [ 118.940781691621737, 30.353754787953108 ], [ 118.947189568943372, 30.354736639883981 ], [ 118.95432091667692, 30.354788315828102 ], [ 118.961607294041301, 30.353909817583997 ], [ 118.968583612143902, 30.352359523972837 ], [ 118.974784783890641, 30.350240790480086 ], [ 118.98010745739316, 30.34760529215049 ], [ 119.004912144379887, 30.331895656759116 ], [ 119.03410932798306, 30.320914414768424 ], [ 119.044341262039552, 30.315100815750043 ], [ 119.050387404155344, 30.312956243835572 ], [ 119.057518751888892, 30.311871039117136 ], [ 119.118341912748974, 30.315410875011878 ], [ 119.165522495766481, 30.310320746405296 ], [ 119.172653842600653, 30.310320746405296 ], [ 119.197820265692712, 30.314170641561816 ], [ 119.204331495801853, 30.314429023080947 ], [ 119.210687697179424, 30.313731391090812 ], [ 119.215803664207669, 30.311328436757947 ], [ 119.223865187928027, 30.303654487564529 ], [ 119.229136183687842, 30.300424710032303 ], [ 119.237817824133231, 30.298641873323788 ], [ 119.242933791161477, 30.300889797126445 ], [ 119.247326287777923, 30.304584661752699 ], [ 119.261744012875852, 30.329182644063735 ], [ 119.269030389340969, 30.336856594156473 ], [ 119.280037469753324, 30.346313380957724 ], [ 119.306857538344616, 30.362307237189214 ], [ 119.320396763399913, 30.36881846819773 ], [ 119.33109378455049, 30.372384142514136 ], [ 119.342824335374758, 30.372539171245762 ], [ 119.392382033404033, 30.36843089457011 ], [ 119.397187942069877, 30.378972886989118 ], [ 119.394397414109335, 30.382150986778584 ], [ 119.390521682329677, 30.38576833793843 ], [ 119.375173781244939, 30.394760036746277 ], [ 119.362874791438458, 30.40447520596598 ], [ 119.358740676341085, 30.412123318536317 ], [ 119.35750044199176, 30.420804958981648 ], [ 119.35750044199176, 30.440984605355254 ], [ 119.353418002838566, 30.44896861381045 ], [ 119.347991978347068, 30.457004299109087 ], [ 119.338225132283924, 30.46845062909324 ], [ 119.334039341242601, 30.475969550454352 ], [ 119.331868930906353, 30.483100898187899 ], [ 119.331713902174783, 30.498552151160823 ], [ 119.330008579831997, 30.509378364419945 ], [ 119.326287875884759, 30.514959418542333 ], [ 119.320810175449196, 30.518163356753519 ], [ 119.315745884365015, 30.519145209583712 ], [ 119.31109500533023, 30.519300239214658 ], [ 119.305513951207786, 30.518628444746923 ], [ 119.281587763364541, 30.513357448987051 ], [ 119.274301386000161, 30.513796699458112 ], [ 119.265929803917288, 30.516613064041678 ], [ 119.254457636410734, 30.523796087719234 ], [ 119.248669874914754, 30.52935130521854 ], [ 119.244845819079273, 30.534699815344197 ], [ 119.242623732798961, 30.539634915219153 ], [ 119.241848586443098, 30.545086778132259 ], [ 119.241538528080582, 30.550848700307256 ], [ 119.242933791161477, 30.556584784060533 ], [ 119.245879347853588, 30.560951443154579 ], [ 119.250530226888372, 30.563896999846634 ], [ 119.26127892488239, 30.567824408469676 ], [ 119.265309686292994, 30.572526964347901 ], [ 119.268255242984992, 30.579554959293944 ], [ 119.266704950273152, 30.595135403476093 ], [ 119.268720330978454, 30.602861030412214 ], [ 119.272286005294859, 30.608261217381255 ], [ 119.277401972323105, 30.610534980504951 ], [ 119.305927362357806, 30.618725694535158 ], [ 119.311198358117736, 30.620844428027908 ], [ 119.316210972358476, 30.623531602301568 ], [ 119.320241733768967, 30.627174790983815 ], [ 119.323600701611099, 30.631980698750226 ], [ 119.338690220277385, 30.664226792732279 ], [ 119.341894159387948, 30.668929347711185 ], [ 119.345976596742503, 30.672339993296021 ], [ 119.350627475777287, 30.675363064353917 ], [ 119.360290969052926, 30.680453192960442 ], [ 119.371143019834449, 30.684638984001879 ], [ 119.377189161950241, 30.685594998410409 ], [ 119.383545363327812, 30.68525910072691 ], [ 119.389281447081089, 30.683269558443328 ], [ 119.393932326115873, 30.680220648963768 ], [ 119.397498000432279, 30.676241563497342 ], [ 119.399823440399359, 30.671719876571046 ], [ 119.401683790574452, 30.66675893827437 ], [ 119.404319288904048, 30.656191108332962 ], [ 119.406024611246721, 30.65112681724878 ], [ 119.408505079945485, 30.646501777534979 ], [ 119.412380812624406, 30.642781074487004 ], [ 119.417548455596716, 30.639938870582398 ], [ 119.423852981030223, 30.637897651455432 ], [ 119.430880975076889, 30.637044989834408 ], [ 119.437547234816975, 30.637277532931762 ], [ 119.443128289838683, 30.639215400170542 ], [ 119.447624139242635, 30.642961940740975 ], [ 119.451448195078115, 30.648129583713285 ], [ 119.464522333039213, 30.678231105780867 ], [ 119.488138461620679, 30.718538723483277 ], [ 119.491239047943623, 30.729597479839811 ], [ 119.492479283192324, 30.740268663468044 ], [ 119.492634311923894, 30.754195462150847 ], [ 119.494804722260028, 30.761946925710049 ], [ 119.49759525022057, 30.767192083947521 ], [ 119.500540806013305, 30.769388332705375 ], [ 119.52338178913817, 30.780498765905293 ], [ 119.532993605570368, 30.786389879289459 ], [ 119.537437779030256, 30.790420640700006 ], [ 119.541365187653241, 30.796285916561772 ], [ 119.55004682809863, 30.813416653455761 ], [ 119.557281528619569, 30.824527085756358 ], [ 119.567410109888669, 30.836154282893801 ], [ 119.574954868772124, 30.847058010518765 ], [ 119.578262159770816, 30.855197047705587 ], [ 119.579657423751087, 30.862302557916678 ], [ 119.579295689444507, 30.867418524944924 ], [ 119.576505162383341, 30.879226589235657 ], [ 119.620740187809361, 31.049164537113654 ], [ 119.629783562561329, 31.132880357042836 ], [ 119.653089633679656, 31.159080308909097 ], [ 119.662701451011117, 31.162904364744634 ], [ 119.674328648148503, 31.166211655743325 ], [ 119.700218540752985, 31.166082465433419 ], [ 119.721044143172662, 31.16938975733143 ], [ 119.740112746406112, 31.176495265743881 ], [ 119.754065382611316, 31.177838852880711 ], [ 119.764038934249356, 31.176495265743881 ], [ 119.772255486701283, 31.171224269984066 ], [ 119.780006952059125, 31.165152289446553 ], [ 119.78884362213546, 31.160165514526852 ], [ 119.803726434327473, 31.158692735281477 ], [ 119.81773074827538, 31.161199042401847 ], [ 119.835559117159505, 31.166392523795935 ], [ 119.854162632399493, 31.168769639707079 ], [ 119.880259230578986, 31.169622301328104 ], [ 119.89746748273808, 31.16820119892617 ], [ 119.909404738237981, 31.164919745449879 ], [ 119.931935663000445, 31.150036933257866 ], [ 119.936276482773451, 31.138383896799382 ], [ 119.936948277241186, 31.11288157782252 ], [ 119.938963657946374, 31.098670559198922 ], [ 119.94309777214437, 31.086578274068074 ], [ 119.962424757796271, 31.067716376409635 ], [ 120.025573357724284, 31.022241115734857 ], [ 120.051308221597083, 30.994542548000197 ], [ 120.128616164204573, 30.943176173941254 ], [ 120.213417189751453, 30.920541897290718 ], [ 120.304161004626621, 30.930308743353805 ], [ 120.354907261061157, 30.938421943018227 ], [ 120.361676873588749, 30.938757838903143 ], [ 120.365294223849332, 30.935243842329442 ], [ 120.367464634185467, 30.930463772085375 ], [ 120.368084750910498, 30.912506211992081 ], [ 120.369221633371581, 30.905839952251995 ], [ 120.371495395595957, 30.899225369355293 ], [ 120.37697309783016, 30.891215522478376 ], [ 120.3834843279393, 30.888347480152049 ], [ 120.390305617310332, 30.88741730416524 ], [ 120.403483108058936, 30.888890082511296 ], [ 120.409219191812213, 30.89046621274548 ], [ 120.413870069947734, 30.893334255071807 ], [ 120.423378533592427, 30.901240750060538 ], [ 120.432163527724583, 30.902816881194099 ], [ 120.437796258690355, 30.901163234795433 ], [ 120.442292108094307, 30.897649238221732 ], [ 120.446942987129091, 30.889691067288879 ], [ 120.475158318801277, 30.80858490726763 ], [ 120.476243524419033, 30.803313909709118 ], [ 120.490971306980214, 30.76370392489622 ], [ 120.534276158218063, 30.800859280331508 ], [ 120.577891066919165, 30.84579193774772 ], [ 120.592360467961157, 30.855636298176591 ], [ 120.604297722561796, 30.860287177211433 ], [ 120.619955682009049, 30.858426825237757 ], [ 120.634528435838547, 30.858039252509457 ], [ 120.643830193908229, 30.860183824423927 ], [ 120.695816684692204, 30.880311794853412 ], [ 120.70532514923616, 30.881655381990242 ], [ 120.708425734659841, 30.885970364240904 ], [ 120.709459263434269, 30.89108633126915 ], [ 120.70666873637299, 30.913823960707191 ], [ 120.70077762298888, 30.934494534395242 ], [ 120.6984521830218, 30.939067898164922 ], [ 120.695661655960635, 30.943357041993863 ], [ 120.691630893650768, 30.947026069097774 ], [ 120.686980014615983, 30.95025584573068 ], [ 120.682587517999536, 30.954312446462211 ], [ 120.680003697412644, 30.959454251012858 ], [ 120.682174106849516, 30.96875600818322 ], [ 120.686514926622522, 30.973381048796341 ], [ 120.692095981644229, 30.976559150384446 ], [ 120.698142124659284, 30.977592678259498 ], [ 120.726409133174911, 30.977902737521276 ], [ 120.735504184770207, 30.979349677445612 ], [ 120.746046177189328, 30.982372748503508 ], [ 120.773124628198957, 30.994310004003466 ], [ 120.78149621028183, 30.996790472702116 ], [ 120.833792759428206, 31.001725572577072 ], [ 120.844179722216381, 31.000717882224478 ], [ 120.870224643552433, 30.994904283206097 ], [ 120.878131137641844, 30.993896592853446 ], [ 120.888259718910831, 30.995240179990276 ], [ 120.894254185082559, 30.997565619058037 ], [ 120.909343702849583, 31.011724961737571 ], [ 120.939729444857903, 31.013481960923741 ], [ 120.954663933893357, 31.012319240940201 ], [ 120.969185011778791, 31.009451199513251 ], [ 120.97559288910054, 31.006195584458624 ], [ 120.980708856128786, 31.001234646161947 ], [ 120.984274530445191, 30.992372138563326 ], [ 120.984274530445191, 30.985395820460724 ], [ 120.981484003384026, 30.972915960802936 ], [ 120.981018915390564, 30.966921495530585 ], [ 120.981587356171531, 30.961262926143092 ], [ 120.992852818103074, 30.931781520800541 ], [ 120.993472934827992, 30.9263554963091 ], [ 120.992646111628687, 30.920722765343328 ], [ 120.990165642930037, 30.915891018255877 ], [ 120.983551060033392, 30.907183539388825 ], [ 120.980553827397216, 30.902506821932263 ], [ 120.979003533785999, 30.897184150228327 ], [ 120.979003533785999, 30.892300727196755 ], [ 120.980708856128786, 30.888140774577039 ], [ 120.994093051553023, 30.872663683182395 ], [ 120.997038609144397, 30.866927599429175 ], [ 120.99719363787608, 30.860984809201568 ], [ 120.995333286801724, 30.855507106967366 ], [ 120.984894647170222, 30.842097073121408 ], [ 120.982259148840626, 30.837368678821463 ], [ 120.981018915390564, 30.832046007117526 ], [ 120.984894647170222, 30.826490790517539 ], [ 120.992852818103074, 30.821374824388613 ], [ 121.031145054200806, 30.809385891145951 ], [ 121.037811313940892, 30.808455715159084 ], [ 121.043702427325115, 30.809282538358445 ], [ 121.048870070297426, 30.811556301482085 ], [ 121.052590774244777, 30.815354518895901 ], [ 121.055846389299404, 30.819902045143238 ], [ 121.06096235632765, 30.830521551928086 ], [ 121.064062941751331, 30.835379137437201 ], [ 121.067938674430252, 30.839074002063512 ], [ 121.073054640559121, 30.841502793918778 ], [ 121.078945753943344, 30.842949733843113 ], [ 121.085301955320915, 30.84387990982998 ], [ 121.09413862539725, 30.840779324406299 ], [ 121.104370558554365, 30.834345607763566 ], [ 121.125816277698959, 30.808352363270956 ], [ 121.129795363165385, 30.800730089122283 ], [ 121.133722771788484, 30.795665798038101 ], [ 121.140337355584393, 30.791118271790765 ], [ 121.153773227852184, 30.786544908021085 ], [ 121.162868280346856, 30.78530467457108 ], [ 121.170981480011278, 30.785149644040814 ], [ 121.183383824403904, 30.786932480749385 ], [ 121.190360141607243, 30.787165024746059 ], [ 121.197491490240054, 30.786338202446075 ], [ 121.20431277871171, 30.784762071312514 ], [ 121.210513951357711, 30.782539985032258 ], [ 121.226378614581336, 30.773961697374432 ], [ 121.235215284657556, 30.767295436735026 ], [ 121.240641310947694, 30.762256984971884 ], [ 121.256144239864739, 30.744066880881803 ], [ 121.265911085927769, 30.725644232795105 ], [ 121.274807312923841, 30.691240300890588 ] ] ], [ [ [ 121.957530144000089, 29.119533596000053 ], [ 121.958832227000016, 29.10805898600006 ], [ 121.958343946000014, 29.10187409100007 ], [ 121.935313347000033, 29.062892971000053 ], [ 121.925140821000014, 29.063055731000077 ], [ 121.912282748000052, 29.071356512000079 ], [ 121.888682488000086, 29.072333075000074 ], [ 121.900157097000033, 29.093736070000091 ], [ 121.888438347000033, 29.110296942000048 ], [ 121.871592644000089, 29.126613674000055 ], [ 121.868174675000091, 29.147406317000048 ], [ 121.881358269000089, 29.160305080000057 ], [ 121.903330925000091, 29.166571356000077 ], [ 121.926605665000011, 29.16673411700009 ], [ 121.943207227000016, 29.161118882000039 ], [ 121.951914910000028, 29.152289130000042 ], [ 121.955414259, 29.143500067000048 ], [ 121.957530144000089, 29.119533596000053 ] ] ], [ [ [ 122.143239780000044, 29.733384507000039 ], [ 122.17701256600003, 29.696844794000071 ], [ 122.186859571000014, 29.673407294000071 ], [ 122.162933790000011, 29.654527085000041 ], [ 122.169769727000016, 29.675034898000035 ], [ 122.165212436000047, 29.673163153000075 ], [ 122.149424675000091, 29.668850002000056 ], [ 122.149424675000091, 29.681830145000049 ], [ 122.138926629000025, 29.67259349200009 ], [ 122.132578972000033, 29.668890692000048 ], [ 122.127452019000089, 29.669012762000079 ], [ 122.125010613000086, 29.673244533000059 ], [ 122.123057488000086, 29.686468817000048 ], [ 122.121104363000086, 29.69171784100007 ], [ 122.115244988000086, 29.698391018000052 ], [ 122.108734571000014, 29.704006252000056 ], [ 122.103688998000052, 29.710516669000071 ], [ 122.101573113000086, 29.719712632000039 ], [ 122.092784050000091, 29.725775458000044 ], [ 122.07390384200005, 29.724432684000078 ], [ 122.056813998000052, 29.719794012000079 ], [ 122.053070509, 29.716009833000044 ], [ 122.045095248000052, 29.716986395000049 ], [ 122.040049675000091, 29.716376044000071 ], [ 122.036468946000014, 29.717474677000041 ], [ 122.033376498000052, 29.723456122000073 ], [ 122.03288821700005, 29.730943101000037 ], [ 122.035329623000052, 29.739976304000038 ], [ 122.039317254000025, 29.747544664000088 ], [ 122.043223504000025, 29.750799872000073 ], [ 122.048594597000033, 29.756089585000041 ], [ 122.056651238000086, 29.767808335000041 ], [ 122.068207227000016, 29.779527085000041 ], [ 122.084483269000089, 29.784898179000038 ], [ 122.097992384, 29.786851304000038 ], [ 122.107432488000086, 29.789618231000077 ], [ 122.114756707000083, 29.78851959800005 ], [ 122.122080925000091, 29.778713283000059 ], [ 122.123789910000028, 29.770900783000059 ], [ 122.120941602000016, 29.757798570000091 ], [ 122.122080925000091, 29.750799872000073 ], [ 122.126475457000083, 29.745062567000048 ], [ 122.14031009200005, 29.734605210000041 ], [ 122.143239780000044, 29.733384507000039 ] ] ], [ [ [ 122.395192905000044, 29.883612372000073 ], [ 122.39226321700005, 29.87641022300005 ], [ 122.386729363000086, 29.870672919000071 ], [ 122.382823113000086, 29.864732164000088 ], [ 122.385915561000047, 29.85687897300005 ], [ 122.394053582000083, 29.847886460000041 ], [ 122.395518425000091, 29.842678127000056 ], [ 122.395192905000044, 29.833319403000075 ], [ 122.384776238000086, 29.835191148000035 ], [ 122.377207879000025, 29.838934637000079 ], [ 122.365407748000052, 29.849758205000057 ], [ 122.35710696700005, 29.861721096000053 ], [ 122.359222852000016, 29.86977773600006 ], [ 122.365489129000025, 29.876288153000075 ], [ 122.369151238000086, 29.883612372000073 ], [ 122.367360873000052, 29.895900783000059 ], [ 122.362071160000028, 29.904486395000049 ], [ 122.353851759, 29.910589911000045 ], [ 122.333506707000083, 29.920599677000041 ], [ 122.325205925000091, 29.927883205000057 ], [ 122.320567254000025, 29.937241929000038 ], [ 122.322032097000033, 29.948431708000044 ], [ 122.32545006600003, 29.953924872000073 ], [ 122.330088738000086, 29.958238023000035 ], [ 122.335459832000083, 29.961330471000053 ], [ 122.341807488000086, 29.963039455000057 ], [ 122.346446160000028, 29.949408270000049 ], [ 122.359141472000033, 29.946275132000039 ], [ 122.388926629000025, 29.948797919000071 ], [ 122.400645379000025, 29.952948309000078 ], [ 122.406748894000089, 29.952704169000071 ], [ 122.40943444100003, 29.945705471000053 ], [ 122.409027540000011, 29.936672268000052 ], [ 122.40748131600003, 29.930609442000048 ], [ 122.403168165000011, 29.926255601000037 ], [ 122.395192905000044, 29.922064520000049 ], [ 122.409678582000083, 29.911200262000079 ], [ 122.408050977000016, 29.89984772300005 ], [ 122.395192905000044, 29.883612372000073 ] ] ], [ [ [ 121.881846550000091, 30.076361395000049 ], [ 121.885264519000089, 30.06118398600006 ], [ 121.893077019000089, 30.056219794000071 ], [ 121.902110222000033, 30.053534247000073 ], [ 121.909190300000091, 30.044989325000074 ], [ 121.910492384, 30.024115302000041 ], [ 121.903330925000091, 30.001776434000078 ], [ 121.889659050000091, 29.983954169000071 ], [ 121.871592644000089, 29.976711330000057 ], [ 121.860118035000028, 29.978094794000071 ], [ 121.847422722000033, 29.982123114000046 ], [ 121.836192254000025, 29.988674221000053 ], [ 121.828868035000028, 29.99750397300005 ], [ 121.82740319100003, 30.00421784100007 ], [ 121.829112175000091, 30.009100653000075 ], [ 121.832204623000052, 30.013657945000034 ], [ 121.835134311000047, 30.019435940000051 ], [ 121.835948113000086, 30.02570221600007 ], [ 121.834483269000089, 30.038560289000088 ], [ 121.834727410000028, 30.044989325000074 ], [ 121.837412957000083, 30.055894273000035 ], [ 121.847666863000086, 30.083156643000052 ], [ 121.853037957000083, 30.087144273000035 ], [ 121.864756707000083, 30.085923570000034 ], [ 121.876475457000083, 30.081610419000071 ], [ 121.881846550000091, 30.076361395000049 ] ] ], [ [ [ 122.327484571000014, 30.024481512000079 ], [ 122.326670769000089, 30.010809637000079 ], [ 122.320974155000044, 30.005926825000074 ], [ 122.313243035000028, 30.003485419000071 ], [ 122.306976759, 29.997219143000052 ], [ 122.302989129000025, 29.986314195000034 ], [ 122.301036004000025, 29.975897528000075 ], [ 122.300140821000014, 29.952460028000075 ], [ 122.293630405000044, 29.933783270000049 ], [ 122.277842644000089, 29.939927476000037 ], [ 122.245616082000083, 29.969875393000052 ], [ 122.229177280000044, 29.978664455000057 ], [ 122.184743686000047, 29.99445221600007 ], [ 122.14421634200005, 30.000392971000053 ], [ 122.098968946000014, 30.014471747000073 ], [ 122.07740319100003, 30.017645575000074 ], [ 122.065277540000011, 30.01593659100007 ], [ 122.048838738000086, 30.007391669000071 ], [ 122.034678582000083, 30.002020575000074 ], [ 122.03052819100003, 29.999335028000075 ], [ 122.025726759, 29.997259833000044 ], [ 122.019053582000083, 29.997219143000052 ], [ 122.010508660000028, 30.00031159100007 ], [ 122.009613477000016, 30.004339911000045 ], [ 122.011729363000086, 30.00844961100006 ], [ 122.012217644000089, 30.011419989000046 ], [ 122.011241082000083, 30.01508209800005 ], [ 122.013519727000016, 30.025824286000045 ], [ 122.012217644000089, 30.031927802000041 ], [ 122.008799675000091, 30.033392645000049 ], [ 121.995453321000014, 30.03656647300005 ], [ 121.991709832000083, 30.038072007000039 ], [ 121.976817254000025, 30.053656317000048 ], [ 121.973399285000028, 30.059963283000059 ], [ 121.971853061000047, 30.067694403000075 ], [ 121.973806186000047, 30.07257721600007 ], [ 121.977305535000028, 30.077337958000044 ], [ 121.980316602000016, 30.08462148600006 ], [ 121.980804884, 30.090073960000041 ], [ 121.978037957000083, 30.107082424000055 ], [ 121.965505405000044, 30.129706122000073 ], [ 121.963145379000025, 30.142401434000078 ], [ 121.974619988000086, 30.148016669000071 ], [ 122.087412957000083, 30.147528387000079 ], [ 122.103282097000033, 30.143703518000052 ], [ 122.117442254000025, 30.135931708000044 ], [ 122.132334832000083, 30.12376536700009 ], [ 122.140798373000052, 30.121323960000041 ], [ 122.164805535000028, 30.120510158000059 ], [ 122.169769727000016, 30.117254950000074 ], [ 122.173594597000033, 30.102240302000041 ], [ 122.182465040000011, 30.098578192000048 ], [ 122.193695509, 30.099798895000049 ], [ 122.203868035000028, 30.099554755000042 ], [ 122.229340040000011, 30.091620184000078 ], [ 122.238780144000089, 30.086615302000041 ], [ 122.24537194100003, 30.080145575000074 ], [ 122.24968509200005, 30.073431708000044 ], [ 122.256114129000025, 30.068182684000078 ], [ 122.269541863000086, 30.066066799000055 ], [ 122.289561394000089, 30.067328192000048 ], [ 122.297129754000025, 30.062567450000074 ], [ 122.300140821000014, 30.048732815000051 ], [ 122.304209832000083, 30.041978257000039 ], [ 122.322520379000025, 30.031927802000041 ], [ 122.327484571000014, 30.024481512000079 ] ] ], [ [ [ 121.074002263000011, 27.479483886000082 ], [ 121.08314306, 27.473018559000081 ], [ 121.094337964000033, 27.466534876000082 ], [ 121.10347872300008, 27.460070019000057 ], [ 121.10336493, 27.451879507000058 ], [ 121.093123755000079, 27.452894441000069 ], [ 121.074715802000014, 27.456721832000085 ], [ 121.066486754000039, 27.454983920000075 ], [ 121.069451271000048, 27.446761769000091 ], [ 121.076517034000062, 27.438498163000077 ], [ 121.067263555000068, 27.436770104000061 ], [ 121.059159267000041, 27.444133394000062 ], [ 121.05008762500006, 27.456055828000046 ], [ 121.046108644000014, 27.465199494000046 ], [ 121.053402954000035, 27.473320017000049 ], [ 121.074002263000011, 27.479483886000082 ] ] ], [ [ [ 121.181651238000086, 27.864650783000059 ], [ 121.188487175000091, 27.863714911000045 ], [ 121.189707879000025, 27.855292059000078 ], [ 121.189300977000016, 27.84829336100006 ], [ 121.187510613000086, 27.845933335000041 ], [ 121.185394727000016, 27.843817450000074 ], [ 121.180349155000044, 27.842271226000037 ], [ 121.17505944100003, 27.843695380000042 ], [ 121.173024936000047, 27.841009833000044 ], [ 121.174815300000091, 27.825873114000046 ], [ 121.171234571000014, 27.818793036000045 ], [ 121.160004102000016, 27.818508205000057 ], [ 121.147471550000091, 27.824367580000057 ], [ 121.138438347000033, 27.82485586100006 ], [ 121.130056186000047, 27.820502020000049 ], [ 121.116384311000047, 27.81781647300005 ], [ 121.097992384, 27.81781647300005 ], [ 121.096039259, 27.827866929000038 ], [ 121.114024285000028, 27.844142971000053 ], [ 121.133067254000025, 27.847154039000088 ], [ 121.149180535000028, 27.845770575000074 ], [ 121.156748894000089, 27.848781643000052 ], [ 121.152598504000025, 27.852769273000035 ], [ 121.153656446000014, 27.856431382000039 ], [ 121.158702019000089, 27.85814036700009 ], [ 121.167979363000086, 27.85968659100007 ], [ 121.181651238000086, 27.864650783000059 ] ] ], [ [ [ 121.049327019000089, 27.950873114000046 ], [ 121.044688347000033, 27.951971747000073 ], [ 121.040212436000047, 27.957953192000048 ], [ 121.045176629000025, 27.967474677000041 ], [ 121.064789259, 27.981431382000039 ], [ 121.070160352000016, 27.982896226000037 ], [ 121.075694207000083, 27.981390692000048 ], [ 121.080821160000028, 27.980658270000049 ], [ 121.111338738000086, 27.983791408000059 ], [ 121.127452019000089, 27.977484442000048 ], [ 121.139659050000091, 27.965765692000048 ], [ 121.139170769000089, 27.956976630000042 ], [ 121.125824415000011, 27.951361395000049 ], [ 121.103282097000033, 27.946193752000056 ], [ 121.092946811000047, 27.947739976000037 ], [ 121.083343946000014, 27.954738674000055 ], [ 121.071787957000083, 27.957261460000041 ], [ 121.049327019000089, 27.950873114000046 ] ] ], [ [ [ 121.862152540000011, 29.129584052000041 ], [ 121.864593946000014, 29.123846747000073 ], [ 121.867360873000052, 29.115790106000077 ], [ 121.86101321700005, 29.106838283000059 ], [ 121.853526238000086, 29.097560940000051 ], [ 121.842051629000025, 29.095038153000075 ], [ 121.837250196000014, 29.099798895000049 ], [ 121.826670769000089, 29.107977606000077 ], [ 121.814463738000086, 29.115383205000057 ], [ 121.802500847000033, 29.118638414000088 ], [ 121.792735222000033, 29.118557033000059 ], [ 121.785817905000044, 29.119696356000077 ], [ 121.782725457000083, 29.124660549000055 ], [ 121.783539259, 29.132879950000074 ], [ 121.785980665000011, 29.143744208000044 ], [ 121.789805535000028, 29.14984772300005 ], [ 121.796234571000014, 29.149400132000039 ], [ 121.843923373000052, 29.141913153000075 ], [ 121.856781446000014, 29.134263414000088 ], [ 121.862152540000011, 29.129584052000041 ] ] ], [ [ [ 122.304698113000086, 29.817450262000079 ], [ 122.31218509200005, 29.795152085000041 ], [ 122.314707879000025, 29.783677476000037 ], [ 122.308360222000033, 29.776271877000056 ], [ 122.295583530000044, 29.779120184000078 ], [ 122.272471550000091, 29.792141018000052 ], [ 122.265391472000033, 29.798000393000052 ], [ 122.251312696000014, 29.80609772300005 ], [ 122.23755944100003, 29.823797919000071 ], [ 122.232676629000025, 29.827826239000046 ], [ 122.23170006600003, 29.83624909100007 ], [ 122.24773196700005, 29.846096096000053 ], [ 122.27116946700005, 29.846828518000052 ], [ 122.284190300000091, 29.842840887000079 ], [ 122.312022332000083, 29.829046942000048 ], [ 122.310394727000016, 29.824611721000053 ], [ 122.304698113000086, 29.817450262000079 ] ] ], [ [ [ 121.972178582000083, 29.94476959800005 ], [ 121.986827019000089, 29.929877020000049 ], [ 121.993500196000014, 29.918850002000056 ], [ 121.992442254000025, 29.908270575000074 ], [ 121.974131707000083, 29.89984772300005 ], [ 121.946136915000011, 29.903957424000055 ], [ 121.933604363000086, 29.92133209800005 ], [ 121.940928582000083, 29.937689520000049 ], [ 121.951914910000028, 29.948065497000073 ], [ 121.959971550000091, 29.953192450000074 ], [ 121.96648196700005, 29.951727606000077 ], [ 121.970225457000083, 29.946844794000071 ], [ 121.972178582000083, 29.94476959800005 ] ] ], [ [ [ 122.345713738000086, 30.241929429000038 ], [ 122.329112175000091, 30.239081122000073 ], [ 122.31568444100003, 30.240301825000074 ], [ 122.305349155000044, 30.240139065000051 ], [ 122.294769727000016, 30.236721096000053 ], [ 122.283376498000052, 30.235256252000056 ], [ 122.277598504000025, 30.235541083000044 ], [ 122.278330925000091, 30.240627346000053 ], [ 122.287445509, 30.247788804000038 ], [ 122.302500847000033, 30.252101955000057 ], [ 122.312998894000089, 30.259955145000049 ], [ 122.318614129000025, 30.268377997000073 ], [ 122.323985222000033, 30.272162177000041 ], [ 122.331879102000016, 30.273667710000041 ], [ 122.342051629000025, 30.273627020000049 ], [ 122.382578972000033, 30.277167059000078 ], [ 122.399912957000083, 30.274603583000044 ], [ 122.407725457000083, 30.26593659100007 ], [ 122.410655144000089, 30.254706122000073 ], [ 122.408539259, 30.243963934000078 ], [ 122.395843946000014, 30.239447333000044 ], [ 122.384532097000033, 30.250148830000057 ], [ 122.383555535000028, 30.261542059000078 ], [ 122.380625847000033, 30.263739325000074 ], [ 122.375010613000086, 30.262152411000045 ], [ 122.357188347000033, 30.247748114000046 ], [ 122.345713738000086, 30.241929429000038 ] ] ], [ [ [ 122.529307488000086, 30.720770575000074 ], [ 122.526377800000091, 30.714178778000075 ], [ 122.531097852000016, 30.704413153000075 ], [ 122.524750196000014, 30.70180898600006 ], [ 122.493174675000091, 30.703111070000034 ], [ 122.487315300000091, 30.701849677000041 ], [ 122.474375847000033, 30.70258209800005 ], [ 122.466563347000033, 30.699123440000051 ], [ 122.463063998000052, 30.696356512000079 ], [ 122.460703972000033, 30.694037177000041 ], [ 122.455251498000052, 30.69399648600006 ], [ 122.445160352000016, 30.696763414000088 ], [ 122.431976759, 30.69798411700009 ], [ 122.427256707000083, 30.703924872000073 ], [ 122.432627800000091, 30.714829820000034 ], [ 122.434743686000047, 30.727118231000077 ], [ 122.429209832000083, 30.738023179000038 ], [ 122.429942254000025, 30.743068752000056 ], [ 122.440765821000014, 30.741034247000073 ], [ 122.458018425000091, 30.730658270000049 ], [ 122.472911004000025, 30.717230536000045 ], [ 122.484385613000086, 30.714667059000078 ], [ 122.496348504000025, 30.716782945000034 ], [ 122.501963738000086, 30.718980210000041 ], [ 122.509613477000016, 30.721177476000037 ], [ 122.524587436000047, 30.723578192000048 ], [ 122.529307488000086, 30.720770575000074 ] ] ] ] } }
]
}
