{
"type": "FeatureCollection",
"name": "yrd_neighbours",
"crs": { "type": "name", "properties": { "name": "urn:ogc:def:crs:OGC:1.3:CRS84" } },
"features": [
{ "type": "Feature", "properties": { "name": "Fujian" }, "geometry": { "type": "MultiPolygon", "coordinates": [ [ [ [ 120.420420769000089, 27.19790273600006 ], [ 120.429209832000083, 27.173651434000078 ], [ 120.406748894000089, 27.18423086100006 ], [ 120.37623131600003, 27.236273505000042 ], [ 120.347259962000066, 27.249416408000059 ], [ 120.33326256600003, 27.247300523000035 ], [ 120.317881707000083, 27.243231512000079 ], [ 120.303070509, 27.242254950000074 ], [ 120.292002800000091, 27.249416408000059 ], [ 120.288096550000091, 27.264471747000073 ], [ 120.295258009, 27.276271877000056 ], [ 120.307627800000091, 27.284816799000055 ], [ 120.319346550000091, 27.290350653000075 ], [ 120.311127149000072, 27.293890692000048 ], [ 120.310069207000083, 27.295314846000053 ], [ 120.310313347000033, 27.294175523000035 ], [ 120.306407097000033, 27.290350653000075 ], [ 120.298838738000086, 27.297796942000048 ], [ 120.305756056000064, 27.300604559000078 ], [ 120.309092644000089, 27.303941148000035 ], [ 120.311859571000014, 27.317694403000075 ], [ 120.291514519000089, 27.30890534100007 ], [ 120.285166863000086, 27.304022528000075 ], [ 120.280772332000083, 27.311753648000035 ], [ 120.276133660000028, 27.31671784100007 ], [ 120.264008009, 27.324448960000041 ], [ 120.265716993000069, 27.316351630000042 ], [ 120.265961134, 27.311916408000059 ], [ 120.267100457000083, 27.308579820000091 ], [ 120.271494988000086, 27.304022528000075 ], [ 120.258555535000028, 27.299994208000044 ], [ 120.248301629000025, 27.303534247000073 ], [ 120.237884962000066, 27.309149481000077 ], [ 120.223724806000064, 27.311468817000048 ], [ 120.227305535000028, 27.303941148000035 ], [ 120.230723504000025, 27.298325914000088 ], [ 120.23560631600003, 27.294012762000079 ], [ 120.243662957000083, 27.290350653000075 ], [ 120.243662957000083, 27.28351471600007 ], [ 120.225677931000064, 27.268622137000079 ], [ 120.219248894000089, 27.27094147300005 ], [ 120.212982618000069, 27.283026434000078 ], [ 120.195811394000089, 27.297796942000048 ], [ 120.192149285000028, 27.287665106000077 ], [ 120.193125847000033, 27.27806224200009 ], [ 120.195567254000025, 27.269761460000041 ], [ 120.195811394000089, 27.263006903000075 ], [ 120.191416863000086, 27.256048895000049 ], [ 120.175303582000083, 27.238836981000077 ], [ 120.175547722000033, 27.228949286000045 ], [ 120.177500847000033, 27.221502997000073 ], [ 120.182383660000028, 27.216864325000074 ], [ 120.192393425000091, 27.215277411000045 ], [ 120.201914910000028, 27.217840887000079 ], [ 120.205414259, 27.223863023000035 ], [ 120.206634962000066, 27.230454820000091 ], [ 120.209483269000089, 27.23509349200009 ], [ 120.239349806000064, 27.251125393000052 ], [ 120.256602410000028, 27.256903387000079 ], [ 120.264008009, 27.252834377000056 ], [ 120.270030144000089, 27.239447333000044 ], [ 120.297618035000028, 27.226792710000041 ], [ 120.306407097000033, 27.215277411000045 ], [ 120.319102410000028, 27.225897528000075 ], [ 120.333588087000066, 27.23509349200009 ], [ 120.333588087000066, 27.228908596000053 ], [ 120.339854363000086, 27.228908596000053 ], [ 120.341319207000083, 27.23305898600006 ], [ 120.342784050000091, 27.235825914000088 ], [ 120.347259962000066, 27.242580471000053 ], [ 120.364838087000066, 27.225083726000037 ], [ 120.365489129000025, 27.20962148600006 ], [ 120.347259962000066, 27.180487372000073 ], [ 120.369883660000028, 27.187486070000091 ], [ 120.386241082000083, 27.179510809000078 ], [ 120.401866082000083, 27.165228583000044 ], [ 120.421722852000016, 27.153143622000073 ], [ 120.421722852000016, 27.146958726000037 ], [ 120.406586134, 27.146429755000042 ], [ 120.384613477000016, 27.14984772300005 ], [ 120.373871290000011, 27.146958726000037 ], [ 120.407969597000033, 27.139553127000056 ], [ 120.407969597000033, 27.132717190000051 ], [ 120.381358269000089, 27.125230210000041 ], [ 120.373871290000011, 27.132717190000051 ], [ 120.367035352000016, 27.125230210000041 ], [ 120.381358269000089, 27.119045315000051 ], [ 120.381358269000089, 27.112250067000048 ], [ 120.373871290000011, 27.112250067000048 ], [ 120.373871290000011, 27.106024481000077 ], [ 120.395030144000089, 27.106024481000077 ], [ 120.377533399000072, 27.098578192000048 ], [ 120.357920769000089, 27.09837474200009 ], [ 120.282725457000083, 27.112290757000039 ], [ 120.274912957000083, 27.115627346000053 ], [ 120.262054884, 27.129950262000079 ], [ 120.25513756600003, 27.133042710000041 ], [ 120.243662957000083, 27.132717190000051 ], [ 120.247162306000064, 27.121649481000077 ], [ 120.252452019000089, 27.113959052000041 ], [ 120.258392774000072, 27.107082424000055 ], [ 120.264008009, 27.098578192000048 ], [ 120.278330925000091, 27.063788153000075 ], [ 120.271494988000086, 27.057562567000048 ], [ 120.257823113000086, 27.072658596000053 ], [ 120.245209181000064, 27.065334377000056 ], [ 120.232188347000033, 27.050685940000051 ], [ 120.216319207000083, 27.043931382000039 ], [ 120.216319207000083, 27.037095445000091 ], [ 120.241547071000014, 27.034002997000073 ], [ 120.255625847000033, 27.017523505000042 ], [ 120.255218946000014, 26.997056382000039 ], [ 120.237396681000064, 26.98187897300005 ], [ 120.229991082000083, 26.989325262000079 ], [ 120.21607506600003, 26.984076239000046 ], [ 120.193207227000016, 26.981350002000056 ], [ 120.148692254000025, 26.98187897300005 ], [ 120.187022332000083, 26.96352773600006 ], [ 120.199554884, 26.961371161000045 ], [ 120.213877800000091, 26.963812567000048 ], [ 120.225922071000014, 26.967352606000077 ], [ 120.235687696000014, 26.966376044000071 ], [ 120.243662957000083, 26.955145575000074 ], [ 120.239349806000064, 26.952337958000044 ], [ 120.234711134, 26.94562409100007 ], [ 120.229991082000083, 26.940904039000088 ], [ 120.237396681000064, 26.927232164000088 ], [ 120.228607618000069, 26.923000393000052 ], [ 120.224131707000083, 26.91868724200009 ], [ 120.219086134, 26.915432033000059 ], [ 120.209483269000089, 26.913560289000088 ], [ 120.200775587000066, 26.915432033000059 ], [ 120.168467644000089, 26.927232164000088 ], [ 120.147227410000028, 26.929022528000075 ], [ 120.125743035000028, 26.927313544000071 ], [ 120.113617384, 26.918768622000073 ], [ 120.120697462000066, 26.899888414000088 ], [ 120.109629754000025, 26.894354559000078 ], [ 120.10279381600003, 26.89008209800005 ], [ 120.095550977000016, 26.887274481000077 ], [ 120.08326256600003, 26.886297919000071 ], [ 120.079112175000091, 26.888373114000046 ], [ 120.07349694100003, 26.893052476000037 ], [ 120.06568444100003, 26.897853908000059 ], [ 120.055756056000064, 26.899888414000088 ], [ 120.031993035000028, 26.899888414000088 ], [ 120.055267774000072, 26.88939036700009 ], [ 120.04420006600003, 26.876695054000038 ], [ 120.025157097000033, 26.860174872000073 ], [ 120.024506056000064, 26.837876695000091 ], [ 120.033702019000089, 26.829738674000055 ], [ 120.047618035000028, 26.823228257000039 ], [ 120.062998894000089, 26.818915106000077 ], [ 120.076263868000069, 26.817368882000039 ], [ 120.085052931000064, 26.813706773000035 ], [ 120.096527540000011, 26.805894273000035 ], [ 120.110850457000083, 26.798732815000051 ], [ 120.12818444100003, 26.796942450000074 ], [ 120.119639519000089, 26.784165757000039 ], [ 120.106944207000083, 26.77179596600007 ], [ 120.097748243000069, 26.758490302000041 ], [ 120.100189649000072, 26.74290599200009 ], [ 120.112396681000064, 26.735744533000059 ], [ 120.128754102000016, 26.735052802000041 ], [ 120.142832879000025, 26.732814846000053 ], [ 120.148692254000025, 26.721177476000037 ], [ 120.143565300000091, 26.710109768000052 ], [ 120.131927931000064, 26.707220770000049 ], [ 120.118500196000014, 26.706366278000075 ], [ 120.107676629000025, 26.701320705000057 ], [ 120.102061394000089, 26.689154364000046 ], [ 120.103607618000069, 26.675279039000088 ], [ 120.110443556000064, 26.660630601000037 ], [ 120.120697462000066, 26.646063544000071 ], [ 120.134369337000066, 26.653509833000044 ], [ 120.134369337000066, 26.646063544000071 ], [ 120.098968946000014, 26.62836334800005 ], [ 120.090342644000089, 26.622219143000052 ], [ 120.080414259, 26.617417710000041 ], [ 120.075205925000091, 26.621486721000053 ], [ 120.076508009, 26.630113023000035 ], [ 120.086680535000028, 26.639227606000077 ], [ 120.079681837000066, 26.646063544000071 ], [ 120.027842644000089, 26.615301825000074 ], [ 120.01490319100003, 26.611273505000042 ], [ 119.959971550000091, 26.611273505000042 ], [ 119.948741082000083, 26.606146552000041 ], [ 119.941172722000033, 26.593329169000071 ], [ 119.937022332000083, 26.576727606000077 ], [ 119.935638868000069, 26.560451565000051 ], [ 119.884287957000083, 26.523179429000038 ], [ 119.847178582000083, 26.523627020000049 ], [ 119.835703972000033, 26.531398830000057 ], [ 119.832611524000072, 26.550482489000046 ], [ 119.835948113000086, 26.561509507000039 ], [ 119.841644727000016, 26.562404690000051 ], [ 119.848155144000089, 26.560736395000049 ], [ 119.853770379000025, 26.564113674000055 ], [ 119.854828321000014, 26.571926174000055 ], [ 119.852061394000089, 26.591009833000044 ], [ 119.853770379000025, 26.59829336100006 ], [ 119.868500196000014, 26.610052802000041 ], [ 119.888438347000033, 26.617132880000042 ], [ 119.92896569100003, 26.62563711100006 ], [ 119.944834832000083, 26.632025458000044 ], [ 119.968516472000033, 26.647935289000088 ], [ 119.984141472000033, 26.653509833000044 ], [ 119.982025587000066, 26.658148505000042 ], [ 119.978770379000025, 26.669623114000046 ], [ 119.976817254000025, 26.674017645000049 ], [ 119.986338738000086, 26.679632880000042 ], [ 120.000254754000025, 26.707709052000041 ], [ 120.011485222000033, 26.721177476000037 ], [ 120.012299024000072, 26.71906159100007 ], [ 120.017832879000025, 26.717027085000041 ], [ 120.028168165000011, 26.714992580000057 ], [ 120.032318556000064, 26.716620184000078 ], [ 120.031993035000028, 26.720404364000046 ], [ 120.03052819100003, 26.72492096600007 ], [ 120.031993035000028, 26.728583075000074 ], [ 120.077647332000083, 26.785589911000045 ], [ 120.079681837000066, 26.796942450000074 ], [ 120.067474806000064, 26.800482489000046 ], [ 120.01490319100003, 26.790025132000039 ], [ 119.946299675000091, 26.796942450000074 ], [ 119.925140821000014, 26.792181708000044 ], [ 119.923675977000016, 26.781236070000091 ], [ 119.935638868000069, 26.759019273000035 ], [ 119.924082879000025, 26.732489325000074 ], [ 119.901866082000083, 26.710109768000052 ], [ 119.888031446000014, 26.687241929000038 ], [ 119.90162194100003, 26.659735419000071 ], [ 119.879649285000028, 26.655340887000079 ], [ 119.856944207000083, 26.653509833000044 ], [ 119.853770379000025, 26.687689520000049 ], [ 119.850596550000091, 26.689520575000074 ], [ 119.829193556000064, 26.714992580000057 ], [ 119.81959069100003, 26.711371161000045 ], [ 119.803070509, 26.693793036000045 ], [ 119.791758660000028, 26.687689520000049 ], [ 119.791514519000089, 26.704779364000046 ], [ 119.802256707000083, 26.766791083000044 ], [ 119.811534050000091, 26.775783596000053 ], [ 119.840098504000025, 26.790025132000039 ], [ 119.828379754000025, 26.79564036700009 ], [ 119.815765821000014, 26.79759349200009 ], [ 119.803233269000089, 26.795721747000073 ], [ 119.791758660000028, 26.790025132000039 ], [ 119.797373894000089, 26.816392320000091 ], [ 119.815033399000072, 26.82562897300005 ], [ 119.834808790000011, 26.832505601000037 ], [ 119.846283399000072, 26.85219961100006 ], [ 119.819834832000083, 26.849269924000055 ], [ 119.798350457000083, 26.841376044000071 ], [ 119.781993035000028, 26.828517971000053 ], [ 119.770599806000064, 26.810532945000091 ], [ 119.765228712000066, 26.794094143000052 ], [ 119.765879754000025, 26.784002997000073 ], [ 119.76880944100003, 26.774400132000039 ], [ 119.770599806000064, 26.759019273000035 ], [ 119.766449415000011, 26.744940497000073 ], [ 119.756195509, 26.73773834800005 ], [ 119.743011915000011, 26.737127997000073 ], [ 119.730235222000033, 26.74290599200009 ], [ 119.730235222000033, 26.749090887000079 ], [ 119.732676629000025, 26.763413804000038 ], [ 119.726084832000083, 26.786525783000059 ], [ 119.712006056000064, 26.807928778000075 ], [ 119.692393425000091, 26.817368882000039 ], [ 119.685801629000025, 26.811997789000088 ], [ 119.680186394000089, 26.799627997000073 ], [ 119.676280144000089, 26.78587474200009 ], [ 119.67505944100003, 26.776434637000079 ], [ 119.677989129000025, 26.76312897300005 ], [ 119.683848504000025, 26.75421784100007 ], [ 119.710297071000014, 26.729885158000059 ], [ 119.720225457000083, 26.724514065000051 ], [ 119.727386915000011, 26.717922268000052 ], [ 119.730235222000033, 26.704738674000055 ], [ 119.724945509, 26.697821356000077 ], [ 119.713145379000025, 26.69985586100006 ], [ 119.696136915000011, 26.708197333000044 ], [ 119.680430535000028, 26.721828518000052 ], [ 119.663828972000033, 26.74054596600007 ], [ 119.646006707000083, 26.753322658000059 ], [ 119.626556837000066, 26.749090887000079 ], [ 119.62037194100003, 26.765570380000042 ], [ 119.622650587000066, 26.777167059000078 ], [ 119.621836785000028, 26.786769924000055 ], [ 119.606049024000072, 26.796942450000074 ], [ 119.597748243000069, 26.797105210000041 ], [ 119.584564649000072, 26.794623114000046 ], [ 119.575531446000014, 26.788031317000048 ], [ 119.579437696000014, 26.776434637000079 ], [ 119.57154381600003, 26.766546942000048 ], [ 119.557627800000091, 26.758775132000039 ], [ 119.552093946000014, 26.749090887000079 ], [ 119.550303582000083, 26.737209377000056 ], [ 119.551524285000028, 26.725165106000077 ], [ 119.554698113000086, 26.714829820000091 ], [ 119.558929884, 26.708197333000044 ], [ 119.570811394000089, 26.703273830000057 ], [ 119.583750847000033, 26.703924872000073 ], [ 119.595957879000025, 26.703314520000049 ], [ 119.606049024000072, 26.694525458000044 ], [ 119.608246290000011, 26.683539130000042 ], [ 119.606455925000091, 26.669907945000091 ], [ 119.599864129000025, 26.646063544000071 ], [ 119.568125847000033, 26.664536851000037 ], [ 119.558929884, 26.666571356000077 ], [ 119.544444207000083, 26.662502346000053 ], [ 119.541107618000069, 26.656317450000074 ], [ 119.545420769000089, 26.63617584800005 ], [ 119.554209832000083, 26.615179755000042 ], [ 119.592377149000072, 26.590887762000079 ], [ 119.599864129000025, 26.570379950000074 ], [ 119.606049024000072, 26.570379950000074 ], [ 119.618907097000033, 26.587836005000042 ], [ 119.637787306000064, 26.598822333000044 ], [ 119.657969597000033, 26.607652085000041 ], [ 119.67505944100003, 26.618801174000055 ], [ 119.687510613000086, 26.611273505000042 ], [ 119.700938347000033, 26.608587958000044 ], [ 119.730235222000033, 26.611273505000042 ], [ 119.722748243000069, 26.611273505000042 ], [ 119.735199415000011, 26.61196523600006 ], [ 119.742198113000086, 26.608628648000035 ], [ 119.742930535000028, 26.601752020000049 ], [ 119.736420118000069, 26.591457424000055 ], [ 119.748627149000072, 26.587958075000074 ], [ 119.771739129000025, 26.583889065000051 ], [ 119.784922722000033, 26.577826239000046 ], [ 119.782237175000091, 26.56476471600007 ], [ 119.782725457000083, 26.559637762000079 ], [ 119.784922722000033, 26.550482489000046 ], [ 119.774180535000028, 26.559515692000048 ], [ 119.770599806000064, 26.564113674000055 ], [ 119.761729363000086, 26.550726630000042 ], [ 119.765879754000025, 26.534369208000044 ], [ 119.779144727000016, 26.520697333000044 ], [ 119.798594597000033, 26.515773830000057 ], [ 119.795258009, 26.511623440000051 ], [ 119.793467644000089, 26.508205471000053 ], [ 119.790619337000066, 26.505194403000075 ], [ 119.784922722000033, 26.502020575000074 ], [ 119.794281446000014, 26.497137762000079 ], [ 119.802256707000083, 26.489447333000044 ], [ 119.812266472000033, 26.474798895000049 ], [ 119.817718946000014, 26.462144273000035 ], [ 119.818858269000089, 26.453192450000074 ], [ 119.818060156688645, 26.45 ], [ 119.72303051402649, 26.45 ], [ 119.718760613000086, 26.451849677000041 ], [ 119.699229363000086, 26.454901434000078 ], [ 119.689789259, 26.459458726000037 ], [ 119.664561394000089, 26.492132880000042 ], [ 119.653656446000014, 26.498032945000091 ], [ 119.646983269000089, 26.494045315000051 ], [ 119.640961134, 26.482163804000038 ], [ 119.635752800000091, 26.479437567000048 ], [ 119.625498894000089, 26.470933335000041 ], [ 119.62037194100003, 26.467962958000044 ], [ 119.605723504000025, 26.474351304000038 ], [ 119.599864129000025, 26.474798895000049 ], [ 119.579600457000083, 26.470892645000049 ], [ 119.571299675000091, 26.465725002000056 ], [ 119.566416863000086, 26.454901434000078 ], [ 119.56833075633638, 26.45 ], [ 116.608245202027916, 26.45 ], [ 116.619476353151185, 26.492078355231911 ], [ 116.619889764301092, 26.498227851034471 ], [ 116.619269646676798, 26.500062363687107 ], [ 116.617926060439345, 26.501302598935752 ], [ 116.614308710178761, 26.503085434745003 ], [ 116.594775018052587, 26.505255845980514 ], [ 116.588263787943447, 26.506702785904849 ], [ 116.582682732921739, 26.508976549028489 ], [ 116.574311150838867, 26.515513617559407 ], [ 116.567489862367211, 26.523058377342238 ], [ 116.542323440174528, 26.562797553364362 ], [ 116.537310825933787, 26.593079941685914 ], [ 116.537207473146282, 26.617445380000277 ], [ 116.535192092441093, 26.630674546692944 ], [ 116.532866651574636, 26.639175319984986 ], [ 116.529921095781901, 26.643335273504078 ], [ 116.52201460169249, 26.652637031573704 ], [ 116.517053664295076, 26.659665024721107 ], [ 116.509922316561642, 26.6726099723723 ], [ 116.506821731137961, 26.680904039190011 ], [ 116.504961379164229, 26.689301458795285 ], [ 116.50465131990245, 26.697052924153127 ], [ 116.505271438426121, 26.708576768503065 ], [ 116.506615024663574, 26.716457424170756 ], [ 116.508992140574833, 26.722968655179272 ], [ 116.514728225227373, 26.732270413248955 ], [ 116.528060743808282, 26.74857432694364 ], [ 116.531781446856257, 26.761596788061297 ], [ 116.545268995967376, 26.86786937117455 ], [ 116.547749464666026, 26.872933661359355 ], [ 116.553950637312028, 26.881589464282342 ], [ 116.5922945502532, 26.917969672462391 ], [ 116.60924441909458, 26.942154241824767 ], [ 116.613895298129478, 26.947502752849744 ], [ 116.618856236426154, 26.951275132741159 ], [ 116.62335208493073, 26.95401398385826 ], [ 116.642885777056904, 26.963651637812802 ], [ 116.647381625561479, 26.966519680139129 ], [ 116.669705844748933, 26.986906032987008 ], [ 116.674873487721243, 26.989386501685658 ], [ 116.67967939728635, 26.989231472054769 ], [ 116.691616651886875, 26.980239773246922 ], [ 116.696732618915235, 26.978766994900866 ], [ 116.70200361467505, 26.979387112525217 ], [ 116.722312453157087, 26.987913723339659 ], [ 116.740812615609684, 26.997964789343541 ], [ 116.76137983561091, 27.006388048269798 ], [ 116.76747765457003, 27.008093369713208 ], [ 116.780190057325285, 27.009488633693479 ], [ 116.828920933054519, 27.009927883265163 ], [ 116.835277134432204, 27.0106513527777 ], [ 116.846645949151139, 27.013648587212515 ], [ 116.867109817264236, 27.022407742023631 ], [ 116.87858198477079, 27.025870063552588 ], [ 116.884628126886469, 27.026645209009189 ], [ 116.891294386626555, 27.026128445071663 ], [ 116.910259637971876, 27.021245022040091 ], [ 116.917080927342909, 27.020624905315117 ], [ 116.923437127821103, 27.021012478043417 ], [ 116.928863153211864, 27.023544622686188 ], [ 116.93397912024011, 27.027032781737489 ], [ 116.985190463768845, 27.070001736191159 ], [ 117.000848423216098, 27.07865753821477 ], [ 117.040122512144194, 27.109534207537649 ], [ 117.065547316755215, 27.170486558707694 ], [ 117.076606073111748, 27.188495794745108 ], [ 117.102030877722768, 27.207796942874609 ], [ 117.10916222455694, 27.215651760120636 ], [ 117.12404503764833, 27.238596096033007 ], [ 117.153810662931733, 27.27639740751431 ], [ 117.156187778842877, 27.282211004734052 ], [ 117.156962925198741, 27.289264838101758 ], [ 117.153810662931733, 27.300530300033302 ], [ 117.149366490371222, 27.306240546264178 ], [ 117.139289585046299, 27.313165188422715 ], [ 117.135723911629157, 27.316963405836475 ], [ 117.134328647648886, 27.322311916861452 ], [ 117.134328647648886, 27.334843451564041 ], [ 117.133243442930507, 27.340166124167297 ], [ 117.130297886238395, 27.343628444796877 ], [ 117.125491977572665, 27.344041855946898 ], [ 117.120841099437143, 27.342181504872542 ], [ 117.116293573189751, 27.339468492177161 ], [ 117.111487665423397, 27.337995713831106 ], [ 117.106836786388499, 27.338719184242962 ], [ 117.103581171333985, 27.342181504872542 ], [ 117.101100701735959, 27.346651515854774 ], [ 117.097690057050499, 27.37528026047562 ], [ 117.098930292299087, 27.382799180937411 ], [ 117.101824172147758, 27.3914808213828 ], [ 117.120220981812849, 27.417525742718851 ], [ 117.122804804198267, 27.423106797740502 ], [ 117.124665155272623, 27.429928087111534 ], [ 117.124355096910108, 27.440573432318047 ], [ 117.12311486166152, 27.447162176793029 ], [ 117.12156456894968, 27.451838894249533 ], [ 117.10730187438196, 27.481682033898721 ], [ 117.104201288058903, 27.491681423059219 ], [ 117.10156578972942, 27.515245877495204 ], [ 117.10156578972942, 27.527777411298473 ], [ 117.105751580770743, 27.554080715052919 ], [ 117.112262810879997, 27.567619941007479 ], [ 117.17065717988487, 27.65570242003065 ], [ 117.188950636762456, 27.67497772883911 ], [ 117.225124139367495, 27.723450222150007 ], [ 117.27297651595336, 27.763551134277407 ], [ 117.282381625911285, 27.768718777249774 ], [ 117.287135857733574, 27.772620348350358 ], [ 117.290443149631642, 27.783653266285171 ], [ 117.292303500705998, 27.79750254970287 ], [ 117.284241977884903, 27.857033800269676 ], [ 117.292923619229555, 27.864578559153188 ], [ 117.298504673351999, 27.865689602293287 ], [ 117.308426548146599, 27.865353705509108 ], [ 117.315867955141925, 27.863648383166321 ], [ 117.328270297736026, 27.85956594491239 ], [ 117.349664340936556, 27.865973823133402 ], [ 117.40619835796781, 27.904214382387806 ], [ 117.419840935810498, 27.919226385789045 ], [ 117.424491814845283, 27.923412176830482 ], [ 117.441338331798534, 27.929716702263988 ], [ 117.45942508310111, 27.934135037302099 ], [ 117.476013217635796, 27.942377428175746 ], [ 117.48484988771213, 27.948139350350743 ], [ 117.500507847159383, 27.964339911257866 ], [ 117.508931106085583, 27.970825303844663 ], [ 117.514615512995533, 27.973279934121649 ], [ 117.521798536673032, 27.974442654105189 ], [ 117.532960646716447, 27.97312490539008 ], [ 117.539420200881523, 27.970308539007874 ], [ 117.544432815122263, 27.966665351224947 ], [ 117.547068312552483, 27.962324531451941 ], [ 117.549238722888731, 27.957518621886891 ], [ 117.553114454668275, 27.941137192927101 ], [ 117.554974806642008, 27.936072902742239 ], [ 117.557455276239921, 27.931525377394223 ], [ 117.564121535080744, 27.923851427301486 ], [ 117.575800409061571, 27.912973538098299 ], [ 117.582466668801658, 27.905428779214787 ], [ 117.584637079137792, 27.901475532170082 ], [ 117.587737664561473, 27.891450303688543 ], [ 117.589908074897721, 27.886747747810318 ], [ 117.595644158650998, 27.878221136995876 ], [ 117.605255975083082, 27.866154690286692 ], [ 117.613627557165955, 27.859462592124885 ], [ 117.62344608007254, 27.853752345894009 ], [ 117.663753696875574, 27.838042711402011 ], [ 117.677396274718262, 27.835278021863189 ], [ 117.701787550554968, 27.83300425873955 ], [ 117.705508253602943, 27.831893214700074 ], [ 117.71046919189962, 27.829851996472428 ], [ 117.727935825577788, 27.817630520132354 ], [ 117.733413526912727, 27.815175889855425 ], [ 117.739201288408708, 27.813522244356079 ], [ 117.745557488886902, 27.813289700359348 ], [ 117.753153924613912, 27.816106064942915 ], [ 117.761732212271681, 27.821325384758666 ], [ 117.774392938183496, 27.83357269952046 ], [ 117.780749138661804, 27.84106578245985 ], [ 117.785089960233449, 27.847887070931563 ], [ 117.786846957620924, 27.853752345894009 ], [ 117.787880487294615, 27.860108547271636 ], [ 117.78664025294529, 27.884034736014257 ], [ 117.787157016882816, 27.890442613335892 ], [ 117.790050896731486, 27.902560736888461 ], [ 117.794701775766271, 27.913025214042364 ], [ 117.797802362089328, 27.9175727402897 ], [ 117.80498538576694, 27.925556748744953 ], [ 117.81242679186289, 27.932378038115928 ], [ 117.817387730159567, 27.935091050811309 ], [ 117.823433873174622, 27.9372614611475 ], [ 117.859452346148828, 27.944263616772503 ], [ 117.873094923991516, 27.944909572818517 ], [ 117.879606154100657, 27.946046454380337 ], [ 117.885807325847395, 27.948294379082313 ], [ 117.924151238788568, 27.966510322493377 ], [ 117.946475457975907, 27.973202419755864 ], [ 117.952676629722646, 27.974132594843354 ], [ 117.959342888563356, 27.974158434164394 ], [ 117.981253696600788, 27.972143053459149 ], [ 117.988074985971821, 27.973047390124918 ], [ 118.011639438609109, 27.982426663459705 ], [ 118.019287551179445, 27.983821926540656 ], [ 118.026108839651215, 27.984054470537387 ], [ 118.061300490325266, 27.979016017874926 ], [ 118.068483514002878, 27.98079885548276 ], [ 118.074994745011395, 27.984907131259092 ], [ 118.085536737430402, 27.998058782686655 ], [ 118.087087030142243, 28.00046173791884 ], [ 118.087397089404135, 28.001934516264896 ], [ 118.090187615565924, 28.005345160051093 ], [ 118.0951485538626, 28.009272569573398 ], [ 118.105845575013177, 28.013845934242454 ], [ 118.113545362628315, 28.018470973956255 ], [ 118.124914179146003, 28.03495575570355 ], [ 118.130701938843345, 28.0405368107252 ], [ 118.140623813638058, 28.044412543404121 ], [ 118.148685337358415, 28.044696764244236 ], [ 118.156281773085311, 28.043869941044932 ], [ 118.169614291666221, 28.041156928349551 ], [ 118.17628055230557, 28.041001898718605 ], [ 118.182688429627319, 28.04169953070874 ], [ 118.195245802751515, 28.044490057769906 ], [ 118.31291303900548, 28.085882880190752 ], [ 118.35208377514607, 28.088983466513753 ], [ 118.358284946892695, 28.090042832810468 ], [ 118.363762649126897, 28.093608507126874 ], [ 118.367793409638125, 28.09970632608605 ], [ 118.370118849605205, 28.11321971271957 ], [ 118.37135908395453, 28.136241562997725 ], [ 118.380505813292643, 28.169960435325834 ], [ 118.380660842024213, 28.178487047039596 ], [ 118.37880049005048, 28.184688218786221 ], [ 118.355494418932267, 28.19990692776247 ], [ 118.351980422358565, 28.203705146075606 ], [ 118.3491898952974, 28.207968451482827 ], [ 118.347949660048698, 28.213239448142019 ], [ 118.348879836035508, 28.219802354195281 ], [ 118.355494418932267, 28.229414171526798 ], [ 118.36980879124269, 28.243263454944497 ], [ 118.408101028239798, 28.269876817061458 ], [ 118.446444940281708, 28.288687038775777 ], [ 118.498896519059031, 28.262435410965452 ], [ 118.516001418430619, 28.262280382233826 ], [ 118.524372999614229, 28.276930650429165 ], [ 118.529023878649014, 28.281297309523211 ], [ 118.535380080026584, 28.284785468574512 ], [ 118.592482537838805, 28.29920319277312 ], [ 118.602197707058508, 28.298893134410605 ], [ 118.608915642742659, 28.296464342555339 ], [ 118.612481317059064, 28.292175197827078 ], [ 118.616822137731447, 28.288221950782372 ], [ 118.623178339109018, 28.284397894946892 ], [ 118.629276158068137, 28.283932806953487 ], [ 118.677955356954158, 28.291865139464619 ], [ 118.689737582823113, 28.295611680934314 ], [ 118.697695753755966, 28.299900823863936 ], [ 118.705447219113807, 28.307161362806653 ], [ 118.709788038886813, 28.310081081976307 ], [ 118.724515822347257, 28.31767751680394 ], [ 118.735212844397211, 28.325971585420291 ], [ 118.7530928892254, 28.283648587012635 ], [ 118.762859735288544, 28.269618435542327 ], [ 118.782393427414718, 28.25429637287931 ], [ 118.79608768120147, 28.239930325524085 ], [ 118.800841913023874, 28.230809435507012 ], [ 118.802392205735714, 28.222696234943271 ], [ 118.800221796298842, 28.217244371130789 ], [ 118.79701785718828, 28.212929388880184 ], [ 118.788749627892912, 28.206340644405202 ], [ 118.774021845331845, 28.19897675177566 ], [ 118.769629347816135, 28.195359402414454 ], [ 118.766425408705572, 28.190579332170444 ], [ 118.764565056731954, 28.183447984436896 ], [ 118.765650263248972, 28.178176987777761 ], [ 118.768595819041821, 28.173681139273128 ], [ 118.773246698076605, 28.167815864310683 ], [ 118.778362665104851, 28.160090237374561 ], [ 118.785338983207453, 28.144845689077272 ], [ 118.785959099932484, 28.136267402318765 ], [ 118.784253777589697, 28.129756171310248 ], [ 118.760379265690517, 28.109033922577453 ], [ 118.756658562642542, 28.105209865842596 ], [ 118.753247918856346, 28.100894884491311 ], [ 118.749992303801719, 28.086761380233497 ], [ 118.746271599854367, 28.010745347919453 ], [ 118.7481319518281, 27.973202419755864 ], [ 118.749992303801719, 27.968344835146013 ], [ 118.752576125287874, 27.963926500107902 ], [ 118.755728387554996, 27.95981822433157 ], [ 118.778362665104851, 27.937959093137636 ], [ 118.787509392644324, 27.931809597335018 ], [ 118.808593378381715, 27.921319281759452 ], [ 118.814381138079057, 27.916720079567995 ], [ 118.819807164369081, 27.909950466141083 ], [ 118.826938511203252, 27.896953844344409 ], [ 118.829884067895364, 27.885119940732636 ], [ 118.834534946930262, 27.845225735079566 ], [ 118.841046177039402, 27.815692653792894 ], [ 118.861510044253123, 27.766186631707683 ], [ 118.869313185555029, 27.752776597861669 ], [ 118.883730909753581, 27.73319122979143 ], [ 118.889466994406234, 27.722158310957241 ], [ 118.891017287118075, 27.71427765618887 ], [ 118.890552199124613, 27.707275498765227 ], [ 118.884661085740504, 27.696707668823819 ], [ 118.882025588310171, 27.689886380352164 ], [ 118.880785353960846, 27.679344387033836 ], [ 118.88218061704174, 27.672781480081198 ], [ 118.885281203364798, 27.667743028318057 ], [ 118.888536819318688, 27.663867296538513 ], [ 118.894117873441019, 27.651516628989214 ], [ 118.922694940319161, 27.549998276799045 ], [ 118.921609734701406, 27.543590400376672 ], [ 118.919697706783722, 27.537983506933301 ], [ 118.916287062997526, 27.533358466320124 ], [ 118.912256300687659, 27.529663600794549 ], [ 118.907295363290359, 27.527183132095843 ], [ 118.902024366631167, 27.525762031492548 ], [ 118.895823194884542, 27.525451972230712 ], [ 118.889932082399582, 27.524237576303108 ], [ 118.885436232995744, 27.520361842724867 ], [ 118.883110793028663, 27.510414130407753 ], [ 118.883885940283903, 27.504807236964382 ], [ 118.885074497789788, 27.501241563547296 ], [ 118.898613722844971, 27.487728176014514 ], [ 118.9081221855904, 27.481759548264506 ], [ 118.919077590058691, 27.47682444928887 ], [ 118.931841668758011, 27.47377553980931 ], [ 118.948274773661865, 27.471682643838903 ], [ 118.956646355744624, 27.472147731832365 ], [ 118.990029332187873, 27.479692490715877 ], [ 118.995610386310204, 27.480338446761891 ], [ 119.005273878686467, 27.480054225921776 ], [ 119.053177932115773, 27.471553453529054 ], [ 119.059224074231565, 27.469538071924433 ], [ 119.075347120772904, 27.461734931521846 ], [ 119.081134882268998, 27.460003769858076 ], [ 119.086819289178834, 27.459538682763991 ], [ 119.091676873788629, 27.461347357894226 ], [ 119.096172723192581, 27.464112047433048 ], [ 119.101753778214288, 27.465998236929067 ], [ 119.108109978692482, 27.465972398507347 ], [ 119.116946648768817, 27.461114813897552 ], [ 119.121287470340462, 27.454577745366635 ], [ 119.125008173388437, 27.444087428891692 ], [ 119.12857384680558, 27.438196316406845 ], [ 119.133224724941101, 27.434010525365409 ], [ 119.157616000777807, 27.425819810435883 ], [ 119.185831333349256, 27.419928697051716 ], [ 119.215803664207669, 27.416853949150436 ], [ 119.242933791161477, 27.417551581140515 ], [ 119.256731398635111, 27.419799505842491 ], [ 119.265619744655396, 27.424114488093153 ], [ 119.27306115075146, 27.43519908287135 ], [ 119.278022089048136, 27.445172634509447 ], [ 119.282983026445436, 27.450340278381134 ], [ 119.288564080567767, 27.45336334943903 ], [ 119.322567172836671, 27.461786607465967 ], [ 119.330628696557028, 27.466127428138293 ], [ 119.335744663585274, 27.471140042379034 ], [ 119.341015660244466, 27.483361517819787 ], [ 119.347371860722774, 27.491681423059219 ], [ 119.356260206743059, 27.49783091886178 ], [ 119.372693313445666, 27.506460883363047 ], [ 119.382150100246918, 27.510388291986089 ], [ 119.390366652698845, 27.512610379165665 ], [ 119.396671177232975, 27.51232615832555 ], [ 119.402613966561262, 27.510620835982763 ], [ 119.407109816864477, 27.507675279290709 ], [ 119.412380812624406, 27.501551621909812 ], [ 119.417548455596716, 27.502094225168321 ], [ 119.449329461585307, 27.51385061351499 ], [ 119.459871454004315, 27.519896754731406 ], [ 119.467312860100378, 27.525296943499143 ], [ 119.472738886390403, 27.5352446558162 ], [ 119.474599236565496, 27.541084093256302 ], [ 119.478009882150332, 27.565785427455467 ], [ 119.480386998061476, 27.570746364852823 ], [ 119.496044956609467, 27.592605496046758 ], [ 119.499920689288388, 27.600460313292785 ], [ 119.501005894006767, 27.604336045971706 ], [ 119.501160922738336, 27.61539480232824 ], [ 119.504571568323172, 27.624825750707828 ], [ 119.51170291605672, 27.636711331162985 ], [ 119.530306431296708, 27.65838959430431 ], [ 119.542295362740788, 27.668673204304923 ], [ 119.551442092078787, 27.67456431678977 ], [ 119.557798292557095, 27.67572703677331 ], [ 119.564154493934666, 27.675494492776579 ], [ 119.590871209738452, 27.669990953020033 ], [ 119.604358758849571, 27.669060777033224 ], [ 119.611128371377163, 27.667510484321383 ], [ 119.615830927255388, 27.665572617981923 ], [ 119.623117303720505, 27.658699653566146 ], [ 119.624667597331722, 27.646684881901763 ], [ 119.623427362083021, 27.641775621347847 ], [ 119.620946893384371, 27.636556301532096 ], [ 119.614900751268578, 27.627202867518292 ], [ 119.612420281670666, 27.621854356493316 ], [ 119.610869988958825, 27.61598908153087 ], [ 119.610404900965364, 27.609968776937478 ], [ 119.611645136214065, 27.604878648330953 ], [ 119.614435663275231, 27.600615342923732 ], [ 119.619706659035046, 27.597049669506646 ], [ 119.627044712343604, 27.593949083183645 ], [ 119.639550408624359, 27.590331732923119 ], [ 119.647921990707232, 27.586120103459962 ], [ 119.654329868928244, 27.577567654223856 ], [ 119.65526004401579, 27.570332952803483 ], [ 119.653864780934896, 27.556716213382515 ], [ 119.653864780934896, 27.550747586531884 ], [ 119.657585483982871, 27.544133001836542 ], [ 119.663941685360442, 27.537130846211539 ], [ 119.677429233572184, 27.525529487495817 ], [ 119.683010288593891, 27.51788137492548 ], [ 119.686575962011034, 27.511292630450498 ], [ 119.689056430709684, 27.49976878520124 ], [ 119.690916782683303, 27.483671576182303 ], [ 119.690916782683303, 27.47145009984223 ], [ 119.686575962011034, 27.431995143760844 ], [ 119.686989374060317, 27.426207384063503 ], [ 119.688126254722874, 27.420884711460246 ], [ 119.693397251381953, 27.411040351031374 ], [ 119.706626418074734, 27.398663845060355 ], [ 119.732981398672564, 27.378096625059186 ], [ 119.738252395331756, 27.372386379727629 ], [ 119.745073683803412, 27.362929592027058 ], [ 119.755822381797429, 27.351664130095514 ], [ 119.758612908858595, 27.347426663110014 ], [ 119.760266555257317, 27.342414048869216 ], [ 119.760886671982234, 27.336832993847565 ], [ 119.760886671982234, 27.330735174888389 ], [ 119.761713495181652, 27.325076606400273 ], [ 119.763573847155271, 27.320193183368701 ], [ 119.770085077264412, 27.315878201118096 ], [ 119.78124718640845, 27.313320217154285 ], [ 119.806361931757692, 27.313087673157554 ], [ 119.818040805738519, 27.315568141856261 ], [ 119.826102330358253, 27.318978787441097 ], [ 119.830133090869367, 27.322156887230562 ], [ 119.834783969904265, 27.324766547138438 ], [ 119.840881788863385, 27.325464179128574 ], [ 119.847961459753492, 27.324017239204181 ], [ 119.858038365078414, 27.319573065744351 ], [ 119.866720004624426, 27.317971096189126 ], [ 119.877158645155305, 27.319676419431175 ], [ 119.890181106272962, 27.324094754469343 ], [ 119.896382278019701, 27.324921575870007 ], [ 119.93069542865112, 27.324792385560102 ], [ 119.936121454041768, 27.326471869481168 ], [ 119.940462273814887, 27.329779161379179 ], [ 119.94387291939961, 27.333887437155454 ], [ 119.946818475192458, 27.338434963402847 ], [ 119.954414910919354, 27.345747179188947 ], [ 119.978651158024491, 27.3579428171073 ], [ 119.983922153784306, 27.359984036234266 ], [ 119.990743443155338, 27.359958197812546 ], [ 119.998959995607265, 27.35773611153229 ], [ 120.02329959460053, 27.342853298440957 ], [ 120.030120883971563, 27.340786240892271 ], [ 120.03818240769192, 27.339546007442266 ], [ 120.050171340035263, 27.340217800111361 ], [ 120.057922805393105, 27.341716416879137 ], [ 120.064434034602982, 27.343628444796877 ], [ 120.073580763941095, 27.349131985452743 ], [ 120.113940056688193, 27.383109239299927 ], [ 120.12773766506109, 27.391067410232779 ], [ 120.147736444281463, 27.400214137772195 ], [ 120.212021925771182, 27.41365001093925 ], [ 120.234656203321038, 27.413029893314899 ], [ 120.248918898788133, 27.410161851887949 ], [ 120.257910597595924, 27.406957912777443 ], [ 120.266178826891291, 27.401841945749197 ], [ 120.289226515591167, 27.382566636940737 ], [ 120.298579949604914, 27.378406684321021 ], [ 120.306486443694325, 27.376701361978235 ], [ 120.330877720430408, 27.380551256235492 ], [ 120.337388951438925, 27.380654609022997 ], [ 120.34400353433557, 27.379646917771026 ], [ 120.351341586744752, 27.374970201213785 ], [ 120.358472935377563, 27.367244574277663 ], [ 120.388290235705767, 27.329029853444979 ], [ 120.399452345749069, 27.311330674870703 ], [ 120.405808547126753, 27.296861273828711 ], [ 120.413094923591757, 27.265597031777588 ], [ 120.416505569176593, 27.208649604495633 ], [ 120.41920006600003, 27.206366278000075 ], [ 120.420420769000089, 27.19790273600006 ] ] ], [ [ [ 120.318532748000052, 26.948594468000067 ], [ 120.320241733000103, 26.958197333000044 ], [ 120.322194858000103, 26.962103583000044 ], [ 120.326182488000086, 26.961778062000064 ], [ 120.337087436000047, 26.970038153000075 ], [ 120.344899936000047, 26.971950588000084 ], [ 120.350922071000014, 26.971177476000037 ], [ 120.355316602000016, 26.968858140000066 ], [ 120.357513868000069, 26.966050523000035 ], [ 120.363047722000033, 26.963039455000057 ], [ 120.368907097000033, 26.955674546000068 ], [ 120.373871290000011, 26.943589585000041 ], [ 120.377696160000028, 26.939846096000053 ], [ 120.384206576, 26.937974351000037 ], [ 120.385671420000108, 26.935166734000063 ], [ 120.352549675000091, 26.923773505000042 ], [ 120.326833530000044, 26.939683335000041 ], [ 120.318532748000052, 26.948594468000067 ] ] ] ] } },
{ "type": "Feature", "properties": { "name": "Henan" }, "geometry": { "type": "Polygon", "coordinates": [ [ [ 115.50269697458566, 35.695495917102846 ], [ 115.492051630278524, 35.678184312156247 ], [ 115.467505323911496, 35.663534043960965 ], [ 115.420738152943386, 35.643664455949875 ], [ 115.40321984332104, 35.630538642044655 ], [ 115.395054965913914, 35.615759181740827 ], [ 115.392781202790275, 35.597103990556718 ], [ 115.392781202790275, 35.572299303569991 ], [ 115.383479444720592, 35.557519843266107 ], [ 115.341621535205604, 35.555452785717478 ], [ 115.330769485323458, 35.534420477722847 ], [ 115.332629836397814, 35.523361721366314 ], [ 115.342706739924097, 35.50555919000459 ], [ 115.345032179891177, 35.496257432834227 ], [ 115.340381300856279, 35.48517283805603 ], [ 115.329529250074756, 35.481038722958658 ], [ 115.316868524163056, 35.479462591825154 ], [ 115.307101678999288, 35.475767727198843 ], [ 115.266277297359352, 35.436235255852353 ], [ 115.248810662781807, 35.424556382770845 ], [ 115.226538121337171, 35.416236477531413 ], [ 115.205815870805736, 35.414712022341917 ], [ 115.162821079729042, 35.417735094299132 ], [ 115.150728793698818, 35.415874742325457 ], [ 115.144682651583025, 35.41112051050311 ], [ 115.140031773447504, 35.404660956338034 ], [ 115.132125279358092, 35.397891343810443 ], [ 115.122203403664116, 35.393963935187458 ], [ 115.091765984812355, 35.390424099292716 ], [ 115.068356560906523, 35.380114650870439 ], [ 115.053938836707857, 35.366885484177715 ], [ 115.026291944917261, 35.332391466393062 ], [ 115.021796096412686, 35.324872545031894 ], [ 115.009238723288377, 35.294228421504442 ], [ 115.002314081129839, 35.284823309747935 ], [ 114.981953566703737, 35.266891588076305 ], [ 114.941749301788832, 35.218832505915373 ], [ 114.930380487069783, 35.211649482237817 ], [ 114.913482294172468, 35.20818716070886 ], [ 114.864286329550396, 35.188705146325447 ], [ 114.851573927694517, 35.178163153906382 ], [ 114.851832310112968, 35.159611313711139 ], [ 114.860203892195841, 35.140516872955288 ], [ 114.865009799962309, 35.120595608100814 ], [ 114.847078078290679, 35.081554063169449 ], [ 114.847491490339962, 35.038068346576893 ], [ 114.837931349851829, 35.019878242486868 ], [ 114.834210646803854, 35.016183376961237 ], [ 114.883251580895717, 34.999466051217269 ], [ 114.905059035246268, 34.995977892165968 ], [ 114.930380487069783, 34.999233507220538 ], [ 114.949655795878243, 35.005770574852136 ], [ 114.966657343361703, 35.009232896381036 ], [ 114.976940953362259, 35.010137233946182 ], [ 114.991668735923326, 35.009026190806026 ], [ 114.99776655488256, 35.007785956456701 ], [ 115.174499952810493, 34.94417226853534 ], [ 115.181631301443417, 34.939986477493903 ], [ 115.2016300797643, 34.920711167786123 ], [ 115.213877395425357, 34.905156562025695 ], [ 115.218838331923394, 34.901332506190215 ], [ 115.222300652553031, 34.896474921580364 ], [ 115.223230829439217, 34.891617336970512 ], [ 115.216254511336615, 34.856089789512168 ], [ 115.216047804862228, 34.835729275085953 ], [ 115.230672234635904, 34.826711737856385 ], [ 115.233101027390489, 34.832887071181347 ], [ 115.235943231295096, 34.835341702357653 ], [ 115.246020135720642, 34.84226634451619 ], [ 115.252221306568003, 34.84490184194641 ], [ 115.25966271356333, 34.847330633801676 ], [ 115.270101353194832, 34.84934601540624 ], [ 115.280333287251324, 34.849966132131271 ], [ 115.290410190777607, 34.849423529772082 ], [ 115.306533238218321, 34.846917223551031 ], [ 115.311959262709706, 34.84531525309643 ], [ 115.317643671418296, 34.84283478439778 ], [ 115.34100141758131, 34.824980577091935 ], [ 115.351233351637802, 34.819192817394594 ], [ 115.410506219786157, 34.794052231824992 ], [ 115.42234012339793, 34.786404120153975 ], [ 115.429264763757828, 34.779712021992225 ], [ 115.430815057368932, 34.774311835023127 ], [ 115.431331822205834, 34.768265692907391 ], [ 115.428799676663743, 34.72237702108265 ], [ 115.430815057368932, 34.698295802709083 ], [ 115.435775994766345, 34.675713202002669 ], [ 115.437532993952459, 34.670855618292137 ], [ 115.442803989712274, 34.660055243454678 ], [ 115.448074986371466, 34.651967882211977 ], [ 115.483576695408146, 34.612254543712197 ], [ 115.50114668187382, 34.596338201846493 ], [ 115.519440138751406, 34.585279446389336 ], [ 115.530757276627014, 34.580060126573585 ], [ 115.541712681095305, 34.577527981031494 ], [ 115.61643680221664, 34.567399399762451 ], [ 115.646357457130875, 34.568691310955217 ], [ 115.662842237978907, 34.573393866833442 ], [ 115.671833937686074, 34.577579657874878 ], [ 115.676949903814943, 34.582540595272235 ], [ 115.685011428434677, 34.597733465826764 ], [ 115.693072951255658, 34.60075653688466 ], [ 115.706767205941787, 34.600265611368854 ], [ 115.748315057094146, 34.592049058916928 ], [ 115.777770624015034, 34.582592271216299 ], [ 115.800301547878121, 34.572127794062453 ], [ 115.807742954873447, 34.570913398134792 ], [ 115.816424595318722, 34.571430162072318 ], [ 115.853528273910683, 34.58396169677485 ], [ 115.879263136884219, 34.589077663803096 ], [ 115.956726109122542, 34.591790676498476 ], [ 115.966647983917255, 34.594038601200452 ], [ 115.970988803690261, 34.597475084307689 ], [ 115.975019566000128, 34.601247464199105 ], [ 115.985199823213179, 34.615045070773363 ], [ 115.989282260567848, 34.618869127508219 ], [ 115.993674758083557, 34.621607977725944 ], [ 116.000806105817105, 34.621142889732539 ], [ 116.008092483181485, 34.618171495518084 ], [ 116.033982374886591, 34.60362457921093 ], [ 116.043749220949735, 34.600213935424733 ], [ 116.057133417273349, 34.601454168874795 ], [ 116.064574823369412, 34.604089667204335 ], [ 116.070465935854259, 34.607758694308302 ], [ 116.074341669432442, 34.611686102931287 ], [ 116.07914757719891, 34.614579982779958 ], [ 116.084728632220504, 34.616156113913519 ], [ 116.092480096679083, 34.613443102117458 ], [ 116.100851678761956, 34.607732855886582 ], [ 116.112323847167772, 34.594038601200452 ], [ 116.121677281181519, 34.579233303374224 ], [ 116.126328160216417, 34.574763292391992 ], [ 116.130513951257853, 34.571585190803887 ], [ 116.151287875934713, 34.566727607093355 ], [ 116.163380161964824, 34.534739895529754 ], [ 116.163380161964824, 34.527608546896886 ], [ 116.16276004434053, 34.519366156922558 ], [ 116.160176222854375, 34.514250189894312 ], [ 116.15702395968799, 34.50512929897792 ], [ 116.152063023189953, 34.466888739723515 ], [ 116.153768344633363, 34.455261541686752 ], [ 116.156713902224737, 34.447303372552597 ], [ 116.187151320177236, 34.42017324469947 ], [ 116.203274366718574, 34.402215685505439 ], [ 116.222084589332326, 34.389167385066742 ], [ 116.267198113901827, 34.368290106703057 ], [ 116.315308872906144, 34.336819159076924 ], [ 116.369310744395307, 34.286072903541651 ], [ 116.378302444102474, 34.280233466101549 ], [ 116.386518995655024, 34.276486925531174 ], [ 116.393857049862959, 34.275246690282529 ], [ 116.40098839669713, 34.275014146285798 ], [ 116.414786005070027, 34.276486925531174 ], [ 116.433337844365951, 34.28064687815089 ], [ 116.440365839311994, 34.280543525363385 ], [ 116.461346469563864, 34.277572130249609 ], [ 116.467857700572381, 34.278373115027193 ], [ 116.480105015334175, 34.281370348562689 ], [ 116.552090285338295, 34.286848048998252 ], [ 116.560048456271147, 34.285607815548246 ], [ 116.56935021434083, 34.282817288487081 ], [ 116.573380974852057, 34.278812363699615 ], [ 116.574621210100759, 34.274471543926609 ], [ 116.574001093375728, 34.270621650568671 ], [ 116.567179804004695, 34.248865872162241 ], [ 116.56609459838694, 34.24075267249782 ], [ 116.56609459838694, 34.234861559113654 ], [ 116.567489862367211, 34.223234361076891 ], [ 116.573380974852057, 34.20199534840657 ], [ 116.575086298094106, 34.192125149555977 ], [ 116.575241326825676, 34.188766180814582 ], [ 116.574776238832328, 34.183805243417225 ], [ 116.573536005382266, 34.17830170276136 ], [ 116.57090050705267, 34.173211575054097 ], [ 116.567489862367211, 34.168819078437707 ], [ 116.563149041694828, 34.16538259533047 ], [ 116.558498162660044, 34.162359524272631 ], [ 116.554260694775166, 34.158742174012104 ], [ 116.55064334541396, 34.154711411702294 ], [ 116.547749464666026, 34.149672959939153 ], [ 116.545424025598209, 34.14416942018255 ], [ 116.543873732886368, 34.138123277167495 ], [ 116.542788527268726, 34.131663723002418 ], [ 116.54263349763778, 34.125927639249142 ], [ 116.542943556899559, 34.120915025008401 ], [ 116.551160110250862, 34.105980535972947 ], [ 116.57090050705267, 34.078747057130954 ], [ 116.602629836197934, 34.008415431726746 ], [ 116.634204135712253, 33.970484930834857 ], [ 116.641180454714117, 33.953225002731642 ], [ 116.637924838760227, 33.91855011689438 ], [ 116.636064487685871, 33.909610094030597 ], [ 116.632498814268843, 33.904571642267456 ], [ 116.627072788878081, 33.901781114306971 ], [ 116.6205098819255, 33.901626085575344 ], [ 116.613998650916983, 33.90309886302208 ], [ 116.607952508801191, 33.905191758992487 ], [ 116.591157667792118, 33.912684841032558 ], [ 116.583767937640118, 33.911522121948337 ], [ 116.576016473181653, 33.906922918857617 ], [ 116.565939568755994, 33.894778957782648 ], [ 116.559221633071843, 33.888267726774131 ], [ 116.552710402063326, 33.884185289419577 ], [ 116.546044143222616, 33.883100083801821 ], [ 116.523719924035277, 33.882169907814955 ], [ 116.517828810651054, 33.880412909528104 ], [ 116.512402785260292, 33.878113307982744 ], [ 116.500103793655057, 33.870826931517627 ], [ 116.496589797081469, 33.869276637906466 ], [ 116.491422154109046, 33.867881374825572 ], [ 116.485220982362421, 33.866822008528857 ], [ 116.468632846928244, 33.861964423019685 ], [ 116.456230503434995, 33.855866604060509 ], [ 116.449667597381676, 33.850543932356572 ], [ 116.445326775810031, 33.845014553278986 ], [ 116.4397457216877, 33.827082830708036 ], [ 116.437110223358104, 33.811244005006813 ], [ 116.434474725028508, 33.803673407701581 ], [ 116.431064081242312, 33.79866079436016 ], [ 116.427188347664014, 33.794785060781919 ], [ 116.42372602703449, 33.792304592083212 ], [ 116.420677117554874, 33.790831813737213 ], [ 116.381454706369595, 33.778687853561564 ], [ 116.182035354048253, 33.718329779795454 ], [ 116.166170689025989, 33.716701971818509 ], [ 116.157282343005704, 33.717890530223769 ], [ 116.146947056161707, 33.720345160500756 ], [ 116.140280796421621, 33.72326487877109 ], [ 116.134699742299176, 33.726468817881596 ], [ 116.121057163557225, 33.736442369519693 ], [ 116.079612665192258, 33.778351955878065 ], [ 116.067365350430578, 33.795353502462149 ], [ 116.05930382671022, 33.809151109036407 ], [ 116.048761835190476, 33.835635280843519 ], [ 116.040493605895108, 33.849045314689477 ], [ 116.029331495851807, 33.86067251182692 ], [ 115.970678746227122, 33.904804186264187 ], [ 115.967733188635748, 33.908421536524656 ], [ 115.964942661574582, 33.912762356297662 ], [ 115.963702427225144, 33.918188380789104 ], [ 115.963702427225144, 33.924027818229206 ], [ 115.965046014361974, 33.929970608456813 ], [ 115.973934361281749, 33.952243149901449 ], [ 115.976518181868528, 33.964852199869085 ], [ 115.976414829980399, 33.977202867418384 ], [ 115.974089390013319, 33.983714098426901 ], [ 115.97036868696523, 33.990767930895288 ], [ 115.96137698815744, 34.000147203330755 ], [ 115.953315464437082, 34.00407461195374 ], [ 115.945408970347671, 34.005728258352406 ], [ 115.931559686030596, 34.003247788754436 ], [ 115.921741164023501, 34.003816230434666 ], [ 115.9065999703123, 34.006916815858347 ], [ 115.890321893240753, 34.015133368310273 ], [ 115.879263136884219, 34.018078925002385 ], [ 115.871615025213146, 34.018388984264163 ], [ 115.86670576375991, 34.015753485934624 ], [ 115.862209914356072, 34.012342841249108 ], [ 115.857093947327712, 34.009087226194538 ], [ 115.850427687587626, 34.007071845489236 ], [ 115.84112593041732, 34.006916815858347 ], [ 115.835028110558824, 34.009087226194538 ], [ 115.830273878736421, 34.012394518092492 ], [ 115.815029332237827, 34.027587389546397 ], [ 115.769915805869687, 34.055596014744253 ], [ 115.748160028362577, 34.065259508019835 ], [ 115.742113886246784, 34.066267198372486 ], [ 115.737152947950108, 34.066241359950766 ], [ 115.732967156908671, 34.065569566382351 ], [ 115.711211379401561, 34.058231513073849 ], [ 115.70330488531215, 34.05691376435874 ], [ 115.675089552740587, 34.057042955567908 ], [ 115.666356236351135, 34.055647690688374 ], [ 115.66170535731635, 34.054097397976534 ], [ 115.65364383269673, 34.048412991066641 ], [ 115.610855748094309, 34.00464305273465 ], [ 115.59716149340818, 33.994204413103148 ], [ 115.586154412995711, 33.979579983329529 ], [ 115.573131951878054, 33.951984768382317 ], [ 115.565535516151158, 33.924518743745011 ], [ 115.561349725109721, 33.898137926524043 ], [ 115.562589960358309, 33.872222195497898 ], [ 115.563985223439317, 33.867881374825572 ], [ 115.566155633775452, 33.863566393474287 ], [ 115.569411248830079, 33.85974233673943 ], [ 115.574217156596433, 33.857416896772349 ], [ 115.578713006899648, 33.85648672078554 ], [ 115.583984002659577, 33.856280016109849 ], [ 115.604137810611405, 33.857752794455905 ], [ 115.611475864819226, 33.857571926403239 ], [ 115.618452182921828, 33.856357530475634 ], [ 115.623671502737579, 33.853592840936813 ], [ 115.627288852998163, 33.849717109157268 ], [ 115.629304233703351, 33.844601142128965 ], [ 115.629924351327759, 33.83876170468892 ], [ 115.624188266675105, 33.772331651284674 ], [ 115.622482945231695, 33.766156317959712 ], [ 115.619382358908638, 33.761350409293925 ], [ 115.614989862292305, 33.75840485350119 ], [ 115.608168572921272, 33.75954173416369 ], [ 115.603414341098869, 33.762538966799866 ], [ 115.599693638050894, 33.766621405953117 ], [ 115.594629347866089, 33.768921007498477 ], [ 115.588789911325307, 33.769231064961673 ], [ 115.5832088563036, 33.766724757841303 ], [ 115.578713006899648, 33.76259064454257 ], [ 115.575457390945758, 33.755924383903164 ], [ 115.574062127864863, 33.752100328067684 ], [ 115.573545363028074, 33.750188300149887 ], [ 115.573907098233917, 33.745589097958486 ], [ 115.575457390945758, 33.741351630073666 ], [ 115.577782830912838, 33.736855781569034 ], [ 115.58072838760495, 33.732566636840772 ], [ 115.591218703180516, 33.720629381340871 ], [ 115.594060907085122, 33.716159369459319 ], [ 115.599693638050894, 33.70091482206135 ], [ 115.609615512845608, 33.656912339732685 ], [ 115.623103061956726, 33.627740994551232 ], [ 115.634730259094113, 33.591825873465268 ], [ 115.634885288725059, 33.588027656051452 ], [ 115.634575230362543, 33.584772040097562 ], [ 115.631009556046138, 33.581154689837035 ], [ 115.625893589017892, 33.578441677141655 ], [ 115.592200555111503, 33.568493963925278 ], [ 115.496960890832383, 33.56102672030687 ], [ 115.465748325624645, 33.555729885226015 ], [ 115.442597284137264, 33.548081773554998 ], [ 115.436086054028124, 33.544025172823467 ], [ 115.428799676663743, 33.538134060338621 ], [ 115.412521599592083, 33.518548692268325 ], [ 115.402754755327692, 33.503123276817746 ], [ 115.400429315360611, 33.500177721025011 ], [ 115.398568964286255, 33.499660956188166 ], [ 115.39500328996985, 33.498911648253966 ], [ 115.388130323755377, 33.49898916351907 ], [ 115.381825800120509, 33.50012604418157 ], [ 115.380688917659427, 33.500772000227585 ], [ 115.375624628373885, 33.504776923216411 ], [ 115.365651075836467, 33.516662502772249 ], [ 115.361310256063462, 33.519814765039371 ], [ 115.355574172310185, 33.520098984980166 ], [ 115.349993117288477, 33.516869208347259 ], [ 115.344722120629285, 33.508652655895332 ], [ 115.342086623199066, 33.500746160906601 ], [ 115.347822706952343, 33.465037747194231 ], [ 115.347822706952343, 33.458991604179175 ], [ 115.346427443871448, 33.453048813951568 ], [ 115.326842075801096, 33.427572333396427 ], [ 115.323948195053163, 33.419510810575446 ], [ 115.323638136690647, 33.412741197148534 ], [ 115.326842075801096, 33.4024059112038 ], [ 115.327978957362916, 33.397186591388049 ], [ 115.326428663751813, 33.390727037222973 ], [ 115.315679965757795, 33.373983873057284 ], [ 115.315059849032764, 33.367756862888882 ], [ 115.318005405724875, 33.363261013484987 ], [ 115.328702426875452, 33.357938340881731 ], [ 115.332939894760329, 33.354372667464588 ], [ 115.335885450553064, 33.350031846792263 ], [ 115.337900832157629, 33.345096746917307 ], [ 115.340846388849741, 33.334167181769999 ], [ 115.346685826289786, 33.286056422765682 ], [ 115.347512648589827, 33.283989366116316 ], [ 115.347977735683912, 33.2794676782907 ], [ 115.349062942200931, 33.27445506404996 ], [ 115.349217970932614, 33.263344630849986 ], [ 115.347822706952343, 33.25613576875071 ], [ 115.345342238253693, 33.250606391471763 ], [ 115.344722120629285, 33.249986273847412 ], [ 115.338210891419408, 33.243707586835626 ], [ 115.310253941266296, 33.221667589387721 ], [ 115.304827915875535, 33.21569896073845 ], [ 115.300642123934836, 33.209833685775948 ], [ 115.29862674412891, 33.204123440444391 ], [ 115.292580601113855, 33.172342434455743 ], [ 115.285759311742822, 33.148235379459152 ], [ 115.283123814312489, 33.143222765218411 ], [ 115.279093052002736, 33.138029282925061 ], [ 115.273822056242807, 33.132809964008629 ], [ 115.258267449583059, 33.123120632311327 ], [ 115.250981073117941, 33.12064016451194 ], [ 115.196359084004484, 33.110330715190344 ], [ 115.188142530653181, 33.107850247390957 ], [ 115.142822299609406, 33.084259955432572 ], [ 115.105563593185252, 33.083329780345082 ], [ 115.032803175925778, 33.090357774391748 ], [ 115.018850538821312, 33.093949286230554 ], [ 114.986294387376006, 33.11622182947383 ], [ 114.969189488004417, 33.123740749935621 ], [ 114.946245152092047, 33.118934841269891 ], [ 114.886558872793671, 33.083407293811547 ], [ 114.890072870266749, 33.057724106782075 ], [ 114.890382928629151, 33.051677965565659 ], [ 114.889762811004857, 33.045657660072948 ], [ 114.888057488662071, 33.040024929107176 ], [ 114.885732049594367, 33.034753933347304 ], [ 114.880150994572659, 33.024832058552647 ], [ 114.878083937923407, 33.019406033161886 ], [ 114.876533645211566, 33.013489081355999 ], [ 114.875913526687896, 33.001086737862636 ], [ 114.876120233162169, 32.999846503513311 ], [ 114.876533645211566, 32.99847707795476 ], [ 114.879840936210144, 32.993412786870579 ], [ 114.886042107956882, 32.986488144712098 ], [ 114.899219597806109, 32.974240830849624 ], [ 114.914102410897499, 32.963388780068101 ], [ 114.919373406657314, 32.960572415484592 ], [ 114.925212844097473, 32.958246975517511 ], [ 115.012029250349542, 32.934630846036669 ], [ 115.016990187746956, 32.931762803710399 ], [ 115.02143436120673, 32.928455511812388 ], [ 115.029702589602834, 32.921246649713112 ], [ 115.034198439906049, 32.918146064289431 ], [ 115.039521111609929, 32.91540721317233 ], [ 115.045205520318518, 32.913107612526289 ], [ 115.051768427271099, 32.911557318915129 ], [ 115.073420851990704, 32.910136217412457 ], [ 115.079983758943285, 32.908482571013849 ], [ 115.10390994678653, 32.899361680996776 ], [ 115.130419957015306, 32.892385361994855 ], [ 115.139670038241661, 32.888277086218523 ], [ 115.142822299609406, 32.886442573565887 ], [ 115.14669803318759, 32.883626207183681 ], [ 115.161270787017202, 32.870267849281788 ], [ 115.167058546714543, 32.866831367073928 ], [ 115.184731886866984, 32.859054063294366 ], [ 115.189382765901883, 32.854015611531224 ], [ 115.192328321694617, 32.846445014225992 ], [ 115.191243116976239, 32.821226915189982 ], [ 115.192328321694617, 32.812235216382135 ], [ 115.195738967279453, 32.803476061570962 ], [ 115.196359084004484, 32.797507432921691 ], [ 115.192018264231478, 32.792572333046735 ], [ 115.187677443559096, 32.788696601267134 ], [ 115.184266798873637, 32.784071559754636 ], [ 115.182096389436765, 32.774072171493515 ], [ 115.180184360619705, 32.714489244083325 ], [ 115.181321242181525, 32.702216090899867 ], [ 115.185972121216423, 32.693146877726178 ], [ 115.20395551973138, 32.670176703392144 ], [ 115.206642694005041, 32.665629177144808 ], [ 115.208813104341289, 32.661185004584297 ], [ 115.210156692377382, 32.656921699177076 ], [ 115.209433221066206, 32.641470445304776 ], [ 115.199304640696596, 32.59147349680444 ], [ 115.261419711850181, 32.583670356401797 ], [ 115.280643344714576, 32.576539007768986 ], [ 115.284984166286222, 32.573128363982789 ], [ 115.289790074052576, 32.570182807290678 ], [ 115.296921420886861, 32.568193264107833 ], [ 115.366736280554846, 32.559511624561821 ], [ 115.379965448146891, 32.554033922327619 ], [ 115.38720014866783, 32.548711248825043 ], [ 115.389887322941604, 32.544292913786933 ], [ 115.39422814271461, 32.540830593157352 ], [ 115.399499139373688, 32.538117581361291 ], [ 115.411281366142134, 32.533389187061289 ], [ 115.429729851751176, 32.520599269940362 ], [ 115.456911656447687, 32.507395942568678 ], [ 115.460942416958915, 32.504295356245677 ], [ 115.464818149637836, 32.500548813876662 ], [ 115.46543826726213, 32.4996961531549 ], [ 115.471484410277299, 32.484942532172113 ], [ 115.474740025331812, 32.480834255496461 ], [ 115.482801548152906, 32.473651230919529 ], [ 115.486367221569935, 32.469697983874823 ], [ 115.498511184443601, 32.447580471161814 ], [ 115.500681593880358, 32.445074164041444 ], [ 115.506727735996151, 32.439053860347371 ], [ 115.532307570238117, 32.41856415471193 ], [ 115.546673619391981, 32.409184882276463 ], [ 115.564760369795181, 32.402441108170592 ], [ 115.585637649058185, 32.412388821386969 ], [ 115.609357131326533, 32.416367905954075 ], [ 115.631319615307916, 32.413318997373835 ], [ 115.64661583864995, 32.402441108170592 ], [ 115.687440220289886, 32.466674912816927 ], [ 115.693848097611522, 32.49181549748721 ], [ 115.726352574012026, 32.481221829124081 ], [ 115.741907179772511, 32.479232285941237 ], [ 115.754774611259222, 32.498275050752966 ], [ 115.768727248363803, 32.49106618955301 ], [ 115.790069614720892, 32.470705675126794 ], [ 115.808259718810973, 32.503416856202932 ], [ 115.843503046328465, 32.542561753921802 ], [ 115.884534132644035, 32.571681423159134 ], [ 115.920397576886671, 32.574368598332114 ], [ 115.922102899229344, 32.567883205745318 ], [ 115.902104120009085, 32.558736477306581 ], [ 115.870891554801347, 32.532433173552079 ], [ 115.86670576375991, 32.527446396833739 ], [ 115.863450148705397, 32.522382107548196 ], [ 115.86174482636261, 32.515018214918655 ], [ 115.863760207067912, 32.510108954364739 ], [ 115.867480910115887, 32.506362412895044 ], [ 115.874147169855974, 32.501349799553566 ], [ 115.875077345842783, 32.500419623566756 ], [ 115.875697462567814, 32.499437770736506 ], [ 115.872286818781618, 32.481557725908317 ], [ 115.863760207067912, 32.455099392522925 ], [ 115.861073032794138, 32.441637681833527 ], [ 115.860659620744855, 32.432000026979665 ], [ 115.863450148705397, 32.427710883150723 ], [ 115.874922317111213, 32.416393744375796 ], [ 115.87833296089741, 32.412311306121865 ], [ 115.881123487958575, 32.407944647927138 ], [ 115.888461542166397, 32.393862820512709 ], [ 115.891975538740098, 32.37022085171094 ], [ 115.893732537926212, 32.308906765334939 ], [ 115.89605797699403, 32.297460436250105 ], [ 115.903447707145915, 32.277048244980506 ], [ 115.910940790085306, 32.263095607875982 ], [ 115.912646112428092, 32.258341376053636 ], [ 115.914816521864964, 32.250021470814204 ], [ 115.928149042244513, 32.024583035578587 ], [ 115.926908806995812, 32.016288966962236 ], [ 115.925358514283971, 32.009700222487254 ], [ 115.92241295759186, 32.001664537188617 ], [ 115.921172723242535, 31.999209906911631 ], [ 115.91993248889321, 31.99727204057217 ], [ 115.913886346777417, 31.975154526959841 ], [ 115.90086388565976, 31.886141872849123 ], [ 115.90566979432549, 31.818988349033077 ], [ 115.904119500714387, 31.804234727150913 ], [ 115.901328972753845, 31.794493720408866 ], [ 115.896678094618323, 31.791315618820704 ], [ 115.891355422015067, 31.78917104690629 ], [ 115.879159784096714, 31.786251329535219 ], [ 115.865517206254026, 31.785088609551678 ], [ 115.833684524321257, 31.787801622247059 ], [ 115.789914585089946, 31.795785630702255 ], [ 115.760407343124371, 31.796793321054906 ], [ 115.753741083384284, 31.79627655711738 ], [ 115.748160028362577, 31.79454539635293 ], [ 115.738083123936917, 31.789506943690469 ], [ 115.731881952190292, 31.788111681508894 ], [ 115.72490563408769, 31.787801622247059 ], [ 115.702064650962825, 31.789661974220735 ], [ 115.687956985126675, 31.789067695018105 ], [ 115.662945590766299, 31.783951727989859 ], [ 115.582433709947736, 31.752480781263046 ], [ 115.5782479189063, 31.750284532505134 ], [ 115.564450311432665, 31.738553982580186 ], [ 115.559954462028713, 31.735685940253916 ], [ 115.554528435738689, 31.734497381848655 ], [ 115.548740676041348, 31.735608424988811 ], [ 115.543366326594651, 31.737908027433491 ], [ 115.537578566897309, 31.738450628893361 ], [ 115.531532423882254, 31.736383572244051 ], [ 115.512928907742889, 31.711914781142241 ], [ 115.500836622612042, 31.699796658488992 ], [ 115.487452427187691, 31.682924303114078 ], [ 115.4834216657772, 31.674914456237161 ], [ 115.480631137816658, 31.667369697353649 ], [ 115.472724643727247, 31.634710191322256 ], [ 115.469158970310218, 31.626571153236114 ], [ 115.46543826726213, 31.620628363907826 ], [ 115.461717564214155, 31.616726792807242 ], [ 115.418722772238084, 31.551304429755589 ], [ 115.399034052279603, 31.531047268116936 ], [ 115.39422814271461, 31.524148464380119 ], [ 115.391127557290929, 31.517585558326857 ], [ 115.389732294209921, 31.511746120886755 ], [ 115.389267206216573, 31.500558173320997 ], [ 115.389422234948142, 31.499317938971672 ], [ 115.392677850002769, 31.48872426970928 ], [ 115.391282586921761, 31.469888211371824 ], [ 115.374022657919227, 31.417539985382007 ], [ 115.36084516807, 31.4108478872202 ], [ 115.338365920151091, 31.402760525078122 ], [ 115.28622439973617, 31.395138250929506 ], [ 115.278007847284243, 31.396145942181477 ], [ 115.269791293933054, 31.398884793298578 ], [ 115.259507683932384, 31.406532904969595 ], [ 115.255321892890947, 31.4123465030886 ], [ 115.252841425091674, 31.417204087698451 ], [ 115.252066277836434, 31.420511380495782 ], [ 115.250360956393024, 31.424774685003683 ], [ 115.247880486794998, 31.429037991310224 ], [ 115.243746372597002, 31.432526150361525 ], [ 115.227726678843055, 31.441052761175968 ], [ 115.218528273560878, 31.44748647691938 ], [ 115.211396925827444, 31.455134589489717 ], [ 115.208813104341289, 31.459682114837733 ], [ 115.206746046792546, 31.464720567500194 ], [ 115.205660842074167, 31.47022410725674 ], [ 115.205040725349136, 31.476089382219186 ], [ 115.205195754080705, 31.481954658081008 ], [ 115.206125930067628, 31.48738068347177 ], [ 115.215117628875419, 31.51050588653743 ], [ 115.216564568799754, 31.516474514287381 ], [ 115.217288039211553, 31.522908230030794 ], [ 115.216667921587259, 31.534974676739921 ], [ 115.215427688137197, 31.540555731761572 ], [ 115.213463983376073, 31.545594184424033 ], [ 115.210776809102413, 31.550038356984544 ], [ 115.207262810730072, 31.553939928085185 ], [ 115.195118849655159, 31.564507758026593 ], [ 115.191553176238017, 31.568409329127235 ], [ 115.177290480771035, 31.590345973787635 ], [ 115.170159133037487, 31.598019923880372 ], [ 115.165921666051986, 31.601456406987552 ], [ 115.159410435043469, 31.603445950170453 ], [ 115.151348912222488, 31.603911038163858 ], [ 115.13941165582321, 31.600913805527682 ], [ 115.13346886559566, 31.598278307198086 ], [ 115.128559605041687, 31.594531764829071 ], [ 115.10525353392336, 31.563913478823963 ], [ 115.083032668422902, 31.524665229216907 ], [ 115.076883172620228, 31.515544339199892 ], [ 115.069751824886794, 31.507250271482803 ], [ 115.061845330797382, 31.499757188543413 ], [ 115.048202752954694, 31.490713812892125 ], [ 115.037764113323078, 31.485985419491499 ], [ 115.020090774069899, 31.481205349247432 ], [ 114.998851759600939, 31.477613837408626 ], [ 114.875500116437138, 31.489809475326979 ], [ 114.85979048104582, 31.489034328971059 ], [ 114.848783400633351, 31.484900213873743 ], [ 114.837931349851829, 31.482264716443467 ], [ 114.833642206022887, 31.481747952505998 ], [ 114.82196333204206, 31.481515408509267 ], [ 114.790750766834321, 31.483763333211243 ], [ 114.766566196572626, 31.490481268895451 ], [ 114.753957146604989, 31.499214586184166 ], [ 114.75302697061818, 31.500687364530222 ], [ 114.749306267570091, 31.51143606252424 ], [ 114.744965447797085, 31.515105088728831 ], [ 114.738299188056999, 31.517327175009086 ], [ 114.726051874194582, 31.516939602280786 ], [ 114.710342237903888, 31.51469167757881 ], [ 114.702280715082907, 31.516345323078156 ], [ 114.693599073738255, 31.519497586244597 ], [ 114.676649204896876, 31.530582180123474 ], [ 114.651534457748994, 31.558332423802312 ], [ 114.643162875666121, 31.565205390016729 ], [ 114.638201939168084, 31.568021755499615 ], [ 114.629003533885907, 31.569804592208129 ], [ 114.616497836705776, 31.570553901041706 ], [ 114.567766961875691, 31.566135566003538 ], [ 114.547871535442937, 31.572879340109466 ], [ 114.541670362796935, 31.589260769069199 ], [ 114.532988723250924, 31.622230333463108 ], [ 114.532213575995684, 31.627992254738729 ], [ 114.532058547264114, 31.634245103328851 ], [ 114.533608839975955, 31.647448432499118 ], [ 114.535365839162068, 31.653365383405685 ], [ 114.537949659748961, 31.658455512012267 ], [ 114.541050246071904, 31.663106391047108 ], [ 114.551953972797605, 31.675379544230566 ], [ 114.560790642873826, 31.689383857279154 ], [ 114.563116082840907, 31.694809881770595 ], [ 114.565751581170503, 31.706798814113938 ], [ 114.565906609902072, 31.71284495712905 ], [ 114.564976433915263, 31.718503526516542 ], [ 114.563271111572476, 31.723748683854637 ], [ 114.561255730867288, 31.728761298095435 ], [ 114.558775263067901, 31.733334661865115 ], [ 114.555674676744843, 31.737675483436817 ], [ 114.547613153024599, 31.742868963931528 ], [ 114.535469191949574, 31.748450018953179 ], [ 114.509114211351744, 31.756847439457772 ], [ 114.495316603878109, 31.759198716947196 ], [ 114.48565311060247, 31.759095364159691 ], [ 114.480898878780181, 31.757079983454446 ], [ 114.472320591122298, 31.751473090011075 ], [ 114.466274449006619, 31.746667182244664 ], [ 114.457437778930284, 31.741783759213092 ], [ 114.4527868998955, 31.740155951236147 ], [ 114.449066196847411, 31.739484158567052 ], [ 114.407311639220779, 31.740155951236147 ], [ 114.393979119740493, 31.738398952949296 ], [ 114.375995721225536, 31.733980617911186 ], [ 114.36896772717887, 31.733722236392055 ], [ 114.361836379445322, 31.734264837851981 ], [ 114.349899123046043, 31.739561672033517 ], [ 114.334861281223084, 31.748346666165673 ], [ 114.3, 31.773827017849587 ], [ 114.3, 35.7 ], [ 115.502597497887393, 35.7 ], [ 115.50269697458566, 35.695495917102846 ] ] ] } },
{ "type": "Feature", "properties": { "name": "Hubei" }, "geometry": { "type": "Polygon", "coordinates": [ [ [ 114.334861281223084, 31.748346666165673 ], [ 114.349899123046043, 31.739561672033517 ], [ 114.361836379445322, 31.734264837851981 ], [ 114.36896772717887, 31.733722236392055 ], [ 114.375995721225536, 31.733980617911186 ], [ 114.393979119740493, 31.738398952949296 ], [ 114.407311639220779, 31.740155951236147 ], [ 114.449066196847411, 31.739484158567052 ], [ 114.4527868998955, 31.740155951236147 ], [ 114.457437778930284, 31.741783759213092 ], [ 114.466274449006619, 31.746667182244664 ], [ 114.472320591122298, 31.751473090011075 ], [ 114.480898878780181, 31.757079983454446 ], [ 114.48565311060247, 31.759095364159691 ], [ 114.495316603878109, 31.759198716947196 ], [ 114.509114211351744, 31.756847439457772 ], [ 114.535469191949574, 31.748450018953179 ], [ 114.547613153024599, 31.742868963931528 ], [ 114.555674676744843, 31.737675483436817 ], [ 114.558775263067901, 31.733334661865115 ], [ 114.561255730867288, 31.728761298095435 ], [ 114.563271111572476, 31.723748683854637 ], [ 114.564976433915263, 31.718503526516542 ], [ 114.565906609902072, 31.71284495712905 ], [ 114.565751581170503, 31.706798814113938 ], [ 114.563116082840907, 31.694809881770595 ], [ 114.560790642873826, 31.689383857279154 ], [ 114.551953972797605, 31.675379544230566 ], [ 114.541050246071904, 31.663106391047108 ], [ 114.537949659748961, 31.658455512012267 ], [ 114.535365839162068, 31.653365383405685 ], [ 114.533608839975955, 31.647448432499118 ], [ 114.532058547264114, 31.634245103328851 ], [ 114.532213575995684, 31.627992254738729 ], [ 114.532988723250924, 31.622230333463108 ], [ 114.541670362796935, 31.589260769069199 ], [ 114.547871535442937, 31.572879340109466 ], [ 114.567766961875691, 31.566135566003538 ], [ 114.616497836705776, 31.570553901041706 ], [ 114.629003533885907, 31.569804592208129 ], [ 114.638201939168084, 31.568021755499615 ], [ 114.643162875666121, 31.565205390016729 ], [ 114.651534457748994, 31.558332423802312 ], [ 114.676649204896876, 31.530582180123474 ], [ 114.693599073738255, 31.519497586244597 ], [ 114.702280715082907, 31.516345323078156 ], [ 114.710342237903888, 31.51469167757881 ], [ 114.726051874194582, 31.516939602280786 ], [ 114.738299188056999, 31.517327175009086 ], [ 114.744965447797085, 31.515105088728831 ], [ 114.749306267570091, 31.51143606252424 ], [ 114.75302697061818, 31.500687364530222 ], [ 114.753957146604989, 31.499214586184166 ], [ 114.766566196572626, 31.490481268895451 ], [ 114.790750766834321, 31.483763333211243 ], [ 114.82196333204206, 31.481515408509267 ], [ 114.833642206022887, 31.481747952505998 ], [ 114.837931349851829, 31.482264716443467 ], [ 114.848783400633351, 31.484900213873743 ], [ 114.85979048104582, 31.489034328971059 ], [ 114.875500116437138, 31.489809475326979 ], [ 114.998851759600939, 31.477613837408626 ], [ 115.020090774069899, 31.481205349247432 ], [ 115.037764113323078, 31.485985419491499 ], [ 115.048202752954694, 31.490713812892125 ], [ 115.061845330797382, 31.499757188543413 ], [ 115.069751824886794, 31.507250271482803 ], [ 115.076883172620228, 31.515544339199892 ], [ 115.083032668422902, 31.524665229216907 ], [ 115.10525353392336, 31.563913478823963 ], [ 115.128559605041687, 31.594531764829071 ], [ 115.13346886559566, 31.598278307198086 ], [ 115.13941165582321, 31.600913805527682 ], [ 115.151348912222488, 31.603911038163858 ], [ 115.159410435043469, 31.603445950170453 ], [ 115.165921666051986, 31.601456406987552 ], [ 115.170159133037487, 31.598019923880372 ], [ 115.177290480771035, 31.590345973787635 ], [ 115.191553176238017, 31.568409329127235 ], [ 115.195118849655159, 31.564507758026593 ], [ 115.207262810730072, 31.553939928085185 ], [ 115.210776809102413, 31.550038356984544 ], [ 115.213463983376073, 31.545594184424033 ], [ 115.215427688137197, 31.540555731761572 ], [ 115.216667921587259, 31.534974676739921 ], [ 115.217288039211553, 31.522908230030794 ], [ 115.216564568799754, 31.516474514287381 ], [ 115.215117628875419, 31.51050588653743 ], [ 115.206125930067628, 31.48738068347177 ], [ 115.205195754080705, 31.481954658081008 ], [ 115.205040725349136, 31.476089382219186 ], [ 115.205660842074167, 31.47022410725674 ], [ 115.206746046792546, 31.464720567500194 ], [ 115.208813104341289, 31.459682114837733 ], [ 115.211396925827444, 31.455134589489717 ], [ 115.218528273560878, 31.44748647691938 ], [ 115.227726678843055, 31.441052761175968 ], [ 115.243746372597002, 31.432526150361525 ], [ 115.247880486794998, 31.429037991310224 ], [ 115.250360956393024, 31.424774685003683 ], [ 115.252066277836434, 31.420511380495782 ], [ 115.252841425091674, 31.417204087698451 ], [ 115.255321892890947, 31.4123465030886 ], [ 115.259507683932384, 31.406532904969595 ], [ 115.269791293933054, 31.398884793298578 ], [ 115.278007847284243, 31.396145942181477 ], [ 115.28622439973617, 31.395138250929506 ], [ 115.338365920151091, 31.402760525078122 ], [ 115.36084516807, 31.4108478872202 ], [ 115.374022657919227, 31.417539985382007 ], [ 115.374022657919227, 31.366276964110568 ], [ 115.380378860196174, 31.35051565187581 ], [ 115.386166619893515, 31.348061020699504 ], [ 115.415002069190109, 31.340206204352853 ], [ 115.42383873926633, 31.335684516527181 ], [ 115.43660281796565, 31.326227728826609 ], [ 115.442287224875486, 31.319406440354896 ], [ 115.44559451677344, 31.312972723712221 ], [ 115.453966098856313, 31.286075140755145 ], [ 115.457376744441149, 31.279718940276837 ], [ 115.460632358596399, 31.275791530754532 ], [ 115.464043003281972, 31.273853665314391 ], [ 115.481251255441066, 31.26788503756444 ], [ 115.497374301982404, 31.257963161870407 ], [ 115.511378615031049, 31.246387641576405 ], [ 115.518199904401968, 31.239333808208642 ], [ 115.522850783436866, 31.233210150827801 ], [ 115.528896925552658, 31.219283352144942 ], [ 115.549980910390673, 31.182696438389883 ], [ 115.56072960838469, 31.170991725987335 ], [ 115.568946160836617, 31.163757026365658 ], [ 115.57576745020765, 31.161638291973588 ], [ 115.582743768310252, 31.160423896045927 ], [ 115.589565056781908, 31.160475571990048 ], [ 115.595559523852899, 31.161741644761094 ], [ 115.600107050100291, 31.164764715818933 ], [ 115.602794224373952, 31.169544786063 ], [ 115.604654576347571, 31.175358385081381 ], [ 115.605584751435117, 31.181378688775453 ], [ 115.609098748908082, 31.193005885912896 ], [ 115.611579217606732, 31.198328559415472 ], [ 115.617522006935019, 31.20832794947529 ], [ 115.624033237943536, 31.217216295495632 ], [ 115.628063999354026, 31.220833644856782 ], [ 115.633334996013218, 31.223262436712048 ], [ 115.639381138129011, 31.224450995117309 ], [ 115.64661583864995, 31.224244290441618 ], [ 115.656331007869653, 31.221789659265369 ], [ 115.668733352262393, 31.217216295495632 ], [ 115.688887160214222, 31.20755280222005 ], [ 115.711211379401561, 31.193548489171405 ], [ 115.768365513157846, 31.143551541570389 ], [ 115.792963494569562, 31.127712714070469 ], [ 115.806967807618207, 31.124896349486903 ], [ 115.814357537770093, 31.124353746228394 ], [ 115.821230503085189, 31.124818834221799 ], [ 115.827586705362137, 31.125878201417834 ], [ 115.843761427847539, 31.132234401896085 ], [ 115.850427687587626, 31.133862209873087 ], [ 115.85828250483371, 31.134353136288212 ], [ 115.870116408445483, 31.13233775558291 ], [ 115.876937696917139, 31.129366360469135 ], [ 115.882053663945385, 31.125516466211934 ], [ 115.885154250268442, 31.121485703902067 ], [ 115.8873246597052, 31.116602280870552 ], [ 115.888874953316417, 31.1113571235324 ], [ 115.889701775616459, 31.105543525413339 ], [ 115.893577509194643, 31.098360500836407 ], [ 115.900243768035466, 31.09016978590688 ], [ 115.924893427189886, 31.070171006686564 ], [ 115.930319451681271, 31.064073187727388 ], [ 115.931559686030596, 31.058802191967573 ], [ 115.931663038818101, 31.04583140679398 ], [ 115.934143508416128, 31.038493354384798 ], [ 115.939517856963448, 31.035366930539396 ], [ 115.946442499121986, 31.034049180924967 ], [ 115.958896518559413, 31.036374619992671 ], [ 115.964632603212067, 31.038234971966347 ], [ 115.989282260567848, 31.043195909363703 ], [ 116.00432010329007, 31.041490587020974 ], [ 116.035377638866862, 31.030948595501286 ], [ 116.039046665970773, 31.002784938873788 ], [ 116.035997755591893, 30.988883979512025 ], [ 116.033362258161674, 30.983845526849564 ], [ 116.022510207380151, 30.969608669804245 ], [ 116.016929152358443, 30.963975937939153 ], [ 115.981840855371161, 30.939532986158383 ], [ 115.949904819751623, 30.911963608733515 ], [ 115.942928500749645, 30.907028509757879 ], [ 115.931404657299026, 30.903617865971739 ], [ 115.912646112428092, 30.899974677289492 ], [ 115.893267449932864, 30.889820258498105 ], [ 115.873527053130942, 30.875996811703487 ], [ 115.864535354323152, 30.86793528888245 ], [ 115.858644240039553, 30.860958970779848 ], [ 115.856473829703418, 30.855403754179918 ], [ 115.854303420266547, 30.843104763474059 ], [ 115.85523359625347, 30.831580919124121 ], [ 115.85828250483371, 30.820909736395208 ], [ 115.86438032379283, 30.806647040028849 ], [ 115.865620559041531, 30.801091824328182 ], [ 115.865310499779639, 30.795381578097306 ], [ 115.862209914356072, 30.784839586577618 ], [ 115.857869093683689, 30.779025987559237 ], [ 115.853063185917222, 30.774581814099406 ], [ 115.847792190157406, 30.772256375031645 ], [ 115.84190107587392, 30.77078359578627 ], [ 115.835234817033097, 30.7702409943264 ], [ 115.827896762825276, 30.77078359578627 ], [ 115.82107547435362, 30.772023831034971 ], [ 115.810533481934613, 30.775460313242831 ], [ 115.805572543637936, 30.775486152563872 ], [ 115.798131138441249, 30.774168402949442 ], [ 115.786503941303749, 30.768432319196165 ], [ 115.780561151076199, 30.763497219321209 ], [ 115.776737095240719, 30.758329576348842 ], [ 115.775290155316384, 30.754815578875821 ], [ 115.772499628255218, 30.737814033191057 ], [ 115.769295689144656, 30.725876776791779 ], [ 115.766608513971732, 30.71143321417145 ], [ 115.766143426877647, 30.701743883373524 ], [ 115.766608513971732, 30.694405829165646 ], [ 115.76784874922032, 30.6881529814749 ], [ 115.777150507290003, 30.669394435704646 ], [ 115.78960452672743, 30.652625434016556 ], [ 115.797045932823494, 30.645106513554765 ], [ 115.814099156251018, 30.631128038028521 ], [ 115.817664829668161, 30.62722646692788 ], [ 115.820455356729326, 30.622756455945648 ], [ 115.82278079579703, 30.618028062545022 ], [ 115.826656529375327, 30.601724147951074 ], [ 115.829033645286472, 30.597150784181338 ], [ 115.8330644057977, 30.594050197858337 ], [ 115.839265578443587, 30.592861640352396 ], [ 115.853993361004768, 30.591492213894526 ], [ 115.861073032794138, 30.590174465179416 ], [ 115.867015822122426, 30.587849026111655 ], [ 115.871976760419102, 30.584980983785329 ], [ 115.880503371233544, 30.578418076832747 ], [ 115.925461867071476, 30.52720673330407 ], [ 115.940137973688479, 30.50563182205093 ], [ 115.946649204696996, 30.48829437958193 ], [ 115.948302850196342, 30.479070135878032 ], [ 115.949594761389108, 30.462378648555784 ], [ 115.948302850196342, 30.453076891385422 ], [ 115.946029087072702, 30.445868028386769 ], [ 115.942618443286506, 30.441682237345333 ], [ 115.938691033764144, 30.437858181509853 ], [ 115.929854363687923, 30.431579495397386 ], [ 115.894817742644705, 30.414242052029067 ], [ 115.889391718153206, 30.409461981785 ], [ 115.883810663131499, 30.402873237310018 ], [ 115.876782668185569, 30.38979909934892 ], [ 115.875542433836245, 30.381995958047014 ], [ 115.876627638554623, 30.375691433512827 ], [ 115.882260370419658, 30.366958116224055 ], [ 115.892595656364392, 30.355098375089938 ], [ 115.895747918631514, 30.34894888018664 ], [ 115.898796828111131, 30.341197414828798 ], [ 115.901587356071559, 30.32677968973087 ], [ 115.906289911050521, 30.319984238781558 ], [ 115.912025994803798, 30.315591742165168 ], [ 115.937967564251608, 30.308227851334266 ], [ 115.959361606552875, 30.297737534859323 ], [ 115.963547397594311, 30.294326891073126 ], [ 115.966647983917255, 30.290192775975811 ], [ 115.969283482246851, 30.285722764993579 ], [ 115.97703494670543, 30.265930691348331 ], [ 115.980135533028374, 30.261719061885174 ], [ 115.984166294438864, 30.258308417199657 ], [ 116.021890089755743, 30.239756577903734 ], [ 116.030571731100508, 30.233426214947826 ], [ 116.037496373258932, 30.225700588011705 ], [ 116.040493605895108, 30.221437283503803 ], [ 116.043439161687957, 30.212368069430852 ], [ 116.054446242100312, 30.149141954237791 ], [ 116.062559441764733, 30.137385565891122 ], [ 116.063799677013435, 30.134620877251677 ], [ 116.065194940094329, 30.12942739495827 ], [ 116.070155878391006, 30.096948756979543 ], [ 116.075736931614074, 30.078577785736229 ], [ 116.08085289864232, 30.046796779747581 ], [ 116.080387810648858, 30.038218492089698 ], [ 116.071396111841068, 29.996179714522214 ], [ 116.071086054377815, 29.986361192515005 ], [ 116.072171259096308, 29.978764756788053 ], [ 116.076357050137744, 29.970754909911136 ], [ 116.078062371581154, 29.96871369078417 ], [ 116.114390903817139, 29.930602321839672 ], [ 116.118421666126892, 29.924246121361421 ], [ 116.123227573893359, 29.913549099311467 ], [ 116.124932896236146, 29.908200588286491 ], [ 116.125553012961177, 29.904686590813469 ], [ 116.124932896236146, 29.901353461393114 ], [ 116.120902133926279, 29.888046780334605 ], [ 116.118886753221091, 29.876264553566273 ], [ 116.124002720249337, 29.84037527090203 ], [ 116.127103305673018, 29.833114731959313 ], [ 116.134234654305828, 29.820893256518559 ], [ 116.147257115423486, 29.788776352846412 ], [ 116.110463495194153, 29.786502589722716 ], [ 116.077907342849585, 29.776451523718833 ], [ 116.013053419679522, 29.748236192046591 ], [ 115.998997429787551, 29.744127916270315 ], [ 115.888874953316417, 29.731828925564457 ], [ 115.855905388922565, 29.738598538092049 ], [ 115.743767530846867, 29.808852647331776 ], [ 115.73668785995676, 29.816397407114607 ], [ 115.725525750812722, 29.842726549290774 ], [ 115.718342727135109, 29.854121202431543 ], [ 115.705165236386506, 29.86081329969403 ], [ 115.621294386826435, 29.862441108570295 ], [ 115.535201450986165, 29.854663804790732 ], [ 115.506727735996151, 29.857712714270349 ], [ 115.486212192838366, 29.86427562122293 ], [ 115.469779087035249, 29.839031683765199 ], [ 115.445129428780092, 29.80546784106798 ], [ 115.438876581089289, 29.792031968800302 ], [ 115.432675409342664, 29.746220811341345 ], [ 115.429419794288037, 29.736247259703248 ], [ 115.424613885622307, 29.725627752918456 ], [ 115.416862421163728, 29.711700955134972 ], [ 115.392781202790275, 29.68157359554499 ], [ 115.35433393796086, 29.64762217922015 ], [ 115.342706739924097, 29.640284125012329 ], [ 115.299246860853941, 29.621034653726269 ], [ 115.284157343086918, 29.616383774691428 ], [ 115.272065057056693, 29.614652614826298 ], [ 115.265450474160048, 29.616073717228232 ], [ 115.259507683932384, 29.618321641930208 ], [ 115.243229607760099, 29.632145086926187 ], [ 115.238423699993746, 29.635116482040019 ], [ 115.226486443594467, 29.639508979555728 ], [ 115.17853071512036, 29.649973455810311 ], [ 115.086339960320856, 29.657001450756354 ], [ 115.08122399329261, 29.655735378884629 ], [ 115.078898554224907, 29.652841498136638 ], [ 115.083962844409712, 29.646717840755741 ], [ 115.089130487382022, 29.642687079345194 ], [ 115.095538364703771, 29.639664008287355 ], [ 115.107320590572726, 29.635323188514292 ], [ 115.112281528869403, 29.632480983710423 ], [ 115.116157260649061, 29.627675075943955 ], [ 115.12282352128841, 29.611707058134186 ], [ 115.126337517862112, 29.605764268805956 ], [ 115.130574985746989, 29.60103587540533 ], [ 115.135225864781773, 29.597935289082329 ], [ 115.138739862254738, 29.593413601256657 ], [ 115.140186802179187, 29.587522487872491 ], [ 115.129024693035149, 29.562536932833154 ], [ 115.127267693848921, 29.554423733168733 ], [ 115.126337517862112, 29.539334215401709 ], [ 115.122926874075915, 29.52104075852418 ], [ 115.113935175268125, 29.506907254266366 ], [ 115.10297977079972, 29.511015530042641 ], [ 115.095538364703771, 29.518121039354469 ], [ 115.092851190429997, 29.522539374392579 ], [ 115.085564813065616, 29.542693183243784 ], [ 115.08292931473602, 29.547266547013521 ], [ 115.079518670949824, 29.551142279692442 ], [ 115.07528120306506, 29.554242866015443 ], [ 115.069596796155224, 29.556103217089799 ], [ 115.063085565146707, 29.556568305083204 ], [ 115.022881301131065, 29.553390204394418 ], [ 114.987017856888542, 29.559332993722649 ], [ 114.972755162320823, 29.559953111346999 ], [ 114.965468784956443, 29.557782701010808 ], [ 114.95864749558541, 29.553932806753608 ], [ 114.950120883871591, 29.545251166308276 ], [ 114.946710240085508, 29.54010936085831 ], [ 114.94453982974926, 29.534528306735922 ], [ 114.940819125802022, 29.517035833736713 ], [ 114.9368917180783, 29.506183782955191 ], [ 114.93461795495466, 29.502463079907216 ], [ 114.933171014130949, 29.50078359598615 ], [ 114.932240839043402, 29.500060126473613 ], [ 114.92562625524738, 29.499310818539414 ], [ 114.914412470159277, 29.500060126473613 ], [ 114.912397088554712, 29.50062856725458 ], [ 114.908056267882444, 29.504400947145996 ], [ 114.895188837294995, 29.520188096903155 ], [ 114.891003046253559, 29.523443711957725 ], [ 114.886042107956882, 29.524528917575481 ], [ 114.881184524246351, 29.522668564702485 ], [ 114.878083937923407, 29.516467393855123 ], [ 114.877670525874009, 29.510627957314341 ], [ 114.878083937923407, 29.50540863749859 ], [ 114.878910761122711, 29.500473538522954 ], [ 114.87901411301084, 29.499155788908524 ], [ 114.878910761122711, 29.496933701728949 ], [ 114.878083937923407, 29.492567044433542 ], [ 114.875603469224643, 29.488329576548722 ], [ 114.872399530114194, 29.484247138294791 ], [ 114.851728957325463, 29.467271430132371 ], [ 114.84067020096893, 29.455540880207423 ], [ 114.837776320220996, 29.450812485907477 ], [ 114.835399205209114, 29.445541490147605 ], [ 114.825684035090148, 29.409187120389277 ], [ 114.821136508842756, 29.398438422395259 ], [ 114.818242628994085, 29.393865057726202 ], [ 114.814625278733615, 29.389911811580816 ], [ 114.810594517323125, 29.386527005317021 ], [ 114.801137729622496, 29.380299994249299 ], [ 114.772457309956849, 29.36567556447568 ], [ 114.758194615389129, 29.360973009496774 ], [ 114.744655389434683, 29.360559597447434 ], [ 114.736748895345158, 29.36244578694351 ], [ 114.73225304594132, 29.366399033988216 ], [ 114.729772577242557, 29.370894884291431 ], [ 114.726361931657721, 29.38130768550127 ], [ 114.724346551851795, 29.385984402058511 ], [ 114.720574171960379, 29.389214178691361 ], [ 114.71488976415128, 29.389989325047281 ], [ 114.708688593303918, 29.389524237953196 ], [ 114.682436964594217, 29.382728787003884 ], [ 114.640217319873386, 29.376966864828944 ], [ 114.469530064061132, 29.317926541576639 ], [ 114.463225538627626, 29.317228908687184 ], [ 114.456352574211905, 29.317383938318073 ], [ 114.449841343203389, 29.318624171768079 ], [ 114.444260289081058, 29.32097545015688 ], [ 114.439764438777729, 29.32405019805816 ], [ 114.431806267844991, 29.331181545791708 ], [ 114.426535272085061, 29.333506984859469 ], [ 114.420024041975921, 29.334411323323877 ], [ 114.410567255174669, 29.333274440862738 ], [ 114.378941277917647, 29.326634019544372 ], [ 114.356255324423614, 29.325367946773326 ], [ 114.342612745681663, 29.328235989099596 ], [ 114.336721633196817, 29.330483913801572 ], [ 114.331605666168457, 29.333119412131168 ], [ 114.327213168652747, 29.336297511920634 ], [ 114.316567824345611, 29.347873033113956 ], [ 114.308144566318674, 29.354539292854042 ], [ 114.302718540927913, 29.356890571242843 ], [ 114.3, 29.357462327486623 ], [ 114.3, 31.773827017849587 ], [ 114.334861281223084, 31.748346666165673 ] ] ] } },
{ "type": "Feature", "properties": { "name": "Jiangxi" }, "geometry": { "type": "Polygon", "coordinates": [ [ [ 114.302718540927913, 29.356890571242843 ], [ 114.308144566318674, 29.354539292854042 ], [ 114.316567824345611, 29.347873033113956 ], [ 114.327213168652747, 29.336297511920634 ], [ 114.331605666168457, 29.333119412131168 ], [ 114.336721633196817, 29.330483913801572 ], [ 114.342612745681663, 29.328235989099596 ], [ 114.356255324423614, 29.325367946773326 ], [ 114.378941277917647, 29.326634019544372 ], [ 114.410567255174669, 29.333274440862738 ], [ 114.420024041975921, 29.334411323323877 ], [ 114.426535272085061, 29.333506984859469 ], [ 114.431806267844991, 29.331181545791708 ], [ 114.439764438777729, 29.32405019805816 ], [ 114.444260289081058, 29.32097545015688 ], [ 114.449841343203389, 29.318624171768079 ], [ 114.456352574211905, 29.317383938318073 ], [ 114.463225538627626, 29.317228908687184 ], [ 114.469530064061132, 29.317926541576639 ], [ 114.640217319873386, 29.376966864828944 ], [ 114.682436964594217, 29.382728787003884 ], [ 114.708688593303918, 29.389524237953196 ], [ 114.71488976415128, 29.389989325047281 ], [ 114.720574171960379, 29.389214178691361 ], [ 114.724346551851795, 29.385984402058511 ], [ 114.726361931657721, 29.38130768550127 ], [ 114.729772577242557, 29.370894884291431 ], [ 114.73225304594132, 29.366399033988216 ], [ 114.736748895345158, 29.36244578694351 ], [ 114.744655389434683, 29.360559597447434 ], [ 114.758194615389129, 29.360973009496774 ], [ 114.772457309956849, 29.36567556447568 ], [ 114.801137729622496, 29.380299994249299 ], [ 114.810594517323125, 29.386527005317021 ], [ 114.814625278733615, 29.389911811580816 ], [ 114.818242628994085, 29.393865057726202 ], [ 114.821136508842756, 29.398438422395259 ], [ 114.825684035090148, 29.409187120389277 ], [ 114.835399205209114, 29.445541490147605 ], [ 114.837776320220996, 29.450812485907477 ], [ 114.84067020096893, 29.455540880207423 ], [ 114.851728957325463, 29.467271430132371 ], [ 114.872399530114194, 29.484247138294791 ], [ 114.875603469224643, 29.488329576548722 ], [ 114.878083937923407, 29.492567044433542 ], [ 114.878910761122711, 29.496933701728949 ], [ 114.87901411301084, 29.499155788908524 ], [ 114.878910761122711, 29.500473538522954 ], [ 114.878083937923407, 29.50540863749859 ], [ 114.877670525874009, 29.510627957314341 ], [ 114.878083937923407, 29.516467393855123 ], [ 114.881184524246351, 29.522668564702485 ], [ 114.886042107956882, 29.524528917575481 ], [ 114.891003046253559, 29.523443711957725 ], [ 114.895188837294995, 29.520188096903155 ], [ 114.908056267882444, 29.504400947145996 ], [ 114.912397088554712, 29.50062856725458 ], [ 114.914412470159277, 29.500060126473613 ], [ 114.92562625524738, 29.499310818539414 ], [ 114.932240839043402, 29.500060126473613 ], [ 114.933171014130949, 29.50078359598615 ], [ 114.93461795495466, 29.502463079907216 ], [ 114.9368917180783, 29.506183782955191 ], [ 114.940819125802022, 29.517035833736713 ], [ 114.94453982974926, 29.534528306735922 ], [ 114.946710240085508, 29.54010936085831 ], [ 114.950120883871591, 29.545251166308276 ], [ 114.95864749558541, 29.553932806753608 ], [ 114.965468784956443, 29.557782701010808 ], [ 114.972755162320823, 29.559953111346999 ], [ 114.987017856888542, 29.559332993722649 ], [ 115.022881301131065, 29.553390204394418 ], [ 115.063085565146707, 29.556568305083204 ], [ 115.069596796155224, 29.556103217089799 ], [ 115.07528120306506, 29.554242866015443 ], [ 115.079518670949824, 29.551142279692442 ], [ 115.08292931473602, 29.547266547013521 ], [ 115.085564813065616, 29.542693183243784 ], [ 115.092851190429997, 29.522539374392579 ], [ 115.095538364703771, 29.518121039354469 ], [ 115.10297977079972, 29.511015530042641 ], [ 115.113935175268125, 29.506907254266366 ], [ 115.122926874075915, 29.52104075852418 ], [ 115.126337517862112, 29.539334215401709 ], [ 115.127267693848921, 29.554423733168733 ], [ 115.129024693035149, 29.562536932833154 ], [ 115.140186802179187, 29.587522487872491 ], [ 115.138739862254738, 29.593413601256657 ], [ 115.135225864781773, 29.597935289082329 ], [ 115.130574985746989, 29.60103587540533 ], [ 115.126337517862112, 29.605764268805956 ], [ 115.12282352128841, 29.611707058134186 ], [ 115.116157260649061, 29.627675075943955 ], [ 115.112281528869403, 29.632480983710423 ], [ 115.107320590572726, 29.635323188514292 ], [ 115.095538364703771, 29.639664008287355 ], [ 115.089130487382022, 29.642687079345194 ], [ 115.083962844409712, 29.646717840755741 ], [ 115.078898554224907, 29.652841498136638 ], [ 115.08122399329261, 29.655735378884629 ], [ 115.086339960320856, 29.657001450756354 ], [ 115.17853071512036, 29.649973455810311 ], [ 115.226486443594467, 29.639508979555728 ], [ 115.238423699993746, 29.635116482040019 ], [ 115.243229607760099, 29.632145086926187 ], [ 115.259507683932384, 29.618321641930208 ], [ 115.265450474160048, 29.616073717228232 ], [ 115.272065057056693, 29.614652614826298 ], [ 115.284157343086918, 29.616383774691428 ], [ 115.299246860853941, 29.621034653726269 ], [ 115.342706739924097, 29.640284125012329 ], [ 115.35433393796086, 29.64762217922015 ], [ 115.392781202790275, 29.68157359554499 ], [ 115.416862421163728, 29.711700955134972 ], [ 115.424613885622307, 29.725627752918456 ], [ 115.429419794288037, 29.736247259703248 ], [ 115.432675409342664, 29.746220811341345 ], [ 115.438876581089289, 29.792031968800302 ], [ 115.445129428780092, 29.80546784106798 ], [ 115.469779087035249, 29.839031683765199 ], [ 115.486212192838366, 29.86427562122293 ], [ 115.506727735996151, 29.857712714270349 ], [ 115.535201450986165, 29.854663804790732 ], [ 115.621294386826435, 29.862441108570295 ], [ 115.705165236386506, 29.86081329969403 ], [ 115.718342727135109, 29.854121202431543 ], [ 115.725525750812722, 29.842726549290774 ], [ 115.73668785995676, 29.816397407114607 ], [ 115.743767530846867, 29.808852647331776 ], [ 115.855905388922565, 29.738598538092049 ], [ 115.888874953316417, 29.731828925564457 ], [ 115.998997429787551, 29.744127916270315 ], [ 116.013053419679522, 29.748236192046591 ], [ 116.077907342849585, 29.776451523718833 ], [ 116.110463495194153, 29.786502589722716 ], [ 116.147257115423486, 29.788776352846412 ], [ 116.206788365090915, 29.781386624493109 ], [ 116.236192255168362, 29.781334946750349 ], [ 116.265492791559041, 29.788931383376621 ], [ 116.297945591116104, 29.808775132965991 ], [ 116.356856724058503, 29.858384507838764 ], [ 116.389516229190576, 29.876057847991262 ], [ 116.414630975439081, 29.88065705018272 ], [ 116.466927524585572, 29.880372830241924 ], [ 116.492507358827538, 29.88471365001493 ], [ 116.513332961247102, 29.894196275237903 ], [ 116.527285598351682, 29.906805325205596 ], [ 116.536897413884503, 29.923315945374554 ], [ 116.548989699015351, 29.954192612898737 ], [ 116.567283155892937, 29.976904404814434 ], [ 116.575396355557359, 29.990857041918957 ], [ 116.579427117867112, 29.995327052901132 ], [ 116.588263787943447, 30.002019151062939 ], [ 116.591984490991422, 30.005791530954355 ], [ 116.593948194853283, 30.010674953985927 ], [ 116.6054203632591, 30.017780463297697 ], [ 116.636839634041849, 30.043411974383105 ], [ 116.650482211884537, 30.050672512426502 ], [ 116.662884556277163, 30.052817084340973 ], [ 116.690841506430274, 30.053979804324513 ], [ 116.701693557211797, 30.056460273023163 ], [ 116.716886427766326, 30.051111761998186 ], [ 116.738642206172813, 30.048941352561371 ], [ 116.777709588626522, 30.031242173987096 ], [ 116.791403843312651, 30.022017931182575 ], [ 116.87346601774243, 29.947009589221125 ], [ 116.880132276583254, 29.939077256709993 ], [ 116.883077834174628, 29.934142157734357 ], [ 116.885403274141709, 29.9284319124028 ], [ 116.886798537222717, 29.920422065525884 ], [ 116.886643507591771, 29.913316555314736 ], [ 116.8852482436115, 29.906805325205596 ], [ 116.8636991716794, 29.850710557746027 ], [ 116.797915074321168, 29.755935981460368 ], [ 116.794142694429752, 29.751982734415662 ], [ 116.790111932119885, 29.748675442517651 ], [ 116.785461053984363, 29.746608384968965 ], [ 116.780086705437043, 29.746815090543976 ], [ 116.776004266283849, 29.749476427295292 ], [ 116.772128533604928, 29.753016262290657 ], [ 116.767787713831922, 29.756246038923564 ], [ 116.761896600447699, 29.757822170956388 ], [ 116.755540399070128, 29.757822170956388 ], [ 116.749804315316851, 29.756271878244547 ], [ 116.745618524275415, 29.753171291921547 ], [ 116.74189782122744, 29.749295559242626 ], [ 116.738952263636065, 29.744489651476215 ], [ 116.730063917615666, 29.722397976285549 ], [ 116.72685997940448, 29.718134670878328 ], [ 116.72262251241898, 29.715189114186273 ], [ 116.717351515759788, 29.714491482196138 ], [ 116.712183872787477, 29.716170966117147 ], [ 116.702158645205259, 29.721545315563844 ], [ 116.696060826246139, 29.723534857847369 ], [ 116.689239536875107, 29.724310004203289 ], [ 116.682004836354054, 29.718754788502679 ], [ 116.674976841408011, 29.708006090508661 ], [ 116.657923618879863, 29.655580349253682 ], [ 116.649086948803642, 29.640206611545864 ], [ 116.647795037610877, 29.633256130066343 ], [ 116.648466832078611, 29.62741669442488 ], [ 116.650947299877885, 29.622895005699945 ], [ 116.654668002925973, 29.61876089150195 ], [ 116.665675083338328, 29.609795030216446 ], [ 116.693011915867146, 29.592560940534952 ], [ 116.705104200997994, 29.579848537779753 ], [ 116.711150344013163, 29.570314235713397 ], [ 116.724689569068346, 29.552847602035172 ], [ 116.734301386399807, 29.546336371026655 ], [ 116.742362909220788, 29.543649196752995 ], [ 116.748564080967526, 29.544863593579976 ], [ 116.753525018364826, 29.547421575745091 ], [ 116.756935663050399, 29.550909735695711 ], [ 116.75889936691226, 29.555043849893764 ], [ 116.759881219742397, 29.558247789004213 ], [ 116.762206658810214, 29.5634412703983 ], [ 116.76577233312662, 29.568117987854862 ], [ 116.775539179189764, 29.571192734856822 ], [ 116.782257114873914, 29.570495102866687 ], [ 116.78794152178375, 29.567962958223916 ], [ 116.814968295950052, 29.549204413352982 ], [ 116.824270054019735, 29.545509547827351 ], [ 116.83300337130845, 29.543804226383941 ], [ 116.86214887896756, 29.545819607089186 ], [ 116.870003697112907, 29.547266547013521 ], [ 116.876204868859531, 29.549772854133892 ], [ 116.880752395106924, 29.552873440456892 ], [ 116.888348829934557, 29.560521552127909 ], [ 116.928398065218516, 29.611810410921692 ], [ 116.955063104178862, 29.653900865332673 ], [ 116.962866246380145, 29.661471463537168 ], [ 116.967207066153151, 29.664727077692476 ], [ 116.98224490797611, 29.672556057416102 ], [ 117.023379347978448, 29.687619736761405 ], [ 117.079086541810398, 29.710202338367196 ], [ 117.085752801550484, 29.715499172548732 ], [ 117.092574090921516, 29.72337982821648 ], [ 117.092574090921516, 29.729270942499966 ], [ 117.091488886203138, 29.734774482256512 ], [ 117.092109002928055, 29.742629299502539 ], [ 117.094744501257651, 29.752396145565626 ], [ 117.103684524121491, 29.769656074568161 ], [ 117.10652672712672, 29.779242052578638 ], [ 117.106681756757666, 29.78637339941281 ], [ 117.092109002928055, 29.814304511144258 ], [ 117.089215123079384, 29.818180242923859 ], [ 117.084977655194621, 29.82148753482187 ], [ 117.07195519407685, 29.82494985635077 ], [ 117.06585737511773, 29.827352809784315 ], [ 117.062446731331534, 29.832701320809292 ], [ 117.063686964781596, 29.836861274328328 ], [ 117.067097610366432, 29.84058197737636 ], [ 117.080016717797207, 29.850400499383511 ], [ 117.095054558720904, 29.868358059476861 ], [ 117.118980748362787, 29.902955430948339 ], [ 117.125181919210149, 29.910551865775972 ], [ 117.129832798245047, 29.913574936833868 ], [ 117.139961378614657, 29.918355007077878 ], [ 117.156187778842877, 29.9242202829397 ], [ 117.168590123235504, 29.926545722007461 ], [ 117.181302525091382, 29.92708832436665 ], [ 117.192361281447916, 29.9264682067423 ], [ 117.225537551416778, 29.90667613399637 ], [ 117.229464960039877, 29.901198431762168 ], [ 117.232668899150326, 29.893576158512872 ], [ 117.231635370376011, 29.887478339553695 ], [ 117.22543419773001, 29.874585068745887 ], [ 117.223677199443159, 29.868590603473535 ], [ 117.223212111449698, 29.858462022204549 ], [ 117.22543419773001, 29.852286688879587 ], [ 117.228534784052954, 29.84727407553811 ], [ 117.238456658847667, 29.839987698173729 ], [ 117.245898064943731, 29.835801907132293 ], [ 117.252822707102155, 29.833088894436912 ], [ 117.260005730779767, 29.831073512832347 ], [ 117.267137079412691, 29.829910793748127 ], [ 117.274268427146126, 29.829471544176386 ], [ 117.28077965725538, 29.830220852110642 ], [ 117.286205681746765, 29.832081204084261 ], [ 117.306101109078895, 29.841822210826365 ], [ 117.312767368818982, 29.84347585722503 ], [ 117.319743686921584, 29.84440603321184 ], [ 117.329665561716297, 29.843165797963195 ], [ 117.335091587107058, 29.838799139768469 ], [ 117.339742466141843, 29.833192247224417 ], [ 117.345013461901658, 29.825647488340906 ], [ 117.350594516923366, 29.823942165998119 ], [ 117.355762159895676, 29.824898180406706 ], [ 117.378086379083129, 29.836344509491482 ], [ 117.382737258117913, 29.837507229475023 ], [ 117.389351841014559, 29.838359890196728 ], [ 117.399790480646175, 29.837481391053359 ], [ 117.404338006893454, 29.834432481573742 ], [ 117.406301710755315, 29.831176866519172 ], [ 117.400100539008577, 29.786916001772056 ], [ 117.399790480646175, 29.780766505969439 ], [ 117.402167596557319, 29.773066718354357 ], [ 117.406921828379609, 29.764850165003111 ], [ 117.418393995886163, 29.751698513575548 ], [ 117.424026726851935, 29.743972887538689 ], [ 117.435653924888697, 29.720072537217789 ], [ 117.481129184664042, 29.667569282496345 ], [ 117.503453403851495, 29.654417630169462 ], [ 117.508931106085583, 29.649818427078742 ], [ 117.512755161921177, 29.645064195256396 ], [ 117.520093215229622, 29.632480983710423 ], [ 117.527379591694739, 29.622352403340699 ], [ 117.53373579307231, 29.617236436312453 ], [ 117.540867140805858, 29.614058336522987 ], [ 117.554974806642008, 29.611345322928287 ], [ 117.562261184006388, 29.610673530259191 ], [ 117.603085564746948, 29.612792262852622 ], [ 117.609441766124519, 29.613825792526256 ], [ 117.625306431146782, 29.614575100460513 ], [ 117.637243686646798, 29.612559718855948 ], [ 117.643909947286147, 29.609588323742116 ], [ 117.649180943046076, 29.605867620694141 ], [ 117.670109898253145, 29.580623684135674 ], [ 117.683597447364264, 29.567730414227242 ], [ 117.690935499773445, 29.562201036048975 ], [ 117.707678663939191, 29.555638129096337 ], [ 117.727057326434419, 29.555250556368037 ], [ 117.766486444094085, 29.559668891406204 ], [ 117.800644565993935, 29.569539089357477 ], [ 117.807155796103075, 29.570159206981771 ], [ 117.819248082133186, 29.568350531851536 ], [ 117.870149367299405, 29.553622748391092 ], [ 117.898571405445978, 29.548971869356251 ], [ 117.91035363221431, 29.551762397316736 ], [ 117.941824578941123, 29.56439728390751 ], [ 117.959342888563356, 29.568970649475887 ], [ 117.985904575635573, 29.572019558056127 ], [ 117.993811069725098, 29.571399441331153 ], [ 118.002337681438803, 29.569952501406817 ], [ 118.021147902253801, 29.562614448098259 ], [ 118.049363234825364, 29.544631049583245 ], [ 118.099179315273091, 29.532590440396461 ], [ 118.104605340663852, 29.530032457332027 ], [ 118.109411249329696, 29.52507151903535 ], [ 118.113442010740187, 29.518663641713658 ], [ 118.117317743419108, 29.5067522237361 ], [ 118.118092888875708, 29.502023831234794 ], [ 118.117782831412455, 29.498613186549278 ], [ 118.115457391445375, 29.495228380285482 ], [ 118.113752069102702, 29.490499985985537 ], [ 118.113907097834272, 29.483471991039551 ], [ 118.118919712075012, 29.462878933515924 ], [ 118.119643181587548, 29.446781725396306 ], [ 118.129565057281525, 29.433164985075962 ], [ 118.174730258694467, 29.407869370774847 ], [ 118.179277784941746, 29.402184962965634 ], [ 118.183308547251613, 29.381178494292044 ], [ 118.183721958401634, 29.375339056851999 ], [ 118.183618605614129, 29.369112047582917 ], [ 118.182481724052309, 29.362885037414514 ], [ 118.180621372977953, 29.356968084709308 ], [ 118.172559849257595, 29.342033596573231 ], [ 118.162637973563619, 29.330354723491666 ], [ 118.138608432932756, 29.306867784320787 ], [ 118.132355585242067, 29.297927761457004 ], [ 118.125741001446045, 29.294258735252413 ], [ 118.115922479438836, 29.291623236922817 ], [ 118.073857863449575, 29.287230740306427 ], [ 118.05199873315496, 29.275319322328869 ], [ 118.055564405672726, 29.241342068481629 ], [ 118.049983352449658, 29.216434027808134 ], [ 118.046727735596505, 29.209948635221338 ], [ 118.000787387827586, 29.143931992967055 ], [ 117.999547154377638, 29.140702216334205 ], [ 117.999237095115745, 29.134423530221738 ], [ 118.002441034226308, 29.125431830514572 ], [ 118.00962405790392, 29.112616074971868 ], [ 118.03215498266627, 29.092100531814083 ], [ 118.043317091810309, 29.08507253686804 ], [ 118.05215376188653, 29.074918118076653 ], [ 118.063935987755599, 29.050552679762347 ], [ 118.128841586869726, 29.024481920004575 ], [ 118.201912063390978, 28.971461900446343 ], [ 118.224081252048109, 28.960093084827975 ], [ 118.227130162426988, 28.958077704122729 ], [ 118.229042190344785, 28.954537869127364 ], [ 118.228267043089545, 28.947716579756332 ], [ 118.224236280779678, 28.93691620491893 ], [ 118.224546340041456, 28.932239488361688 ], [ 118.22795698472703, 28.928363756582087 ], [ 118.251883172570274, 28.925185654993982 ], [ 118.257929314686066, 28.9231961127104 ], [ 118.264595575325529, 28.917330837747954 ], [ 118.271881951790647, 28.908804226034192 ], [ 118.284284296183273, 28.890459093212542 ], [ 118.289555291943088, 28.880485541574444 ], [ 118.292655878266146, 28.872294827544238 ], [ 118.294206170977986, 28.860926011925869 ], [ 118.300614048299622, 28.840487983133869 ], [ 118.302887811423261, 28.835785427255644 ], [ 118.310019159156809, 28.830204373133313 ], [ 118.322008090600889, 28.823228054131391 ], [ 118.346192661761847, 28.813848781695924 ], [ 118.371669143216309, 28.798604234297954 ], [ 118.39368330314187, 28.726050523512811 ], [ 118.408721144964829, 28.708661404200427 ], [ 118.413992140724645, 28.706077581814952 ], [ 118.418539666972038, 28.70289948202543 ], [ 118.422260370020012, 28.699152940555734 ], [ 118.42551598507464, 28.695199693511029 ], [ 118.427686395410774, 28.688533433770942 ], [ 118.428151483404235, 28.679179998857819 ], [ 118.425671013806209, 28.661920070754661 ], [ 118.416472610322671, 28.624299628225231 ], [ 118.414922316711454, 28.612491563035178 ], [ 118.415852491799001, 28.60404246748584 ], [ 118.427531365779828, 28.562649644165731 ], [ 118.431407097559486, 28.554924018128929 ], [ 118.43435265515086, 28.550583198355923 ], [ 118.454971551995527, 28.527380479125782 ], [ 118.457296991063231, 28.522703762568597 ], [ 118.457917107788262, 28.517381089965284 ], [ 118.452956171290225, 28.509397081510087 ], [ 118.448150262624495, 28.505133775203547 ], [ 118.440088738904137, 28.500147000283789 ], [ 118.439313593447537, 28.49921682429698 ], [ 118.439003534185758, 28.49694306117334 ], [ 118.440243767635707, 28.492757270131904 ], [ 118.445359734663953, 28.487848009577988 ], [ 118.459674106974376, 28.477745265831345 ], [ 118.462774693297433, 28.474463813254374 ], [ 118.464635044371789, 28.471414902875438 ], [ 118.466495396345408, 28.37974091201346 ], [ 118.473936802441472, 28.353747667520793 ], [ 118.476262242408552, 28.332250271532814 ], [ 118.473420037604569, 28.326204129417022 ], [ 118.471456332843445, 28.32039053039864 ], [ 118.446444940281708, 28.288687038775777 ], [ 118.408101028239798, 28.269876817061458 ], [ 118.36980879124269, 28.243263454944497 ], [ 118.355494418932267, 28.229414171526798 ], [ 118.348879836035508, 28.219802354195281 ], [ 118.347949660048698, 28.213239448142019 ], [ 118.3491898952974, 28.207968451482827 ], [ 118.351980422358565, 28.203705146075606 ], [ 118.355494418932267, 28.19990692776247 ], [ 118.37880049005048, 28.184688218786221 ], [ 118.380660842024213, 28.178487047039596 ], [ 118.380505813292643, 28.169960435325834 ], [ 118.37135908395453, 28.136241562997725 ], [ 118.370118849605205, 28.11321971271957 ], [ 118.367793409638125, 28.09970632608605 ], [ 118.363762649126897, 28.093608507126874 ], [ 118.358284946892695, 28.090042832810468 ], [ 118.35208377514607, 28.088983466513753 ], [ 118.31291303900548, 28.085882880190752 ], [ 118.195245802751515, 28.044490057769906 ], [ 118.182688429627319, 28.04169953070874 ], [ 118.17628055230557, 28.041001898718605 ], [ 118.169614291666221, 28.041156928349551 ], [ 118.156281773085311, 28.043869941044932 ], [ 118.148685337358415, 28.044696764244236 ], [ 118.140623813638058, 28.044412543404121 ], [ 118.130701938843345, 28.0405368107252 ], [ 118.124914179146003, 28.03495575570355 ], [ 118.113545362628315, 28.018470973956255 ], [ 118.105845575013177, 28.013845934242454 ], [ 118.0951485538626, 28.009272569573398 ], [ 118.090187615565924, 28.005345160051093 ], [ 118.087397089404135, 28.001934516264896 ], [ 118.087087030142243, 28.00046173791884 ], [ 118.085536737430402, 27.998058782686655 ], [ 118.074994745011395, 27.984907131259092 ], [ 118.068483514002878, 27.98079885548276 ], [ 118.061300490325266, 27.979016017874926 ], [ 118.026108839651215, 27.984054470537387 ], [ 118.019287551179445, 27.983821926540656 ], [ 118.011639438609109, 27.982426663459705 ], [ 117.988074985971821, 27.973047390124918 ], [ 117.981253696600788, 27.972143053459149 ], [ 117.959342888563356, 27.974158434164394 ], [ 117.952676629722646, 27.974132594843354 ], [ 117.946475457975907, 27.973202419755864 ], [ 117.924151238788568, 27.966510322493377 ], [ 117.885807325847395, 27.948294379082313 ], [ 117.879606154100657, 27.946046454380337 ], [ 117.873094923991516, 27.944909572818517 ], [ 117.859452346148828, 27.944263616772503 ], [ 117.823433873174622, 27.9372614611475 ], [ 117.817387730159567, 27.935091050811309 ], [ 117.81242679186289, 27.932378038115928 ], [ 117.80498538576694, 27.925556748744953 ], [ 117.797802362089328, 27.9175727402897 ], [ 117.794701775766271, 27.913025214042364 ], [ 117.790050896731486, 27.902560736888461 ], [ 117.787157016882816, 27.890442613335892 ], [ 117.78664025294529, 27.884034736014257 ], [ 117.787880487294615, 27.860108547271636 ], [ 117.786846957620924, 27.853752345894009 ], [ 117.785089960233449, 27.847887070931563 ], [ 117.780749138661804, 27.84106578245985 ], [ 117.774392938183496, 27.83357269952046 ], [ 117.761732212271681, 27.821325384758666 ], [ 117.753153924613912, 27.816106064942915 ], [ 117.745557488886902, 27.813289700359348 ], [ 117.739201288408708, 27.813522244356079 ], [ 117.733413526912727, 27.815175889855425 ], [ 117.727935825577788, 27.817630520132354 ], [ 117.71046919189962, 27.829851996472428 ], [ 117.705508253602943, 27.831893214700074 ], [ 117.701787550554968, 27.83300425873955 ], [ 117.677396274718262, 27.835278021863189 ], [ 117.663753696875574, 27.838042711402011 ], [ 117.62344608007254, 27.853752345894009 ], [ 117.613627557165955, 27.859462592124885 ], [ 117.605255975083082, 27.866154690286692 ], [ 117.595644158650998, 27.878221136995876 ], [ 117.589908074897721, 27.886747747810318 ], [ 117.587737664561473, 27.891450303688543 ], [ 117.584637079137792, 27.901475532170082 ], [ 117.582466668801658, 27.905428779214787 ], [ 117.575800409061571, 27.912973538098299 ], [ 117.564121535080744, 27.923851427301486 ], [ 117.557455276239921, 27.931525377394223 ], [ 117.554974806642008, 27.936072902742239 ], [ 117.553114454668275, 27.941137192927101 ], [ 117.549238722888731, 27.957518621886891 ], [ 117.547068312552483, 27.962324531451941 ], [ 117.544432815122263, 27.966665351224947 ], [ 117.539420200881523, 27.970308539007874 ], [ 117.532960646716447, 27.97312490539008 ], [ 117.521798536673032, 27.974442654105189 ], [ 117.514615512995533, 27.973279934121649 ], [ 117.508931106085583, 27.970825303844663 ], [ 117.500507847159383, 27.964339911257866 ], [ 117.48484988771213, 27.948139350350743 ], [ 117.476013217635796, 27.942377428175746 ], [ 117.45942508310111, 27.934135037302099 ], [ 117.441338331798534, 27.929716702263988 ], [ 117.424491814845283, 27.923412176830482 ], [ 117.419840935810498, 27.919226385789045 ], [ 117.40619835796781, 27.904214382387806 ], [ 117.349664340936556, 27.865973823133402 ], [ 117.328270297736026, 27.85956594491239 ], [ 117.315867955141925, 27.863648383166321 ], [ 117.308426548146599, 27.865353705509108 ], [ 117.298504673351999, 27.865689602293287 ], [ 117.292923619229555, 27.864578559153188 ], [ 117.284241977884903, 27.857033800269676 ], [ 117.292303500705998, 27.79750254970287 ], [ 117.290443149631642, 27.783653266285171 ], [ 117.287135857733574, 27.772620348350358 ], [ 117.282381625911285, 27.768718777249774 ], [ 117.27297651595336, 27.763551134277407 ], [ 117.225124139367495, 27.723450222150007 ], [ 117.188950636762456, 27.67497772883911 ], [ 117.17065717988487, 27.65570242003065 ], [ 117.112262810879997, 27.567619941007479 ], [ 117.105751580770743, 27.554080715052919 ], [ 117.10156578972942, 27.527777411298473 ], [ 117.10156578972942, 27.515245877495204 ], [ 117.104201288058903, 27.491681423059219 ], [ 117.10730187438196, 27.481682033898721 ], [ 117.12156456894968, 27.451838894249533 ], [ 117.12311486166152, 27.447162176793029 ], [ 117.124355096910108, 27.440573432318047 ], [ 117.124665155272623, 27.429928087111534 ], [ 117.122804804198267, 27.423106797740502 ], [ 117.120220981812849, 27.417525742718851 ], [ 117.101824172147758, 27.3914808213828 ], [ 117.098930292299087, 27.382799180937411 ], [ 117.097690057050499, 27.37528026047562 ], [ 117.101100701735959, 27.346651515854774 ], [ 117.103581171333985, 27.342181504872542 ], [ 117.106836786388499, 27.338719184242962 ], [ 117.111487665423397, 27.337995713831106 ], [ 117.116293573189751, 27.339468492177161 ], [ 117.120841099437143, 27.342181504872542 ], [ 117.125491977572665, 27.344041855946898 ], [ 117.130297886238395, 27.343628444796877 ], [ 117.133243442930507, 27.340166124167297 ], [ 117.134328647648886, 27.334843451564041 ], [ 117.134328647648886, 27.322311916861452 ], [ 117.135723911629157, 27.316963405836475 ], [ 117.139289585046299, 27.313165188422715 ], [ 117.149366490371222, 27.306240546264178 ], [ 117.153810662931733, 27.300530300033302 ], [ 117.156962925198741, 27.289264838101758 ], [ 117.156187778842877, 27.282211004734052 ], [ 117.153810662931733, 27.27639740751431 ], [ 117.12404503764833, 27.238596096033007 ], [ 117.10916222455694, 27.215651760120636 ], [ 117.102030877722768, 27.207796942874609 ], [ 117.076606073111748, 27.188495794745108 ], [ 117.065547316755215, 27.170486558707694 ], [ 117.040122512144194, 27.109534207537649 ], [ 117.000848423216098, 27.07865753821477 ], [ 116.985190463768845, 27.070001736191159 ], [ 116.93397912024011, 27.027032781737489 ], [ 116.928863153211864, 27.023544622686188 ], [ 116.923437127821103, 27.021012478043417 ], [ 116.917080927342909, 27.020624905315117 ], [ 116.910259637971876, 27.021245022040091 ], [ 116.891294386626555, 27.026128445071663 ], [ 116.884628126886469, 27.026645209009189 ], [ 116.87858198477079, 27.025870063552588 ], [ 116.867109817264236, 27.022407742023631 ], [ 116.846645949151139, 27.013648587212515 ], [ 116.835277134432204, 27.0106513527777 ], [ 116.828920933054519, 27.009927883265163 ], [ 116.780190057325285, 27.009488633693479 ], [ 116.76747765457003, 27.008093369713208 ], [ 116.76137983561091, 27.006388048269798 ], [ 116.740812615609684, 26.997964789343541 ], [ 116.722312453157087, 26.987913723339659 ], [ 116.70200361467505, 26.979387112525217 ], [ 116.696732618915235, 26.978766994900866 ], [ 116.691616651886875, 26.980239773246922 ], [ 116.67967939728635, 26.989231472054769 ], [ 116.674873487721243, 26.989386501685658 ], [ 116.669705844748933, 26.986906032987008 ], [ 116.647381625561479, 26.966519680139129 ], [ 116.642885777056904, 26.963651637812802 ], [ 116.62335208493073, 26.95401398385826 ], [ 116.618856236426154, 26.951275132741159 ], [ 116.613895298129478, 26.947502752849744 ], [ 116.60924441909458, 26.942154241824767 ], [ 116.5922945502532, 26.917969672462391 ], [ 116.553950637312028, 26.881589464282342 ], [ 116.547749464666026, 26.872933661359355 ], [ 116.545268995967376, 26.86786937117455 ], [ 116.531781446856257, 26.761596788061297 ], [ 116.528060743808282, 26.74857432694364 ], [ 116.514728225227373, 26.732270413248955 ], [ 116.508992140574833, 26.722968655179272 ], [ 116.506615024663574, 26.716457424170756 ], [ 116.505271438426121, 26.708576768503065 ], [ 116.50465131990245, 26.697052924153127 ], [ 116.504961379164229, 26.689301458795285 ], [ 116.506821731137961, 26.680904039190011 ], [ 116.509922316561642, 26.6726099723723 ], [ 116.517053664295076, 26.659665024721107 ], [ 116.52201460169249, 26.652637031573704 ], [ 116.529921095781901, 26.643335273504078 ], [ 116.532866651574636, 26.639175319984986 ], [ 116.535192092441093, 26.630674546692944 ], [ 116.537207473146282, 26.617445380000277 ], [ 116.537310825933787, 26.593079941685914 ], [ 116.542323440174528, 26.562797553364362 ], [ 116.567489862367211, 26.523058377342238 ], [ 116.574311150838867, 26.515513617559407 ], [ 116.582682732921739, 26.508976549028489 ], [ 116.588263787943447, 26.506702785904849 ], [ 116.594775018052587, 26.505255845980514 ], [ 116.614308710178761, 26.503085434745003 ], [ 116.617926060439345, 26.501302598935752 ], [ 116.619269646676798, 26.500062363687107 ], [ 116.619889764301092, 26.498227851034471 ], [ 116.619476353151185, 26.492078355231911 ], [ 116.608245202027916, 26.45 ], [ 114.3, 26.45 ], [ 114.3, 29.357462327486623 ], [ 114.302718540927913, 29.356890571242843 ] ] ] } },
{ "type": "Feature", "properties": { "name": "Shandong" }, "geometry": { "type": "Polygon", "coordinates": [ [ [ 119.930756056000064, 35.69953034100007 ], [ 119.908295118000069, 35.680894273000035 ], [ 119.90162194100003, 35.671535549000055 ], [ 119.900482618000069, 35.660549221000053 ], [ 119.902924024000072, 35.652411200000074 ], [ 119.906748894000089, 35.644476630000042 ], [ 119.908457879000025, 35.633978583000044 ], [ 119.904551629000025, 35.624579169000071 ], [ 119.895599806000064, 35.620306708000044 ], [ 119.885264519000089, 35.617621161000045 ], [ 119.877452019000089, 35.613185940000051 ], [ 119.860199415000011, 35.60610586100006 ], [ 119.843272332000083, 35.615790106000077 ], [ 119.834076368000069, 35.635321356000077 ], [ 119.840098504000025, 35.657904364000046 ], [ 119.811615431000064, 35.64789459800005 ], [ 119.771006707000083, 35.593329169000071 ], [ 119.743907097000033, 35.575913804000038 ], [ 119.748057488000086, 35.599798895000049 ], [ 119.748383009, 35.609320380000042 ], [ 119.743907097000033, 35.616888739000046 ], [ 119.732513868000069, 35.620835679000038 ], [ 119.718760613000086, 35.619533596000053 ], [ 119.707123243000069, 35.614162502000056 ], [ 119.70240319100003, 35.606024481000077 ], [ 119.696787957000083, 35.599432684000078 ], [ 119.683848504000025, 35.593980210000041 ], [ 119.668955925000091, 35.590318101000037 ], [ 119.657725457000083, 35.588934637000079 ], [ 119.647959832000083, 35.583929755000042 ], [ 119.641368035000028, 35.572007554000038 ], [ 119.634125196000014, 35.548041083000044 ], [ 119.604095899000072, 35.488023179000038 ], [ 119.599864129000025, 35.469183661000045 ], [ 119.595957879000025, 35.461981512000079 ], [ 119.56959069100003, 35.434759833000044 ], [ 119.564545118000069, 35.424709377000056 ], [ 119.562266472000033, 35.400620835000041 ], [ 119.558929884, 35.390326239000046 ], [ 119.551524285000028, 35.380031643000052 ], [ 119.522308790000011, 35.352728583000044 ], [ 119.513519727000016, 35.33930084800005 ], [ 119.507660352000016, 35.33234284100007 ], [ 119.469574415000011, 35.321478583000044 ], [ 119.435801629000025, 35.32257721600007 ], [ 119.428721550000091, 35.321478583000044 ], [ 119.423920118000069, 35.313462632000039 ], [ 119.421885613000086, 35.300523179000038 ], [ 119.421885613000086, 35.277411200000074 ], [ 119.418711785000028, 35.271307684000078 ], [ 119.404551629000025, 35.253729559000078 ], [ 119.387705925000091, 35.20538971600007 ], [ 119.370616082000083, 35.117417710000041 ], [ 119.358002149000072, 35.09711334800005 ], [ 119.336192254000025, 35.088690497000073 ], [ 119.314300977000016, 35.08624909100007 ], [ 119.280284050000091, 35.076605536000045 ], [ 119.28019249938427, 35.088297838174697 ], [ 119.277401972323105, 35.093362128359502 ], [ 119.273216180382406, 35.099304917687789 ], [ 119.265929803917288, 35.103904119879189 ], [ 119.253010694687759, 35.10912343969494 ], [ 119.246086054327861, 35.111190497243626 ], [ 119.238437941757525, 35.112327378805446 ], [ 119.228671095694494, 35.112585761223897 ], [ 119.193582797807835, 35.110027778159406 ], [ 119.175599400192141, 35.105919501483811 ], [ 119.102063836576804, 35.060134182446518 ], [ 119.076277296759827, 35.049824734024241 ], [ 118.954010858314405, 35.050754910011051 ], [ 118.894272903071965, 35.04535472304201 ], [ 118.879855177974036, 35.041840725568989 ], [ 118.866781040912315, 35.036311347390722 ], [ 118.861820102615638, 35.032745673074317 ], [ 118.858926222766968, 35.029645086751316 ], [ 118.856755813330096, 35.025459295709936 ], [ 118.855928990130792, 35.020446682368458 ], [ 118.8556189308689, 35.015382392183653 ], [ 118.856755813330096, 34.98370473898251 ], [ 118.842286412288104, 34.934560452103142 ], [ 118.839650913958508, 34.929082749868996 ], [ 118.833604770943339, 34.919315903805909 ], [ 118.798258090638342, 34.875752671948248 ], [ 118.776657342762064, 34.833636380014923 ], [ 118.775107050050224, 34.82774526573138 ], [ 118.774331902794984, 34.822164212508369 ], [ 118.774952020419391, 34.80350902042494 ], [ 118.774331902794984, 34.797566230197333 ], [ 118.772781610083143, 34.791571764025662 ], [ 118.763634881644407, 34.769454251312652 ], [ 118.760844353683979, 34.760565904392934 ], [ 118.760224236958948, 34.757439480547589 ], [ 118.760379265690517, 34.753718777499557 ], [ 118.759914178596432, 34.750153103183152 ], [ 118.759449090602971, 34.748628647993712 ], [ 118.745961542391228, 34.730076808697731 ], [ 118.724670851978203, 34.706848252844566 ], [ 118.713508741934902, 34.696952216471573 ], [ 118.704517043126998, 34.690673530359106 ], [ 118.693148228407949, 34.686668606471017 ], [ 118.680745884015323, 34.683852240988131 ], [ 118.673769565912721, 34.68341299141639 ], [ 118.666638218179173, 34.683774725722969 ], [ 118.652685581973969, 34.68687531204597 ], [ 118.596358269618349, 34.70749420799126 ], [ 118.581010370332251, 34.709070339124821 ], [ 118.557859327945607, 34.708682766396521 ], [ 118.531814405710179, 34.705323798554446 ], [ 118.477192416596722, 34.689200751113731 ], [ 118.469699334556594, 34.685066636915735 ], [ 118.464014926747382, 34.680880845874299 ], [ 118.460087518124396, 34.676824246042088 ], [ 118.4566768743382, 34.672354234160537 ], [ 118.453886347277034, 34.667548326394126 ], [ 118.452336053665931, 34.661967271372475 ], [ 118.452336053665931, 34.656308701984983 ], [ 118.453989699165277, 34.645172431262665 ], [ 118.454351434371119, 34.639591376241015 ], [ 118.453421259283687, 34.634191189271974 ], [ 118.450475701692199, 34.628377590253592 ], [ 118.433422479164051, 34.609257311076021 ], [ 118.429856804847645, 34.603392035214256 ], [ 118.42551598507464, 34.591790676498476 ], [ 118.422725458013474, 34.578483995440024 ], [ 118.419469842958847, 34.50399241831542 ], [ 118.414612258349052, 34.48259837511489 ], [ 118.409858025627386, 34.471694648389303 ], [ 118.391047804812274, 34.443737698236191 ], [ 118.35663130139335, 34.423687242172491 ], [ 118.342782017076388, 34.418571275144188 ], [ 118.33890628529673, 34.41826121678173 ], [ 118.310690952725281, 34.419914863180395 ], [ 118.248110792678858, 34.411982529769887 ], [ 118.197726272349541, 34.399709378385069 ], [ 118.175143670743751, 34.397228908787099 ], [ 118.165428500624785, 34.399244290391664 ], [ 118.165273471893215, 34.405238756563335 ], [ 118.165738559886563, 34.411491604254138 ], [ 118.169614291666221, 34.430766913062541 ], [ 118.170234410189778, 34.437123115339489 ], [ 118.169459262934538, 34.442807522249325 ], [ 118.167598911860296, 34.447665106859176 ], [ 118.163671503237197, 34.452626044256533 ], [ 118.160157504864856, 34.456295071360444 ], [ 118.146049839028819, 34.465080063693961 ], [ 118.132355585242067, 34.484303697457676 ], [ 118.132355585242067, 34.496034247382568 ], [ 118.134836053940717, 34.500116686535819 ], [ 118.141398959993921, 34.506472887014127 ], [ 118.148685337358415, 34.519288642556774 ], [ 118.153129510818189, 34.533680528333718 ], [ 118.152871128399852, 34.541509508057345 ], [ 118.150390659701088, 34.547503974229016 ], [ 118.144809604679494, 34.550087795715172 ], [ 118.138453404201186, 34.552309881995427 ], [ 118.113752069102702, 34.55856272968623 ], [ 118.1082743668685, 34.560578111290795 ], [ 118.101969843233633, 34.564092108763759 ], [ 118.094218377875791, 34.570965074078913 ], [ 118.090601027615321, 34.577011217093968 ], [ 118.089412470109323, 34.583522447203165 ], [ 118.087707146867274, 34.622202256928574 ], [ 118.084141472550868, 34.631374823789088 ], [ 118.076958448873256, 34.640754096224555 ], [ 118.070447218764116, 34.645017402531096 ], [ 118.064091018285808, 34.648221339842962 ], [ 118.05044844044312, 34.651476955796852 ], [ 117.998616978390828, 34.656437893194209 ], [ 117.942599725296986, 34.675041409333573 ], [ 117.928130324254994, 34.677831936394739 ], [ 117.921205682096456, 34.677909450760524 ], [ 117.914694451987316, 34.676953437251314 ], [ 117.890768264144072, 34.669977118249392 ], [ 117.851855910421932, 34.663259182565184 ], [ 117.80591556175375, 34.663672593715205 ], [ 117.790050896731486, 34.651166897434337 ], [ 117.786846957620924, 34.639074612303489 ], [ 117.788397251232141, 34.608973090235907 ], [ 117.787467076144594, 34.60230683049582 ], [ 117.774702997445274, 34.545902005573055 ], [ 117.774392938183496, 34.534145616327123 ], [ 117.773617791827633, 34.530347398013987 ], [ 117.77330773256574, 34.52654918149949 ], [ 117.768501824799273, 34.523241888702159 ], [ 117.759768508409934, 34.522079168718619 ], [ 117.713569777323301, 34.533809719542887 ], [ 117.692795851747064, 34.534998277048828 ], [ 117.671195102971524, 34.532827866712637 ], [ 117.660808140183462, 34.529778958132397 ], [ 117.65321170535583, 34.526109931028486 ], [ 117.590683222152961, 34.471591294702478 ], [ 117.585877312587854, 34.468697414853807 ], [ 117.580761347358248, 34.466268622099221 ], [ 117.574250116349731, 34.464201565449855 ], [ 117.566291945416879, 34.462599595894631 ], [ 117.546603224559135, 34.462444566263684 ], [ 117.46903690043257, 34.475337836172173 ], [ 117.444232211647204, 34.492881985115503 ], [ 117.373642205623241, 34.563988755976311 ], [ 117.34625369715036, 34.585822047849206 ], [ 117.336951939080677, 34.588612575809691 ], [ 117.331060825696454, 34.586106268689321 ], [ 117.326099888299154, 34.58455597597748 ], [ 117.290856560781663, 34.569776516572972 ], [ 117.283311801898094, 34.568122870174307 ], [ 117.277989130194101, 34.566262519099951 ], [ 117.273906691940283, 34.563678696714476 ], [ 117.259643995573924, 34.548072415009926 ], [ 117.24434777223189, 34.534326484379733 ], [ 117.241712273902294, 34.530554104488317 ], [ 117.238560011635172, 34.52479218231332 ], [ 117.237526482860858, 34.517505804948939 ], [ 117.239851922827938, 34.473916733770238 ], [ 117.239076775572698, 34.468180650016961 ], [ 117.235459426211492, 34.461256007858481 ], [ 117.228948195202975, 34.455209865742688 ], [ 117.221351760375342, 34.449964708404536 ], [ 117.216545851709611, 34.447510077228287 ], [ 117.210448032750492, 34.445494697422305 ], [ 117.204143508216248, 34.444693711745401 ], [ 117.193911574159756, 34.445959784516447 ], [ 117.181819289028908, 34.450145575557826 ], [ 117.165799595275075, 34.46257375747291 ], [ 117.156187778842877, 34.475363673694574 ], [ 117.149831578364569, 34.487197577306347 ], [ 117.144715611336323, 34.501615302404275 ], [ 117.141770053744949, 34.532414456461993 ], [ 117.142338495425179, 34.538770656940244 ], [ 117.143010288993651, 34.542646388719845 ], [ 117.144250523342976, 34.546522122298086 ], [ 117.144715611336323, 34.551095486067823 ], [ 117.143630405718568, 34.556030585043459 ], [ 117.140374790664055, 34.564350491182211 ], [ 117.060586379357915, 34.709457912752441 ], [ 117.043223097567875, 34.730231839227997 ], [ 117.016248000245014, 34.755553290152193 ], [ 116.997747836893154, 34.769660955988286 ], [ 116.993251988388465, 34.774001777559988 ], [ 116.983175083063543, 34.789013780061907 ], [ 116.976353793692624, 34.805834459492701 ], [ 116.972168002651188, 34.838028875731993 ], [ 116.969687534851801, 34.847278957857611 ], [ 116.968912387596561, 34.849139308931967 ], [ 116.967672154146499, 34.851516424843112 ], [ 116.959300572063739, 34.862936917304864 ], [ 116.951342401130887, 34.871101792913407 ], [ 116.941420526336174, 34.87962840372785 ], [ 116.827629021861867, 34.958305771893833 ], [ 116.818533970266458, 34.962078151785249 ], [ 116.812952916144127, 34.959390978410909 ], [ 116.80892215383426, 34.954765936898468 ], [ 116.803031041349413, 34.945774238090621 ], [ 116.799620395764578, 34.941665961414969 ], [ 116.790938755319303, 34.937557684739318 ], [ 116.777296176577238, 34.934302070584067 ], [ 116.724689569068346, 34.929082749868996 ], [ 116.646761508836562, 34.938384507938679 ], [ 116.631878696644435, 34.937945258366938 ], [ 116.575086298094106, 34.920349433479544 ], [ 116.5472327007285, 34.914406643251937 ], [ 116.516898634664244, 34.914044908046037 ], [ 116.504754672689955, 34.912184556971681 ], [ 116.499380324142635, 34.910634264259841 ], [ 116.470028110908515, 34.898257758288878 ], [ 116.453698357892904, 34.881643785332415 ], [ 116.420212029561412, 34.834256496739897 ], [ 116.415716180157574, 34.758033758850843 ], [ 116.410393507554318, 34.736458849396342 ], [ 116.407809686068163, 34.734107571007598 ], [ 116.40021325124053, 34.729146632710922 ], [ 116.39013634681487, 34.720568345952358 ], [ 116.384348586218266, 34.712791043072173 ], [ 116.38248823514391, 34.708450222399847 ], [ 116.38248823514391, 34.703153388218254 ], [ 116.385588819668214, 34.691448675815707 ], [ 116.387035761391189, 34.68305125621049 ], [ 116.387449171641947, 34.668530178325057 ], [ 116.384348586218266, 34.651812853480408 ], [ 116.377217237585455, 34.639539700296893 ], [ 116.344040969415119, 34.616026922704293 ], [ 116.266888054639935, 34.576701157832133 ], [ 116.243323602002533, 34.568329575749317 ], [ 116.227975701817172, 34.565435695900646 ], [ 116.223324822782274, 34.568691310955217 ], [ 116.215366651849422, 34.576003525841998 ], [ 116.210199008877112, 34.579724228890029 ], [ 116.204669630698845, 34.58300568326564 ], [ 116.193972610447531, 34.58434927040247 ], [ 116.186531202552942, 34.583109036053145 ], [ 116.151287875934713, 34.566727607093355 ], [ 116.130513951257853, 34.571585190803887 ], [ 116.126328160216417, 34.574763292391992 ], [ 116.121677281181519, 34.579233303374224 ], [ 116.112323847167772, 34.594038601200452 ], [ 116.100851678761956, 34.607732855886582 ], [ 116.092480096679083, 34.613443102117458 ], [ 116.084728632220504, 34.616156113913519 ], [ 116.07914757719891, 34.614579982779958 ], [ 116.074341669432442, 34.611686102931287 ], [ 116.070465935854259, 34.607758694308302 ], [ 116.064574823369412, 34.604089667204335 ], [ 116.057133417273349, 34.601454168874795 ], [ 116.043749220949735, 34.600213935424733 ], [ 116.033982374886591, 34.60362457921093 ], [ 116.008092483181485, 34.618171495518084 ], [ 116.000806105817105, 34.621142889732539 ], [ 115.993674758083557, 34.621607977725944 ], [ 115.989282260567848, 34.618869127508219 ], [ 115.985199823213179, 34.615045070773363 ], [ 115.975019566000128, 34.601247464199105 ], [ 115.970988803690261, 34.597475084307689 ], [ 115.966647983917255, 34.594038601200452 ], [ 115.956726109122542, 34.591790676498476 ], [ 115.879263136884219, 34.589077663803096 ], [ 115.853528273910683, 34.58396169677485 ], [ 115.816424595318722, 34.571430162072318 ], [ 115.807742954873447, 34.570913398134792 ], [ 115.800301547878121, 34.572127794062453 ], [ 115.777770624015034, 34.582592271216299 ], [ 115.748315057094146, 34.592049058916928 ], [ 115.706767205941787, 34.600265611368854 ], [ 115.693072951255658, 34.60075653688466 ], [ 115.685011428434677, 34.597733465826764 ], [ 115.676949903814943, 34.582540595272235 ], [ 115.671833937686074, 34.577579657874878 ], [ 115.662842237978907, 34.573393866833442 ], [ 115.646357457130875, 34.568691310955217 ], [ 115.61643680221664, 34.567399399762451 ], [ 115.541712681095305, 34.577527981031494 ], [ 115.530757276627014, 34.580060126573585 ], [ 115.519440138751406, 34.585279446389336 ], [ 115.50114668187382, 34.596338201846493 ], [ 115.483576695408146, 34.612254543712197 ], [ 115.448074986371466, 34.651967882211977 ], [ 115.442803989712274, 34.660055243454678 ], [ 115.437532993952459, 34.670855618292137 ], [ 115.435775994766345, 34.675713202002669 ], [ 115.430815057368932, 34.698295802709083 ], [ 115.428799676663743, 34.72237702108265 ], [ 115.431331822205834, 34.768265692907391 ], [ 115.430815057368932, 34.774311835023127 ], [ 115.429264763757828, 34.779712021992225 ], [ 115.42234012339793, 34.786404120153975 ], [ 115.410506219786157, 34.794052231824992 ], [ 115.351233351637802, 34.819192817394594 ], [ 115.34100141758131, 34.824980577091935 ], [ 115.317643671418296, 34.84283478439778 ], [ 115.311959262709706, 34.84531525309643 ], [ 115.306533238218321, 34.846917223551031 ], [ 115.290410190777607, 34.849423529772082 ], [ 115.280333287251324, 34.849966132131271 ], [ 115.270101353194832, 34.84934601540624 ], [ 115.25966271356333, 34.847330633801676 ], [ 115.252221306568003, 34.84490184194641 ], [ 115.246020135720642, 34.84226634451619 ], [ 115.235943231295096, 34.835341702357653 ], [ 115.233101027390489, 34.832887071181347 ], [ 115.230672234635904, 34.826711737856385 ], [ 115.216047804862228, 34.835729275085953 ], [ 115.216254511336615, 34.856089789512168 ], [ 115.223230829439217, 34.891617336970512 ], [ 115.222300652553031, 34.896474921580364 ], [ 115.218838331923394, 34.901332506190215 ], [ 115.213877395425357, 34.905156562025695 ], [ 115.2016300797643, 34.920711167786123 ], [ 115.181631301443417, 34.939986477493903 ], [ 115.174499952810493, 34.94417226853534 ], [ 114.99776655488256, 35.007785956456701 ], [ 114.991668735923326, 35.009026190806026 ], [ 114.976940953362259, 35.010137233946182 ], [ 114.966657343361703, 35.009232896381036 ], [ 114.949655795878243, 35.005770574852136 ], [ 114.930380487069783, 34.999233507220538 ], [ 114.905059035246268, 34.995977892165968 ], [ 114.883251580895717, 34.999466051217269 ], [ 114.834210646803854, 35.016183376961237 ], [ 114.837931349851829, 35.019878242486868 ], [ 114.847491490339962, 35.038068346576893 ], [ 114.847078078290679, 35.081554063169449 ], [ 114.865009799962309, 35.120595608100814 ], [ 114.860203892195841, 35.140516872955288 ], [ 114.851832310112968, 35.159611313711139 ], [ 114.851573927694517, 35.178163153906382 ], [ 114.864286329550396, 35.188705146325447 ], [ 114.913482294172468, 35.20818716070886 ], [ 114.930380487069783, 35.211649482237817 ], [ 114.941749301788832, 35.218832505915373 ], [ 114.981953566703737, 35.266891588076305 ], [ 115.002314081129839, 35.284823309747935 ], [ 115.009238723288377, 35.294228421504442 ], [ 115.021796096412686, 35.324872545031894 ], [ 115.026291944917261, 35.332391466393062 ], [ 115.053938836707857, 35.366885484177715 ], [ 115.068356560906523, 35.380114650870439 ], [ 115.091765984812355, 35.390424099292716 ], [ 115.122203403664116, 35.393963935187458 ], [ 115.132125279358092, 35.397891343810443 ], [ 115.140031773447504, 35.404660956338034 ], [ 115.144682651583025, 35.41112051050311 ], [ 115.150728793698818, 35.415874742325457 ], [ 115.162821079729042, 35.417735094299132 ], [ 115.205815870805736, 35.414712022341917 ], [ 115.226538121337171, 35.416236477531413 ], [ 115.248810662781807, 35.424556382770845 ], [ 115.266277297359352, 35.436235255852353 ], [ 115.307101678999288, 35.475767727198843 ], [ 115.316868524163056, 35.479462591825154 ], [ 115.329529250074756, 35.481038722958658 ], [ 115.340381300856279, 35.48517283805603 ], [ 115.345032179891177, 35.496257432834227 ], [ 115.342706739924097, 35.50555919000459 ], [ 115.332629836397814, 35.523361721366314 ], [ 115.330769485323458, 35.534420477722847 ], [ 115.341621535205604, 35.555452785717478 ], [ 115.383479444720592, 35.557519843266107 ], [ 115.392781202790275, 35.572299303569991 ], [ 115.392781202790275, 35.597103990556718 ], [ 115.395054965913914, 35.615759181740827 ], [ 115.40321984332104, 35.630538642044655 ], [ 115.420738152943386, 35.643664455949875 ], [ 115.467505323911496, 35.663534043960965 ], [ 115.492051630278524, 35.678184312156247 ], [ 115.50269697458566, 35.695495917102846 ], [ 115.502597497887393, 35.7 ], [ 119.931173530628669, 35.7 ], [ 119.930756056000064, 35.69953034100007 ] ] ] } }
]
}
