{
"type": "FeatureCollection",
"name": "yrd_land",
"crs": { "type": "name", "properties": { "name": "urn:ogc:def:crs:OGC:1.3:CRS84" } },
"features": [
{ "type": "Feature", "properties": { }, "geometry": { "type": "Polygon", "coordinates": [ [ [ 119.930756056000064, 35.69953034100007 ], [ 119.908295118000069, 35.680894273000035 ], [ 119.90162194100003, 35.671535549000055 ], [ 119.900482618000069, 35.660549221000053 ], [ 119.902924024000072, 35.652411200000074 ], [ 119.906748894000089, 35.644476630000042 ], [ 119.908457879000025, 35.633978583000044 ], [ 119.904551629000025, 35.624579169000071 ], [ 119.895599806000064, 35.620306708000044 ], [ 119.885264519000089, 35.617621161000045 ], [ 119.877452019000089, 35.613185940000051 ], [ 119.860199415000011, 35.60610586100006 ], [ 119.843272332000083, 35.615790106000077 ], [ 119.834076368000069, 35.635321356000077 ], [ 119.840098504000025, 35.657904364000046 ], [ 119.811615431000064, 35.64789459800005 ], [ 119.771006707000083, 35.593329169000071 ], [ 119.743907097000033, 35.575913804000038 ], [ 119.748057488000086, 35.599798895000049 ], [ 119.748383009, 35.609320380000042 ], [ 119.743907097000033, 35.616888739000046 ], [ 119.732513868000069, 35.620835679000038 ], [ 119.718760613000086, 35.619533596000053 ], [ 119.707123243000069, 35.614162502000056 ], [ 119.70240319100003, 35.606024481000077 ], [ 119.696787957000083, 35.599432684000078 ], [ 119.683848504000025, 35.593980210000041 ], [ 119.668955925000091, 35.590318101000037 ], [ 119.657725457000083, 35.588934637000079 ], [ 119.647959832000083, 35.583929755000042 ], [ 119.641368035000028, 35.572007554000038 ], [ 119.634125196000014, 35.548041083000044 ], [ 119.604095899000072, 35.488023179000038 ], [ 119.599864129000025, 35.469183661000045 ], [ 119.595957879000025, 35.461981512000079 ], [ 119.56959069100003, 35.434759833000044 ], [ 119.564545118000069, 35.424709377000056 ], [ 119.562266472000033, 35.400620835000041 ], [ 119.558929884, 35.390326239000046 ], [ 119.551524285000028, 35.380031643000052 ], [ 119.522308790000011, 35.352728583000044 ], [ 119.513519727000016, 35.33930084800005 ], [ 119.507660352000016, 35.33234284100007 ], [ 119.469574415000011, 35.321478583000044 ], [ 119.435801629000025, 35.32257721600007 ], [ 119.428721550000091, 35.321478583000044 ], [ 119.423920118000069, 35.313462632000039 ], [ 119.421885613000086, 35.300523179000038 ], [ 119.421885613000086, 35.277411200000074 ], [ 119.418711785000028, 35.271307684000078 ], [ 119.404551629000025, 35.253729559000078 ], [ 119.387705925000091, 35.20538971600007 ], [ 119.370616082000083, 35.117417710000041 ], [ 119.358002149000072, 35.09711334800005 ], [ 119.336192254000025, 35.088690497000073 ], [ 119.314300977000016, 35.08624909100007 ], [ 119.280284050000091, 35.076605536000045 ], [ 119.250498894000089, 35.068182684000078 ], [ 119.229095899000072, 35.066107489000046 ], [ 119.221202019000089, 35.064032294000071 ], [ 119.212657097000033, 35.058010158000059 ], [ 119.207286004000025, 35.048407294000071 ], [ 119.203949415000011, 35.024969794000071 ], [ 119.199310743000069, 35.016669012000079 ], [ 119.192881707000083, 35.000433661000045 ], [ 119.192881707000083, 34.974025783000059 ], [ 119.197032097000033, 34.947699286000045 ], [ 119.203379754000025, 34.931626695000034 ], [ 119.18869763400005, 34.856274168000084 ], [ 119.193125847000033, 34.809881903000075 ], [ 119.201914910000028, 34.784979559000078 ], [ 119.189056837000066, 34.766546942000048 ], [ 119.195323113000086, 34.759711005000042 ], [ 119.190277540000011, 34.749253648000035 ], [ 119.18873131600003, 34.73305898600006 ], [ 119.192230665000011, 34.71820709800005 ], [ 119.203379754000025, 34.711900132000039 ], [ 119.209808790000011, 34.718573309000078 ], [ 119.220957879000025, 34.749416408000059 ], [ 119.229340040000011, 34.759711005000042 ], [ 119.241791212000066, 34.761664130000042 ], [ 119.291351759, 34.753485419000071 ], [ 119.31177819100003, 34.755072333000044 ], [ 119.324961785000028, 34.759995835000041 ], [ 119.335052931000064, 34.768500067000048 ], [ 119.346690300000091, 34.780829169000071 ], [ 119.358002149000072, 34.774603583000044 ], [ 119.375580274000072, 34.759344794000071 ], [ 119.387705925000091, 34.753485419000071 ], [ 119.401459181000064, 34.751125393000052 ], [ 119.428233269000089, 34.749945380000042 ], [ 119.442230665000011, 34.746039130000042 ], [ 119.463226759, 34.732367255000042 ], [ 119.474213087000066, 34.715277411000045 ], [ 119.472748243000069, 34.698146877000056 ], [ 119.456553582000083, 34.684556382000039 ], [ 119.531748894000089, 34.615708726000037 ], [ 119.588715040000011, 34.582220770000049 ], [ 119.599864129000025, 34.568548895000049 ], [ 119.609222852000016, 34.562730210000041 ], [ 119.640961134, 34.550523179000038 ], [ 119.640961134, 34.545721747000073 ], [ 119.641449415000011, 34.540838934000078 ], [ 119.643402540000011, 34.53656647300005 ], [ 119.64771569100003, 34.53384023600006 ], [ 119.658457879000025, 34.53156159100007 ], [ 119.685313347000033, 34.53384023600006 ], [ 119.705332879000025, 34.531154690000051 ], [ 119.728851759, 34.524115302000041 ], [ 119.75123131600003, 34.514227606000077 ], [ 119.795258009, 34.481675523000035 ], [ 119.826182488000086, 34.470404364000046 ], [ 119.862071160000028, 34.465806382000039 ], [ 119.905039910000028, 34.464911200000074 ], [ 119.939952019000089, 34.457912502000056 ], [ 119.982920769000089, 34.440741278000075 ], [ 120.022959832000083, 34.41937897300005 ], [ 120.078705274000072, 34.377508856000077 ], [ 120.118174675000091, 34.359605210000041 ], [ 120.239756707000083, 34.32367584800005 ], [ 120.25709069100003, 34.311835028000075 ], [ 120.264008009, 34.290757554000038 ], [ 120.266693556000064, 34.266302802000041 ], [ 120.274180535000028, 34.244533596000053 ], [ 120.298838738000086, 34.204250393000052 ], [ 120.309374279000053, 34.174071349000087 ], [ 120.317212315, 34.152123405000054 ], [ 120.324965542000086, 34.136451072000057 ], [ 120.325223759000096, 34.111297999000044 ], [ 120.348236524000072, 34.076849677000041 ], [ 120.353526238000086, 34.060777085000041 ], [ 120.358490431000064, 34.05345286700009 ], [ 120.365326368000069, 34.04564036700009 ], [ 120.371348504000025, 34.036037502000056 ], [ 120.385020379000025, 33.970404364000046 ], [ 120.407969597000033, 33.916815497000073 ], [ 120.41334069100003, 33.897365627000056 ], [ 120.412608269000089, 33.887518622000073 ], [ 120.398448113000086, 33.878973700000074 ], [ 120.39966881600003, 33.869330145000049 ], [ 120.407074415000011, 33.859767971000053 ], [ 120.418955925000091, 33.855373440000051 ], [ 120.431407097000033, 33.84601471600007 ], [ 120.443369988000086, 33.824693101000037 ], [ 120.450938347000033, 33.80149974200009 ], [ 120.449717644000089, 33.786444403000075 ], [ 120.46412194100003, 33.774969794000071 ], [ 120.482432488000086, 33.765122789000088 ], [ 120.498301629000025, 33.753322658000059 ], [ 120.504893425000091, 33.735581773000035 ], [ 120.505869988000086, 33.697170315000051 ], [ 120.511729363000086, 33.656724351000037 ], [ 120.502696160000028, 33.66156647300005 ], [ 120.495127800000091, 33.662176825000074 ], [ 120.489024285000028, 33.658392645000049 ], [ 120.483734571000014, 33.649969794000071 ], [ 120.525970899000072, 33.610663153000075 ], [ 120.539073113000086, 33.594671942000048 ], [ 120.563243035000028, 33.548000393000052 ], [ 120.573252800000091, 33.533270575000074 ], [ 120.627777540000011, 33.478013414000088 ], [ 120.634369337000066, 33.466945705000057 ], [ 120.652110222000033, 33.428127346000053 ], [ 120.655772332000083, 33.413153387000079 ], [ 120.661957227000016, 33.338039455000057 ], [ 120.66724694100003, 33.325100002000056 ], [ 120.680023634, 33.308010158000059 ], [ 120.695078972000033, 33.293158270000049 ], [ 120.707286004000025, 33.286810614000046 ], [ 120.720469597000033, 33.284979559000078 ], [ 120.737884962000066, 33.279282945000034 ], [ 120.750254754000025, 33.269598700000074 ], [ 120.747569207000083, 33.255804755000042 ], [ 120.742686394000089, 33.25267161700009 ], [ 120.737071160000028, 33.250921942000048 ], [ 120.732188347000033, 33.248236395000049 ], [ 120.730235222000033, 33.242132880000042 ], [ 120.732513868000069, 33.237127997000073 ], [ 120.742523634, 33.227769273000035 ], [ 120.744395379000025, 33.224107164000088 ], [ 120.743500196000014, 33.208644924000055 ], [ 120.740082227000016, 33.205511786000045 ], [ 120.730235222000033, 33.204901434000078 ], [ 120.785248243000069, 33.165025132000039 ], [ 120.806976759, 33.137762762000079 ], [ 120.79224694100003, 33.108710028000075 ], [ 120.812510613000086, 33.10578034100007 ], [ 120.818939649000072, 33.092189846000053 ], [ 120.81959069100003, 33.054103908000059 ], [ 120.825938347000033, 33.030178127000056 ], [ 120.833750847000033, 33.025620835000041 ], [ 120.846446160000028, 33.029852606000077 ], [ 120.867442254000025, 33.032375393000052 ], [ 120.890147332000083, 33.02610911700009 ], [ 120.89576256600003, 33.013576565000051 ], [ 120.888519727000016, 32.977728583000044 ], [ 120.888682488000086, 32.962713934000078 ], [ 120.907806837000066, 32.843898830000057 ], [ 120.904795769000089, 32.812648830000057 ], [ 120.880308214000024, 32.772031829000071 ], [ 120.852386915000011, 32.756008205000057 ], [ 120.861420118000069, 32.719671942000048 ], [ 120.860443556000064, 32.68976471600007 ], [ 120.850189649000072, 32.696600653000075 ], [ 120.843109571000014, 32.703924872000073 ], [ 120.841400587000066, 32.711086330000057 ], [ 120.84693444100003, 32.717678127000056 ], [ 120.840098504000025, 32.724514065000051 ], [ 120.830170118000069, 32.709418036000045 ], [ 120.830332879000025, 32.697658596000053 ], [ 120.863868238, 32.67105755700004 ], [ 120.906614115000025, 32.659710273000087 ], [ 120.911199327000077, 32.630121296000084 ], [ 120.94388695400005, 32.605224163000059 ], [ 120.975020967000091, 32.59511507700006 ], [ 121.020705514000042, 32.568521788000055 ], [ 121.042782071000033, 32.557541816000082 ], [ 121.066254102000016, 32.544012762000079 ], [ 121.086192254000025, 32.536037502000056 ], [ 121.098724806000064, 32.521144924000055 ], [ 121.10084069100003, 32.497951565000051 ], [ 121.107676629000025, 32.497951565000051 ], [ 121.120209181000064, 32.507391669000071 ], [ 121.157256416, 32.495595517000083 ], [ 121.173799982000105, 32.487625079000054 ], [ 121.191507408, 32.478652535000037 ], [ 121.21510394400002, 32.472664414000064 ], [ 121.271709936000093, 32.447734492000052 ], [ 121.354139656000029, 32.41482275900006 ], [ 121.38940888400009, 32.384947575000069 ], [ 121.401117309000028, 32.352131949000068 ], [ 121.416026238000086, 32.268947658000059 ], [ 121.417735222000033, 32.255275783000059 ], [ 121.419281446000014, 32.25031159100007 ], [ 121.415782097000033, 32.248602606000077 ], [ 121.401703321000014, 32.244696356000077 ], [ 121.377207879000025, 32.24164459800005 ], [ 121.366709832000083, 32.238959052000041 ], [ 121.360850457000083, 32.231634833000044 ], [ 121.368011915000011, 32.227362372000073 ], [ 121.398692254000025, 32.168931382000039 ], [ 121.425140821000014, 32.164048570000034 ], [ 121.431162957000083, 32.151353257000039 ], [ 121.432139519000089, 32.133856512000079 ], [ 121.443369988000086, 32.114325262000079 ], [ 121.449473504000025, 32.11273834800005 ], [ 121.456146681000064, 32.11554596600007 ], [ 121.462412957000083, 32.119696356000077 ], [ 121.467295769000089, 32.121771552000041 ], [ 121.472992384, 32.119614976000037 ], [ 121.481944207000083, 32.110256252000056 ], [ 121.488047722000033, 32.10814036700009 ], [ 121.496592644000089, 32.110256252000056 ], [ 121.53081178900004, 32.108518596000067 ], [ 121.554237991000036, 32.102498235000041 ], [ 121.594248894000089, 32.087062893000052 ], [ 121.655365431000064, 32.062933661000045 ], [ 121.683116082000083, 32.042629299000055 ], [ 121.717784050000091, 32.025580145000049 ], [ 121.727305535000028, 32.016587632000039 ], [ 121.764365901000019, 31.995286882000073 ], [ 121.798643983000034, 31.970474858000046 ], [ 121.821945116000052, 31.952486444000044 ], [ 121.825205925000091, 31.927720445000034 ], [ 121.847833115000071, 31.904607285000054 ], [ 121.874960199000043, 31.863722900000084 ], [ 121.874687220000055, 31.825903471000061 ], [ 121.901776280000036, 31.786487458000067 ], [ 121.922057183000106, 31.754378129000088 ], [ 121.93038277800008, 31.726714179000055 ], [ 121.914842041000043, 31.706434259000048 ], [ 121.871997941000018, 31.690681688000041 ], [ 121.817306249000012, 31.690949425000042 ], [ 121.749045061000061, 31.711633711000047 ], [ 121.702910182000096, 31.720554647000085 ], [ 121.675554272, 31.723572594000075 ], [ 121.655059970000025, 31.732380486000068 ], [ 121.607194388000039, 31.748550791000071 ], [ 121.574310743000069, 31.765529690000051 ], [ 121.551605665000011, 31.77374909100007 ], [ 121.529063347000033, 31.779201565000051 ], [ 121.517425977000016, 31.783433335000041 ], [ 121.507904493000069, 31.792873440000051 ], [ 121.500498894000089, 31.80219147300005 ], [ 121.494883660000028, 31.806463934000078 ], [ 121.480235222000033, 31.810980536000045 ], [ 121.416026238000086, 31.840643622000073 ], [ 121.317396834000078, 31.883248006000088 ], [ 121.286418364000042, 31.890589166000041 ], [ 121.227864326000031, 31.865903812000056 ], [ 121.185150587000066, 31.836737372000073 ], [ 121.115087061000054, 31.796333603000051 ], [ 121.086623620000069, 31.801835915000083 ], [ 121.062413435000053, 31.813500849000036 ], [ 121.039934906000099, 31.819332284000041 ], [ 121.005365083000015, 31.820779027000071 ], [ 120.977816792, 31.814365316000078 ], [ 120.950628362000089, 31.825236128000086 ], [ 120.940564094000024, 31.844647237000061 ], [ 120.943125847000033, 31.86790599200009 ], [ 120.943125847000033, 31.87531159100007 ], [ 120.944834832000083, 31.884588934000078 ], [ 120.941416863000086, 31.892523505000042 ], [ 120.925791863000086, 31.895900783000059 ], [ 120.919281446000014, 31.899359442000048 ], [ 120.910899285000028, 31.917669989000046 ], [ 120.90552819100003, 31.925970770000049 ], [ 120.84693444100003, 31.991441148000035 ], [ 120.810801629000025, 32.022609768000052 ], [ 120.743644416000052, 32.03604475700007 ], [ 120.634376476000057, 32.077009598000075 ], [ 120.565487622000092, 32.076713345000087 ], [ 120.522360562000017, 32.082601237000063 ], [ 120.490757629000086, 32.08245338200004 ], [ 120.42782102700005, 32.052929987000084 ], [ 120.361582879000025, 32.025580145000049 ], [ 120.300303582000083, 31.971665757000039 ], [ 120.267100457000083, 31.94867584800005 ], [ 120.223724806000064, 31.936835028000075 ], [ 120.175873243000069, 31.936672268000052 ], [ 120.131358269000089, 31.943182684000078 ], [ 120.090098504000025, 31.955023505000042 ], [ 120.052338087000066, 31.970933335000041 ], [ 120.020030144000089, 31.990790106000077 ], [ 119.992035352000016, 32.015855210000041 ], [ 119.921397332000083, 32.108547268000052 ], [ 119.912201368000069, 32.123724677000041 ], [ 119.908457879000025, 32.138861395000049 ], [ 119.910980665000011, 32.158148505000042 ], [ 119.92115319100003, 32.196478583000044 ], [ 119.922129754000025, 32.21743398600006 ], [ 119.900482618000069, 32.198187567000048 ], [ 119.887543165000011, 32.213853257000039 ], [ 119.87427819100003, 32.265122789000088 ], [ 119.862152540000011, 32.281154690000051 ], [ 119.842133009, 32.299058335000041 ], [ 119.818369988000086, 32.313706773000035 ], [ 119.795176629000025, 32.31976959800005 ], [ 119.781993035000028, 32.321234442000048 ], [ 119.758067254000025, 32.326971747000073 ], [ 119.743907097000033, 32.327215887000079 ], [ 119.692393425000091, 32.31976959800005 ], [ 119.676849806000064, 32.32843659100007 ], [ 119.660899285000028, 32.345770575000074 ], [ 119.640879754000025, 32.35883209800005 ], [ 119.612884962000066, 32.354559637000079 ], [ 119.649017774000072, 32.336086330000057 ], [ 119.660736524000072, 32.327215887000079 ], [ 119.678558790000011, 32.306219794000071 ], [ 119.685394727000016, 32.29242584800005 ], [ 119.678477410000028, 32.286281643000052 ], [ 119.676036004000025, 32.27806224200009 ], [ 119.654551629000025, 32.234767971000053 ], [ 119.649017774000072, 32.219549872000073 ], [ 119.635752800000091, 32.211004950000074 ], [ 119.619883660000028, 32.204901434000078 ], [ 119.606049024000072, 32.196926174000055 ], [ 119.627696160000028, 32.189398505000042 ], [ 119.645274285000028, 32.195217190000051 ], [ 119.659759962000066, 32.207912502000056 ], [ 119.671641472000033, 32.220770575000074 ], [ 119.690440300000091, 32.235337632000039 ], [ 119.701426629000025, 32.233465887000079 ], [ 119.71216881600003, 32.222601630000042 ], [ 119.730235222000033, 32.210598049000055 ], [ 119.75513756600003, 32.205877997000073 ], [ 119.77857506600003, 32.204657294000071 ], [ 119.788584832000083, 32.198635158000059 ], [ 119.763763868000069, 32.162502346000053 ], [ 119.764414910000028, 32.143744208000044 ], [ 119.772471550000091, 32.126776434000078 ], [ 119.784922722000033, 32.114325262000079 ], [ 119.855560743000069, 32.086981512000079 ], [ 119.866953972000033, 32.077093817000048 ], [ 119.907162517000074, 32.04538471300009 ], [ 119.938502075000088, 32.018042851000075 ], [ 119.961222406000047, 31.990615801000047 ], [ 119.97868014300002, 31.968956602000048 ], [ 120.006395532000056, 31.950304999000082 ], [ 120.038828972000033, 31.943060614000046 ], [ 120.130951368000069, 31.912298895000049 ], [ 120.178314649000072, 31.904201565000051 ], [ 120.229991082000083, 31.908880927000041 ], [ 120.341170856000076, 31.95632050800009 ], [ 120.418223504000025, 31.969671942000048 ], [ 120.432220899000072, 31.975165106000077 ], [ 120.455781043, 31.982518923000043 ], [ 120.454157138000028, 32.003185570000085 ], [ 120.455412335, 32.021428442000058 ], [ 120.469493035000028, 32.025132554000038 ], [ 120.517832879000025, 32.018744208000044 ], [ 120.604258660000028, 31.991441148000035 ], [ 120.670013868000069, 31.998846747000073 ], [ 120.689952019000089, 31.998236395000049 ], [ 120.750353874000098, 31.97833627600005 ], [ 120.779818159, 31.915882668000052 ], [ 120.807447033000017, 31.873769896000056 ], [ 120.824798601, 31.828702466000038 ], [ 120.807752238000035, 31.809740522000084 ], [ 120.751475457000083, 31.824693101000037 ], [ 120.738536004000025, 31.836818752000056 ], [ 120.727631056000064, 31.850653387000079 ], [ 120.717133009, 31.861070054000038 ], [ 120.720795118000069, 31.831935940000051 ], [ 120.731455925000091, 31.813869533000059 ], [ 120.748383009, 31.802232164000088 ], [ 120.83189898, 31.777766057000065 ], [ 120.895362851000073, 31.76332027400008 ], [ 120.94849694100003, 31.757879950000074 ], [ 120.980723504000025, 31.751206773000035 ], [ 121.013764364000053, 31.74303425700009 ], [ 121.067026293000026, 31.724085562000084 ], [ 121.144402290000016, 31.684658291000062 ], [ 121.211680535000028, 31.627630927000041 ], [ 121.244720899000072, 31.600409247000073 ], [ 121.320323113000086, 31.504828192000048 ], [ 121.340912306000064, 31.49095286700009 ], [ 121.360850457000083, 31.477484442000048 ], [ 121.417735222000033, 31.452785549000055 ], [ 121.448008660000028, 31.42649974200009 ], [ 121.546234571000014, 31.366115627000056 ], [ 121.631602410000028, 31.335760809000078 ], [ 121.669932488000086, 31.313055731000077 ], [ 121.725163995, 31.281567150000058 ], [ 121.777501713000106, 31.214393784000038 ], [ 121.877024548, 31.099135878000084 ], [ 121.950820062000048, 30.982080909000047 ], [ 121.97738292300005, 30.914923436000038 ], [ 121.960075378000056, 30.874256782000089 ], [ 121.907399241, 30.85708552400007 ], [ 121.810808542000018, 30.853230646000043 ], [ 121.732834633000039, 30.846316906000084 ], [ 121.631132255000011, 30.83655553300008 ], [ 121.542937038000105, 30.816494909000085 ], [ 121.492037449, 30.797734233000085 ], [ 121.456406123000079, 30.783278050000035 ], [ 121.410597586000108, 30.767388095000058 ], [ 121.350596550000091, 30.713446356000077 ], [ 121.333506707000083, 30.703070380000042 ], [ 121.264659050000091, 30.689195054000038 ], [ 121.22193444100003, 30.674994208000044 ], [ 121.202891472000033, 30.665106512000079 ], [ 121.177744988000086, 30.645656643000052 ], [ 121.158946160000028, 30.636704820000034 ], [ 121.148529493000069, 30.627834377000056 ], [ 121.141612175000091, 30.617743231000077 ], [ 121.136566602000016, 30.60814036700009 ], [ 121.130869988000086, 30.599758205000057 ], [ 121.121348504000025, 30.593003648000035 ], [ 121.102386915000011, 30.589056708000044 ], [ 121.047400391, 30.58275702800006 ], [ 121.020225663000019, 30.571071146000065 ], [ 120.99814597, 30.557924187000083 ], [ 120.977758677, 30.543317594000087 ], [ 120.948890736000067, 30.506815232000065 ], [ 120.931651238000086, 30.473049221000053 ], [ 120.928802931000064, 30.453070380000042 ], [ 120.932383660000028, 30.439398505000042 ], [ 120.938487175000091, 30.430731512000079 ], [ 120.939545118000069, 30.421942450000074 ], [ 120.928802931000064, 30.408107815000051 ], [ 120.921641472000033, 30.405218817000048 ], [ 120.901703321000014, 30.403550523000035 ], [ 120.894786004000025, 30.401271877000056 ], [ 120.904551629000025, 30.388617255000042 ], [ 120.909027540000011, 30.384426174000055 ], [ 120.915131056000064, 30.380764065000051 ], [ 120.915131056000064, 30.374579169000071 ], [ 120.900726759, 30.373602606000077 ], [ 120.888194207000083, 30.368557033000059 ], [ 120.850580163000018, 30.330217528000048 ], [ 120.831791303000045, 30.305250446000059 ], [ 120.810731726000085, 30.296567702000061 ], [ 120.787433195000062, 30.29362528200005 ], [ 120.769619208000108, 30.306027723000057 ], [ 120.753989410000031, 30.327061664000041 ], [ 120.744963021000103, 30.359614429000089 ], [ 120.727118855000072, 30.375846261000049 ], [ 120.698148226000058, 30.393950619000066 ], [ 120.66700167800002, 30.401499973000057 ], [ 120.619192971000075, 30.406095993000065 ], [ 120.479144932000054, 30.403523661000065 ], [ 120.430315379000035, 30.389840062000076 ], [ 120.416024599000025, 30.36770970200007 ], [ 120.407231897000088, 30.354235897000081 ], [ 120.397482239000055, 30.321579641000085 ], [ 120.388831658000072, 30.290844994000054 ], [ 120.37896691200001, 30.273523748000059 ], [ 120.364554841000086, 30.26863725700008 ], [ 120.342275547000099, 30.274246356000049 ], [ 120.316254102000016, 30.290920315000051 ], [ 120.285166863000086, 30.298814195000034 ], [ 120.257904493000069, 30.298081773000035 ], [ 120.239777672000059, 30.288880449000089 ], [ 120.195767260000025, 30.232888446000061 ], [ 120.147094433, 30.198890965000089 ], [ 120.17896569100003, 30.200669664000088 ], [ 120.199961785000028, 30.217840887000079 ], [ 120.230242990000079, 30.236035389000051 ], [ 120.250010613000086, 30.270086981000077 ], [ 120.274387135000097, 30.277618205000067 ], [ 120.295522525000024, 30.278726003000088 ], [ 120.314568696000038, 30.26351106900006 ], [ 120.331367696000029, 30.249238020000064 ], [ 120.350337835, 30.240734061000069 ], [ 120.368120847, 30.240851155000087 ], [ 120.384720043000016, 30.24958816600008 ], [ 120.395030144000089, 30.264715887000079 ], [ 120.404633009, 30.27993398600006 ], [ 120.420955579000065, 30.305419965000056 ], [ 120.450494314000025, 30.368860059000042 ], [ 120.477133077000076, 30.374754400000086 ], [ 120.524908407, 30.377872730000036 ], [ 120.62160579500005, 30.372562878000053 ], [ 120.651670616000047, 30.359270455000058 ], [ 120.657347481000102, 30.336294046000035 ], [ 120.684941141000081, 30.271780919000037 ], [ 120.698685887000011, 30.251796329000058 ], [ 120.725517665000098, 30.242635629000063 ], [ 120.734401161000051, 30.232213143000081 ], [ 120.691352110000025, 30.197451019000084 ], [ 120.665955661, 30.166241500000069 ], [ 120.643813385000044, 30.145872987000075 ], [ 120.63010994900003, 30.134972164000089 ], [ 120.631789022000021, 30.122387742000058 ], [ 120.65332335800008, 30.102544600000044 ], [ 120.682465040000011, 30.084906317000048 ], [ 120.701019727000016, 30.080755927000041 ], [ 120.723399285000028, 30.079738674000055 ], [ 120.754974806000064, 30.086859442000048 ], [ 120.764984571000014, 30.086615302000041 ], [ 120.771983269000089, 30.083197333000044 ], [ 120.784027540000011, 30.071682033000059 ], [ 120.79224694100003, 30.066066799000055 ], [ 120.783702019000089, 30.08930084800005 ], [ 120.764659050000091, 30.096625067000048 ], [ 120.71412194100003, 30.093329169000071 ], [ 120.687998894000089, 30.097805080000057 ], [ 120.664561394000089, 30.109605210000041 ], [ 120.646250847000033, 30.126939195000034 ], [ 120.662852410000028, 30.141180731000077 ], [ 120.701046398000017, 30.184552056000086 ], [ 120.75142508700003, 30.225625953000076 ], [ 120.813487158000044, 30.213253156000064 ], [ 120.828620425000054, 30.184990129000084 ], [ 120.853215222000017, 30.174436014000037 ], [ 120.892812151000044, 30.169796399000063 ], [ 120.923503959000072, 30.185866239000063 ], [ 120.954193556000064, 30.191961981000077 ], [ 120.96021569100003, 30.195786851000037 ], [ 120.994395379000025, 30.211086330000057 ], [ 121.109141472000033, 30.282782294000071 ], [ 121.128779106000025, 30.30162684000004 ], [ 121.149696726, 30.325753330000055 ], [ 121.185389383000029, 30.337563798000076 ], [ 121.25410242800001, 30.348393234000071 ], [ 121.313217518000101, 30.338191748000042 ], [ 121.377384147000043, 30.325063579000073 ], [ 121.429591945000084, 30.292976266000039 ], [ 121.506846715000052, 30.220026009000037 ], [ 121.554596369000024, 30.160891366000044 ], [ 121.587034202000041, 30.111511939000081 ], [ 121.623321697000051, 30.059874673000081 ], [ 121.643193688, 30.036492668000051 ], [ 121.658305556000073, 30.01838893900009 ], [ 121.677755922000074, 30.000640952000083 ], [ 121.706763029000058, 29.985109125000065 ], [ 121.732343738000054, 29.978602543000079 ], [ 121.72193444100003, 29.960516669000071 ], [ 121.732247875000098, 29.962060135000058 ], [ 121.750110082000106, 29.972505187000081 ], [ 121.767481886000041, 29.973176555000066 ], [ 121.796641472000033, 29.963039455000057 ], [ 121.816429697000103, 29.951481368000088 ], [ 121.849814299000059, 29.940380340000047 ], [ 121.873230527000032, 29.932336897000084 ], [ 121.899252646000036, 29.923139473000049 ], [ 121.914876497000023, 29.91869584300008 ], [ 121.935557488000086, 29.88735586100006 ], [ 121.949590781000097, 29.886934479000047 ], [ 121.962412957000083, 29.888495184000078 ], [ 121.98170006600003, 29.890285549000055 ], [ 122.056244337000066, 29.88735586100006 ], [ 122.06763756600003, 29.889553127000056 ], [ 122.086680535000028, 29.899359442000048 ], [ 122.105886547000068, 29.906953422000072 ], [ 122.129143302000102, 29.903776502000085 ], [ 122.136414564, 29.884535001000074 ], [ 122.114755315000025, 29.871553919000064 ], [ 122.068614129000025, 29.851548570000034 ], [ 122.028168165000011, 29.836004950000074 ], [ 121.983039010000084, 29.823175763000052 ], [ 121.966046811000069, 29.811246582000081 ], [ 121.93677819100003, 29.791693427000041 ], [ 121.924410218000048, 29.773473243000069 ], [ 121.902170865000016, 29.752539493000086 ], [ 121.885324639000032, 29.761283764000041 ], [ 121.873148944000036, 29.753828466000073 ], [ 121.866107184000043, 29.736565399000085 ], [ 121.862448252000036, 29.70800212100005 ], [ 121.834597893000023, 29.687086355000076 ], [ 121.776465323000025, 29.652624736000064 ], [ 121.717726545, 29.588653511000075 ], [ 121.704112175000091, 29.572007554000038 ], [ 121.687347852000016, 29.562648830000057 ], [ 121.667002800000091, 29.556586005000042 ], [ 121.648203972000033, 29.556708075000074 ], [ 121.635898381000061, 29.554350982000074 ], [ 121.623871290000011, 29.554429429000038 ], [ 121.609141472000033, 29.545721747000073 ], [ 121.592539910000028, 29.54360586100006 ], [ 121.574310743000069, 29.552150783000059 ], [ 121.530822295, 29.510014922000039 ], [ 121.522550001000013, 29.512921688000063 ], [ 121.520119206, 29.528061679000075 ], [ 121.516835916000105, 29.546090835000086 ], [ 121.511043465000057, 29.548988326000085 ], [ 121.49927819100003, 29.549261786000045 ], [ 121.484385613000086, 29.544663804000038 ], [ 121.475433790000011, 29.538763739000046 ], [ 121.467865431000064, 29.531195380000042 ], [ 121.458343946000014, 29.525213934000078 ], [ 121.443369988000086, 29.524237372000073 ], [ 121.443369988000086, 29.518011786000045 ], [ 121.448252800000091, 29.514105536000045 ], [ 121.457018714000014, 29.500870888000065 ], [ 121.455323726000074, 29.489355303000082 ], [ 121.441159789000039, 29.481526372000076 ], [ 121.427835604000052, 29.467946956000048 ], [ 121.442711322000036, 29.439767174000053 ], [ 121.442592894000086, 29.415369252000062 ], [ 121.465074159000096, 29.420886452000047 ], [ 121.473461095000062, 29.44893344400009 ], [ 121.47974694100003, 29.474758205000057 ], [ 121.504893425000091, 29.48383209800005 ], [ 121.500091993000069, 29.475897528000075 ], [ 121.491791212000066, 29.455959377000056 ], [ 121.513682488000086, 29.451971747000073 ], [ 121.511729363000086, 29.437567450000074 ], [ 121.497162306000064, 29.42218659100007 ], [ 121.480967644000089, 29.414984442000048 ], [ 121.477631056000064, 29.41274648600006 ], [ 121.476654493000069, 29.407782294000071 ], [ 121.478851759, 29.402899481000077 ], [ 121.484864074000029, 29.390540112000053 ], [ 121.497313784000085, 29.393352530000072 ], [ 121.508929985, 29.398349478000057 ], [ 121.519709767, 29.406974949000073 ], [ 121.53132511900003, 29.417036778000067 ], [ 121.537972791000016, 29.424224223000067 ], [ 121.548796123000102, 29.438601128000073 ], [ 121.553808509000078, 29.450117227000078 ], [ 121.559655548000023, 29.463073242000064 ], [ 121.569641348, 29.474573824000061 ], [ 121.581255792000093, 29.478139107000061 ], [ 121.601994452000099, 29.483113264000053 ], [ 121.642672449000088, 29.495218252000086 ], [ 121.675547722000033, 29.51048411700009 ], [ 121.674300001, 29.520331513000087 ], [ 121.681755579000082, 29.523910369000077 ], [ 121.699799024000072, 29.534328518000052 ], [ 121.710948113000086, 29.538641669000071 ], [ 121.724619988000086, 29.538478908000059 ], [ 121.725352410000028, 29.53546784100007 ], [ 121.725352410000028, 29.529038804000038 ], [ 121.726573113000086, 29.522284247000073 ], [ 121.731293165000011, 29.518011786000045 ], [ 121.737640821000014, 29.51898834800005 ], [ 121.745860222000033, 29.523098049000055 ], [ 121.76399931200001, 29.530761435000045 ], [ 121.766460702000018, 29.520648665000067 ], [ 121.75722263800003, 29.499048921000053 ], [ 121.761289010000041, 29.486046644000055 ], [ 121.764567208000017, 29.476650154000083 ], [ 121.7783813100001, 29.469423078000091 ], [ 121.790326443000026, 29.475795453000046 ], [ 121.81198839800004, 29.490118476000077 ], [ 121.82132673000001, 29.514598607000039 ], [ 121.830577019000089, 29.52806224200009 ], [ 121.847422722000033, 29.524237372000073 ], [ 121.844818556000064, 29.536200262000079 ], [ 121.836517774000072, 29.542385158000059 ], [ 121.825531446000014, 29.546372789000088 ], [ 121.813975457000083, 29.552150783000059 ], [ 121.799815300000091, 29.545599677000041 ], [ 121.782725457000083, 29.543443101000037 ], [ 121.765716993000069, 29.545721747000073 ], [ 121.758273503000055, 29.54809864200007 ], [ 121.744965040000011, 29.544663804000038 ], [ 121.748422079000079, 29.562566943000036 ], [ 121.774322045000076, 29.575436248000074 ], [ 121.79612041300004, 29.600591156000064 ], [ 121.818369988000086, 29.606634833000044 ], [ 121.834527720000096, 29.615570072000082 ], [ 121.854014519000089, 29.615912177000041 ], [ 121.867930535000028, 29.62726471600007 ], [ 121.88013756600003, 29.623521226000037 ], [ 121.899643572000059, 29.627526790000047 ], [ 121.915782097000033, 29.640855210000041 ], [ 121.927256707000083, 29.634466864000046 ], [ 121.94263756600003, 29.611273505000042 ], [ 121.953623894000089, 29.606146552000041 ], [ 121.966319207000083, 29.602484442000048 ], [ 121.971202019000089, 29.593329169000071 ], [ 121.970957879000025, 29.568915106000077 ], [ 121.963715040000011, 29.560207424000055 ], [ 121.949717644000089, 29.556341864000046 ], [ 121.941172722000033, 29.551174221000053 ], [ 121.949799024000072, 29.538478908000059 ], [ 121.922129754000025, 29.531154690000051 ], [ 121.910411004000025, 29.524562893000052 ], [ 121.912364129000025, 29.51430898600006 ], [ 121.922211134, 29.50922272300005 ], [ 121.935557488000086, 29.504380601000037 ], [ 121.944102410000028, 29.497707424000055 ], [ 121.939952019000089, 29.487005927000041 ], [ 121.942718946000014, 29.479722398000035 ], [ 121.970957879000025, 29.449123440000051 ], [ 121.969330274000072, 29.439154364000046 ], [ 121.963226759, 29.43195221600007 ], [ 121.957774285000028, 29.423081773000035 ], [ 121.957286004000025, 29.408148505000042 ], [ 121.947520379000025, 29.421087958000044 ], [ 121.936289910000028, 29.427720445000091 ], [ 121.93005624400007, 29.42531477700004 ], [ 121.922555636000084, 29.418146385000057 ], [ 121.929102045000036, 29.40873509100004 ], [ 121.921577219000028, 29.398634371000071 ], [ 121.915729364000072, 29.39070356600007 ], [ 121.921443270000054, 29.381303450000075 ], [ 121.916348019, 29.363294053000061 ], [ 121.91624575700007, 29.348936661000039 ], [ 121.92701256600003, 29.33860911700009 ], [ 121.929453972000033, 29.339260158000059 ], [ 121.931488477000016, 29.331203518000052 ], [ 121.931407097000033, 29.323879299000055 ], [ 121.92505944100003, 29.31907786700009 ], [ 121.908946160000028, 29.318793036000045 ], [ 121.911631707000083, 29.315008856000077 ], [ 121.915782097000033, 29.305121161000045 ], [ 121.900482618000069, 29.298651434000078 ], [ 121.905853712000066, 29.28461334800005 ], [ 121.922211134, 29.270493882000039 ], [ 121.939952019000089, 29.264146226000037 ], [ 121.949554884, 29.267279364000046 ], [ 121.962657097000033, 29.281439520000049 ], [ 121.974375847000033, 29.28461334800005 ], [ 121.975596550000091, 29.280951239000046 ], [ 121.985850457000083, 29.263332424000055 ], [ 121.99146569100003, 29.257310289000088 ], [ 121.966563347000033, 29.255764065000051 ], [ 121.953216993000069, 29.249660549000055 ], [ 121.950694207000083, 29.237127997000073 ], [ 121.957286004000025, 29.216376044000071 ], [ 121.942963087000066, 29.223211981000077 ], [ 121.939707879000025, 29.210109768000052 ], [ 121.939952019000089, 29.204291083000044 ], [ 121.942963087000066, 29.195868231000077 ], [ 121.922129754000025, 29.195786851000037 ], [ 121.89380944100003, 29.187079169000071 ], [ 121.840586785000028, 29.161118882000039 ], [ 121.812551203, 29.161484647000066 ], [ 121.785346744000094, 29.168085488000088 ], [ 121.788035726000089, 29.20194310800008 ], [ 121.789770367000074, 29.215625263000049 ], [ 121.794901218000064, 29.24370471800006 ], [ 121.795868692, 29.266036602000042 ], [ 121.801820943000052, 29.292667717000086 ], [ 121.799652540000011, 29.305121161000045 ], [ 121.808685743000069, 29.311753648000035 ], [ 121.818369988000086, 29.316229559000078 ], [ 121.828868035000028, 29.318548895000049 ], [ 121.840586785000028, 29.318793036000045 ], [ 121.830658399000072, 29.333889065000051 ], [ 121.816986524000072, 29.332180080000057 ], [ 121.804942254000025, 29.323716539000088 ], [ 121.799652540000011, 29.318793036000045 ], [ 121.788177931000064, 29.328558661000045 ], [ 121.787933790000011, 29.342596747000073 ], [ 121.799652540000011, 29.373968817000048 ], [ 121.786631707000083, 29.374497789000088 ], [ 121.775889519000089, 29.372626044000071 ], [ 121.76685631600003, 29.367743231000077 ], [ 121.758636915000011, 29.359767971000053 ], [ 121.770843946000014, 29.337795315000051 ], [ 121.777880546, 29.296383845000037 ], [ 121.774313759000052, 29.25388736900004 ], [ 121.758636915000011, 29.229396877000056 ], [ 121.745697462000066, 29.201605536000045 ], [ 121.738780144000089, 29.195868231000077 ], [ 121.724328159000038, 29.182034848000058 ], [ 121.704460183000037, 29.174182362000067 ], [ 121.670597432000022, 29.175747914000056 ], [ 121.652457796000022, 29.183020241000065 ], [ 121.641937696000014, 29.202093817000048 ], [ 121.639170769000089, 29.217271226000037 ], [ 121.641612175000091, 29.267564195000091 ], [ 121.64576256600003, 29.281195380000042 ], [ 121.654551629000025, 29.299994208000044 ], [ 121.640391472000033, 29.306626695000091 ], [ 121.624847852000016, 29.301459052000041 ], [ 121.628916863000086, 29.28461334800005 ], [ 121.622894727000016, 29.264105536000045 ], [ 121.632334832000083, 29.210638739000046 ], [ 121.628916863000086, 29.188421942000048 ], [ 121.614756707000083, 29.206000067000048 ], [ 121.606455925000091, 29.227362372000073 ], [ 121.588715040000011, 29.291489976000037 ], [ 121.583994988000086, 29.299872137000079 ], [ 121.574310743000069, 29.305121161000045 ], [ 121.563080274000072, 29.304185289000088 ], [ 121.562022332000083, 29.295843817000048 ], [ 121.567230665000011, 29.285305080000057 ], [ 121.574310743000069, 29.277777411000045 ], [ 121.562754754000025, 29.271877346000053 ], [ 121.550547722000033, 29.271429755000042 ], [ 121.525889519000089, 29.277777411000045 ], [ 121.525889519000089, 29.270982164000088 ], [ 121.53638756600003, 29.258286851000037 ], [ 121.53052819100003, 29.238226630000042 ], [ 121.516937696000014, 29.21906159100007 ], [ 121.504893425000091, 29.208929755000042 ], [ 121.504893425000091, 29.202093817000048 ], [ 121.511729363000086, 29.189276434000078 ], [ 121.503509962000066, 29.178941148000035 ], [ 121.490977410000028, 29.175970770000049 ], [ 121.484385613000086, 29.185288804000038 ], [ 121.480235222000033, 29.197211005000042 ], [ 121.471202019000089, 29.191351630000042 ], [ 121.461517774000072, 29.176459052000041 ], [ 121.456390821000014, 29.161118882000039 ], [ 121.431407097000033, 29.17218659100007 ], [ 121.419769727000016, 29.171454169000071 ], [ 121.408539259, 29.161118882000039 ], [ 121.443369988000086, 29.147406317000048 ], [ 121.439300977000016, 29.145453192000048 ], [ 121.438487175000091, 29.14484284100007 ], [ 121.438080274000072, 29.143866278000075 ], [ 121.436045769000089, 29.140611070000091 ], [ 121.456390821000014, 29.140611070000091 ], [ 121.456390821000014, 29.133775132000039 ], [ 121.441498243000069, 29.131089585000041 ], [ 121.428314649000072, 29.127142645000049 ], [ 121.415375196000014, 29.119696356000077 ], [ 121.401703321000014, 29.106512762000079 ], [ 121.496836785000028, 29.104437567000048 ], [ 121.528656446000014, 29.115057684000078 ], [ 121.621429884, 29.113267320000091 ], [ 121.624522332000083, 29.104396877000056 ], [ 121.624603712000066, 29.088283596000053 ], [ 121.621429884, 29.070868231000077 ], [ 121.614756707000083, 29.05805084800005 ], [ 121.599213087000066, 29.05023834800005 ], [ 121.585052931000064, 29.053615627000056 ], [ 121.571136915000011, 29.06085846600007 ], [ 121.556407097000033, 29.064886786000045 ], [ 121.536875847000033, 29.06118398600006 ], [ 121.530284050000091, 29.051174221000053 ], [ 121.532074415000011, 29.020493882000039 ], [ 121.538096550000091, 29.018052476000037 ], [ 121.548594597000033, 29.021429755000042 ], [ 121.552744988000086, 29.028713283000059 ], [ 121.539561394000089, 29.037583726000037 ], [ 121.557383660000028, 29.049017645000049 ], [ 121.617442254000025, 29.039984442000048 ], [ 121.641937696000014, 29.051255601000037 ], [ 121.681732618000069, 29.026760158000059 ], [ 121.689789259, 29.017075914000088 ], [ 121.675873243000069, 29.013251044000071 ], [ 121.661713087000066, 29.002915757000039 ], [ 121.653819207000083, 28.98859284100007 ], [ 121.65943444100003, 28.972723700000074 ], [ 121.663828972000033, 28.969916083000044 ], [ 121.668955925000091, 28.968980210000041 ], [ 121.680186394000089, 28.969305731000077 ], [ 121.684662306000064, 28.96751536700009 ], [ 121.684174024000072, 28.963446356000077 ], [ 121.68287194100003, 28.958889065000051 ], [ 121.684174024000072, 28.955633856000077 ], [ 121.692149285000028, 28.953355210000041 ], [ 121.709483269000089, 28.951157945000091 ], [ 121.717784050000091, 28.948797919000071 ], [ 121.697520379000025, 28.936835028000075 ], [ 121.689463738000086, 28.927801825000074 ], [ 121.684174024000072, 28.91469961100006 ], [ 121.628509962000066, 28.93195221600007 ], [ 121.605316602000016, 28.942572333000044 ], [ 121.587412957000083, 28.963120835000041 ], [ 121.585297071000014, 28.938299872000073 ], [ 121.570811394000089, 28.930080471000053 ], [ 121.554291212000066, 28.935695705000057 ], [ 121.546478712000066, 28.952215887000079 ], [ 121.537119988000086, 28.955023505000042 ], [ 121.51685631600003, 28.956366278000075 ], [ 121.497813347000033, 28.949652411000045 ], [ 121.491791212000066, 28.92837148600006 ], [ 121.504893425000091, 28.935207424000055 ], [ 121.507660352000016, 28.924994208000044 ], [ 121.511810743000069, 28.916937567000048 ], [ 121.517670118000069, 28.912787177000041 ], [ 121.525889519000089, 28.91469961100006 ], [ 121.535166863000086, 28.903713283000059 ], [ 121.549815300000091, 28.897853908000059 ], [ 121.566172722000033, 28.893377997000073 ], [ 121.580577019000089, 28.886786200000074 ], [ 121.590342644000089, 28.891913153000075 ], [ 121.601654493000069, 28.893622137000079 ], [ 121.610850457000083, 28.891180731000077 ], [ 121.616953972000033, 28.880275783000059 ], [ 121.626719597000033, 28.880845445000091 ], [ 121.628916863000086, 28.877142645000049 ], [ 121.627777540000011, 28.870835679000038 ], [ 121.622650587000066, 28.861273505000042 ], [ 121.621429884, 28.856350002000056 ], [ 121.623545769000089, 28.842271226000037 ], [ 121.628265821000014, 28.84125397300005 ], [ 121.635020379000025, 28.845200914000088 ], [ 121.641937696000014, 28.845851955000057 ], [ 121.656504754000025, 28.838039455000057 ], [ 121.662364129000025, 28.83344147300005 ], [ 121.669932488000086, 28.825344143000052 ], [ 121.653819207000083, 28.81195709800005 ], [ 121.646739129000025, 28.807684637000079 ], [ 121.635752800000091, 28.804836330000057 ], [ 121.635752800000091, 28.798041083000044 ], [ 121.662608269000089, 28.798041083000044 ], [ 121.662608269000089, 28.790594794000071 ], [ 121.651133660000028, 28.787909247000073 ], [ 121.642588738000086, 28.784002997000073 ], [ 121.635508660000028, 28.778509833000044 ], [ 121.628916863000086, 28.770697333000044 ], [ 121.62623131600003, 28.768052476000037 ], [ 121.62232506600003, 28.765529690000051 ], [ 121.618256056000064, 28.761948960000041 ], [ 121.614756707000083, 28.756415106000077 ], [ 121.619720899000072, 28.748277085000041 ], [ 121.622406446000014, 28.741888739000046 ], [ 121.621429884, 28.735907294000071 ], [ 121.605560743000069, 28.724676825000074 ], [ 121.502777540000011, 28.700384833000044 ], [ 121.351166212000066, 28.711859442000048 ], [ 121.334239129000025, 28.717027085000041 ], [ 121.320160352000016, 28.724839585000041 ], [ 121.306162957000083, 28.735907294000071 ], [ 121.298431837000066, 28.743638414000088 ], [ 121.294932488000086, 28.748114325000074 ], [ 121.29029381600003, 28.751613674000055 ], [ 121.278900587000066, 28.756415106000077 ], [ 121.268890821000014, 28.758286851000037 ], [ 121.246429884, 28.76007721600007 ], [ 121.237884962000066, 28.763861395000049 ], [ 121.234711134, 28.769964911000045 ], [ 121.227386915000011, 28.791408596000053 ], [ 121.224375847000033, 28.798041083000044 ], [ 121.214447462000066, 28.807318427000041 ], [ 121.208018425000091, 28.809556382000039 ], [ 121.201019727000016, 28.809515692000048 ], [ 121.190033399000072, 28.811672268000052 ], [ 121.173594597000033, 28.817857164000088 ], [ 121.162852410000028, 28.825344143000052 ], [ 121.157725457000083, 28.83148834800005 ], [ 121.155772332000083, 28.837551174000055 ], [ 121.152110222000033, 28.84251536700009 ], [ 121.142344597000033, 28.845851955000057 ], [ 121.142344597000033, 28.839585679000038 ], [ 121.159678582000083, 28.813544012000079 ], [ 121.171885613000086, 28.80695221600007 ], [ 121.193451368000069, 28.804836330000057 ], [ 121.206065300000091, 28.799058335000041 ], [ 121.218272332000083, 28.78579336100006 ], [ 121.227386915000011, 28.770738023000035 ], [ 121.231211785000028, 28.760158596000053 ], [ 121.240814649000072, 28.752752997000073 ], [ 121.285899285000028, 28.738267320000091 ], [ 121.299327019000089, 28.722886460000041 ], [ 121.298675977000016, 28.701239325000074 ], [ 121.286468946000014, 28.692694403000075 ], [ 121.270355665000011, 28.687445380000042 ], [ 121.258392774000072, 28.675116278000075 ], [ 121.327647332000083, 28.69204336100006 ], [ 121.365000847000033, 28.69603099200009 ], [ 121.381358269000089, 28.68195221600007 ], [ 121.413828972000033, 28.696600653000075 ], [ 121.454844597000033, 28.689520575000074 ], [ 121.490000847000033, 28.665716864000046 ], [ 121.51012813400007, 28.65705930900009 ], [ 121.525556240000014, 28.624654651000071 ], [ 121.530369508000035, 28.599478876000035 ], [ 121.538433274, 28.571445577000077 ], [ 121.54943924500003, 28.551010215000076 ], [ 121.573159822000093, 28.525133728000071 ], [ 121.581619206000028, 28.504690259000085 ], [ 121.550873243000069, 28.502142645000049 ], [ 121.534922722000033, 28.503404039000088 ], [ 121.521006707000083, 28.501044012000079 ], [ 121.511566602000016, 28.489488023000035 ], [ 121.521250847000033, 28.490708726000037 ], [ 121.544926341000064, 28.492473898000071 ], [ 121.584601104000058, 28.489102413000069 ], [ 121.607742701, 28.477202856000076 ], [ 121.60036092900009, 28.46542510900008 ], [ 121.584439428, 28.454214643000057 ], [ 121.583776933000081, 28.44294618400005 ], [ 121.592874309000081, 28.431106205000049 ], [ 121.607463400000029, 28.42031875300006 ], [ 121.615888320000067, 28.397214387000076 ], [ 121.632263046000048, 28.379445683000085 ], [ 121.6285250090001, 28.363901837000071 ], [ 121.631531665000011, 28.35584295600006 ], [ 121.63404381600003, 28.347235419000071 ], [ 121.640879754000025, 28.349676825000074 ], [ 121.64771569100003, 28.348456122000073 ], [ 121.656341993000069, 28.33930084800005 ], [ 121.641693556000064, 28.321844794000071 ], [ 121.621348504000025, 28.285101630000042 ], [ 121.607920769000089, 28.270453192000048 ], [ 121.585541212000066, 28.256822007000039 ], [ 121.578135613000086, 28.260321356000077 ], [ 121.580577019000089, 28.300848700000074 ], [ 121.567488561, 28.304495007000071 ], [ 121.541491225000073, 28.321786815000053 ], [ 121.521960691, 28.326868963000038 ], [ 121.499986486000012, 28.332673020000072 ], [ 121.473086089000049, 28.330602852000084 ], [ 121.456390821000014, 28.318833726000037 ], [ 121.447764519000089, 28.315904039000088 ], [ 121.441254102000016, 28.311712958000044 ], [ 121.437266472000033, 28.305609442000048 ], [ 121.436045769000089, 28.297105210000041 ], [ 121.429779493000069, 28.297105210000041 ], [ 121.420664910000028, 28.304185289000088 ], [ 121.408946160000028, 28.304917710000041 ], [ 121.398936394000089, 28.298488674000055 ], [ 121.395518425000091, 28.284084377000056 ], [ 121.401377800000091, 28.27610911700009 ], [ 121.411468946000014, 28.273911851000037 ], [ 121.418793165000011, 28.269720770000049 ], [ 121.416026238000086, 28.25617096600007 ], [ 121.408050977000016, 28.246283270000049 ], [ 121.398936394000089, 28.243841864000046 ], [ 121.388031446000014, 28.242661851000037 ], [ 121.374522332000083, 28.236273505000042 ], [ 121.364838087000066, 28.225816148000035 ], [ 121.361094597000033, 28.214748440000051 ], [ 121.358897332000083, 28.202215887000079 ], [ 121.354014519000089, 28.187892971000053 ], [ 121.368662957000083, 28.19204336100006 ], [ 121.374522332000083, 28.195257880000042 ], [ 121.376719597000033, 28.184149481000077 ], [ 121.374034050000091, 28.17259349200009 ], [ 121.368174675000091, 28.162014065000051 ], [ 121.360850457000083, 28.15375397300005 ], [ 121.351410352000016, 28.146551825000074 ], [ 121.345795118000069, 28.14516836100006 ], [ 121.340098504000025, 28.146429755000042 ], [ 121.330088738000086, 28.147528387000079 ], [ 121.326182488000086, 28.15180084800005 ], [ 121.309336785000028, 28.174872137000079 ], [ 121.297211134, 28.176459052000041 ], [ 121.287852410000028, 28.180894273000035 ], [ 121.275184342000102, 28.208199163000074 ], [ 121.261694504000047, 28.225790679000056 ], [ 121.225165393, 28.238862571000084 ], [ 121.248871290000011, 28.270209052000041 ], [ 121.236827019000089, 28.30609772300005 ], [ 121.203135613000086, 28.331854559000078 ], [ 121.210297071000014, 28.343736070000091 ], [ 121.217539910000028, 28.352362372000073 ], [ 121.230479363000086, 28.348089911000045 ], [ 121.244151238000086, 28.349107164000088 ], [ 121.256195509, 28.355169989000046 ], [ 121.264659050000091, 28.366034247000073 ], [ 121.230967644000089, 28.359076239000046 ], [ 121.21412194100003, 28.360581773000035 ], [ 121.184092644000089, 28.382147528000075 ], [ 121.168955925000091, 28.384833075000074 ], [ 121.161631707000083, 28.377508856000077 ], [ 121.168955925000091, 28.359767971000053 ], [ 121.144297722000033, 28.343573309000078 ], [ 121.130250038000099, 28.305554447000077 ], [ 121.088470899000072, 28.293198960000041 ], [ 121.072113477000016, 28.291693427000041 ], [ 121.066661004000025, 28.311428127000056 ], [ 121.059092644000089, 28.311428127000056 ], [ 121.034922722000033, 28.308172919000071 ], [ 121.024994337000066, 28.304592190000051 ], [ 121.039561394000089, 28.285345770000049 ], [ 121.058116082000083, 28.27993398600006 ], [ 121.078949415000011, 28.278143622000073 ], [ 121.121803213000021, 28.28436223600005 ], [ 121.130095272000062, 28.265928751000047 ], [ 121.124753056000031, 28.235520137000037 ], [ 121.119466779000049, 28.218936170000063 ], [ 121.108943498000031, 28.199610238000048 ], [ 121.100527378000038, 28.184894263000047 ], [ 121.085836326000049, 28.166503859000045 ], [ 121.05338456700008, 28.148163117000081 ], [ 121.031376138000041, 28.126106653000079 ], [ 121.009378218000052, 28.103132635000065 ], [ 121.002017130000013, 28.085642366000059 ], [ 121.000885503000063, 28.050635666000062 ], [ 120.993512298000041, 28.025779091000061 ], [ 120.980936084000064, 28.005536972000073 ], [ 120.965227775000017, 27.98714491700008 ], [ 120.921397332000083, 27.981675523000035 ], [ 120.898448113000086, 27.992661851000037 ], [ 120.879974806000064, 27.998724677000041 ], [ 120.855804884, 27.99673086100006 ], [ 120.81959069100003, 27.989243882000039 ], [ 120.800791863000086, 27.993394273000035 ], [ 120.781097852000016, 28.002386786000045 ], [ 120.762705925000091, 28.01430898600006 ], [ 120.747569207000083, 28.027085679000038 ], [ 120.731049024000072, 28.035834052000041 ], [ 120.707530144000089, 28.041205145000049 ], [ 120.661957227000016, 28.044501044000071 ], [ 120.620941602000016, 28.039943752000056 ], [ 120.606049024000072, 28.042222398000035 ], [ 120.590179884, 28.054388739000046 ], [ 120.584971550000091, 28.095526434000078 ], [ 120.576996290000011, 28.115627346000053 ], [ 120.559580925000091, 28.112779039000088 ], [ 120.574473504000025, 28.100002346000053 ], [ 120.580170118000069, 28.089789130000042 ], [ 120.580088738000086, 28.046128648000035 ], [ 120.582041863000086, 28.034328518000052 ], [ 120.588959181000064, 28.026678778000075 ], [ 120.604258660000028, 28.023993231000077 ], [ 120.658946160000028, 28.023993231000077 ], [ 120.673594597000033, 28.021714585000041 ], [ 120.707286004000025, 28.009711005000042 ], [ 120.738536004000025, 27.983099677000041 ], [ 120.750580274000072, 27.975572007000039 ], [ 120.835297071000014, 27.955959377000056 ], [ 120.847259962000066, 27.948960679000038 ], [ 120.854258660000028, 27.934637762000079 ], [ 120.863761748, 27.91810565600008 ], [ 120.862611886000082, 27.902874352000083 ], [ 120.868363681, 27.882559233000052 ], [ 120.852271982000048, 27.858191886000043 ], [ 120.827004263000049, 27.849049252000043 ], [ 120.807486256000061, 27.834826693000082 ], [ 120.796018258, 27.805369744000075 ], [ 120.769630014000086, 27.772849369000085 ], [ 120.740960051, 27.733202733000041 ], [ 120.722614496, 27.715909536000083 ], [ 120.704254894000087, 27.712838551000061 ], [ 120.687266472000033, 27.726711330000057 ], [ 120.652679884, 27.753241278000075 ], [ 120.635264519000089, 27.763332424000055 ], [ 120.636729363000086, 27.745835679000038 ], [ 120.645274285000028, 27.734279690000051 ], [ 120.672455274000072, 27.711493231000077 ], [ 120.673594597000033, 27.704250393000052 ], [ 120.680180549000056, 27.686379299000066 ], [ 120.669861212, 27.677213023000036 ], [ 120.667577173000041, 27.668060199000081 ], [ 120.67310631600003, 27.65961334800005 ], [ 120.675629102000016, 27.659654039000088 ], [ 120.666483756000048, 27.625357910000048 ], [ 120.635590040000011, 27.608710028000075 ], [ 120.618331438000041, 27.593725426000049 ], [ 120.606874247000064, 27.581487783000057 ], [ 120.596574425000085, 27.570282778000035 ], [ 120.605784975, 27.549958836000087 ], [ 120.613848528000062, 27.529633207000074 ], [ 120.618459084000051, 27.516421152000078 ], [ 120.633387286000016, 27.507312262000085 ], [ 120.652110222000033, 27.50336334800005 ], [ 120.661957227000016, 27.503241278000075 ], [ 120.676849806000064, 27.494614976000037 ], [ 120.681976759, 27.481594143000052 ], [ 120.678070509, 27.466457424000055 ], [ 120.665619337000066, 27.451727606000077 ], [ 120.656016472000033, 27.446275132000039 ], [ 120.650482618000069, 27.446112372000073 ], [ 120.646494988000086, 27.444484768000052 ], [ 120.637705925000091, 27.424302476000037 ], [ 120.636241082000083, 27.416001695000091 ], [ 120.639414910000028, 27.408270575000074 ], [ 120.648936394000089, 27.400213934000078 ], [ 120.639414910000028, 27.384426174000055 ], [ 120.635264519000089, 27.379706122000073 ], [ 120.622569207000083, 27.380357164000088 ], [ 120.559580925000091, 27.402085679000038 ], [ 120.545909050000091, 27.403265692000048 ], [ 120.544932488000086, 27.385199286000045 ], [ 120.539642774000072, 27.365220445000091 ], [ 120.527354363000086, 27.349798895000049 ], [ 120.504893425000091, 27.344956773000035 ], [ 120.504893425000091, 27.338771877000056 ], [ 120.517181837000066, 27.337225653000075 ], [ 120.534190300000091, 27.333197333000044 ], [ 120.547455274000072, 27.32758209800005 ], [ 120.549327019000089, 27.32103099200009 ], [ 120.54615319100003, 27.315497137000079 ], [ 120.545258009, 27.308498440000051 ], [ 120.545909050000091, 27.294012762000079 ], [ 120.543955925000091, 27.285956122000073 ], [ 120.539398634, 27.28188711100006 ], [ 120.534678582000083, 27.27960846600007 ], [ 120.531586134, 27.276678778000075 ], [ 120.525970899000072, 27.272650458000044 ], [ 120.521494988000086, 27.26829661700009 ], [ 120.517832879000025, 27.263006903000075 ], [ 120.520030144000089, 27.261704820000091 ], [ 120.52271569100003, 27.253810940000051 ], [ 120.525970899000072, 27.238836981000077 ], [ 120.521006707000083, 27.229559637000079 ], [ 120.512054884, 27.223618882000039 ], [ 120.508148634, 27.216009833000044 ], [ 120.517832879000025, 27.201605536000045 ], [ 120.499034050000091, 27.197211005000042 ], [ 120.481455925000091, 27.186346747000073 ], [ 120.468353712000066, 27.182196356000077 ], [ 120.463389519000089, 27.19790273600006 ], [ 120.459727410000028, 27.220445054000038 ], [ 120.450287306000064, 27.22329336100006 ], [ 120.437022332000083, 27.21946849200009 ], [ 120.421722852000016, 27.222072658000059 ], [ 120.418711785000028, 27.209662177000041 ], [ 120.41920006600003, 27.206366278000075 ], [ 120.420420769000089, 27.19790273600006 ], [ 120.429209832000083, 27.173651434000078 ], [ 120.406748894000089, 27.18423086100006 ], [ 120.37623131600003, 27.236273505000042 ], [ 120.347259962000066, 27.249416408000059 ], [ 120.33326256600003, 27.247300523000035 ], [ 120.317881707000083, 27.243231512000079 ], [ 120.303070509, 27.242254950000074 ], [ 120.292002800000091, 27.249416408000059 ], [ 120.288096550000091, 27.264471747000073 ], [ 120.295258009, 27.276271877000056 ], [ 120.307627800000091, 27.284816799000055 ], [ 120.319346550000091, 27.290350653000075 ], [ 120.311127149000072, 27.293890692000048 ], [ 120.310069207000083, 27.295314846000053 ], [ 120.310313347000033, 27.294175523000035 ], [ 120.306407097000033, 27.290350653000075 ], [ 120.298838738000086, 27.297796942000048 ], [ 120.305756056000064, 27.300604559000078 ], [ 120.309092644000089, 27.303941148000035 ], [ 120.311859571000014, 27.317694403000075 ], [ 120.291514519000089, 27.30890534100007 ], [ 120.285166863000086, 27.304022528000075 ], [ 120.280772332000083, 27.311753648000035 ], [ 120.276133660000028, 27.31671784100007 ], [ 120.264008009, 27.324448960000041 ], [ 120.265716993000069, 27.316351630000042 ], [ 120.265961134, 27.311916408000059 ], [ 120.267100457000083, 27.308579820000091 ], [ 120.271494988000086, 27.304022528000075 ], [ 120.258555535000028, 27.299994208000044 ], [ 120.248301629000025, 27.303534247000073 ], [ 120.237884962000066, 27.309149481000077 ], [ 120.223724806000064, 27.311468817000048 ], [ 120.227305535000028, 27.303941148000035 ], [ 120.230723504000025, 27.298325914000088 ], [ 120.23560631600003, 27.294012762000079 ], [ 120.243662957000083, 27.290350653000075 ], [ 120.243662957000083, 27.28351471600007 ], [ 120.225677931000064, 27.268622137000079 ], [ 120.219248894000089, 27.27094147300005 ], [ 120.212982618000069, 27.283026434000078 ], [ 120.195811394000089, 27.297796942000048 ], [ 120.192149285000028, 27.287665106000077 ], [ 120.193125847000033, 27.27806224200009 ], [ 120.195567254000025, 27.269761460000041 ], [ 120.195811394000089, 27.263006903000075 ], [ 120.191416863000086, 27.256048895000049 ], [ 120.175303582000083, 27.238836981000077 ], [ 120.175547722000033, 27.228949286000045 ], [ 120.177500847000033, 27.221502997000073 ], [ 120.182383660000028, 27.216864325000074 ], [ 120.192393425000091, 27.215277411000045 ], [ 120.201914910000028, 27.217840887000079 ], [ 120.205414259, 27.223863023000035 ], [ 120.206634962000066, 27.230454820000091 ], [ 120.209483269000089, 27.23509349200009 ], [ 120.239349806000064, 27.251125393000052 ], [ 120.256602410000028, 27.256903387000079 ], [ 120.264008009, 27.252834377000056 ], [ 120.270030144000089, 27.239447333000044 ], [ 120.297618035000028, 27.226792710000041 ], [ 120.306407097000033, 27.215277411000045 ], [ 120.319102410000028, 27.225897528000075 ], [ 120.333588087000066, 27.23509349200009 ], [ 120.333588087000066, 27.228908596000053 ], [ 120.339854363000086, 27.228908596000053 ], [ 120.341319207000083, 27.23305898600006 ], [ 120.342784050000091, 27.235825914000088 ], [ 120.347259962000066, 27.242580471000053 ], [ 120.364838087000066, 27.225083726000037 ], [ 120.365489129000025, 27.20962148600006 ], [ 120.347259962000066, 27.180487372000073 ], [ 120.369883660000028, 27.187486070000091 ], [ 120.386241082000083, 27.179510809000078 ], [ 120.401866082000083, 27.165228583000044 ], [ 120.421722852000016, 27.153143622000073 ], [ 120.421722852000016, 27.146958726000037 ], [ 120.406586134, 27.146429755000042 ], [ 120.384613477000016, 27.14984772300005 ], [ 120.373871290000011, 27.146958726000037 ], [ 120.407969597000033, 27.139553127000056 ], [ 120.407969597000033, 27.132717190000051 ], [ 120.381358269000089, 27.125230210000041 ], [ 120.373871290000011, 27.132717190000051 ], [ 120.367035352000016, 27.125230210000041 ], [ 120.381358269000089, 27.119045315000051 ], [ 120.381358269000089, 27.112250067000048 ], [ 120.373871290000011, 27.112250067000048 ], [ 120.373871290000011, 27.106024481000077 ], [ 120.395030144000089, 27.106024481000077 ], [ 120.377533399000072, 27.098578192000048 ], [ 120.357920769000089, 27.09837474200009 ], [ 120.282725457000083, 27.112290757000039 ], [ 120.274912957000083, 27.115627346000053 ], [ 120.262054884, 27.129950262000079 ], [ 120.25513756600003, 27.133042710000041 ], [ 120.243662957000083, 27.132717190000051 ], [ 120.247162306000064, 27.121649481000077 ], [ 120.252452019000089, 27.113959052000041 ], [ 120.258392774000072, 27.107082424000055 ], [ 120.264008009, 27.098578192000048 ], [ 120.278330925000091, 27.063788153000075 ], [ 120.271494988000086, 27.057562567000048 ], [ 120.257823113000086, 27.072658596000053 ], [ 120.245209181000064, 27.065334377000056 ], [ 120.232188347000033, 27.050685940000051 ], [ 120.216319207000083, 27.043931382000039 ], [ 120.216319207000083, 27.037095445000091 ], [ 120.241547071000014, 27.034002997000073 ], [ 120.255625847000033, 27.017523505000042 ], [ 120.255218946000014, 26.997056382000039 ], [ 120.237396681000064, 26.98187897300005 ], [ 120.229991082000083, 26.989325262000079 ], [ 120.21607506600003, 26.984076239000046 ], [ 120.193207227000016, 26.981350002000056 ], [ 120.148692254000025, 26.98187897300005 ], [ 120.187022332000083, 26.96352773600006 ], [ 120.199554884, 26.961371161000045 ], [ 120.213877800000091, 26.963812567000048 ], [ 120.225922071000014, 26.967352606000077 ], [ 120.235687696000014, 26.966376044000071 ], [ 120.243662957000083, 26.955145575000074 ], [ 120.239349806000064, 26.952337958000044 ], [ 120.234711134, 26.94562409100007 ], [ 120.229991082000083, 26.940904039000088 ], [ 120.237396681000064, 26.927232164000088 ], [ 120.228607618000069, 26.923000393000052 ], [ 120.224131707000083, 26.91868724200009 ], [ 120.219086134, 26.915432033000059 ], [ 120.209483269000089, 26.913560289000088 ], [ 120.200775587000066, 26.915432033000059 ], [ 120.168467644000089, 26.927232164000088 ], [ 120.147227410000028, 26.929022528000075 ], [ 120.125743035000028, 26.927313544000071 ], [ 120.113617384, 26.918768622000073 ], [ 120.120697462000066, 26.899888414000088 ], [ 120.109629754000025, 26.894354559000078 ], [ 120.10279381600003, 26.89008209800005 ], [ 120.095550977000016, 26.887274481000077 ], [ 120.08326256600003, 26.886297919000071 ], [ 120.079112175000091, 26.888373114000046 ], [ 120.07349694100003, 26.893052476000037 ], [ 120.06568444100003, 26.897853908000059 ], [ 120.055756056000064, 26.899888414000088 ], [ 120.031993035000028, 26.899888414000088 ], [ 120.055267774000072, 26.88939036700009 ], [ 120.04420006600003, 26.876695054000038 ], [ 120.025157097000033, 26.860174872000073 ], [ 120.024506056000064, 26.837876695000091 ], [ 120.033702019000089, 26.829738674000055 ], [ 120.047618035000028, 26.823228257000039 ], [ 120.062998894000089, 26.818915106000077 ], [ 120.076263868000069, 26.817368882000039 ], [ 120.085052931000064, 26.813706773000035 ], [ 120.096527540000011, 26.805894273000035 ], [ 120.110850457000083, 26.798732815000051 ], [ 120.12818444100003, 26.796942450000074 ], [ 120.119639519000089, 26.784165757000039 ], [ 120.106944207000083, 26.77179596600007 ], [ 120.097748243000069, 26.758490302000041 ], [ 120.100189649000072, 26.74290599200009 ], [ 120.112396681000064, 26.735744533000059 ], [ 120.128754102000016, 26.735052802000041 ], [ 120.142832879000025, 26.732814846000053 ], [ 120.148692254000025, 26.721177476000037 ], [ 120.143565300000091, 26.710109768000052 ], [ 120.131927931000064, 26.707220770000049 ], [ 120.118500196000014, 26.706366278000075 ], [ 120.107676629000025, 26.701320705000057 ], [ 120.102061394000089, 26.689154364000046 ], [ 120.103607618000069, 26.675279039000088 ], [ 120.110443556000064, 26.660630601000037 ], [ 120.120697462000066, 26.646063544000071 ], [ 120.134369337000066, 26.653509833000044 ], [ 120.134369337000066, 26.646063544000071 ], [ 120.098968946000014, 26.62836334800005 ], [ 120.090342644000089, 26.622219143000052 ], [ 120.080414259, 26.617417710000041 ], [ 120.075205925000091, 26.621486721000053 ], [ 120.076508009, 26.630113023000035 ], [ 120.086680535000028, 26.639227606000077 ], [ 120.079681837000066, 26.646063544000071 ], [ 120.027842644000089, 26.615301825000074 ], [ 120.01490319100003, 26.611273505000042 ], [ 119.959971550000091, 26.611273505000042 ], [ 119.948741082000083, 26.606146552000041 ], [ 119.941172722000033, 26.593329169000071 ], [ 119.937022332000083, 26.576727606000077 ], [ 119.935638868000069, 26.560451565000051 ], [ 119.884287957000083, 26.523179429000038 ], [ 119.847178582000083, 26.523627020000049 ], [ 119.835703972000033, 26.531398830000057 ], [ 119.832611524000072, 26.550482489000046 ], [ 119.835948113000086, 26.561509507000039 ], [ 119.841644727000016, 26.562404690000051 ], [ 119.848155144000089, 26.560736395000049 ], [ 119.853770379000025, 26.564113674000055 ], [ 119.854828321000014, 26.571926174000055 ], [ 119.852061394000089, 26.591009833000044 ], [ 119.853770379000025, 26.59829336100006 ], [ 119.868500196000014, 26.610052802000041 ], [ 119.888438347000033, 26.617132880000042 ], [ 119.92896569100003, 26.62563711100006 ], [ 119.944834832000083, 26.632025458000044 ], [ 119.968516472000033, 26.647935289000088 ], [ 119.984141472000033, 26.653509833000044 ], [ 119.982025587000066, 26.658148505000042 ], [ 119.978770379000025, 26.669623114000046 ], [ 119.976817254000025, 26.674017645000049 ], [ 119.986338738000086, 26.679632880000042 ], [ 120.000254754000025, 26.707709052000041 ], [ 120.011485222000033, 26.721177476000037 ], [ 120.012299024000072, 26.71906159100007 ], [ 120.017832879000025, 26.717027085000041 ], [ 120.028168165000011, 26.714992580000057 ], [ 120.032318556000064, 26.716620184000078 ], [ 120.031993035000028, 26.720404364000046 ], [ 120.03052819100003, 26.72492096600007 ], [ 120.031993035000028, 26.728583075000074 ], [ 120.077647332000083, 26.785589911000045 ], [ 120.079681837000066, 26.796942450000074 ], [ 120.067474806000064, 26.800482489000046 ], [ 120.01490319100003, 26.790025132000039 ], [ 119.946299675000091, 26.796942450000074 ], [ 119.925140821000014, 26.792181708000044 ], [ 119.923675977000016, 26.781236070000091 ], [ 119.935638868000069, 26.759019273000035 ], [ 119.924082879000025, 26.732489325000074 ], [ 119.901866082000083, 26.710109768000052 ], [ 119.888031446000014, 26.687241929000038 ], [ 119.90162194100003, 26.659735419000071 ], [ 119.879649285000028, 26.655340887000079 ], [ 119.856944207000083, 26.653509833000044 ], [ 119.853770379000025, 26.687689520000049 ], [ 119.850596550000091, 26.689520575000074 ], [ 119.829193556000064, 26.714992580000057 ], [ 119.81959069100003, 26.711371161000045 ], [ 119.803070509, 26.693793036000045 ], [ 119.791758660000028, 26.687689520000049 ], [ 119.791514519000089, 26.704779364000046 ], [ 119.802256707000083, 26.766791083000044 ], [ 119.811534050000091, 26.775783596000053 ], [ 119.840098504000025, 26.790025132000039 ], [ 119.828379754000025, 26.79564036700009 ], [ 119.815765821000014, 26.79759349200009 ], [ 119.803233269000089, 26.795721747000073 ], [ 119.791758660000028, 26.790025132000039 ], [ 119.797373894000089, 26.816392320000091 ], [ 119.815033399000072, 26.82562897300005 ], [ 119.834808790000011, 26.832505601000037 ], [ 119.846283399000072, 26.85219961100006 ], [ 119.819834832000083, 26.849269924000055 ], [ 119.798350457000083, 26.841376044000071 ], [ 119.781993035000028, 26.828517971000053 ], [ 119.770599806000064, 26.810532945000091 ], [ 119.765228712000066, 26.794094143000052 ], [ 119.765879754000025, 26.784002997000073 ], [ 119.76880944100003, 26.774400132000039 ], [ 119.770599806000064, 26.759019273000035 ], [ 119.766449415000011, 26.744940497000073 ], [ 119.756195509, 26.73773834800005 ], [ 119.743011915000011, 26.737127997000073 ], [ 119.730235222000033, 26.74290599200009 ], [ 119.730235222000033, 26.749090887000079 ], [ 119.732676629000025, 26.763413804000038 ], [ 119.726084832000083, 26.786525783000059 ], [ 119.712006056000064, 26.807928778000075 ], [ 119.692393425000091, 26.817368882000039 ], [ 119.685801629000025, 26.811997789000088 ], [ 119.680186394000089, 26.799627997000073 ], [ 119.676280144000089, 26.78587474200009 ], [ 119.67505944100003, 26.776434637000079 ], [ 119.677989129000025, 26.76312897300005 ], [ 119.683848504000025, 26.75421784100007 ], [ 119.710297071000014, 26.729885158000059 ], [ 119.720225457000083, 26.724514065000051 ], [ 119.727386915000011, 26.717922268000052 ], [ 119.730235222000033, 26.704738674000055 ], [ 119.724945509, 26.697821356000077 ], [ 119.713145379000025, 26.69985586100006 ], [ 119.696136915000011, 26.708197333000044 ], [ 119.680430535000028, 26.721828518000052 ], [ 119.663828972000033, 26.74054596600007 ], [ 119.646006707000083, 26.753322658000059 ], [ 119.626556837000066, 26.749090887000079 ], [ 119.62037194100003, 26.765570380000042 ], [ 119.622650587000066, 26.777167059000078 ], [ 119.621836785000028, 26.786769924000055 ], [ 119.606049024000072, 26.796942450000074 ], [ 119.597748243000069, 26.797105210000041 ], [ 119.584564649000072, 26.794623114000046 ], [ 119.575531446000014, 26.788031317000048 ], [ 119.579437696000014, 26.776434637000079 ], [ 119.57154381600003, 26.766546942000048 ], [ 119.557627800000091, 26.758775132000039 ], [ 119.552093946000014, 26.749090887000079 ], [ 119.550303582000083, 26.737209377000056 ], [ 119.551524285000028, 26.725165106000077 ], [ 119.554698113000086, 26.714829820000091 ], [ 119.558929884, 26.708197333000044 ], [ 119.570811394000089, 26.703273830000057 ], [ 119.583750847000033, 26.703924872000073 ], [ 119.595957879000025, 26.703314520000049 ], [ 119.606049024000072, 26.694525458000044 ], [ 119.608246290000011, 26.683539130000042 ], [ 119.606455925000091, 26.669907945000091 ], [ 119.599864129000025, 26.646063544000071 ], [ 119.568125847000033, 26.664536851000037 ], [ 119.558929884, 26.666571356000077 ], [ 119.544444207000083, 26.662502346000053 ], [ 119.541107618000069, 26.656317450000074 ], [ 119.545420769000089, 26.63617584800005 ], [ 119.554209832000083, 26.615179755000042 ], [ 119.592377149000072, 26.590887762000079 ], [ 119.599864129000025, 26.570379950000074 ], [ 119.606049024000072, 26.570379950000074 ], [ 119.618907097000033, 26.587836005000042 ], [ 119.637787306000064, 26.598822333000044 ], [ 119.657969597000033, 26.607652085000041 ], [ 119.67505944100003, 26.618801174000055 ], [ 119.687510613000086, 26.611273505000042 ], [ 119.700938347000033, 26.608587958000044 ], [ 119.730235222000033, 26.611273505000042 ], [ 119.722748243000069, 26.611273505000042 ], [ 119.735199415000011, 26.61196523600006 ], [ 119.742198113000086, 26.608628648000035 ], [ 119.742930535000028, 26.601752020000049 ], [ 119.736420118000069, 26.591457424000055 ], [ 119.748627149000072, 26.587958075000074 ], [ 119.771739129000025, 26.583889065000051 ], [ 119.784922722000033, 26.577826239000046 ], [ 119.782237175000091, 26.56476471600007 ], [ 119.782725457000083, 26.559637762000079 ], [ 119.784922722000033, 26.550482489000046 ], [ 119.774180535000028, 26.559515692000048 ], [ 119.770599806000064, 26.564113674000055 ], [ 119.761729363000086, 26.550726630000042 ], [ 119.765879754000025, 26.534369208000044 ], [ 119.779144727000016, 26.520697333000044 ], [ 119.798594597000033, 26.515773830000057 ], [ 119.795258009, 26.511623440000051 ], [ 119.793467644000089, 26.508205471000053 ], [ 119.790619337000066, 26.505194403000075 ], [ 119.784922722000033, 26.502020575000074 ], [ 119.794281446000014, 26.497137762000079 ], [ 119.802256707000083, 26.489447333000044 ], [ 119.812266472000033, 26.474798895000049 ], [ 119.817718946000014, 26.462144273000035 ], [ 119.818858269000089, 26.453192450000074 ], [ 119.818060156688645, 26.45 ], [ 119.72303051402649, 26.45 ], [ 119.718760613000086, 26.451849677000041 ], [ 119.699229363000086, 26.454901434000078 ], [ 119.689789259, 26.459458726000037 ], [ 119.664561394000089, 26.492132880000042 ], [ 119.653656446000014, 26.498032945000091 ], [ 119.646983269000089, 26.494045315000051 ], [ 119.640961134, 26.482163804000038 ], [ 119.635752800000091, 26.479437567000048 ], [ 119.625498894000089, 26.470933335000041 ], [ 119.62037194100003, 26.467962958000044 ], [ 119.605723504000025, 26.474351304000038 ], [ 119.599864129000025, 26.474798895000049 ], [ 119.579600457000083, 26.470892645000049 ], [ 119.571299675000091, 26.465725002000056 ], [ 119.566416863000086, 26.454901434000078 ], [ 119.56833075633638, 26.45 ], [ 114.3, 26.45 ], [ 114.3, 35.7 ], [ 119.931173530628669, 35.7 ], [ 119.930756056000064, 35.69953034100007 ] ] ] } },
{ "type": "Feature", "properties": { }, "geometry": { "type": "MultiPolygon", "coordinates": [ [ [ [ 121.264535719000037, 28.121594912000035 ], [ 121.285352420000095, 28.101945631000035 ], [ 121.279144727000016, 28.085435289000088 ], [ 121.267832879000025, 28.084540106000077 ], [ 121.25709069100003, 28.085150458000044 ], [ 121.247243686000047, 28.087795315000051 ], [ 121.238129102000016, 28.092922268000052 ], [ 121.235687696000014, 28.085516669000071 ], [ 121.23365319100003, 28.082424221000053 ], [ 121.233897332000083, 28.079087632000039 ], [ 121.238129102000016, 28.071193752000056 ], [ 121.231455925000091, 28.065008856000077 ], [ 121.219248894000089, 28.067857164000088 ], [ 121.2185124, 28.058463349000078 ], [ 121.202441708000038, 28.054753871000059 ], [ 121.186400477, 28.043700183000055 ], [ 121.166898872000047, 28.043081974000074 ], [ 121.151572802000032, 28.041232470000068 ], [ 121.146733938000011, 28.057810957000072 ], [ 121.155235235000077, 28.07136814200004 ], [ 121.152351456000019, 28.078073949000043 ], [ 121.142751498000052, 28.082586981000077 ], [ 121.137461785000028, 28.094183661000045 ], [ 121.130625847000033, 28.103461005000042 ], [ 121.132329198000093, 28.114314296000089 ], [ 121.127359298000101, 28.126556316000062 ], [ 121.12037194100003, 28.135687567000048 ], [ 121.125010613000086, 28.14008209800005 ], [ 121.134938998000052, 28.143052476000037 ], [ 121.165283255000077, 28.150533523000036 ], [ 121.187531124000088, 28.168901841000036 ], [ 121.204069835000041, 28.189707446000057 ], [ 121.208975572000099, 28.200131985000041 ], [ 121.210948113000086, 28.208970445000091 ], [ 121.230587604000107, 28.219732518000058 ], [ 121.256402506000086, 28.214798309000059 ], [ 121.268893416000083, 28.193941892000055 ], [ 121.270240569000066, 28.18229047300008 ], [ 121.261839759000054, 28.168809099000043 ], [ 121.25553061200003, 28.140000892000046 ], [ 121.264535719000037, 28.121594912000035 ] ] ], [ [ [ 122.326670769000089, 30.010809637000079 ], [ 122.320974155000044, 30.005926825000074 ], [ 122.313243035000028, 30.003485419000071 ], [ 122.306976759, 29.997219143000052 ], [ 122.302989129000025, 29.986314195000034 ], [ 122.301036004000025, 29.975897528000075 ], [ 122.300140821000014, 29.952460028000075 ], [ 122.293630405000044, 29.933783270000049 ], [ 122.277842644000089, 29.939927476000037 ], [ 122.245616082000083, 29.969875393000052 ], [ 122.229177280000044, 29.978664455000057 ], [ 122.184743686000047, 29.99445221600007 ], [ 122.14421634200005, 30.000392971000053 ], [ 122.098968946000014, 30.014471747000073 ], [ 122.07740319100003, 30.017645575000074 ], [ 122.065277540000011, 30.01593659100007 ], [ 122.048838738000086, 30.007391669000071 ], [ 122.034678582000083, 30.002020575000074 ], [ 122.03052819100003, 29.999335028000075 ], [ 122.025726759, 29.997259833000044 ], [ 122.019053582000083, 29.997219143000052 ], [ 122.010508660000028, 30.00031159100007 ], [ 122.009613477000016, 30.004339911000045 ], [ 122.011729363000086, 30.00844961100006 ], [ 122.012217644000089, 30.011419989000046 ], [ 122.011241082000083, 30.01508209800005 ], [ 122.013519727000016, 30.025824286000045 ], [ 122.012217644000089, 30.031927802000041 ], [ 122.008799675000091, 30.033392645000049 ], [ 121.995453321000014, 30.03656647300005 ], [ 121.991709832000083, 30.038072007000039 ], [ 121.976817254000025, 30.053656317000048 ], [ 121.973399285000028, 30.059963283000059 ], [ 121.971853061000047, 30.067694403000075 ], [ 121.973806186000047, 30.07257721600007 ], [ 121.977305535000028, 30.077337958000044 ], [ 121.980316602000016, 30.08462148600006 ], [ 121.980804884, 30.090073960000041 ], [ 121.978037957000083, 30.107082424000055 ], [ 121.965505405000044, 30.129706122000073 ], [ 121.963145379000025, 30.142401434000078 ], [ 121.974619988000086, 30.148016669000071 ], [ 122.087412957000083, 30.147528387000079 ], [ 122.103282097000033, 30.143703518000052 ], [ 122.117442254000025, 30.135931708000044 ], [ 122.132334832000083, 30.12376536700009 ], [ 122.140798373000052, 30.121323960000041 ], [ 122.164805535000028, 30.120510158000059 ], [ 122.169769727000016, 30.117254950000074 ], [ 122.173594597000033, 30.102240302000041 ], [ 122.182465040000011, 30.098578192000048 ], [ 122.193695509, 30.099798895000049 ], [ 122.203868035000028, 30.099554755000042 ], [ 122.229340040000011, 30.091620184000078 ], [ 122.238780144000089, 30.086615302000041 ], [ 122.24537194100003, 30.080145575000074 ], [ 122.24968509200005, 30.073431708000044 ], [ 122.256114129000025, 30.068182684000078 ], [ 122.269541863000086, 30.066066799000055 ], [ 122.289561394000089, 30.067328192000048 ], [ 122.297129754000025, 30.062567450000074 ], [ 122.300140821000014, 30.048732815000051 ], [ 122.304209832000083, 30.041978257000039 ], [ 122.322520379000025, 30.031927802000041 ], [ 122.327484571000014, 30.024481512000079 ], [ 122.326670769000089, 30.010809637000079 ] ] ] ] } },
{ "type": "Feature", "properties": { }, "geometry": { "type": "MultiPolygon", "coordinates": [ [ [ [ 122.17701256600003, 29.696844794000071 ], [ 122.186859571000014, 29.673407294000071 ], [ 122.162933790000011, 29.654527085000041 ], [ 122.169769727000016, 29.675034898000035 ], [ 122.165212436000047, 29.673163153000075 ], [ 122.149424675000091, 29.668850002000056 ], [ 122.149424675000091, 29.681830145000049 ], [ 122.138926629000025, 29.67259349200009 ], [ 122.132578972000033, 29.668890692000048 ], [ 122.127452019000089, 29.669012762000079 ], [ 122.125010613000086, 29.673244533000059 ], [ 122.123057488000086, 29.686468817000048 ], [ 122.121104363000086, 29.69171784100007 ], [ 122.115244988000086, 29.698391018000052 ], [ 122.108734571000014, 29.704006252000056 ], [ 122.103688998000052, 29.710516669000071 ], [ 122.101573113000086, 29.719712632000039 ], [ 122.092784050000091, 29.725775458000044 ], [ 122.07390384200005, 29.724432684000078 ], [ 122.056813998000052, 29.719794012000079 ], [ 122.053070509, 29.716009833000044 ], [ 122.045095248000052, 29.716986395000049 ], [ 122.040049675000091, 29.716376044000071 ], [ 122.036468946000014, 29.717474677000041 ], [ 122.033376498000052, 29.723456122000073 ], [ 122.03288821700005, 29.730943101000037 ], [ 122.035329623000052, 29.739976304000038 ], [ 122.039317254000025, 29.747544664000088 ], [ 122.043223504000025, 29.750799872000073 ], [ 122.048594597000033, 29.756089585000041 ], [ 122.056651238000086, 29.767808335000041 ], [ 122.068207227000016, 29.779527085000041 ], [ 122.084483269000089, 29.784898179000038 ], [ 122.097992384, 29.786851304000038 ], [ 122.107432488000086, 29.789618231000077 ], [ 122.114756707000083, 29.78851959800005 ], [ 122.122080925000091, 29.778713283000059 ], [ 122.123789910000028, 29.770900783000059 ], [ 122.120941602000016, 29.757798570000091 ], [ 122.122080925000091, 29.750799872000073 ], [ 122.126475457000083, 29.745062567000048 ], [ 122.14031009200005, 29.734605210000041 ], [ 122.143239780000044, 29.733384507000039 ], [ 122.17701256600003, 29.696844794000071 ] ] ], [ [ [ 122.39226321700005, 29.87641022300005 ], [ 122.386729363000086, 29.870672919000071 ], [ 122.382823113000086, 29.864732164000088 ], [ 122.385915561000047, 29.85687897300005 ], [ 122.394053582000083, 29.847886460000041 ], [ 122.395518425000091, 29.842678127000056 ], [ 122.395192905000044, 29.833319403000075 ], [ 122.384776238000086, 29.835191148000035 ], [ 122.377207879000025, 29.838934637000079 ], [ 122.365407748000052, 29.849758205000057 ], [ 122.35710696700005, 29.861721096000053 ], [ 122.359222852000016, 29.86977773600006 ], [ 122.365489129000025, 29.876288153000075 ], [ 122.369151238000086, 29.883612372000073 ], [ 122.367360873000052, 29.895900783000059 ], [ 122.362071160000028, 29.904486395000049 ], [ 122.353851759, 29.910589911000045 ], [ 122.333506707000083, 29.920599677000041 ], [ 122.325205925000091, 29.927883205000057 ], [ 122.320567254000025, 29.937241929000038 ], [ 122.322032097000033, 29.948431708000044 ], [ 122.32545006600003, 29.953924872000073 ], [ 122.330088738000086, 29.958238023000035 ], [ 122.335459832000083, 29.961330471000053 ], [ 122.341807488000086, 29.963039455000057 ], [ 122.346446160000028, 29.949408270000049 ], [ 122.359141472000033, 29.946275132000039 ], [ 122.388926629000025, 29.948797919000071 ], [ 122.400645379000025, 29.952948309000078 ], [ 122.406748894000089, 29.952704169000071 ], [ 122.40943444100003, 29.945705471000053 ], [ 122.409027540000011, 29.936672268000052 ], [ 122.40748131600003, 29.930609442000048 ], [ 122.403168165000011, 29.926255601000037 ], [ 122.395192905000044, 29.922064520000049 ], [ 122.409678582000083, 29.911200262000079 ], [ 122.408050977000016, 29.89984772300005 ], [ 122.395192905000044, 29.883612372000073 ], [ 122.39226321700005, 29.87641022300005 ] ] ] ] } },
{ "type": "Feature", "properties": { }, "geometry": { "type": "MultiPolygon", "coordinates": [ [ [ [ 120.031993035000028, 26.508937893000052 ], [ 120.03288821700005, 26.512966213000084 ], [ 120.031911655000044, 26.515366929000038 ], [ 120.032074415000011, 26.518703518000052 ], [ 120.035411004000025, 26.521063544000071 ], [ 120.04070071700005, 26.522162177000041 ], [ 120.053070509, 26.522040106000077 ], [ 120.057139519000089, 26.524807033000059 ], [ 120.061859571000014, 26.524440822000088 ], [ 120.065440300000091, 26.516872463000084 ], [ 120.060801629000025, 26.501044012000079 ], [ 120.055023634, 26.498439846000053 ], [ 120.047211134, 26.49876536700009 ], [ 120.035492384, 26.493068752000056 ], [ 120.031423373000052, 26.493516343000067 ], [ 120.027924024000072, 26.496364651000079 ], [ 120.028900587000066, 26.502712307000081 ], [ 120.031993035000028, 26.508937893000052 ] ] ], [ [ [ 120.117360873000052, 26.56476471600007 ], [ 120.116384311000047, 26.569728908000059 ], [ 120.134125196000014, 26.582424221000053 ], [ 120.149831576, 26.605536200000074 ], [ 120.154063347000033, 26.605414130000042 ], [ 120.158702019000089, 26.603949286000045 ], [ 120.161631707000083, 26.602240302000041 ], [ 120.163584832000083, 26.599025783000059 ], [ 120.164886915000011, 26.594020901000079 ], [ 120.164561394000089, 26.589260158000059 ], [ 120.163015170000108, 26.585964260000083 ], [ 120.160980665000011, 26.577337958000044 ], [ 120.157725457000083, 26.575913804000038 ], [ 120.153330925000091, 26.575181382000039 ], [ 120.147308790000011, 26.571559963000084 ], [ 120.132009311000047, 26.556260484000063 ], [ 120.12859134200005, 26.556057033000059 ], [ 120.117360873000052, 26.56476471600007 ] ] ], [ [ [ 119.76490319100003, 26.60883209800005 ], [ 119.760427280000044, 26.616278387000079 ], [ 119.767100457000083, 26.624660549000055 ], [ 119.770192905000044, 26.627020575000074 ], [ 119.780772332000083, 26.627630927000041 ], [ 119.786957227000016, 26.628851630000042 ], [ 119.79460696700005, 26.632188218000067 ], [ 119.798024936000047, 26.631699937000064 ], [ 119.799571160000028, 26.629502671000068 ], [ 119.806569858000103, 26.627875067000048 ], [ 119.813649936000047, 26.623602606000077 ], [ 119.807302280000044, 26.612941799000055 ], [ 119.799978061000047, 26.61391836100006 ], [ 119.792735222000033, 26.615139065000051 ], [ 119.793955925000091, 26.614203192000048 ], [ 119.790944858000103, 26.611436265000066 ], [ 119.786713087000066, 26.609361070000091 ], [ 119.775401238000086, 26.603908596000053 ], [ 119.77312259200005, 26.60618724200009 ], [ 119.76490319100003, 26.60883209800005 ] ] ], [ [ [ 119.664073113000086, 26.641099351000037 ], [ 119.657318556000064, 26.650742906000062 ], [ 119.655121290000011, 26.661118882000039 ], [ 119.657644076, 26.668076890000066 ], [ 119.664968295000108, 26.670355536000045 ], [ 119.715993686000047, 26.668361721000053 ], [ 119.720550977000016, 26.663072007000039 ], [ 119.726980014000105, 26.662665106000077 ], [ 119.731944207000083, 26.674099026000079 ], [ 119.735036655000044, 26.67727285400008 ], [ 119.741791212000066, 26.679917710000041 ], [ 119.750743035000028, 26.679348049000055 ], [ 119.754812045000108, 26.676703192000048 ], [ 119.756439649000072, 26.674872137000079 ], [ 119.755707227000016, 26.669826565000051 ], [ 119.749196811000047, 26.663438218000067 ], [ 119.72234134200005, 26.650091864000046 ], [ 119.715505405000044, 26.641669012000079 ], [ 119.696625196000014, 26.638495184000078 ], [ 119.686045769000089, 26.639146226000037 ], [ 119.679209832000083, 26.64329661700009 ], [ 119.674489780000044, 26.644232489000046 ], [ 119.669932488000086, 26.640041408000059 ], [ 119.664073113000086, 26.641099351000037 ] ] ], [ [ [ 119.910736524000072, 26.681545315000051 ], [ 119.904470248000052, 26.68618398600006 ], [ 119.90593509200005, 26.692368882000039 ], [ 119.919932488000086, 26.692694403000075 ], [ 119.926687045000108, 26.692368882000039 ], [ 119.939463738000086, 26.696926174000055 ], [ 119.944102410000028, 26.695379950000074 ], [ 119.942230665000011, 26.69094472900008 ], [ 119.939382358000103, 26.685248114000046 ], [ 119.936859571000014, 26.680853583000044 ], [ 119.935557488000086, 26.677476304000038 ], [ 119.940521681000064, 26.670070705000057 ], [ 119.942393425000091, 26.663072007000039 ], [ 119.932139519000089, 26.670477606000077 ], [ 119.926442905000044, 26.669012762000079 ], [ 119.926036004000025, 26.673570054000038 ], [ 119.923594597000033, 26.67914459800005 ], [ 119.910736524000072, 26.681545315000051 ] ] ], [ [ [ 120.297862175000091, 26.929063218000067 ], [ 120.285411004000025, 26.934027411000045 ], [ 120.292002800000091, 26.939398505000042 ], [ 120.302663608000103, 26.941799221000053 ], [ 120.309092644000089, 26.940497137000079 ], [ 120.312998894000089, 26.938421942000048 ], [ 120.314545118000069, 26.936143296000068 ], [ 120.312022332000083, 26.931057033000059 ], [ 120.297862175000091, 26.929063218000067 ] ] ], [ [ [ 121.040817899000103, 27.875962093000055 ], [ 121.046972451000102, 27.875224952000053 ], [ 121.051552380000089, 27.868773010000041 ], [ 121.056917468000051, 27.863641471000051 ], [ 121.061899102000098, 27.863609893000046 ], [ 121.069527969000092, 27.86605392000007 ], [ 121.079104056, 27.866725891000044 ], [ 121.083698946000027, 27.865697082000054 ], [ 121.077941297000052, 27.861623005000069 ], [ 121.071791636000057, 27.855546681000078 ], [ 121.066038481000078, 27.851486368000053 ], [ 121.06679284900008, 27.847417482000083 ], [ 121.062574753000035, 27.845737934000056 ], [ 121.059140298000102, 27.847770895000053 ], [ 121.056477118000089, 27.854215722000049 ], [ 121.053039425000065, 27.855915087000085 ], [ 121.046939684000108, 27.855218477000051 ], [ 121.032366518, 27.848497681000083 ], [ 121.026589413000011, 27.844466966000084 ], [ 121.020006450000096, 27.837739163000037 ], [ 121.015035553000075, 27.83978142400008 ], [ 121.013128206000033, 27.844530768000084 ], [ 121.015449189000037, 27.849941891000071 ], [ 121.020856133000052, 27.857025621000048 ], [ 121.020874115000083, 27.863799842000049 ], [ 121.022030313000073, 27.868204991000084 ], [ 121.029319165000061, 27.868516783000075 ], [ 121.032384159, 27.870207810000068 ], [ 121.040817899000103, 27.875962093000055 ] ] ], [ [ [ 121.625580274000072, 28.518622137000079 ], [ 121.620290561000047, 28.51321035400008 ], [ 121.61882571700005, 28.509263414000088 ], [ 121.618256056000064, 28.504461981000077 ], [ 121.613617384, 28.501735744000086 ], [ 121.607513868000069, 28.50344472900008 ], [ 121.603770379000025, 28.506211656000062 ], [ 121.601573113000086, 28.508937893000052 ], [ 121.596771681000064, 28.511379299000055 ], [ 121.59538821700005, 28.513780015000066 ], [ 121.598806186000047, 28.516099351000037 ], [ 121.59734134200005, 28.52415599200009 ], [ 121.600677931000064, 28.534165757000039 ], [ 121.607676629000025, 28.541815497000073 ], [ 121.615163608000103, 28.541815497000073 ], [ 121.618011915000011, 28.538072007000039 ], [ 121.622080925000091, 28.526719468000067 ], [ 121.625336134, 28.523057359000063 ], [ 121.625580274000072, 28.518622137000079 ] ] ], [ [ [ 122.272146030000044, 29.690741278000075 ], [ 122.274912957000083, 29.683417059000078 ], [ 122.271820509, 29.682643947000088 ], [ 122.249034050000091, 29.692450262000079 ], [ 122.240326368000069, 29.68703847900008 ], [ 122.208181186000047, 29.705959377000056 ], [ 122.204600457000083, 29.710516669000071 ], [ 122.204030795000108, 29.715236721000053 ], [ 122.204600457000083, 29.719102281000062 ], [ 122.209727410000028, 29.719794012000079 ], [ 122.216970248000052, 29.718532619000086 ], [ 122.223399285000028, 29.713487046000068 ], [ 122.228770379000025, 29.706610419000071 ], [ 122.251719597000033, 29.696275132000039 ], [ 122.264333530000044, 29.693955796000068 ], [ 122.272146030000044, 29.690741278000075 ] ] ], [ [ [ 122.306976759, 29.737127997000073 ], [ 122.303151889000105, 29.735541083000044 ], [ 122.290131056000064, 29.73586660400008 ], [ 122.285166863000086, 29.732896226000037 ], [ 122.278656446000014, 29.731512762000079 ], [ 122.267914259, 29.736802476000037 ], [ 122.257334832000083, 29.73696523600006 ], [ 122.242035352000016, 29.744533596000053 ], [ 122.229340040000011, 29.756984768000052 ], [ 122.221608920000108, 29.769110419000071 ], [ 122.216563347000033, 29.772406317000048 ], [ 122.215912306000064, 29.775783596000053 ], [ 122.222504102000016, 29.780666408000059 ], [ 122.228444858000103, 29.782945054000038 ], [ 122.231211785000028, 29.785386460000041 ], [ 122.235036655000044, 29.78697337400007 ], [ 122.240082227000016, 29.786403713000084 ], [ 122.251312696000014, 29.778347072000088 ], [ 122.250010613000086, 29.770453192000048 ], [ 122.246022983000103, 29.764105536000045 ], [ 122.247243686000047, 29.760443427000041 ], [ 122.251068556000064, 29.758246161000045 ], [ 122.277924024000072, 29.749172268000052 ], [ 122.284759962000066, 29.748928127000056 ], [ 122.28874759200005, 29.751369533000059 ], [ 122.292084181000064, 29.751450914000088 ], [ 122.29810631600003, 29.74945709800005 ], [ 122.300954623000052, 29.746893622000073 ], [ 122.301280144000089, 29.743068752000056 ], [ 122.305105014000105, 29.740220445000091 ], [ 122.306976759, 29.737127997000073 ] ] ], [ [ [ 121.977468295000108, 29.80540599200009 ], [ 122.016123894000089, 29.824164130000042 ], [ 122.024343295000108, 29.824652411000045 ], [ 122.030202670000108, 29.816066799000055 ], [ 122.02898196700005, 29.80609772300005 ], [ 122.005625847000033, 29.776922919000071 ], [ 121.99382571700005, 29.769232489000046 ], [ 121.974375847000033, 29.771144924000055 ], [ 121.968272332000083, 29.773830471000053 ], [ 121.967295769000089, 29.776922919000071 ], [ 121.969086134, 29.779730536000045 ], [ 121.968516472000033, 29.794623114000046 ], [ 121.977468295000108, 29.80540599200009 ] ] ], [ [ [ 122.341644727000016, 29.876247463000084 ], [ 122.33562259200005, 29.872463283000059 ], [ 122.334890170000108, 29.869248765000066 ], [ 122.336273634, 29.866848049000055 ], [ 122.329519076, 29.862941799000055 ], [ 122.304291212000066, 29.855576890000066 ], [ 122.295420769000089, 29.85728587400007 ], [ 122.28443444100003, 29.863063869000086 ], [ 122.284027540000011, 29.87022532800006 ], [ 122.287608269000089, 29.877508856000077 ], [ 122.292328321000014, 29.883042710000041 ], [ 122.299489780000044, 29.884588934000078 ], [ 122.304616733000103, 29.88312409100007 ], [ 122.317718946000014, 29.88226959800005 ], [ 122.334401889000105, 29.884548244000086 ], [ 122.339040561000047, 29.882717190000051 ], [ 122.34302819100003, 29.879584052000041 ], [ 122.341644727000016, 29.876247463000084 ] ] ], [ [ [ 122.053884311000047, 29.953273830000057 ], [ 122.038259311000047, 29.934515692000048 ], [ 122.031748894000089, 29.940741278000075 ], [ 122.026703321000014, 29.94367096600007 ], [ 122.025238477000016, 29.953680731000077 ], [ 122.029388868000069, 29.959865627000056 ], [ 122.033213738000086, 29.959499416000085 ], [ 122.033702019000089, 29.961330471000053 ], [ 122.035085483000103, 29.963812567000048 ], [ 122.038910352000016, 29.963812567000048 ], [ 122.040456576, 29.966498114000046 ], [ 122.05201256600003, 29.962469794000071 ], [ 122.053884311000047, 29.953273830000057 ] ] ], [ [ [ 122.176442905000044, 29.97797272300005 ], [ 122.184011264000105, 29.96751536700009 ], [ 122.176524285000028, 29.96006907800006 ], [ 122.146250847000033, 29.97374095300006 ], [ 122.134776238000086, 29.974676825000074 ], [ 122.146006707000083, 29.980292059000078 ], [ 122.161468946000014, 29.989935614000046 ], [ 122.176442905000044, 29.97797272300005 ] ] ], [ [ [ 122.390961134, 29.996201890000066 ], [ 122.391123894000089, 29.984564520000049 ], [ 122.393483920000108, 29.976833401000079 ], [ 122.39185631600003, 29.974514065000051 ], [ 122.383392774000072, 29.975490627000056 ], [ 122.371999545000108, 29.981675523000035 ], [ 122.369313998000052, 29.987697658000059 ], [ 122.375173373000052, 29.990830796000068 ], [ 122.375905795000108, 29.996527411000045 ], [ 122.374359571000014, 30.004299221000053 ], [ 122.378754102000016, 30.01703522300005 ], [ 122.377777540000011, 30.024115302000041 ], [ 122.379079623000052, 30.026393947000088 ], [ 122.386566602000016, 30.025864976000037 ], [ 122.402191602000016, 30.032538153000075 ], [ 122.405121290000011, 30.03001536700009 ], [ 122.400319858000103, 30.021511135000083 ], [ 122.400563998000052, 30.015773830000057 ], [ 122.403493686000047, 30.012518622000073 ], [ 122.41374759200005, 30.006130276000079 ], [ 122.411631707000083, 30.00267161700009 ], [ 122.402924024000072, 30.001695054000038 ], [ 122.395274285000028, 30.002427476000037 ], [ 122.390961134, 29.996201890000066 ] ] ], [ [ [ 121.911306186000047, 30.089789130000042 ], [ 121.908213738000086, 30.093003648000035 ], [ 121.908132358000103, 30.098456122000073 ], [ 121.913910352000016, 30.10533274900007 ], [ 121.931000196000014, 30.114650783000059 ], [ 121.941254102000016, 30.114121812000064 ], [ 121.951996290000011, 30.111070054000038 ], [ 121.956390821000014, 30.10850657800006 ], [ 121.955495639000105, 30.104478257000039 ], [ 121.952565951, 30.100531317000048 ], [ 121.949717644000089, 30.087998765000066 ], [ 121.940603061000047, 30.074652411000045 ], [ 121.931732618000069, 30.06944407800006 ], [ 121.927907748000052, 30.075425523000035 ], [ 121.926605665000011, 30.083807684000078 ], [ 121.920420769000089, 30.087144273000035 ], [ 121.914642774000072, 30.088649807000081 ], [ 121.911306186000047, 30.089789130000042 ] ] ], [ [ [ 122.771332227000016, 30.141058661000045 ], [ 122.781423373000052, 30.132391669000071 ], [ 122.772878451, 30.128322658000059 ], [ 122.763275587000066, 30.127712307000081 ], [ 122.754730665000011, 30.14134349200009 ], [ 122.756358269000089, 30.144191799000055 ], [ 122.771332227000016, 30.141058661000045 ] ] ], [ [ [ 122.201019727000016, 30.177313544000071 ], [ 122.193939649000072, 30.177110093000067 ], [ 122.188649936000047, 30.174343166000085 ], [ 122.186289910000028, 30.171535549000055 ], [ 122.183034701, 30.171494859000063 ], [ 122.18327884200005, 30.167344468000067 ], [ 122.182302280000044, 30.162461656000062 ], [ 122.162364129000025, 30.14398834800005 ], [ 122.156911655000044, 30.145656643000052 ], [ 122.147146030000044, 30.157538153000075 ], [ 122.145111524000072, 30.162665106000077 ], [ 122.144948764000105, 30.188666083000044 ], [ 122.148936394000089, 30.192409572000088 ], [ 122.169037306000064, 30.202093817000048 ], [ 122.173269076, 30.201849677000041 ], [ 122.175303582000083, 30.199693101000037 ], [ 122.178884311000047, 30.197536526000079 ], [ 122.185313347000033, 30.196153062000064 ], [ 122.188568556000064, 30.19407786700009 ], [ 122.188975457000083, 30.190700588000084 ], [ 122.190928582000083, 30.189520575000074 ], [ 122.199229363000086, 30.192938544000071 ], [ 122.204112175000091, 30.191595770000049 ], [ 122.206228061000047, 30.18821849200009 ], [ 122.204925977000016, 30.185817776000079 ], [ 122.201019727000016, 30.183010158000059 ], [ 122.201019727000016, 30.177313544000071 ] ] ], [ [ [ 122.013845248000052, 30.185370184000078 ], [ 122.010752800000091, 30.18626536700009 ], [ 122.026459181000064, 30.199042059000078 ], [ 122.031748894000089, 30.197333075000074 ], [ 122.035899285000028, 30.194403387000079 ], [ 122.037282748000052, 30.196153062000064 ], [ 122.036957227000016, 30.200262762000079 ], [ 122.040537957000083, 30.202500718000067 ], [ 122.047862175000091, 30.202134507000039 ], [ 122.053233269000089, 30.198838609000063 ], [ 122.056569858000103, 30.192287502000056 ], [ 122.056895379000025, 30.18781159100007 ], [ 122.054047071000014, 30.186102606000077 ], [ 122.051687045000108, 30.182684637000079 ], [ 122.035655144000089, 30.170762437000064 ], [ 122.023610873000052, 30.165757554000038 ], [ 122.021494988000086, 30.169338283000059 ], [ 122.023692254000025, 30.17218659100007 ], [ 122.026459181000064, 30.173244533000059 ], [ 122.028249545000108, 30.17531972900008 ], [ 122.026459181000064, 30.177964585000041 ], [ 122.017832879000025, 30.185492255000042 ], [ 122.013845248000052, 30.185370184000078 ] ] ], [ [ [ 122.674815300000091, 30.20970286700009 ], [ 122.684662306000064, 30.203599351000037 ], [ 122.687917514000105, 30.198309637000079 ], [ 122.68482506600003, 30.181870835000041 ], [ 122.682790561000047, 30.190985419000071 ], [ 122.675547722000033, 30.19407786700009 ], [ 122.669932488000086, 30.203517971000053 ], [ 122.674815300000091, 30.20970286700009 ] ] ], [ [ [ 122.648041212000066, 30.186224677000041 ], [ 122.638031446000014, 30.200588283000059 ], [ 122.632985873000052, 30.207302151000079 ], [ 122.632253451, 30.210598049000055 ], [ 122.641774936000047, 30.214341539000088 ], [ 122.64616946700005, 30.208563544000071 ], [ 122.648610873000052, 30.19594961100006 ], [ 122.648041212000066, 30.186224677000041 ] ] ], [ [ [ 121.955495639000105, 30.293361721000053 ], [ 121.951345248000052, 30.307969468000067 ], [ 121.95671634200005, 30.318874416000085 ], [ 121.961110873000052, 30.325059312000064 ], [ 121.961110873000052, 30.331284898000035 ], [ 121.965668165000011, 30.336289781000062 ], [ 121.973155144000089, 30.334580796000068 ], [ 121.97388756600003, 30.343939520000049 ], [ 121.982351108000103, 30.344753322000088 ], [ 121.983815951, 30.34048086100006 ], [ 121.981455925000091, 30.335353908000059 ], [ 121.977468295000108, 30.331447658000059 ], [ 121.973317905000044, 30.327297268000052 ], [ 121.973236524000072, 30.323716539000088 ], [ 121.969818556000064, 30.318264065000051 ], [ 121.970225457000083, 30.30735911700009 ], [ 121.965993686000047, 30.305161851000037 ], [ 121.964203321000014, 30.300197658000059 ], [ 121.957774285000028, 30.298732815000051 ], [ 121.955495639000105, 30.293361721000053 ] ] ], [ [ [ 122.262543165000011, 30.514471747000073 ], [ 122.252452019000089, 30.51634349200009 ], [ 122.25749759200005, 30.526271877000056 ], [ 122.264496290000011, 30.529771226000037 ], [ 122.26921634200005, 30.525051174000055 ], [ 122.268321160000028, 30.521592515000066 ], [ 122.268239780000044, 30.516831773000035 ], [ 122.262543165000011, 30.514471747000073 ] ] ], [ [ [ 122.052500847000033, 30.588893947000088 ], [ 122.050303582000083, 30.59166087400007 ], [ 122.065440300000091, 30.59210846600007 ], [ 122.069346550000091, 30.594916083000044 ], [ 122.07154381600003, 30.597235419000071 ], [ 122.081797722000033, 30.595404364000046 ], [ 122.087901238000086, 30.596747137000079 ], [ 122.084564649000072, 30.592637437000064 ], [ 122.077240431000064, 30.589829820000034 ], [ 122.081146681000064, 30.583563544000071 ], [ 122.071869337000066, 30.575547593000067 ], [ 122.064789259, 30.586818752000056 ], [ 122.059418165000011, 30.587225653000075 ], [ 122.052500847000033, 30.588893947000088 ] ] ], [ [ [ 122.54460696700005, 30.658229885000083 ], [ 122.547048373000052, 30.66079336100006 ], [ 122.545583530000044, 30.66392649900007 ], [ 122.549652540000011, 30.667629299000055 ], [ 122.552338087000066, 30.669907945000034 ], [ 122.55241946700005, 30.674099026000079 ], [ 122.553884311000047, 30.67837148600006 ], [ 122.556895379000025, 30.680975653000075 ], [ 122.558360222000033, 30.67914459800005 ], [ 122.563405795000108, 30.676377671000068 ], [ 122.56763756600003, 30.671698309000078 ], [ 122.571625196000014, 30.667954820000034 ], [ 122.575938347000033, 30.66514720300006 ], [ 122.581065300000091, 30.667344468000067 ], [ 122.582204623000052, 30.663153387000079 ], [ 122.574799024000072, 30.658270575000074 ], [ 122.56959069100003, 30.658555406000062 ], [ 122.568695509, 30.657090562000064 ], [ 122.564789259, 30.658107815000051 ], [ 122.565114780000044, 30.652736721000053 ], [ 122.568288608000103, 30.646958726000037 ], [ 122.566579623000052, 30.645819403000075 ], [ 122.559255405000044, 30.650783596000053 ], [ 122.556162957000083, 30.652329820000034 ], [ 122.551524285000028, 30.650905666000085 ], [ 122.546478712000066, 30.653469143000052 ], [ 122.542816602000016, 30.654852606000077 ], [ 122.54460696700005, 30.658229885000083 ] ] ], [ [ [ 122.790782097000033, 30.728094794000071 ], [ 122.79265384200005, 30.723659572000088 ], [ 122.789073113000086, 30.721828518000052 ], [ 122.787119988000086, 30.723130601000037 ], [ 122.779307488000086, 30.716742255000042 ], [ 122.782399936000047, 30.714341539000088 ], [ 122.782237175000091, 30.707098700000074 ], [ 122.783864780000044, 30.700913804000038 ], [ 122.779388868000069, 30.699693101000037 ], [ 122.776947462000066, 30.696315822000088 ], [ 122.774424675000091, 30.698472398000035 ], [ 122.77312259200005, 30.701646226000037 ], [ 122.772634311000047, 30.703395901000079 ], [ 122.76531009200005, 30.709906317000048 ], [ 122.756521030000044, 30.70579661700009 ], [ 122.75163821700005, 30.707546291000085 ], [ 122.75163821700005, 30.71625397300005 ], [ 122.756439649000072, 30.716620184000078 ], [ 122.758148634, 30.719956773000035 ], [ 122.75749759200005, 30.723334052000041 ], [ 122.765554233000103, 30.723252671000068 ], [ 122.771006707000083, 30.724391994000086 ], [ 122.773773634, 30.730902411000045 ], [ 122.779388868000069, 30.730902411000045 ], [ 122.785492384, 30.73110586100006 ], [ 122.790782097000033, 30.728094794000071 ] ] ], [ [ [ 122.666840040000011, 30.847683010000083 ], [ 122.664886915000011, 30.852687893000052 ], [ 122.669281446000014, 30.851589260000083 ], [ 122.669851108000103, 30.85923899900007 ], [ 122.67741946700005, 30.859564520000049 ], [ 122.683441602000016, 30.853786526000079 ], [ 122.689789259, 30.85382721600007 ], [ 122.69849694100003, 30.853786526000079 ], [ 122.694021030000044, 30.848618882000039 ], [ 122.690196160000028, 30.842271226000037 ], [ 122.682953321000014, 30.840847072000088 ], [ 122.676117384, 30.843980210000041 ], [ 122.666840040000011, 30.847683010000083 ] ] ], [ [ [ 120.581879102000016, 32.033270575000074 ], [ 120.566254102000016, 32.04173411700009 ], [ 120.565358920000108, 32.052313544000071 ], [ 120.568776889000105, 32.058091539000088 ], [ 120.579519076, 32.062526760000083 ], [ 120.600108269000089, 32.060817776000079 ], [ 120.627207879000025, 32.046535549000055 ], [ 120.631358269000089, 32.036078192000048 ], [ 120.626882358000103, 32.030585028000075 ], [ 120.601654493000069, 32.031805731000077 ], [ 120.581879102000016, 32.033270575000074 ] ] ], [ [ [ 119.443695509, 34.769232489000046 ], [ 119.441416863000086, 34.77415599200009 ], [ 119.44499759200005, 34.778225002000056 ], [ 119.450043165000011, 34.777533270000049 ], [ 119.453949415000011, 34.771918036000045 ], [ 119.466319207000083, 34.767564195000034 ], [ 119.474131707000083, 34.766465562000064 ], [ 119.487722201, 34.76321035400008 ], [ 119.494476759, 34.760809637000079 ], [ 119.492849155000044, 34.755031643000052 ], [ 119.489187045000108, 34.752752997000073 ], [ 119.481862826, 34.748195705000057 ], [ 119.467051629000025, 34.751613674000055 ], [ 119.451833530000044, 34.763373114000046 ], [ 119.443695509, 34.769232489000046 ] ] ] ] } },
{ "type": "Feature", "properties": { }, "geometry": { "type": "Polygon", "coordinates": [ [ [ 121.91896634, 31.578462856000044 ], [ 121.980085675000055, 31.540295811000078 ], [ 121.98659839600009, 31.503897262000066 ], [ 121.977850604000082, 31.477771002000054 ], [ 121.912889695000104, 31.456332207000059 ], [ 121.851373504000094, 31.439178905000063 ], [ 121.81732579100003, 31.446650375000047 ], [ 121.783352090000108, 31.465686100000084 ], [ 121.730235222000033, 31.484767971000053 ], [ 121.710167576, 31.495077027000036 ], [ 121.684629824000012, 31.506807045000073 ], [ 121.614688630000046, 31.52158167500005 ], [ 121.57154381600003, 31.529364325000074 ], [ 121.541341352000018, 31.553785129000062 ], [ 121.517456364000054, 31.568391911000049 ], [ 121.484629754000025, 31.579901434000078 ], [ 121.40461395300008, 31.613714639000079 ], [ 121.375523033000036, 31.634133802000065 ], [ 121.344737175000091, 31.641302802000041 ], [ 121.314463738000086, 31.655585028000075 ], [ 121.302907748000052, 31.671454169000071 ], [ 121.285899285000028, 31.704046942000048 ], [ 121.224511103000054, 31.737666620000084 ], [ 121.20557825800006, 31.756618803000038 ], [ 121.186630534000074, 31.774115982000069 ], [ 121.176287604000095, 31.784322892000034 ], [ 121.181443091, 31.795980353000061 ], [ 121.195160352000016, 31.805243231000077 ], [ 121.219300745000055, 31.829472772000088 ], [ 121.26406453300001, 31.84107679400006 ], [ 121.322563521, 31.82933065800006 ], [ 121.362088705000019, 31.817608154000084 ], [ 121.386133171000097, 31.811735768000062 ], [ 121.423885038000094, 31.795639063000067 ], [ 121.475304021000056, 31.770769919000088 ], [ 121.500965579000081, 31.750328782000054 ], [ 121.535175816000105, 31.728409827000064 ], [ 121.571091230000093, 31.713752432000035 ], [ 121.605243048000034, 31.691824392000058 ], [ 121.625701771000081, 31.675756153000066 ], [ 121.641053101000011, 31.66552035400008 ], [ 121.663222595000093, 31.652351670000087 ], [ 121.721226702000081, 31.630312791000051 ], [ 121.844075352, 31.607946968000078 ], [ 121.91896634, 31.578462856000044 ] ] ] } },
{ "type": "Feature", "properties": { }, "geometry": { "type": "MultiPolygon", "coordinates": [ [ [ [ 122.203868035000028, 30.291408596000053 ], [ 122.203868035000028, 30.285142320000034 ], [ 122.223806186000047, 30.278876044000071 ], [ 122.231944207000083, 30.277736721000053 ], [ 122.219574415000011, 30.270453192000048 ], [ 122.217051629000025, 30.262518622000073 ], [ 122.217539910000028, 30.254584052000041 ], [ 122.21452884200005, 30.247300523000035 ], [ 122.202321811000047, 30.241929429000038 ], [ 122.187998894000089, 30.243638414000088 ], [ 122.174082879000025, 30.247992255000042 ], [ 122.137705925000091, 30.25462474200009 ], [ 122.114024285000028, 30.26508209800005 ], [ 122.073578321000014, 30.291408596000053 ], [ 122.083994988000086, 30.302435614000046 ], [ 122.087901238000086, 30.305650132000039 ], [ 122.095713738000086, 30.310695705000057 ], [ 122.104177280000044, 30.314154364000046 ], [ 122.122080925000091, 30.319281317000048 ], [ 122.147227410000028, 30.321478583000044 ], [ 122.152842644000089, 30.322699286000045 ], [ 122.166026238000086, 30.331691799000055 ], [ 122.194672071000014, 30.338568427000041 ], [ 122.211436394000089, 30.346625067000048 ], [ 122.225108269000089, 30.33234284100007 ], [ 122.218760613000086, 30.326076565000051 ], [ 122.220469597000033, 30.320705471000053 ], [ 122.227875196000014, 30.316351630000042 ], [ 122.238780144000089, 30.31313711100006 ], [ 122.203868035000028, 30.291408596000053 ] ] ], [ [ [ 122.410980665000011, 30.452134507000039 ], [ 122.416514519000089, 30.441595770000049 ], [ 122.42310631600003, 30.414943752000056 ], [ 122.404063347000033, 30.418646552000041 ], [ 122.363780144000089, 30.433417059000078 ], [ 122.347992384, 30.435980536000045 ], [ 122.306000196000014, 30.423163153000075 ], [ 122.285411004000025, 30.422064520000049 ], [ 122.272797071000014, 30.435980536000045 ], [ 122.277354363000086, 30.436712958000044 ], [ 122.287119988000086, 30.442206122000073 ], [ 122.278005405000044, 30.445746161000045 ], [ 122.273773634, 30.451361395000049 ], [ 122.272797071000014, 30.45929596600007 ], [ 122.272797071000014, 30.46946849200009 ], [ 122.27662194100003, 30.479803778000075 ], [ 122.280039910000028, 30.482611395000049 ], [ 122.287119988000086, 30.48314036700009 ], [ 122.290782097000033, 30.471665757000039 ], [ 122.299489780000044, 30.47134023600006 ], [ 122.311289910000028, 30.472642320000034 ], [ 122.337412957000083, 30.458482164000088 ], [ 122.348806186000047, 30.460638739000046 ], [ 122.369151238000086, 30.476996161000045 ], [ 122.368500196000014, 30.46320221600007 ], [ 122.37468509200005, 30.45734284100007 ], [ 122.385427280000044, 30.456203518000052 ], [ 122.398936394000089, 30.45648834800005 ], [ 122.410980665000011, 30.452134507000039 ] ] ], [ [ [ 121.853770379000025, 31.372992255000042 ], [ 121.867849155000044, 31.366197007000039 ], [ 121.877940300000091, 31.354315497000073 ], [ 121.881846550000091, 31.336615302000041 ], [ 121.877452019000089, 31.319647528000075 ], [ 121.866221550000091, 31.304185289000088 ], [ 121.851084832000083, 31.293931382000039 ], [ 121.834727410000028, 31.292547919000071 ], [ 121.823415561000047, 31.302394924000055 ], [ 121.813243035000028, 31.320786851000037 ], [ 121.79420006600003, 31.368801174000055 ], [ 121.804453972000033, 31.374701239000046 ], [ 121.837738477000016, 31.375148830000057 ], [ 121.853770379000025, 31.372992255000042 ] ] ], [ [ [ 119.901377800000091, 32.082464911000045 ], [ 119.901866082000083, 32.073391018000052 ], [ 119.89031009200005, 32.075384833000044 ], [ 119.858734571000014, 32.101548570000034 ], [ 119.843516472000033, 32.10814036700009 ], [ 119.815196160000028, 32.115220445000034 ], [ 119.804860873000052, 32.120306708000044 ], [ 119.795176629000025, 32.12055084800005 ], [ 119.792002800000091, 32.121771552000041 ], [ 119.787119988000086, 32.129584052000041 ], [ 119.78834069100003, 32.133612372000073 ], [ 119.791270379000025, 32.136867580000057 ], [ 119.792002800000091, 32.142279364000046 ], [ 119.791026238000086, 32.16547272300005 ], [ 119.798838738000086, 32.178697007000039 ], [ 119.809906446000014, 32.189113674000055 ], [ 119.819346550000091, 32.20376211100006 ], [ 119.789317254000025, 32.211493231000077 ], [ 119.749847852000016, 32.228013414000088 ], [ 119.719493035000028, 32.249579169000071 ], [ 119.716156446000014, 32.272650458000044 ], [ 119.750824415000011, 32.293117580000057 ], [ 119.785329623000052, 32.291693427000041 ], [ 119.814300977000016, 32.275580145000049 ], [ 119.832855665000011, 32.252142645000049 ], [ 119.875010613000086, 32.155218817000048 ], [ 119.880707227000016, 32.125189520000049 ], [ 119.901377800000091, 32.082464911000045 ] ] ], [ [ [ 121.958832227000016, 29.10805898600006 ], [ 121.958343946000014, 29.10187409100007 ], [ 121.935313347000033, 29.062892971000053 ], [ 121.925140821000014, 29.063055731000077 ], [ 121.912282748000052, 29.071356512000079 ], [ 121.888682488000086, 29.072333075000074 ], [ 121.900157097000033, 29.093736070000091 ], [ 121.888438347000033, 29.110296942000048 ], [ 121.871592644000089, 29.126613674000055 ], [ 121.868174675000091, 29.147406317000048 ], [ 121.881358269000089, 29.160305080000057 ], [ 121.903330925000091, 29.166571356000077 ], [ 121.926605665000011, 29.16673411700009 ], [ 121.943207227000016, 29.161118882000039 ], [ 121.951914910000028, 29.152289130000042 ], [ 121.955414259, 29.143500067000048 ], [ 121.957530144000089, 29.119533596000053 ], [ 121.958832227000016, 29.10805898600006 ] ] ], [ [ [ 121.885264519000089, 30.06118398600006 ], [ 121.893077019000089, 30.056219794000071 ], [ 121.902110222000033, 30.053534247000073 ], [ 121.909190300000091, 30.044989325000074 ], [ 121.910492384, 30.024115302000041 ], [ 121.903330925000091, 30.001776434000078 ], [ 121.889659050000091, 29.983954169000071 ], [ 121.871592644000089, 29.976711330000057 ], [ 121.860118035000028, 29.978094794000071 ], [ 121.847422722000033, 29.982123114000046 ], [ 121.836192254000025, 29.988674221000053 ], [ 121.828868035000028, 29.99750397300005 ], [ 121.82740319100003, 30.00421784100007 ], [ 121.829112175000091, 30.009100653000075 ], [ 121.832204623000052, 30.013657945000034 ], [ 121.835134311000047, 30.019435940000051 ], [ 121.835948113000086, 30.02570221600007 ], [ 121.834483269000089, 30.038560289000088 ], [ 121.834727410000028, 30.044989325000074 ], [ 121.837412957000083, 30.055894273000035 ], [ 121.847666863000086, 30.083156643000052 ], [ 121.853037957000083, 30.087144273000035 ], [ 121.864756707000083, 30.085923570000034 ], [ 121.876475457000083, 30.081610419000071 ], [ 121.881846550000091, 30.076361395000049 ], [ 121.885264519000089, 30.06118398600006 ] ] ], [ [ [ 121.774180535000028, 31.359198309000078 ], [ 121.782237175000091, 31.341782945000034 ], [ 121.780039910000028, 31.325181382000039 ], [ 121.766368035000028, 31.32062409100007 ], [ 121.75163821700005, 31.330511786000045 ], [ 121.720469597000033, 31.35773346600007 ], [ 121.598806186000047, 31.42914459800005 ], [ 121.584483269000089, 31.441392320000034 ], [ 121.591156446000014, 31.445868231000077 ], [ 121.602549675000091, 31.444240627000056 ], [ 121.618174675000091, 31.443793036000045 ], [ 121.691254102000016, 31.419175523000035 ], [ 121.725596550000091, 31.402736721000053 ], [ 121.745941602000016, 31.388495184000078 ], [ 121.762380405000044, 31.37376536700009 ], [ 121.774180535000028, 31.359198309000078 ] ] ] ] } },
{ "type": "Feature", "properties": { }, "geometry": { "type": "MultiPolygon", "coordinates": [ [ [ [ 120.318532748000052, 26.948594468000067 ], [ 120.320241733000103, 26.958197333000044 ], [ 120.322194858000103, 26.962103583000044 ], [ 120.326182488000086, 26.961778062000064 ], [ 120.337087436000047, 26.970038153000075 ], [ 120.344899936000047, 26.971950588000084 ], [ 120.350922071000014, 26.971177476000037 ], [ 120.355316602000016, 26.968858140000066 ], [ 120.357513868000069, 26.966050523000035 ], [ 120.363047722000033, 26.963039455000057 ], [ 120.368907097000033, 26.955674546000068 ], [ 120.373871290000011, 26.943589585000041 ], [ 120.377696160000028, 26.939846096000053 ], [ 120.384206576, 26.937974351000037 ], [ 120.385671420000108, 26.935166734000063 ], [ 120.352549675000091, 26.923773505000042 ], [ 120.326833530000044, 26.939683335000041 ], [ 120.318532748000052, 26.948594468000067 ] ] ], [ [ [ 121.08314306, 27.473018559000081 ], [ 121.094337964000033, 27.466534876000082 ], [ 121.10347872300008, 27.460070019000057 ], [ 121.10336493, 27.451879507000058 ], [ 121.093123755000079, 27.452894441000069 ], [ 121.074715802000014, 27.456721832000085 ], [ 121.066486754000039, 27.454983920000075 ], [ 121.069451271000048, 27.446761769000091 ], [ 121.076517034000062, 27.438498163000077 ], [ 121.067263555000068, 27.436770104000061 ], [ 121.059159267000041, 27.444133394000062 ], [ 121.05008762500006, 27.456055828000046 ], [ 121.046108644000014, 27.465199494000046 ], [ 121.053402954000035, 27.473320017000049 ], [ 121.074002263000011, 27.479483886000082 ], [ 121.08314306, 27.473018559000081 ] ] ], [ [ [ 121.188487175000091, 27.863714911000045 ], [ 121.189707879000025, 27.855292059000078 ], [ 121.189300977000016, 27.84829336100006 ], [ 121.187510613000086, 27.845933335000041 ], [ 121.185394727000016, 27.843817450000074 ], [ 121.180349155000044, 27.842271226000037 ], [ 121.17505944100003, 27.843695380000042 ], [ 121.173024936000047, 27.841009833000044 ], [ 121.174815300000091, 27.825873114000046 ], [ 121.171234571000014, 27.818793036000045 ], [ 121.160004102000016, 27.818508205000057 ], [ 121.147471550000091, 27.824367580000057 ], [ 121.138438347000033, 27.82485586100006 ], [ 121.130056186000047, 27.820502020000049 ], [ 121.116384311000047, 27.81781647300005 ], [ 121.097992384, 27.81781647300005 ], [ 121.096039259, 27.827866929000038 ], [ 121.114024285000028, 27.844142971000053 ], [ 121.133067254000025, 27.847154039000088 ], [ 121.149180535000028, 27.845770575000074 ], [ 121.156748894000089, 27.848781643000052 ], [ 121.152598504000025, 27.852769273000035 ], [ 121.153656446000014, 27.856431382000039 ], [ 121.158702019000089, 27.85814036700009 ], [ 121.167979363000086, 27.85968659100007 ], [ 121.181651238000086, 27.864650783000059 ], [ 121.188487175000091, 27.863714911000045 ] ] ], [ [ [ 121.044688347000033, 27.951971747000073 ], [ 121.040212436000047, 27.957953192000048 ], [ 121.045176629000025, 27.967474677000041 ], [ 121.064789259, 27.981431382000039 ], [ 121.070160352000016, 27.982896226000037 ], [ 121.075694207000083, 27.981390692000048 ], [ 121.080821160000028, 27.980658270000049 ], [ 121.111338738000086, 27.983791408000059 ], [ 121.127452019000089, 27.977484442000048 ], [ 121.139659050000091, 27.965765692000048 ], [ 121.139170769000089, 27.956976630000042 ], [ 121.125824415000011, 27.951361395000049 ], [ 121.103282097000033, 27.946193752000056 ], [ 121.092946811000047, 27.947739976000037 ], [ 121.083343946000014, 27.954738674000055 ], [ 121.071787957000083, 27.957261460000041 ], [ 121.049327019000089, 27.950873114000046 ], [ 121.044688347000033, 27.951971747000073 ] ] ], [ [ [ 121.864593946000014, 29.123846747000073 ], [ 121.867360873000052, 29.115790106000077 ], [ 121.86101321700005, 29.106838283000059 ], [ 121.853526238000086, 29.097560940000051 ], [ 121.842051629000025, 29.095038153000075 ], [ 121.837250196000014, 29.099798895000049 ], [ 121.826670769000089, 29.107977606000077 ], [ 121.814463738000086, 29.115383205000057 ], [ 121.802500847000033, 29.118638414000088 ], [ 121.792735222000033, 29.118557033000059 ], [ 121.785817905000044, 29.119696356000077 ], [ 121.782725457000083, 29.124660549000055 ], [ 121.783539259, 29.132879950000074 ], [ 121.785980665000011, 29.143744208000044 ], [ 121.789805535000028, 29.14984772300005 ], [ 121.796234571000014, 29.149400132000039 ], [ 121.843923373000052, 29.141913153000075 ], [ 121.856781446000014, 29.134263414000088 ], [ 121.862152540000011, 29.129584052000041 ], [ 121.864593946000014, 29.123846747000073 ] ] ], [ [ [ 122.31218509200005, 29.795152085000041 ], [ 122.314707879000025, 29.783677476000037 ], [ 122.308360222000033, 29.776271877000056 ], [ 122.295583530000044, 29.779120184000078 ], [ 122.272471550000091, 29.792141018000052 ], [ 122.265391472000033, 29.798000393000052 ], [ 122.251312696000014, 29.80609772300005 ], [ 122.23755944100003, 29.823797919000071 ], [ 122.232676629000025, 29.827826239000046 ], [ 122.23170006600003, 29.83624909100007 ], [ 122.24773196700005, 29.846096096000053 ], [ 122.27116946700005, 29.846828518000052 ], [ 122.284190300000091, 29.842840887000079 ], [ 122.312022332000083, 29.829046942000048 ], [ 122.310394727000016, 29.824611721000053 ], [ 122.304698113000086, 29.817450262000079 ], [ 122.31218509200005, 29.795152085000041 ] ] ], [ [ [ 121.986827019000089, 29.929877020000049 ], [ 121.993500196000014, 29.918850002000056 ], [ 121.992442254000025, 29.908270575000074 ], [ 121.974131707000083, 29.89984772300005 ], [ 121.946136915000011, 29.903957424000055 ], [ 121.933604363000086, 29.92133209800005 ], [ 121.940928582000083, 29.937689520000049 ], [ 121.951914910000028, 29.948065497000073 ], [ 121.959971550000091, 29.953192450000074 ], [ 121.96648196700005, 29.951727606000077 ], [ 121.970225457000083, 29.946844794000071 ], [ 121.972178582000083, 29.94476959800005 ], [ 121.986827019000089, 29.929877020000049 ] ] ], [ [ [ 122.329112175000091, 30.239081122000073 ], [ 122.31568444100003, 30.240301825000074 ], [ 122.305349155000044, 30.240139065000051 ], [ 122.294769727000016, 30.236721096000053 ], [ 122.283376498000052, 30.235256252000056 ], [ 122.277598504000025, 30.235541083000044 ], [ 122.278330925000091, 30.240627346000053 ], [ 122.287445509, 30.247788804000038 ], [ 122.302500847000033, 30.252101955000057 ], [ 122.312998894000089, 30.259955145000049 ], [ 122.318614129000025, 30.268377997000073 ], [ 122.323985222000033, 30.272162177000041 ], [ 122.331879102000016, 30.273667710000041 ], [ 122.342051629000025, 30.273627020000049 ], [ 122.382578972000033, 30.277167059000078 ], [ 122.399912957000083, 30.274603583000044 ], [ 122.407725457000083, 30.26593659100007 ], [ 122.410655144000089, 30.254706122000073 ], [ 122.408539259, 30.243963934000078 ], [ 122.395843946000014, 30.239447333000044 ], [ 122.384532097000033, 30.250148830000057 ], [ 122.383555535000028, 30.261542059000078 ], [ 122.380625847000033, 30.263739325000074 ], [ 122.375010613000086, 30.262152411000045 ], [ 122.357188347000033, 30.247748114000046 ], [ 122.345713738000086, 30.241929429000038 ], [ 122.329112175000091, 30.239081122000073 ] ] ], [ [ [ 122.526377800000091, 30.714178778000075 ], [ 122.531097852000016, 30.704413153000075 ], [ 122.524750196000014, 30.70180898600006 ], [ 122.493174675000091, 30.703111070000034 ], [ 122.487315300000091, 30.701849677000041 ], [ 122.474375847000033, 30.70258209800005 ], [ 122.466563347000033, 30.699123440000051 ], [ 122.463063998000052, 30.696356512000079 ], [ 122.460703972000033, 30.694037177000041 ], [ 122.455251498000052, 30.69399648600006 ], [ 122.445160352000016, 30.696763414000088 ], [ 122.431976759, 30.69798411700009 ], [ 122.427256707000083, 30.703924872000073 ], [ 122.432627800000091, 30.714829820000034 ], [ 122.434743686000047, 30.727118231000077 ], [ 122.429209832000083, 30.738023179000038 ], [ 122.429942254000025, 30.743068752000056 ], [ 122.440765821000014, 30.741034247000073 ], [ 122.458018425000091, 30.730658270000049 ], [ 122.472911004000025, 30.717230536000045 ], [ 122.484385613000086, 30.714667059000078 ], [ 122.496348504000025, 30.716782945000034 ], [ 122.501963738000086, 30.718980210000041 ], [ 122.509613477000016, 30.721177476000037 ], [ 122.524587436000047, 30.723578192000048 ], [ 122.529307488000086, 30.720770575000074 ], [ 122.526377800000091, 30.714178778000075 ] ] ] ] } }
]
}
